index,family,point,pbe_indirect_gap,pbe_direct_gap_gamma,pbe_vbm,pbe_cbm,pbe_vbm_kpoint,pbe_cbm_kpoint,pbe_valence_splitting_low,pbe_valence_splitting_high,pbe_valence_splitting_total,pbe_partially_occupied,pbe_complete_to,pbe_occupied_bandwidth,pbe_delta_z,pbe_delta_x,pbe_delta_y,hse_indirect_gap,hse_direct_gap_gamma,hse_vbm,hse_cbm,hse_vbm_kpoint,hse_cbm_kpoint,hse_valence_splitting_low,hse_valence_splitting_high,hse_valence_splitting_total,hse_partially_occupied,hse_complete_to,hse_occupied_bandwidth,hse_delta_z,hse_delta_x,hse_delta_y,strain_norm,max_abs_voigt,volume,wide_bands,e1,e2,e3,e4,e5,e6
0,1-scale-all-axes-uniformly,cell-volume-10.05-cubic-angstroms,4.518333000000002,5.924620000000001,11.563457,16.08179,0,21,0.0,9.999999992515995e-07,9.999999992515995e-07,0,13.559322000000002,23.175675,4.518333000000002,4.518333000000002,4.518333000000002,5.810236,7.481376000000001,10.860758,16.670994,0,21,0.0,1.0000000010279564e-06,1.0000000010279564e-06,0,15.380475999999998,25.493866,5.810236,5.810236,5.810236,0.06727985968330465,0.038844045112477465,10.05,False,-0.038844045112477465,-0.03884404509255551,-0.03884404509255557,-8.768381287514486e-13,-9.049689413378308e-12,9.049689413378308e-12
1,1-scale-all-axes-uniformly,cell-volume-10.10-cubic-angstroms,4.507658000000001,5.910793999999999,11.485055,15.992713,0,21,0.0,9.999999992515995e-07,9.999999992515995e-07,0,13.513395,23.10355,4.507658000000001,4.507658000000001,4.507658000000001,5.798199999999998,7.466082,10.783041,16.581241,0,21,0.0,1.0000000010279564e-06,1.0000000010279564e-06,0,15.334101999999998,25.417679,5.798199999999998,5.798199999999998,5.798199999999998,0.0646328126033576,0.03731577176835649,10.1,False,-0.03731577176835649,-0.037315771748368476,-0.037315771748368476,-8.797159204268232e-13,-9.07982318030823e-12,9.07987869145946e-12
2,1-scale-all-axes-uniformly,cell-volume-10.15-cubic-angstroms,4.496961000000001,5.8970959999999994,11.407357,15.904318,0,21,9.999999992515995e-07,0.0,9.999999992515995e-07,0,13.467557000000001,23.031713,4.496961000000001,4.496961000000001,4.496961000000001,5.786049000000002,7.450877000000002,10.706145,16.492194,0,21,0.0,1.999999998503199e-06,1.999999998503199e-06,0,15.287771,25.341988999999998,5.786049000000002,5.786049000000002,5.786049000000002,0.06199013000664795,0.03579001825980738,10.150000000000004,False,-0.03579001825980738,-0.035790018239753474,-0.03579001823975342,-8.826261196583128e-13,-9.10971179903811e-12,9.10971179903811e-12
3,1-scale-all-axes-uniformly,cell-volume-10.20-cubic-angstroms,4.486407,5.883474000000001,11.330294,15.816701,0,21,0.0,1.0000000010279564e-06,1.0000000010279564e-06,0,13.421787,22.960453,4.486407,4.486407,4.486407,5.774041,7.435749999999999,10.62987,16.403911,0,21,0.0,1.0000000010279564e-06,1.0000000010279564e-06,0,15.241564,25.266901,5.774041,5.774041,5.774041,0.05935178324991023,0.03426676804963319,10.200000000000003,False,-0.03426676804963319,-0.034266768029513395,-0.034266768029513395,-8.853662450506217e-13,-9.139541366231273e-12,9.139485855080042e-12
4,1-scale-all-axes-uniformly,cell-volume-10.25-cubic-angstroms,4.4758960000000005,5.869914999999999,11.253923,15.729819,0,21,0.0,1.0000000010279564e-06,1.0000000010279564e-06,0,13.376048999999998,22.889803999999998,4.4758960000000005,4.4758960000000005,4.4758960000000005,5.762096,7.4206959999999995,10.554288,16.316384,0,21,0.0,2.000000000279556e-06,2.000000000279556e-06,0,15.195452,25.192453,5.762096,5.762096,5.762096,0.056717744017234006,0.03274600478963524,10.25,False,-0.03274600478963524,-0.03274600476944989,-0.03274600476944989,-8.885736468229626e-13,-9.169449631745849e-12,9.16950514289708e-12
5,1-scale-all-axes-uniformly,cell-volume-10.30-cubic-angstroms,4.465472999999999,5.856431000000001,11.178165,15.643638,0,21,0.0,9.999999992515995e-07,9.999999992515995e-07,0,13.33035,22.819713999999998,4.465472999999999,4.465472999999999,4.465472999999999,5.750248000000001,7.405723,10.47932,16.229568,0,21,0.0,9.999999992515995e-07,9.999999992515995e-07,0,15.149435000000002,25.118613,5.750248000000001,5.750248000000001,5.750248000000001,0.054087984314745145,0.03122771231754301,10.300000000000002,False,-0.03122771231754301,-0.031227712297292043,-0.031227712297292043,-8.913115792309874e-13,-9.199165983652264e-12,9.199165983652264e-12
6,1-scale-all-axes-uniformly,cell-volume-10.35-cubic-angstroms,4.455105,5.843010999999999,11.103063,15.558168,0,21,0.0,1.0000000010279564e-06,1.0000000010279564e-06,0,13.284704,22.750210000000003,4.455105,4.455105,4.455105,5.7384710000000005,7.3908200000000015,10.405009,16.14348,0,21,0.0,9.999999992515995e-07,9.999999992515995e-07,0,15.103523,25.04538,5.7384710000000005,5.7384710000000005,5.7384710000000005,0.05146247646539948,0.029711874654007486,10.350000000000003,False,-0.029711874654007486,-0.029711874633691016,-0.029711874633691016,-8.941807128200341e-13,-9.228791492134778e-12,9.228791492134778e-12
7,1-scale-all-axes-uniformly,cell-volume-10.40-cubic-angstroms,4.444808,5.8296610000000015,11.028582,15.47339,0,21,0.0,9.999999992515995e-07,9.999999992515995e-07,0,13.239132000000001,22.681266,4.444808,4.444808,4.444808,5.726759000000001,7.375990000000002,10.331318,16.058077,0,21,0.0,9.999999992515995e-07,9.999999992515995e-07,0,15.057704000000001,24.972727,5.726759000000001,5.726759000000001,5.726759000000001,0.04884119310388578,0.028198475999658856,10.400000000000006,False,-0.028198475999658856,-0.028198475979276993,-0.028198475979276993,-8.971120802261584e-13,-9.258701279039294e-12,9.258756790190525e-12
8,1-scale-all-axes-uniformly,cell-volume-10.45-cubic-angstroms,4.434597,5.816377000000001,10.954696,15.389293,0,21,0.0,1.0000000010279564e-06,1.0000000010279564e-06,0,13.193630999999998,22.612861000000002,4.434597,4.434597,4.434597,5.715190999999999,7.361270999999999,10.258181,15.973372,0,21,0.0,1.0000000010279564e-06,1.0000000010279564e-06,0,15.012051,24.900614,5.715190999999999,5.715190999999999,5.715190999999999,0.04622410717163165,0.02668750073222309,10.450000000000001,False,-0.02668750073222309,-0.02668750071177589,-0.026687500711775947,-8.999224103828088e-13,-9.288323495240641e-12,9.288379006391872e-12
9,1-scale-all-axes-uniformly,cell-volume-10.50-cubic-angstroms,4.42442,5.803157999999998,10.881455,15.305875,0,21,0.0,1.0000000010279564e-06,1.0000000010279564e-06,0,13.148155999999998,22.545033,4.42442,4.42442,4.42442,5.7036120000000015,7.346565000000002,10.185747,15.889359,0,21,0.0,9.999999992515995e-07,9.999999992515995e-07,0,14.966405000000002,24.82914,5.7036120000000015,5.7036120000000015,5.7036120000000015,0.04361119191191691,0.025178933403700587,10.500000000000004,False,-0.025178933403700587,-0.025178933383188218,-0.025178933383188162,-9.026976407610081e-13,-9.31796612281477e-12,9.31796612281477e-12
10,1-scale-all-axes-uniformly,cell-volume-10.55-cubic-angstroms,4.414305000000001,5.7900100000000005,10.808796,15.223101,0,21,9.999999992515995e-07,9.999999992515995e-07,1.999999998503199e-06,0,13.102743000000002,22.477735,4.414305000000001,4.414305000000001,4.414305000000001,5.692097,7.331939,10.11389,15.805987,0,21,0.0,9.999999992515995e-07,9.999999992515995e-07,0,14.920864,24.758236,5.692097,5.692097,5.692097,0.04100242086508619,0.023672758737602162,10.550000000000002,False,-0.023672758737602162,-0.023672758717024678,-0.023672758717024678,-9.054501446816611e-13,-9.347419490477657e-12,9.347419490477657e-12
11,1-scale-all-axes-uniformly,cell-volume-10.60-cubic-angstroms,4.4042449999999995,5.776922000000001,10.736776,15.141021,0,21,0.0,1.0000000010279564e-06,1.0000000010279564e-06,0,13.057363999999998,22.411001,4.4042449999999995,4.4042449999999995,4.4042449999999995,5.680664999999999,7.317379999999998,10.042668,15.723333,0,21,0.0,1.0000000010279564e-06,1.0000000010279564e-06,0,14.875396,24.687906,5.680664999999999,5.680664999999999,5.680664999999999,0.03839776786385855,0.0221689616262411,10.6,False,-0.0221689616262411,-0.022168961605598725,-0.02216896160559867,-9.083924871402171e-13,-9.376951674375986e-12,9.377007185527217e-12
12,1-scale-all-axes-uniformly,cell-volume-10.65-cubic-angstroms,4.39429,5.763909999999999,10.665278,15.059568,0,21,0.0,1.0000000010279564e-06,1.0000000010279564e-06,0,13.012069,22.344756,4.39429,4.39429,4.39429,5.669347999999999,7.302909,9.971964,15.641312,0,21,0.0,9.999999992515995e-07,9.999999992515995e-07,0,14.830061,24.618133,5.669347999999999,5.669347999999999,5.669347999999999,0.03579720702873479,0.020667527128081564,10.650000000000006,False,-0.020667527128081564,-0.020667527107374406,-0.020667527107374406,-9.115819046912847e-13,-9.406564399913132e-12,9.406564399913132e-12
13,1-scale-all-axes-uniformly,cell-volume-10.70-cubic-angstroms,4.384373,5.750962999999999,10.594386,14.978759,0,21,0.0,9.999999992515995e-07,9.999999992515995e-07,0,12.966798,22.279051000000003,4.384373,4.384373,4.384373,5.658078,7.288501000000002,9.901869,15.559947,0,21,0.0,9.999999992515995e-07,9.999999992515995e-07,0,14.78478,24.54891,5.658078,5.658078,5.658078,0.03320071276349661,0.01916844046514027,10.700000000000003,True,-0.01916844046514027,-0.019168440444368218,-0.019168440444368162,-9.140828017117886e-13,-9.435988205280796e-12,9.435988205280796e-12
14,1-scale-all-axes-uniformly,cell-volume-10.75-cubic-angstroms,4.37453,5.738074000000001,10.524061,14.898591,0,21,0.0,0.0,0.0,0,12.921553,22.21386,4.37453,4.37453,4.37453,5.646872,7.274157000000001,9.83235,15.479222,0,21,0.0,9.999999992515995e-07,9.999999992515995e-07,0,14.739545000000001,24.48023,5.646872,5.646872,5.646872,0.030608259750797524,0.017671687020439975,10.750000000000002,False,-0.017671687020439975,-0.01767168699960342,-0.01767168699960342,-9.17055575181913e-13,-9.465217753283305e-12,9.465273264434537e-12
15,1-scale-all-axes-uniformly,cell-volume-10.80-cubic-angstroms,4.364723999999999,5.725249999999999,10.454325,14.819049,0,21,1.0000000010279564e-06,0.0,1.0000000010279564e-06,0,12.8764,22.149194,4.364723999999999,4.364723999999999,4.364723999999999,5.635714999999999,7.259875999999998,9.763417,15.399132,0,21,0.0,1.0000000010279564e-06,1.0000000010279564e-06,0,14.694413,24.412093,5.635714999999999,5.635714999999999,5.635714999999999,0.02801982294784377,0.016177252335517367,10.8,False,-0.016177252335517367,-0.016177252314616197,-0.016177252314616197,-9.200609333258925e-13,-9.494590908262134e-12,9.494535397110902e-12
16,1-scale-all-axes-uniformly,cell-volume-10.85-cubic-angstroms,4.3549880000000005,5.7124929999999985,10.38513,14.740118,0,21,0.0,0.0,0.0,0,12.831313999999999,22.085022000000002,4.3549880000000005,4.3549880000000005,4.3549880000000005,5.624640000000001,7.245667000000001,9.69502,15.31966,0,21,0.0,9.999999992515995e-07,9.999999992515995e-07,0,14.64938,24.344476999999998,5.624640000000001,5.624640000000001,5.624640000000001,0.025435377582159246,0.014685122107976456,10.850000000000009,False,-0.014685122107976456,-0.014685122087010838,-0.014685122087010949,-9.229002157325814e-13,-9.524020032108594e-12,9.524020032108594e-12
17,1-scale-all-axes-uniformly,cell-volume-10.90-cubic-angstroms,4.345314999999999,5.699805,10.316466,14.661781,0,21,0.0,9.999999992515995e-07,9.999999992515995e-07,0,12.786254999999999,22.021335999999998,4.345314999999999,4.345314999999999,4.345314999999999,5.613645,7.231525999999999,9.627163,15.240808,0,21,0.0,9.999999992515995e-07,9.999999992515995e-07,0,14.604424999999999,24.277394,5.613645,5.613645,5.613645,0.022854899147436974,0.013195282189094493,10.900000000000004,True,-0.013195282189094493,-0.013195282168064426,-0.013195282168064537,-9.255600966344545e-13,-9.553103220996545e-12,9.553103220996545e-12
18,1-scale-all-axes-uniformly,cell-volume-10.95-cubic-angstroms,4.335675,5.687163999999999,10.248398,14.584073,0,21,0.0,9.999999992515995e-07,9.999999992515995e-07,0,12.741280000000001,21.958175,4.335675,4.335675,4.335675,5.602691,7.217448000000001,9.559891,15.162582,0,21,0.0,1.0000000010279564e-06,1.0000000010279564e-06,0,14.559555,24.21084,5.602691,5.602691,5.602691,0.02027836339947119,0.01170771858147257,10.950000000000003,False,-0.01170771858147257,-0.011707718560378277,-0.011707718560378388,-9.285202914790012e-13,-9.582320190373478e-12,9.582320190373478e-12
19,1-scale-all-axes-uniformly,cell-volume-11.00-cubic-angstroms,4.326108,5.674593999999999,10.180832,14.50694,0,21,0.0,1.0000000010279564e-06,1.0000000010279564e-06,0,12.696374999999998,21.895479,4.326108,4.326108,4.326108,5.5918220000000005,7.203443999999999,9.493127,15.084949,0,21,0.0,9.999999992515995e-07,9.999999992515995e-07,0,14.514789000000002,24.144798,5.5918220000000005,5.5918220000000005,5.5918220000000005,0.017705746352173236,0.010222417436736131,11.000000000000002,False,-0.010222417436736131,-0.010222417415577612,-0.010222417415577612,-9.3116688205604e-13,-9.611445600087827e-12,9.611445600087827e-12
20,1-scale-all-axes-uniformly,cell-volume-11.05-cubic-angstroms,4.316578999999999,5.662082,10.113822,14.430401,0,21,0.0,1.0000000010279564e-06,1.0000000010279564e-06,0,12.651525999999999,21.833281,4.316578999999999,4.316578999999999,4.316578999999999,5.58099,7.189499999999999,9.426921,15.007911,0,21,0.0,9.999999992515995e-07,9.999999992515995e-07,0,14.470084,24.079273,5.58099,5.58099,5.58099,0.015137024273661244,0.008739365053276549,11.050000000000002,False,-0.008739365053276549,-0.008739365032054025,-0.00873936503205408,-9.340859448105934e-13,-9.640732459677228e-12,9.640732459677228e-12
21,1-scale-all-axes-uniformly,cell-volume-11.10-cubic-angstroms,4.307112999999999,5.6496390000000005,10.047316,14.354429,0,21,0.0,1.0000000010279564e-06,1.0000000010279564e-06,0,12.606698,21.771544,4.307112999999999,4.307112999999999,4.307112999999999,5.570231,7.175624999999998,9.361219,14.93145,0,21,0.0,1.0000000010279564e-06,1.0000000010279564e-06,0,14.425429,24.014235,5.570231,5.570231,5.570231,0.012572173682429723,0.007258547874040511,11.100000000000005,True,-0.007258547874040511,-0.007258547852754038,-0.007258547852754038,-9.368434943536194e-13,-9.669469227996482e-12,9.669469227996482e-12
22,1-scale-all-axes-uniformly,cell-volume-11.15-cubic-angstroms,4.297691,5.637246000000001,9.981354,14.279045,0,21,0.0,9.999999992515995e-07,9.999999992515995e-07,0,12.561956000000002,21.710293,4.297691,4.297691,4.297691,5.559521,7.161804,9.296053,14.855574,0,21,0.0,1.0000000010279564e-06,1.0000000010279564e-06,0,14.380866000000001,23.949695,5.559521,5.559521,5.559521,0.010011171343593915,0.005779952484361028,11.150000000000002,False,-0.005779952484361028,-0.005779952463010607,-0.005779952463010607,-9.395375594865663e-13,-9.698531089964276e-12,9.698531089964276e-12
23,1-scale-all-axes-uniformly,cell-volume-11.20-cubic-angstroms,4.2883320000000005,5.6249199999999995,9.915879,14.204211,0,21,0.0,1.0000000010279564e-06,1.0000000010279564e-06,0,12.517315,21.649493,4.2883320000000005,4.2883320000000005,4.2883320000000005,5.548877000000001,7.148053000000001,9.231385,14.780262,0,21,0.0,2.000000000279556e-06,2.000000000279556e-06,0,14.336405,23.885644,5.548877000000001,5.548877000000001,5.548877000000001,0.007453994265204276,0.004303565609829696,11.199999999999998,False,-0.004303565609829696,-0.004303565588415603,-0.004303565588415548,-9.42502611462589e-13,-9.727697405321454e-12,9.727641894170222e-12
24,1-scale-all-axes-uniformly,cell-volume-11.25-cubic-angstroms,4.279007999999999,5.612648999999999,9.850934,14.129942,0,21,0.0,1.0000000010279564e-06,1.0000000010279564e-06,0,12.472737999999998,21.589166,4.279007999999999,4.279007999999999,4.279007999999999,5.538285,7.134359999999999,9.167242,14.705527,0,21,0.0,9.999999992515995e-07,9.999999992515995e-07,0,14.292028,23.822089,5.538285,5.538285,5.538285,0.004900619694634964,0.0028293741142120243,11.250000000000002,False,-0.0028293741142120243,-0.002829374092734205,-0.002829374092734205,-9.451720305053513e-13,-9.756401554291676e-12,9.756346043140444e-12
25,1-scale-all-axes-uniformly,cell-volume-11.30-cubic-angstroms,4.269732999999999,5.600441999999999,9.786483,14.056216,0,21,0.0,1.0000000010279564e-06,1.0000000010279564e-06,0,12.428187000000001,21.529290000000003,4.269732999999999,4.269732999999999,4.269732999999999,5.527754,7.120735999999999,9.103599,14.631353,0,21,0.0,1.0000000010279564e-06,1.0000000010279564e-06,0,14.247705999999999,23.759007,5.527754,5.527754,5.527754,0.0023510251150410948,0.0013573649974015223,11.3,True,-0.0013573649974015223,-0.001357364975860087,-0.0013573649758600315,-9.481504671715405e-13,-9.785581254339017e-12,9.785636765490249e-12
26,1-scale-all-axes-uniformly,cell-volume-11.35-cubic-angstroms,4.260420999999999,5.588287999999999,9.722516,13.982937,0,21,1.0000000010279564e-06,0.0,1.0000000010279564e-06,0,12.383773,21.469856,4.260420999999999,4.260420999999999,4.260420999999999,5.517244999999999,7.107178000000001,9.040423,14.557668,0,21,0.0,1.0000000010279564e-06,1.0000000010279564e-06,0,14.203520000000001,23.696403,5.517244999999999,5.517244999999999,5.517244999999999,0.00019481175811665634,0.00011247462819163889,11.35,False,0.00011247460658669883,0.00011247462819163889,0.00011247462819152787,-9.509162589864932e-13,-9.814270753778968e-12,9.814215242627736e-12
27,1-scale-all-axes-uniformly,cell-volume-11.40-cubic-angstroms,4.251232,5.57619,9.659068,13.9103,0,21,0.0,9.999999992515995e-07,9.999999992515995e-07,0,12.339424,21.410885999999998,4.251232,4.251232,4.251232,5.506805999999999,7.093667000000002,8.977779,14.484585,0,21,0.0,9.999999992515995e-07,9.999999992515995e-07,0,14.159384000000001,23.634273999999998,5.506805999999999,5.506805999999999,5.506805999999999,0.0027369129804809197,0.001580157453252129,11.4,False,0.0015801574315835731,0.001580157453252018,0.001580157453252129,-9.535077741441982e-13,-9.843174554620289e-12,9.843174554620289e-12
28,1-scale-all-axes-uniformly,cell-volume-11.45-cubic-angstroms,4.242138000000001,5.5641370000000006,9.59609,13.838228,0,21,0.0,1.0000000010279564e-06,1.0000000010279564e-06,0,12.295199,21.352337,4.242138000000001,4.242138000000001,4.242138000000001,5.496444,7.080225,8.915597,14.412041,0,21,0.0,9.999999992515995e-07,9.999999992515995e-07,0,14.115356,23.572599,5.496444,5.496444,5.496444,0.005275300382141257,0.003045696102929263,11.45,False,0.0030456960811976463,0.003045696102929263,0.003045696102929263,-9.565329855424396e-13,-9.871845917887372e-12,9.871845917887372e-12
29,1-scale-all-axes-uniformly,cell-volume-11.50-cubic-angstroms,4.233051,5.552154,9.533593,13.766644,0,21,0.0,9.999999992515995e-07,9.999999992515995e-07,0,12.251026,21.294234,4.233051,4.233051,4.233051,5.486120999999999,7.066840999999998,8.853903,14.340024,0,21,0.0,1.0000000010279564e-06,1.0000000010279564e-06,0,14.071401,23.511387,5.486120999999999,5.486120999999999,5.486120999999999,0.007809995570916008,0.004509103052503072,11.499999999999998,False,0.0045091030307082836,0.004509103052503072,0.004509103052503072,-9.59285705305229e-13,-9.900411322972697e-12,9.900411322972697e-12
30,1-scale-all-axes-uniformly,cell-volume-11.55-cubic-angstroms,4.223959000000001,5.540243,9.471579,13.695538,0,21,0.0,1.0000000010279564e-06,1.0000000010279564e-06,0,12.206898,21.236578,4.223959000000001,4.223959000000001,4.223959000000001,5.475828,7.053509999999999,8.792712,14.26854,0,21,0.0,0.0,0.0,0,14.027519,23.450633,5.475828,5.475828,5.475828,0.010341019935569667,0.00597039065078242,11.550000000000002,False,0.00597039062892446,0.00597039065078242,0.00597039065078242,-9.620053735733952e-13,-9.929332254622016e-12,9.929332254622016e-12
31,1-scale-all-axes-uniformly,cell-volume-11.60-cubic-angstroms,4.214962,5.528372999999998,9.410018,13.62498,0,21,0.0,1.0000000010279564e-06,1.0000000010279564e-06,0,12.162809,21.179328,4.214962,4.214962,4.214962,5.465619,7.040248999999999,8.731951,14.19757,0,21,0.0,1.0000000010279564e-06,1.0000000010279564e-06,0,13.9837,23.390340000000002,5.465619,5.465619,5.465619,0.012868394648973077,0.00742957112192999,11.599999999999996,False,0.007429571100008858,0.00742957112192999,0.00742957112192999,-9.64622133311234e-13,-9.95781721083362e-12,9.957872721984852e-12
32,1-scale-all-axes-uniformly,cell-volume-11.65-cubic-angstroms,4.206016,5.516560999999999,9.34891,13.554926,0,21,0.0,9.999999992515995e-07,9.999999992515995e-07,0,12.118908000000001,21.122493,4.206016,4.206016,4.206016,5.455459999999999,7.027049,8.671644,14.127104,0,21,0.0,1.0000000010279564e-06,1.0000000010279564e-06,0,13.940023,23.330481,5.455459999999999,5.455459999999999,5.455459999999999,0.015392140671202292,0.008886656567251294,11.650000000000002,False,0.008886656545267213,0.008886656567251183,0.008886656567251294,-9.675282675603382e-13,-9.986258474649103e-12,9.986258474649103e-12
33,1-scale-all-axes-uniformly,cell-volume-11.70-cubic-angstroms,4.197108999999999,5.504807,9.288254,13.485363,0,21,0.0,1.0000000010279564e-06,1.0000000010279564e-06,0,12.075099,21.066072,4.197108999999999,4.197108999999999,4.197108999999999,5.445339000000001,7.013899,8.611808,14.057147,0,21,0.0,9.999999992515995e-07,9.999999992515995e-07,0,13.896427,23.271053000000002,5.445339000000001,5.445339000000001,5.445339000000001,0.01791227875258082,0.01034165896695105,11.7,True,0.010341658944904353,0.01034165896695105,0.01034165896695105,-9.704051058727815e-13,-1.0015003509435312e-11,1.0015003509435312e-11
34,1-scale-all-axes-uniformly,cell-volume-11.75-cubic-angstroms,4.188243,5.493097000000001,9.228069,13.416312,0,21,0.0,9.999999992515995e-07,9.999999992515995e-07,0,12.031311,21.010074,4.188243,4.188243,4.188243,5.435281,7.000814,8.552411,13.987692,0,21,0.0,9.999999992515995e-07,9.999999992515995e-07,0,13.852878,23.212065,5.435281,5.435281,5.435281,0.020428829436666192,0.011794590181858022,11.750000000000002,False,0.011794590159748486,0.011794590181858022,0.011794590181858022,-9.731368186881965e-13,-1.0043658929875725e-11,1.0043658929875725e-11
35,1-scale-all-axes-uniformly,cell-volume-11.80-cubic-angstroms,4.179372000000001,5.481449,9.16831,13.347682,0,21,0.0,9.999999992515995e-07,9.999999992515995e-07,0,11.987709,20.95447,4.179372000000001,4.179372000000001,4.179372000000001,5.425231999999999,6.987779,8.493465,13.918697,0,21,0.0,1.0000000010279564e-06,1.0000000010279564e-06,0,13.809470999999998,23.153499,5.425231999999999,5.425231999999999,5.425231999999999,0.022941813063180282,0.013245461955116,11.800000000000011,False,0.013245461932943625,0.013245461955116,0.013245461955116,-9.757656527585513e-13,-1.0072100449268615e-11,1.0072155960419847e-11
36,1-scale-all-axes-uniformly,cell-volume-11.85-cubic-angstroms,4.170571000000001,5.469849,9.109029,13.2796,0,21,0.0,9.999999992515995e-07,9.999999992515995e-07,0,11.944205,20.899293,4.170571000000001,4.170571000000001,4.170571000000001,5.415240000000001,6.974797000000001,8.434991,13.850231,0,21,0.0,9.999999992515995e-07,9.999999992515995e-07,0,13.766157,23.095371,5.415240000000001,5.415240000000001,5.415240000000001,0.025451249770884726,0.014694285913844363,11.85000000000001,False,0.014694285891609482,0.014694285913844363,0.014694285913844252,-9.786460348798905e-13,-1.0100460449805102e-11,1.0100460449805102e-11
37,1-scale-all-axes-uniformly,cell-volume-11.90-cubic-angstroms,4.161821999999999,5.458233,9.050162,13.211984,0,21,0.0,1.0000000010279564e-06,1.0000000010279564e-06,0,11.900818000000001,20.84465,4.161821999999999,4.161821999999999,4.161821999999999,5.40531,6.9618400000000005,8.37694,13.78225,0,21,0.0,9.999999992515995e-07,9.999999992515995e-07,0,13.722966000000001,23.037795,5.40531,5.40531,5.40531,0.02795715950040903,0.01614107357077088,11.900000000000006,True,0.016141073548473606,0.01614107357077088,0.01614107357077088,-9.814115222835526e-13,-1.0128705555623911e-11,1.0128761066775142e-11
38,1-scale-all-axes-uniformly,cell-volume-11.95-cubic-angstroms,4.1531,5.446729999999999,8.991749,13.144849,0,21,0.0,1.0000000010279564e-06,1.0000000010279564e-06,0,11.857414,20.790264999999998,4.1531,4.1531,4.1531,5.395424,6.948972999999999,8.319321,13.714745,0,21,0.0,1.0000000010279564e-06,1.0000000010279564e-06,0,13.679796999999999,22.980514,5.395424,5.395424,5.395424,0.030459561997019734,0.01758583632583066,11.949999999999996,False,0.017585836303470992,0.01758583632583066,0.01758583632583066,-9.84251601336113e-13,-1.0157191786545312e-11,1.0157191786545312e-11
39,1-scale-all-axes-uniformly,cell-volume-12.00-cubic-angstroms,4.144421000000001,5.435283,8.933746,13.078167,0,21,0.0,9.999999992515995e-07,9.999999992515995e-07,0,11.814094,20.736258999999997,4.144421000000001,4.144421000000001,4.144421000000001,5.385572,6.936159999999999,8.26213,13.647702,0,21,0.0,1.0000000010279564e-06,1.0000000010279564e-06,0,13.63669,22.923632,5.385572,5.385572,5.385572,0.032958476813347216,0.01902858546774011,12.000000000000005,False,0.019028585445317936,0.01902858546774011,0.01902858546774011,-9.867081796501201e-13,-1.0185405539030624e-11,1.0185350027879392e-11
40,1-scale-all-axes-uniformly,cell-volume-12.05-cubic-angstroms,4.1357859999999995,5.4238859999999995,8.876168,13.011954,0,21,0.0,9.999999992515995e-07,9.999999992515995e-07,0,11.771039000000002,20.682639,4.1357859999999995,4.1357859999999995,4.1357859999999995,5.375774,6.923396,8.205364,13.581138,0,21,0.0,2.000000000279556e-06,2.000000000279556e-06,0,13.593791,22.867162,5.375774,5.375774,5.375774,0.035453923312054915,0.020469332175538035,12.049999999999999,False,0.020469332153053688,0.020469332175538035,0.020469332175538035,-9.895545410749166e-13,-1.0213787030021798e-11,1.0213731518870567e-11
41,1-scale-all-axes-uniformly,cell-volume-12.10-cubic-angstroms,4.127198999999999,5.412542,8.819001,12.9462,0,21,0.0,9.999999992515995e-07,9.999999992515995e-07,0,11.728112,20.629391,4.127198999999999,4.127198999999999,4.127198999999999,5.3660250000000005,6.910690000000001,8.149006,13.515031,0,21,0.0,2.000000000279556e-06,2.000000000279556e-06,0,13.551005,22.81109,5.3660250000000005,5.3660250000000005,5.3660250000000005,0.03794592066846825,0.02190808752010387,12.1,True,0.02190808749755735,0.02190808752010387,0.02190808752010376,-9.923518603770813e-13,-1.0242008456587879e-11,1.0242008456587879e-11
42,1-scale-all-axes-uniformly,cell-volume-12.15-cubic-angstroms,4.118621000000001,5.401244,8.762277,12.880898,0,21,0.0,9.999999992515995e-07,9.999999992515995e-07,0,11.68529,20.576548,4.118621000000001,4.118621000000001,4.118621000000001,5.356294,6.898031,8.093086,13.44938,0,21,0.0,9.999999992515995e-07,9.999999992515995e-07,0,13.508300000000002,22.755423,5.356294,5.356294,5.356294,0.04043448787315308,0.02334486246564582,12.150000000000004,False,0.02334486244303724,0.02334486246564582,0.02334486246564571,-9.951440583524866e-13,-1.0270280272978432e-11,1.0270280272978432e-11
43,1-scale-all-axes-uniformly,cell-volume-12.20-cubic-angstroms,4.110097,5.390001,8.70594,12.816037,0,21,0.0,9.999999992515995e-07,9.999999992515995e-07,0,11.642612999999999,20.524061,4.110097,4.110097,4.110097,5.346623000000001,6.8854310000000005,8.037557,13.38418,0,21,0.0,2.000000000279556e-06,2.000000000279556e-06,0,13.465737,22.700155,5.346623000000001,5.346623000000001,5.346623000000001,0.04291964373444651,0.02477966787116237,12.2,False,0.024779667848491838,0.02477966787116237,0.02477966787116237,-9.979198476430472e-13,-1.0298369147230446e-11,1.0298424658381677e-11
44,1-scale-all-axes-uniformly,cell-volume-12.25-cubic-angstroms,4.101579000000001,5.378803000000001,8.65003,12.751609,0,21,0.0,9.999999992515995e-07,9.999999992515995e-07,0,11.600062,20.471957,4.101579000000001,4.101579000000001,4.101579000000001,5.336962000000001,6.8728880000000006,7.982449,13.319411,0,21,0.0,1.000000000139778e-06,1.000000000139778e-06,0,13.423285,22.645278,5.336962000000001,5.336962000000001,5.336962000000001,0.045401406880947244,0.026212514491880112,12.250000000000007,False,0.02621251446914763,0.026212514491880112,0.026212514491880112,-1.0004918613191536e-12,-1.0326642823926625e-11,1.0326587312775393e-11
45,1-scale-all-axes-uniformly,cell-volume-12.30-cubic-angstroms,4.093131000000001,5.367656,8.594501,12.687632,0,21,0.0,9.999999992515995e-07,9.999999992515995e-07,0,11.527095000000001,20.420203,4.093131000000001,4.093131000000001,4.093131000000001,5.327372,6.860393999999999,7.92773,13.255102,0,21,0.0,1.000000000139778e-06,1.000000000139778e-06,0,13.380951,22.590788,5.327372,5.327372,5.327372,0.04787979576395576,0.027643412980662307,12.300000000000002,True,0.027643412957867985,0.027643412980662307,0.027643412980662196,-1.0031577550574334e-12,-1.0354566291475128e-11,1.0354566291475128e-11
46,1-scale-all-axes-uniformly,cell-volume-12.35-cubic-angstroms,4.084714,5.356561000000001,8.539356,12.62407,0,21,0.0,9.999999992515995e-07,9.999999992515995e-07,0,11.439331999999999,20.368813,4.084714,4.084714,4.084714,5.317824000000001,6.8479470000000005,7.873397,13.191221,0,21,0.0,1.000000000139778e-06,1.000000000139778e-06,0,13.338681000000001,22.536675,5.317824000000001,5.317824000000001,5.317824000000001,0.05035482865987998,0.029072373889397873,12.35,False,0.029072373866541823,0.029072373889397873,0.029072373889397873,-1.0059324423216836e-12,-1.03825985525496e-11,1.03825985525496e-11
47,2-stretch-one-axis-or-two-axes,stretch-x-and-y-axes-by-minus-0.005,4.216064999999999,5.570735999999998,9.898561,14.114626,0,21,0.07665800000000011,1.0000000010279564e-06,0.07665900000000114,0,12.451888,21.635188,4.338184,4.216064999999999,4.216064999999999,5.472894,7.090873,9.215977,14.688871,0,21,0.08077899999999971,1.0000000010279564e-06,0.08078000000000074,0,14.270914,23.870576,5.599539999999999,5.472894,5.472894,0.007053328244352794,0.004987456231418497,11.232994746692896,False,-0.004987456231418497,-0.004987456231418497,4.4209571892217525e-08,-2.7313468542767412e-17,3.677054185932125e-17,-9.457073316553842e-18
48,2-stretch-one-axis-or-two-axes,stretch-x-and-y-axes-by-minus-0.010,4.1698900000000005,5.551830000000001,10.07241,14.2423,0,21,0.1556860000000011,9.999999992515995e-07,0.15568700000000035,0,12.51553,21.798416,4.416221,4.1698900000000005,4.1698900000000005,5.4266770000000015,7.073105000000002,9.389456,14.816133,0,21,0.16403499999999838,0.0,0.16403499999999838,0,14.334030000000002,24.042547999999996,5.682068000000001,5.4266770000000015,5.4266770000000015,0.01407136366808895,0.0099499566701986,11.120383981448654,False,-0.0099499566701986,-0.0099499566701986,4.4209571892217525e-08,-3.919576909835622e-17,2.4888241303732443e-17,1.4307527794623777e-17
49,2-stretch-one-axis-or-two-axes,stretch-x-and-y-axes-by-minus-0.015,4.122684000000001,5.532494000000002,10.249016,14.3717,0,21,0.23715800000000087,9.999999992515995e-07,0.23715900000000012,0,12.578019,21.964137,4.4953340000000015,4.122684000000001,4.122684000000001,5.379417999999999,7.0548899999999986,9.565761,14.945179,0,21,0.24983499999999914,1.0000000010279564e-06,0.24983600000000017,0,14.396192999999998,24.217135,5.765668999999999,5.379417999999999,5.379417999999999,0.02105404374968564,0.014887457106768143,11.008340524845446,False,-0.014887457106768143,-0.014887457106768143,4.4209571892217525e-08,-5.759573655794864e-17,6.48827384414003e-18,5.11074627138086e-17
50,2-stretch-one-axis-or-two-axes,stretch-x-and-y-axes-by-minus-0.020,4.074441,5.512727000000002,10.428439,14.50288,0,21,0.3211499999999994,9.999999992515995e-07,0.32115099999999863,0,12.639449,22.132406,4.5755240000000015,4.074441,4.074441,5.331097999999999,7.0362269999999985,9.744946,15.076044,0,21,0.3382719999999999,0.0,0.3382719999999999,0,14.457482,24.394395000000003,5.85033,5.331097999999999,5.331097999999999,0.028001368489108235,0.019799957541127067,10.896864376883267,False,-0.019799957541127067,-0.019799957541127067,4.4209571892217525e-08,-2.1407604902513524e-17,4.267640549957514e-17,-2.1268800597061615e-17
51,2-stretch-one-axis-or-two-axes,stretch-x-and-y-axes-by-minus-0.025,4.025168000000001,5.492527000000001,10.610738,14.635906,0,21,0.4077370000000009,9.999999992515995e-07,0.40773800000000016,0,12.699872000000001,22.303278,4.656802000000001,4.025168000000001,4.025168000000001,5.281754000000001,7.017125,9.927076,15.20883,0,21,0.4294170000000008,9.999999992515995e-07,0.4294180000000001,0,14.518006,24.574407,5.936089000000001,5.281754000000001,5.281754000000001,0.034913337886350294,0.024687457973275706,10.785955537562115,False,-0.024687457973275706,-0.024687457973275706,4.4209571892217525e-08,-3.314072627742167e-17,3.0943284124666995e-17,2.1974421527546754e-18
52,2-stretch-one-axis-or-two-axes,stretch-x-and-y-axes-by-minus-0.030,3.974857,5.471896000000001,10.795963,14.77082,0,21,0.4969999999999999,1.0000000010279564e-06,0.4970010000000009,0,12.759291000000001,22.476804,4.739182,3.974857,3.974857,5.231344,6.997573000000001,10.112201,15.343545,0,21,0.5233690000000006,0.0,0.5233690000000006,0,14.577772999999999,24.757207,6.022930999999998,5.231344,5.231344,0.04178995194140912,0.029549958403213783,10.675614006881993,False,-0.029549958403213783,-0.029549958403213783,4.4209571892217525e-08,-5.12904366356195e-17,1.2793573766469164e-17,3.8496862869150334e-17
53,2-stretch-one-axis-or-two-axes,stretch-x-and-y-axes-by-minus-0.035,3.923496,5.4508220000000005,10.984201,14.907697,0,21,0.5890159999999991,1.0000000010279564e-06,0.5890170000000001,0,12.767943,22.653063000000003,4.822645999999999,3.923496,3.923496,5.1798079999999995,6.977502000000001,10.300473,15.480281,0,21,0.6202199999999998,1.0000000010279564e-06,0.6202210000000008,0,14.636790000000001,24.942909999999998,6.110786999999998,5.1798079999999995,5.1798079999999995,0.04863121065428389,0.03438745883094141,10.565839784842899,False,-0.03438745883094141,-0.03438745883094141,4.4209571892217525e-08,-9.182035618141615e-18,5.490197478394705e-17,-4.571993916580543e-17
54,2-stretch-one-axis-or-two-axes,stretch-x-and-y-axes-by-minus-0.040,3.871089999999999,5.429299,11.175515,15.046605,0,21,0.6838990000000003,1.0000000010279564e-06,0.6839000000000013,0,12.761702,22.832112000000002,4.907205999999999,3.871089999999999,3.871089999999999,5.127243,6.957009999999999,10.491853,15.619096,0,21,0.720066000000001,0.0,0.720066000000001,0,14.695302,25.131549,6.199781,5.127243,5.127243,0.055437114024974025,0.03919995925645853,10.456632871444832,False,-0.03919995925645853,-0.03919995925645853,4.4209571892217525e-08,-2.7268657378298014e-17,3.681535302379065e-17,-9.546695645492637e-18
55,2-stretch-one-axis-or-two-axes,stretch-x-and-y-axes-by-minus-0.045,3.817592000000001,5.4073290000000025,11.369962,15.187554,0,21,0.7817280000000011,1.999999998503199e-06,0.7817299999999996,0,12.752037,23.014009,4.992872,3.817592000000001,3.817592000000001,5.073580999999999,6.936050000000002,10.686446,15.760027,0,21,0.8229930000000003,2.000000000279556e-06,0.8229950000000006,0,14.753395000000001,25.323163,6.289877000000001,5.073580999999999,5.073580999999999,0.06220766205347933,0.043987459679765195,10.347993266687798,False,-0.043987459679765195,-0.043987459679765195,4.4209571892217525e-08,-4.5168110635101256e-17,1.891589976698741e-17,2.6252210868113848e-17
56,2-stretch-one-axis-or-two-axes,stretch-x-and-y-axes-by-minus-0.050,3.763,5.384964999999999,11.567641,15.330641,0,21,0.8825660000000006,2.9999999995311555e-06,0.8825690000000002,0,12.738916000000001,23.19862,5.079621000000001,3.763,3.763,5.0187539999999995,6.914596999999999,10.884382,15.903136,0,21,0.9290709999999986,3.0000000013075123e-06,0.929074,0,14.811133,25.517685,6.381006000000001,5.0187539999999995,5.0187539999999995,0.06894285473979972,0.04874996010086147,10.239920970571792,False,-0.04874996010086147,-0.04874996010086147,4.4209571892217525e-08,-5.647879374333635e-17,7.605216658752321e-18,4.887357708458402e-17
57,2-stretch-one-axis-or-two-axes,stretch-x-and-y-axes-by-minus-0.055,3.7073529999999995,5.362062999999999,11.768573,15.475926,0,21,0.9865519999999997,2.000000000279556e-06,0.9865539999999999,0,12.811568999999999,23.386416,5.1675059999999995,3.7073529999999995,3.7073529999999995,4.962867000000001,6.892657000000002,11.085637,16.048504,0,21,1.0384580000000003,2.9999999995311555e-06,1.0384609999999999,0,14.861809,25.715512,6.473273999999998,4.962867000000001,4.962867000000001,0.07564269208393469,0.053487460519747065,10.132415983096811,False,-0.053487460519747065,-0.053487460519747065,4.4209571892217525e-08,-2.157956240098525e-17,4.250444800110341e-17,-2.092488560011816e-17
58,2-stretch-one-axis-or-two-axes,stretch-x-and-y-axes-by-minus-0.060,3.6506170000000004,5.338713,11.972861,15.623478,0,21,1.0937650000000012,2.9999999995311555e-06,1.0937680000000007,0,12.979383,23.577266,5.256566000000001,3.6506170000000004,3.6506170000000004,4.905874000000001,6.870248,11.290325,16.196199,0,21,1.1512350000000016,1.999999998503199e-06,1.151237,0,14.926930000000002,25.916534,6.566698000000002,4.905874000000001,4.905874000000001,0.08230717408588457,0.05819996093642227,10.025478304262863,False,-0.05819996093642227,-0.05819996093642227,4.4209571892217525e-08,-3.922875855639391e-17,2.4855251845694754e-17,1.4373506710699154e-17
59,2-stretch-one-axis-or-two-axes,stretch-x-and-y-axes-by-minus-0.065,3.5927930000000003,5.314920999999998,12.180574,15.773367,0,21,1.2043099999999995,4.000000000559112e-06,1.204314,0,13.151751,23.771237,5.346682999999999,3.5927930000000003,3.5927930000000003,4.847757999999999,6.847366999999998,11.498531,16.346289,0,21,1.2675009999999993,4.000000000559112e-06,1.2675049999999999,0,14.985557,26.120849999999997,6.661178,4.847757999999999,4.847757999999999,0.08893630074564918,0.06288746135088696,9.919107934069944,False,-0.06288746135088696,-0.06288746135088696,4.4209571892217525e-08,-5.669078620844941e-17,7.393224193639254e-18,4.9297562014810154e-17
60,2-stretch-one-axis-or-two-axes,stretch-x-and-y-axes-by-minus-0.070,3.5338700000000003,5.290679999999998,12.39179,15.92566,0,21,1.3182930000000006,2.9999999995311555e-06,1.3182960000000001,0,13.208745,23.968402,5.437988999999998,3.5338700000000003,3.5338700000000003,4.788514000000001,6.824001000000001,11.710329,16.498843,0,21,1.3873829999999998,2.9999999995311555e-06,1.3873859999999993,0,15.045408,26.328512,6.756815999999999,4.788514000000001,4.788514000000001,0.0955300720632286,0.06754996176314126,9.813304872518051,False,-0.06754996176314126,-0.06754996176314126,4.4209571892217525e-08,-1.6073441345483383e-17,4.801056905660528e-17,-3.1937127711121896e-17
61,2-stretch-one-axis-or-two-axes,stretch-x-and-y-axes-by-minus-0.075,3.473839999999999,5.266027000000001,12.606603,16.080443,0,21,1.4358069999999987,4.000000000559112e-06,1.4358109999999993,0,13.264240000000001,24.168652,5.530352000000001,3.473839999999999,3.473839999999999,4.7280619999999995,6.800222,11.925889,16.653951,0,21,1.5110159999999997,4.000000000559112e-06,1.5110200000000003,0,15.107273000000001,26.539533,6.853422,4.7280619999999995,4.7280619999999995,0.10208848803862258,0.072187462173185,9.70806911960719,False,-0.072187462173185,-0.072187462173185,4.4209571892217525e-08,-3.3472380399497455e-17,3.0611630002591207e-17,2.8607503969062455e-18
62,2-stretch-one-axis-or-two-axes,stretch-x-and-y-axes-by-minus-0.080,3.412809000000001,5.240895,12.825047,16.237856,0,21,1.556985000000001,2.9999999995311555e-06,1.5569880000000005,0,13.32088,24.372222,5.623870000000002,3.412809000000001,3.412809000000001,4.666608,6.775887999999998,12.145108,16.811716,0,21,1.6384629999999998,4.000000000559112e-06,1.6384670000000003,0,15.172512000000001,26.753951,6.951256000000001,4.666608,4.666608,0.10861154867183136,0.07679996258101834,9.603400675337356,False,-0.07679996258101834,-0.07679996258101834,4.4209571892217525e-08,-5.0684150950158373e-17,1.3399859451930292e-17,3.728429149822808e-17
63,2-stretch-one-axis-or-two-axes,stretch-x-and-y-axes-by-minus-0.085,3.350595,5.215290000000001,13.047239,16.397834,0,21,1.681928000000001,9.999999992515995e-07,1.6819290000000002,0,13.379576000000002,24.579409,5.718527,3.350595,3.350595,4.603966,6.751079000000001,12.368175,16.972141,0,21,1.769876,0.0,1.769876,0,15.243003999999999,26.972152,7.050212999999999,4.603966,4.603966,0.11509925396285449,0.08138746298664101,9.499299539708554,False,-0.08138746298664101,-0.08138746298664101,4.4209571892217525e-08,-1.691604737534159e-17,4.7167963026747073e-17,-3.0251915651405484e-17
64,2-stretch-one-axis-or-two-axes,stretch-x-and-y-axes-by-minus-0.090,3.2872169999999983,5.189252,13.273267,16.560484,0,21,1.8107229999999994,1.0000000010279564e-06,1.8107240000000004,0,13.441672,24.789969,5.814329999999998,3.2872169999999983,3.2872169999999983,4.540099999999999,6.725760000000001,12.595201,17.135301,0,21,1.9053170000000001,9.999999992515995e-07,1.9053179999999994,0,15.321413,27.193925,7.150264,4.540099999999999,4.540099999999999,0.12155160391169263,0.08594996339005345,9.395765712720776,False,-0.08594996339005345,-0.08594996339005345,4.4209571892217525e-08,-2.7898976164411896e-17,3.6185034237676767e-17,-8.286058073264872e-18
65,2-stretch-one-axis-or-two-axes,stretch-x-and-y-axes-by-minus-0.095,3.222728000000002,5.162763,13.503195,16.725923,0,21,1.9435479999999998,0.0,1.9435479999999998,0,13.509494000000002,25.004235,5.911295000000001,3.222728000000002,3.222728000000002,4.475155999999998,6.699911,12.826169,17.301325,0,21,2.0449719999999996,1.0000000010279564e-06,2.0449730000000006,0,15.411604,27.419452,7.251560999999999,4.475155999999998,4.475155999999998,0.12796859851834527,0.09048746379125533,9.29279919437403,False,-0.09048746379125533,-0.09048746379125533,4.4209571892217525e-08,-4.4860489613678225e-17,1.9223520788410437e-17,2.5636968825267788e-17
66,2-stretch-one-axis-or-two-axes,stretch-x-and-y-axes-by-minus-0.100,3.1570909999999994,5.135833,13.737142,16.894233,0,21,2.0805059999999997,0.0,2.0805059999999997,0,13.585823,25.222181,6.0094259999999995,3.1570909999999994,3.1570909999999994,4.408905000000001,6.6736840000000015,13.061376,17.470281,0,21,2.1890839999999994,9.999999992515995e-07,2.1890849999999986,0,15.517244999999999,27.649031,7.353823000000002,4.408905000000001,4.408905000000001,0.13435023778281244,0.09499996419024664,9.19039998466831,False,-0.09499996419024664,-0.09499996419024664,4.4209571892217525e-08,-1.1674796242747588e-17,5.2409214159341074e-17,-4.0734417916593485e-17
67,2-stretch-one-axis-or-two-axes,stretch-x-and-y-axes-by-plus-0.005,4.110854999999999,5.471492,9.633254,13.744109,0,144,1.0000000010279564e-06,0.07435500000000062,0.07435600000000164,0,12.217030999999999,21.390351000000003,4.110854999999999,4.230884,4.230884,5.359243000000001,6.983228,8.95563,14.314873,0,144,1.0000000010279564e-06,0.07838299999999876,0.07838399999999979,0,14.0368,23.612678,5.359243000000001,5.483796,5.483796,0.007088808630089713,0.005012544652772677,11.459918203104456,False,0.005012544652772677,0.005012544652772677,4.4209571892217525e-08,-3.8661565153268954e-17,2.5422445248819705e-17,1.3239119904449249e-17
68,2-stretch-one-axis-or-two-axes,stretch-x-and-y-axes-by-plus-0.010,3.9638810000000007,5.356458,9.539465,13.503346,0,144,1.0000000010279564e-06,0.14647699999999908,0.1464780000000001,0,12.050016,21.306415,3.9638810000000007,4.201866000000001,4.201866000000001,5.20382,6.8610240000000005,8.866333,14.070153,0,144,0.0,0.15444199999999952,0.15444199999999952,0,13.869972000000002,23.524313,5.20382,5.450850000000001,5.450850000000001,0.014212910080382554,0.010050045098184524,11.574230894271784,False,0.010050045098184524,0.010050045098184524,4.4209571892217525e-08,2.266395911740364e-17,8.67479695194923e-17,-1.0941192863689594e-16
69,2-stretch-one-axis-or-two-axes,stretch-x-and-y-axes-by-plus-0.015,3.8201289999999997,5.244045999999999,9.446035,13.266164,0,144,9.999999992515995e-07,0.2164350000000006,0.21643599999999985,0,11.886335999999998,21.222597,3.8201289999999997,4.173978,4.173978,5.051717,6.741537000000001,8.777358,13.829075,0,144,9.999999992515995e-07,0.22824199999999983,0.22824299999999909,0,13.706579000000001,23.436107999999997,5.051717,5.419144000000001,5.419144000000001,0.021372366872905817,0.0151125455458061,11.689110894080132,False,0.0151125455458061,0.0151125455458061,4.4209571892217525e-08,-6.391565219973092e-17,1.683582023577357e-19,6.374729399737319e-17
70,2-stretch-one-axis-or-two-axes,stretch-x-and-y-axes-by-plus-0.020,3.6795170000000006,5.134183,9.353002,13.032519,0,144,0.0,0.2842900000000004,0.2842900000000004,0,11.725949,21.138928,3.6795170000000006,4.147169,4.147169,4.902813999999999,6.624675999999999,8.688762,13.591576,0,144,9.999999992515995e-07,0.2998650000000005,0.29986599999999974,0,13.546541999999999,23.348078,4.902813999999999,5.388574,5.388574,0.02856717900762653,0.020200045995638516,11.804558202529522,False,0.020200045995638516,0.020200045995638516,4.4209571892217525e-08,-5.1854776505658e-17,1.222923389643066e-17,3.962554260922734e-17
71,2-stretch-one-axis-or-two-axes,stretch-x-and-y-axes-by-plus-0.025,3.5419839999999994,5.026734999999999,9.260355,12.802339,0,144,9.999999992515995e-07,0.350105000000001,0.35010600000000025,0,11.568681999999999,21.05556,3.5419839999999994,4.121430999999999,4.121430999999999,4.75708,6.510354999999999,8.600526,13.357606,0,144,0.0,0.3693729999999995,0.3693729999999995,0,13.389788000000001,23.260387,4.75708,5.359145999999999,5.359145999999999,0.03579734648453745,0.02531254644768155,11.920572819619927,False,0.02531254644768155,0.02531254644768155,4.4209571892217525e-08,2.413180618759329e-17,8.821581658968195e-17,-1.1234762277727524e-16
72,2-stretch-one-axis-or-two-axes,stretch-x-and-y-axes-by-plus-0.030,3.407463999999999,4.921763,9.168117,12.575581,0,144,1.0000000010279564e-06,0.4139400000000002,0.4139410000000012,0,11.377360999999999,20.972214,3.407463999999999,4.096667999999999,4.096667999999999,4.614413000000001,6.398549000000001,8.512697,13.12711,0,144,0.0,0.43682599999999994,0.43682599999999994,0,13.236492000000002,23.172783,4.614413000000001,5.330752,5.330752,0.04306286930363567,0.030450046901934757,12.037154745351376,False,0.030450046901934757,0.030450046901934757,4.4209571892217525e-08,-7.76094798558014e-17,-1.3525469453712745e-17,9.113494930951415e-17
73,2-stretch-one-axis-or-two-axes,stretch-x-and-y-axes-by-plus-0.035,3.2758839999999996,4.819146,9.076312,12.352196,0,144,9.999999992515995e-07,0.47585100000000047,0.4758519999999997,0,11.168312000000002,20.889060999999998,3.2758839999999996,4.0728159999999995,4.0728159999999995,4.47475,6.289168,8.425267,12.900017,0,144,0.0,0.5022820000000001,0.5022820000000001,0,13.086616999999999,23.085396,4.47475,5.3033269999999995,5.3033269999999995,0.05036374746492098,0.035612547358398694,12.154303979723844,False,0.035612547358398694,0.035612547358398694,4.4209571892217525e-08,-1.004697027654865e-18,6.30793133744338e-17,-6.207461634677893e-17
74,2-stretch-one-axis-or-two-axes,stretch-x-and-y-axes-by-plus-0.040,3.147158000000001,4.718826,8.984931,12.132089,0,144,0.0,0.5358970000000003,0.5358970000000003,0,10.963382,20.806105,3.147158000000001,4.0498080000000005,4.0498080000000005,4.338015,6.182169,8.338236,12.676251,0,144,0.0,0.5658060000000003,0.5658060000000003,0,12.940181999999998,22.998265,4.338015,5.276845999999999,5.276845999999999,0.05769998096839256,0.04080004781707314,12.272020522737343,False,0.04080004781707314,0.04080004781707314,4.4209571892217525e-08,1.1602696838402855e-17,7.568670724049151e-17,-8.728940407889437e-17
75,2-stretch-one-axis-or-two-axes,stretch-x-and-y-axes-by-plus-0.045,3.0212339999999998,4.620742,8.893997,11.915231,0,144,9.999999992515995e-07,0.5941290000000006,0.5941299999999998,0,10.762374,20.723367000000003,3.0212339999999998,4.027650999999999,4.027650999999999,4.2041520000000006,6.077462000000001,8.251648,12.4558,0,144,1.000000000139778e-06,0.6274549999999994,0.6274559999999996,0,12.771809000000001,22.911392999999997,4.2041520000000006,5.251247000000001,5.251247000000001,0.06507156981404935,0.04601254827795753,12.390304374391865,False,0.04601254827795753,0.04601254827795753,4.4209571892217525e-08,-7.760491365563761e-17,-1.3520903253548955e-17,9.112581690918657e-17
76,2-stretch-one-axis-or-two-axes,stretch-x-and-y-axes-by-plus-0.050,2.8981259999999995,4.524828999999999,8.803508,11.701634,0,144,9.999999992515995e-07,0.650602000000001,0.6506030000000003,0,10.565065,20.641035000000002,2.8981259999999995,4.006243999999999,4.006243999999999,4.073155999999999,5.975005999999999,8.165487,12.238643,0,144,1.000000000139778e-06,0.6873030000000009,0.687304000000001,0,12.561019,22.824953,4.073155999999999,5.226474,5.226474,0.0724785140018931,0.05125004874105321,12.509155534687428,False,0.05125004874105321,0.05125004874105321,4.4209571892217525e-08,-1.403442268052673e-17,5.0049587721561934e-17,-3.60151650410352e-17
77,2-stretch-one-axis-or-two-axes,stretch-x-and-y-axes-by-plus-0.055,2.777711,4.431051,8.713486,11.491197,0,144,9.999999992515995e-07,0.7053630000000002,0.7053639999999994,0,10.371549000000002,20.558765,2.777711,3.985565000000001,3.985565000000001,3.944877,5.874732,8.079789,12.024666,0,144,0.0,0.7453560000000001,0.7453560000000001,0,12.354118000000001,22.73865,3.944877,5.202446999999999,5.202446999999999,0.07992081353192179,0.05651254920635884,12.628574003624006,False,0.05651254920635884,0.05651254920635884,4.4209571892217525e-08,1.2906751906398561e-17,7.699076230848722e-17,-8.989751421488578e-17
78,2-stretch-one-axis-or-two-axes,stretch-x-and-y-axes-by-plus-0.060,2.6599459999999997,4.33933,8.623927,11.283873,0,144,1.000000000139778e-06,0.7584759999999999,0.7584770000000001,0,10.181717,20.476741,2.6599459999999997,3.9655780000000007,3.9655780000000007,3.8193160000000006,5.7765830000000005,7.994539,11.813855,0,144,1.000000000139778e-06,0.8017319999999994,0.8017329999999996,0,12.132432999999999,22.652647,3.8193160000000006,5.179189000000001,5.179189000000001,0.08739846840413645,0.0618000496738752,12.748559781201624,False,0.0618000496738752,0.0618000496738752,4.4209571892217525e-08,2.5816800816252128e-17,8.990081121834079e-17,-1.1571761203459292e-16
79,2-stretch-one-axis-or-two-axes,stretch-x-and-y-axes-by-plus-0.065,2.5447739999999985,4.249649999999999,8.534838,11.079612,0,144,1.000000000139778e-06,0.8099700000000007,0.8099710000000009,0,9.961796,20.394975000000002,2.5447739999999985,3.946185,3.946185,3.6963880000000007,5.680527,7.909763,11.606151,0,144,1.000000000139778e-06,0.8564080000000001,0.8564090000000002,0,11.876054000000002,22.566971000000002,3.6963880000000007,5.15659,5.15659,0.09491147861853629,0.06711255014360173,12.869112867420263,False,0.06711255014360173,0.06711255014360173,4.4209571892217525e-08,-1.3096213355260555e-17,5.098779704682811e-17,-3.789158369156755e-17
80,2-stretch-one-axis-or-two-axes,stretch-x-and-y-axes-by-plus-0.070,2.4320960000000014,4.161940000000001,8.446233,10.878329,0,144,0.0,0.8599059999999996,0.8599059999999996,0,9.724117,20.313482,2.4320960000000014,3.927408,3.927408,3.576003,5.5864899999999995,7.825471,11.401474,0,144,0.0,0.9094800000000003,0.9094800000000003,0,11.622388999999998,22.481613,3.576003,5.134620999999999,5.134620999999999,0.102459844175122,0.072450050615539,12.99023326227994,False,0.072450050615539,0.072450050615539,4.4209571892217525e-08,-1.904611278415087e-19,6.389354927424716e-17,-6.370308814640565e-17
81,2-stretch-one-axis-or-two-axes,stretch-x-and-y-axes-by-plus-0.075,2.3219379999999994,4.076149000000001,8.358103,10.680041,0,144,0.0,0.9083299999999994,0.9083299999999994,0,9.489277999999999,20.232263,2.3219379999999994,3.909173000000001,3.909173000000001,3.4581800000000005,5.494433000000001,7.741638,11.199818,0,144,0.0,0.9609909999999999,0.9609909999999999,0,11.371502999999999,22.396594999999998,3.4581800000000005,5.1132539999999995,5.1132539999999995,0.11004356507389296,0.07781255108968654,13.111920965780639,False,0.07781255108968654,0.07781255108968654,4.4209571892217525e-08,-3.959549823816658e-17,2.4488512163922086e-17,1.5106986074244494e-17
82,2-stretch-one-axis-or-two-axes,stretch-x-and-y-axes-by-plus-0.080,2.2141769999999994,3.9922330000000006,8.270467,10.484644,0,144,0.0,0.9552839999999998,0.9552839999999998,0,9.257257,20.151333,2.2141769999999994,3.8914430000000007,3.8914430000000007,3.342783,5.404288,7.658309,11.001092,0,144,2.000000000279556e-06,1.0109940000000002,1.0109960000000004,0,11.123232000000002,22.311923,3.342783,5.092413,5.092413,0.11766264131484976,0.08320005156604482,13.234175977922375,False,0.08320005156604482,0.08320005156604482,4.4209571892217525e-08,-2.6694042693182053e-17,3.738996770890661e-17,-1.0695925015724557e-17
83,2-stretch-one-axis-or-two-axes,stretch-x-and-y-axes-by-plus-0.085,2.108867,3.9101440000000007,8.183323,10.29219,0,144,1.000000000139778e-06,1.0008109999999997,1.0008119999999998,0,9.028015000000002,20.070698999999998,2.108867,3.8741699999999994,3.8741699999999994,3.229863000000001,5.316025000000001,7.575473,10.805336,0,144,0.0,1.0595309999999998,1.0595309999999998,0,10.877678,22.227619,3.229863000000001,5.072089000000001,5.072089000000001,0.1253170728979916,0.08861255204461327,13.356998298705118,False,0.08861255204461327,0.08861255204461327,4.4209571892217525e-08,9.498019379602494e-19,6.503381234004891e-17,-6.598361427800916e-17
84,2-stretch-one-axis-or-two-axes,stretch-x-and-y-axes-by-plus-0.090,2.0058939999999996,3.8298389999999998,8.09669,10.102584,0,144,1.000000000139778e-06,1.0449550000000007,1.0449560000000009,0,8.801457999999998,19.990375,2.0058939999999996,3.857322999999999,3.857322999999999,3.1192930000000008,5.229584000000001,7.493162,10.612455,0,144,0.0,1.1066479999999999,1.1066479999999999,0,10.634641,22.143672000000002,3.1192930000000008,5.052204,5.052204,0.13300685982331945,0.09405005252539256,13.480387928128915,False,0.09405005252539256,0.09405005252539256,4.4209571892217525e-08,-5.3693943879769507e-17,1.0390066522319155e-17,4.330387735745035e-17
85,2-stretch-one-axis-or-two-axes,stretch-x-and-y-axes-by-plus-0.095,1.905180999999999,3.751270999999999,8.010569,9.91575,0,144,1.000000000139778e-06,1.087752,1.0877530000000002,0,8.577697999999998,19.910368,1.905180999999999,3.8408569999999997,3.8408569999999997,3.0110340000000004,5.144922000000001,7.411356,10.42239,0,144,1.000000000139778e-06,1.152386,1.152387,0,10.394292000000002,22.060131,3.0110340000000004,5.032748,5.032748,0.14073200209083217,0.09951255300838191,13.604344866193733,False,0.09951255300838191,0.09951255300838191,4.4209571892217525e-08,-2.5919625370109822e-17,3.8164385031978843e-17,-1.224475966186902e-17
86,2-stretch-one-axis-or-two-axes,stretch-x-and-y-axes-by-plus-0.100,1.8067539999999997,3.6743450000000006,7.924944,9.731698,0,144,1.000000000139778e-06,1.129251,1.1292520000000001,0,8.356503,19.830772,1.8067539999999997,3.8247459999999993,3.8247459999999993,2.9050720000000005,5.061973999999999,7.330057,10.235129,0,144,1.000000000139778e-06,1.19679,1.1967910000000002,0,10.156369000000002,21.977034,2.9050720000000005,5.013674999999999,5.013674999999999,0.14849249970053086,0.1050000534935821,13.728869112899575,False,0.1050000534935821,0.1050000534935821,4.4209571892217525e-08,-1.2715514781329449e-17,5.1368495620759216e-17,-3.8652980839429764e-17
87,2-stretch-one-axis-or-two-axes,stretch-x-axis-by-minus-0.005,4.140193,5.511455,9.850439,13.990632,0,21,1.0000000010279564e-06,0.07553399999999932,0.07553500000000035,0,12.366985000000001,21.592247999999998,4.262091,4.140193,4.262091,5.392735999999999,7.0279620000000005,9.170094,14.56283,0,21,0.0,0.07959800000000072,0.07959800000000072,0,14.186075,23.825347999999998,5.519212,5.392735999999999,5.519212,0.004987456231810378,0.004987456231418497,11.289441956475274,False,-0.004987456231418497,4.4209571892217525e-08,4.4209571892217525e-08,-6.408401040208867e-17,3.677054185932125e-17,2.7313468542767412e-17
88,2-stretch-one-axis-or-two-axes,stretch-x-axis-by-minus-0.010,4.018309,5.433803000000001,9.974245,13.992554,0,21,0.0,0.1511440000000004,0.1511440000000004,0,12.347845,21.710735,4.263979000000001,4.018309,4.263979000000001,5.266513,6.947858,9.295714,14.562227,0,21,9.999999992515995e-07,0.1592450000000003,0.15924599999999955,0,14.166545,23.950175,5.521357,5.266513,5.521357,0.009949956670395032,0.0099499566701986,11.232711092372385,False,-0.0099499566701986,4.4209571892217525e-08,4.4209571892217525e-08,-6.408401040208867e-17,2.4888241303732443e-17,3.919576909835622e-17
89,2-stretch-one-axis-or-two-axes,stretch-x-axis-by-minus-0.015,3.8955780000000004,5.356282,10.09881,13.994388,0,21,1.0000000010279564e-06,0.22681799999999974,0.22681900000000077,0,12.329705,21.82985,4.266774,3.8955780000000004,4.266774,5.139424,6.8679179999999995,9.422096,14.56152,0,21,9.999999992515995e-07,0.23893699999999995,0.2389379999999992,0,14.148306999999999,24.075649,5.524482000000001,5.139424,5.524482000000001,0.014887457106899427,0.014887457106768143,11.175980228269495,False,-0.014887457106768143,4.4209571892217525e-08,4.4209571892217525e-08,-6.408401040208867e-17,6.48827384414003e-18,5.759573655794864e-17
90,2-stretch-one-axis-or-two-axes,stretch-x-axis-by-minus-0.020,3.771984,5.27891,10.224153,13.996137,0,21,0.0,0.3025589999999987,0.3025589999999987,0,12.312675,21.949606,4.270548,3.771984,4.270548,5.011456000000001,6.788164999999999,9.549252,14.560708,0,21,9.999999992515995e-07,0.3186669999999996,0.31866799999999884,0,14.131456,24.201785,5.528640000000001,5.011456000000001,5.528640000000001,0.01979995754122578,0.019799957541127067,11.119249364166599,False,-0.019799957541127067,4.4209571892217525e-08,4.4209571892217525e-08,-6.408401040208867e-17,4.267640549957514e-17,2.1407604902513524e-17
91,2-stretch-one-axis-or-two-axes,stretch-x-axis-by-minus-0.025,3.6475360000000006,5.201708,10.350264,13.9978,0,21,1.0000000010279564e-06,0.37835599999999836,0.3783569999999994,0,12.296889,22.069996,4.275348000000001,3.6475360000000006,4.275348000000001,4.882617999999999,6.708618999999999,9.677184,14.559802,0,21,9.999999992515995e-07,0.3984310000000004,0.3984319999999997,0,14.116131,24.328574,5.533880999999999,4.882617999999999,5.533880999999999,0.024687457973354875,0.024687457973275706,11.062518500063709,False,-0.024687457973275706,4.4209571892217525e-08,4.4209571892217525e-08,-6.408401040208867e-17,3.0943284124666995e-17,3.314072627742167e-17
92,2-stretch-one-axis-or-two-axes,stretch-x-axis-by-minus-0.030,3.5222160000000002,5.124692,10.477167,13.999383,0,21,0.0,0.45420900000000053,0.45420900000000053,0,12.225004,22.191039,4.281194000000001,3.5222160000000002,4.281194000000001,4.752880000000001,6.629293000000002,9.805924,14.558804,0,21,1.0000000010279564e-06,0.4782289999999989,0.47822999999999993,0,14.102397000000002,24.456034,5.540213000000001,4.752880000000001,5.540213000000001,0.029549958403279925,0.029549958403213783,11.005787635960818,False,-0.029549958403213783,4.4209571892217525e-08,4.4209571892217525e-08,-6.408401040208867e-17,1.2793573766469164e-17,5.12904366356195e-17
93,2-stretch-one-axis-or-two-axes,stretch-x-axis-by-minus-0.035,3.396042999999999,5.047879999999999,10.604874,14.000917,0,21,0.0,0.5301100000000005,0.5301100000000005,0,12.139045999999999,22.312743,4.288117999999999,3.396042999999999,4.288117999999999,4.622258,6.550189000000001,9.935476,14.557734,0,21,1.0000000010279564e-06,0.5580599999999993,0.5580610000000004,0,14.090341,24.58419,5.5476600000000005,4.622258,5.5476600000000005,0.034387458830998245,0.03438745883094141,10.949056771857922,False,-0.03438745883094141,4.4209571892217525e-08,4.4209571892217525e-08,-6.408401040208867e-17,5.490197478394705e-17,9.182035618141613e-18
94,2-stretch-one-axis-or-two-axes,stretch-x-axis-by-minus-0.040,3.268974,4.9712879999999995,10.733375,14.002349,0,21,0.0,0.6060700000000008,0.6060700000000008,0,12.052090999999999,22.435107000000002,4.296158999999999,3.268974,4.296158999999999,4.490701,6.4713519999999995,10.065835,14.556536,0,21,9.999999992515995e-07,0.6379289999999997,0.637929999999999,0,14.080093000000002,24.713025000000002,5.556274,4.490701,5.556274,0.039199959256508383,0.03919995925645853,10.89232590775504,False,-0.03919995925645853,4.4209571892217525e-08,4.4209571892217525e-08,-6.408401040208867e-17,3.681535302379065e-17,2.7268657378298014e-17
95,2-stretch-one-axis-or-two-axes,stretch-x-axis-by-minus-0.045,3.1410150000000012,4.894935,10.862689,14.003704,0,21,0.0,0.6820849999999989,0.6820849999999989,0,12.011965,22.558144,4.305348,3.1410150000000012,4.305348,4.358238,6.392799,10.197005,14.555243,0,21,0.0,0.7178360000000001,0.7178360000000001,0,14.050352,24.842564000000003,5.566103999999999,4.358238,5.566103999999999,0.043987459679809625,0.043987459679765195,10.835595043652145,False,-0.043987459679765195,4.4209571892217525e-08,4.4209571892217525e-08,-6.408401040208867e-17,1.8915899766987406e-17,4.5168110635101256e-17
96,2-stretch-one-axis-or-two-axes,stretch-x-axis-by-minus-0.050,3.01215,4.8188390000000005,10.992833,14.004983,0,21,0.0,0.7581549999999986,0.7581549999999986,0,12.092482000000002,22.68187,4.315714000000002,3.01215,4.315714000000002,4.2248329999999985,6.314545000000001,10.329019,14.553852,0,21,1.0000000010279564e-06,0.7977720000000001,0.7977730000000012,0,14.065457,24.972818,5.577157999999999,4.2248329999999985,5.577157999999999,0.04874996010090156,0.04874996010086147,10.778864179549254,False,-0.04874996010086147,4.4209571892217525e-08,4.4209571892217525e-08,-6.408401040208867e-17,7.605216658752321e-18,5.647879374333635e-17
97,2-stretch-one-axis-or-two-axes,stretch-x-axis-by-minus-0.055,2.8823740000000004,4.743019,11.123813,14.006187,0,21,1.0000000010279564e-06,0.8342799999999997,0.8342810000000007,0,12.174544,22.80629,4.327292,2.8823740000000004,4.327292,4.090494999999999,6.23662,10.461871,14.552366,0,21,1.0000000010279564e-06,0.8777460000000001,0.8777470000000012,0,14.061293999999998,25.103798,5.589494,4.090494999999999,5.589494,0.053487460519783606,0.053487460519747065,10.72213331544636,False,-0.053487460519747065,4.4209571892217525e-08,4.4209571892217525e-08,-6.408401040208867e-17,4.250444800110341e-17,2.157956240098525e-17
98,2-stretch-one-axis-or-two-axes,stretch-x-axis-by-minus-0.060,2.7516859999999994,4.667496999999999,11.255629,14.007315,0,21,9.999999992515995e-07,0.9104610000000015,0.9104620000000008,0,12.228938999999999,22.931408,4.340126999999999,2.7516859999999994,4.340126999999999,3.9552060000000004,6.159036,10.595568,14.550774,0,21,9.999999992515995e-07,0.9577550000000006,0.9577559999999998,0,14.059425999999998,25.235492,5.603138999999999,3.9552060000000004,5.603138999999999,0.05819996093645585,0.05819996093642227,10.665402451343473,False,-0.05819996093642227,4.4209571892217525e-08,4.4209571892217525e-08,-6.408401040208867e-17,2.4855251845694754e-17,3.922875855639391e-17
99,2-stretch-one-axis-or-two-axes,stretch-x-axis-by-minus-0.065,2.6200530000000004,4.592333999999999,11.388318,14.008371,0,21,9.999999992515995e-07,0.9866890000000001,0.9866899999999994,0,12.226432,23.057147999999998,4.354260999999999,2.6200530000000004,4.354260999999999,3.8189139999999995,6.081809999999999,10.730167,14.549081,0,21,1.0000000010279564e-06,1.0377969999999994,1.0377980000000004,0,14.059762999999998,25.367865000000002,5.618114,3.8189139999999995,5.618114,0.06288746135091804,0.06288746135088696,10.608671587240579,False,-0.06288746135088696,4.4209571892217525e-08,4.4209571892217525e-08,-6.408401040208867e-17,7.393224193639254e-18,5.669078620844941e-17
100,2-stretch-one-axis-or-two-axes,stretch-x-axis-by-minus-0.070,2.487478000000001,4.517436000000002,11.521875,14.009353,0,21,0.0,1.062996,1.062996,0,12.226023,23.183719,4.3696909999999995,2.487478000000001,4.3696909999999995,3.6816509999999987,6.0049389999999985,10.86564,14.547291,0,21,1.0000000010279564e-06,1.1178980000000003,1.1178990000000013,0,14.062539,25.501066,5.634455999999998,3.6816509999999987,5.634455999999998,0.0675499617631702,0.06754996176314126,10.55194072313769,False,-0.06754996176314126,4.4209571892217525e-08,4.4209571892217525e-08,-6.408401040208867e-17,4.801056905660528e-17,1.6073441345483383e-17
101,2-stretch-one-axis-or-two-axes,stretch-x-axis-by-minus-0.075,2.3539379999999994,4.442888999999999,11.656331,14.010269,0,21,1.0000000010279564e-06,1.1393679999999993,1.1393690000000003,0,12.227806,23.311039,4.3864740000000015,2.3539379999999994,4.3864740000000015,3.543388,5.928475000000001,11.002017,14.545405,0,21,0.0,1.1980540000000008,1.1980540000000008,0,14.067869,25.635063000000002,5.6522179999999995,3.543388,5.6522179999999995,0.07218746217321206,0.072187462173185,10.4952098590348,False,-0.072187462173185,4.4209571892217525e-08,4.4209571892217525e-08,-6.408401040208867e-17,3.0611630002591207e-17,3.3472380399497455e-17
102,2-stretch-one-axis-or-two-axes,stretch-x-axis-by-minus-0.080,2.2194520000000004,4.368747999999998,11.791693,14.011145,0,21,9.999999992515995e-07,1.215815000000001,1.2158160000000002,0,12.231875999999998,23.438952,4.404635999999998,2.2194520000000004,4.404635999999998,3.404122000000001,5.852437000000002,11.139311,14.543433,0,21,9.999999992515995e-07,1.2782710000000002,1.2782719999999994,0,14.075841,25.769703999999997,5.671424000000002,3.404122000000001,5.671424000000002,0.0767999625810438,0.07679996258101834,10.438478994931907,False,-0.07679996258101834,4.4209571892217525e-08,4.4209571892217525e-08,-6.408401040208867e-17,1.3399859451930292e-17,5.0684150950158373e-17
103,2-stretch-one-axis-or-two-axes,stretch-x-axis-by-minus-0.085,2.083931999999999,4.294936,11.927989,14.011921,0,21,9.999999992515995e-07,1.2923460000000002,1.2923469999999995,0,12.238322,23.567818000000003,4.424216000000001,2.083931999999999,4.424216000000001,3.2637940000000008,5.77683,11.277555,14.541349,0,21,1.0000000010279564e-06,1.3585619999999992,1.3585630000000002,0,14.086555,25.905317,5.692112000000002,3.2637940000000008,5.692112000000002,0.08138746298666502,0.08138746298664101,10.381748130829019,False,-0.08138746298664101,4.4209571892217525e-08,4.4209571892217525e-08,-6.408401040208867e-17,4.7167963026747073e-17,1.691604737534159e-17
104,2-stretch-one-axis-or-two-axes,stretch-x-axis-by-minus-0.090,1.9474520000000002,4.221544,12.065225,14.012677,0,21,9.999999992515995e-07,1.3689689999999999,1.3689699999999991,0,12.247325000000002,23.697478,4.445257,1.9474520000000002,4.445257,3.1224380000000007,5.7016909999999985,11.416758,14.539196,0,21,0.0,1.438934999999999,1.438934999999999,0,14.100159,26.04175,5.714315000000001,3.1224380000000007,5.714315000000001,0.08594996339007618,0.08594996339005345,10.32501726672613,False,-0.08594996339005345,4.4209571892217525e-08,4.4209571892217525e-08,-6.408401040208867e-17,3.6185034237676767e-17,2.7898976164411896e-17
105,2-stretch-one-axis-or-two-axes,stretch-x-axis-by-minus-0.095,1.8098860000000005,4.148586,12.203431,14.013317,0,21,2.000000000279556e-06,1.4456939999999996,1.4456959999999999,0,12.258888,23.827956999999998,4.4677859999999985,1.8098860000000005,4.4677859999999985,2.979958999999999,5.627034,11.556955,14.536914,0,21,9.999999992515995e-07,1.5194030000000005,1.5194039999999998,0,14.116689,26.179043,5.738072000000001,2.979958999999999,5.738072000000001,0.09048746379127694,0.09048746379125533,10.268286402623236,False,-0.09048746379125533,4.4209571892217525e-08,4.4209571892217525e-08,-6.408401040208867e-17,1.9223520788410437e-17,4.4860489613678225e-17
106,2-stretch-one-axis-or-two-axes,stretch-x-axis-by-minus-0.100,1.6712870000000013,4.076081,12.3426,14.013887,0,21,2.000000000279556e-06,1.5225329999999992,1.5225349999999995,0,12.272979000000001,23.959256,4.491860000000001,1.6712870000000013,4.491860000000001,2.83638,5.552882,11.698141,14.534521,0,21,2.000000000279556e-06,1.599983,1.5999850000000002,0,14.136139,26.317202,5.7634240000000005,2.83638,5.7634240000000005,0.09499996419026722,0.09499996419024664,10.21155553852035,False,-0.09499996419024664,4.4209571892217525e-08,4.4209571892217525e-08,-6.408401040208867e-17,5.2409214159341074e-17,1.1674796242747587e-17
107,2-stretch-one-axis-or-two-axes,stretch-x-axis-by-plus-0.005,4.185634,5.530057000000001,9.680577,13.866211,0,126,0.07545299999999955,0.0,0.07545299999999955,0,12.301466000000001,21.432619,4.185634,4.305841000000001,4.185634,5.438279,7.045411999999999,9.000708,14.438987,0,126,0.07953999999999972,9.999999992515995e-07,0.07954099999999897,0,14.121206,23.657192000000002,5.438279,5.562981000000001,5.438279,0.005012544653162596,0.005012544652772677,11.402903684681048,False,0.005012544652772677,4.4209571892217525e-08,4.4209571892217525e-08,-6.408401040208867e-17,2.5422445248819705e-17,3.8661565153268954e-17
108,2-stretch-one-axis-or-two-axes,stretch-x-axis-by-plus-0.010,4.1110929999999986,5.47166,9.634422,13.745515,0,126,0.15081699999999998,0.0,0.15081699999999998,0,12.216031999999998,21.391383,4.1110929999999986,4.349803,4.1110929999999986,5.359475999999999,6.983395,8.956872,14.316348,0,126,0.1590170000000004,0.0,0.1590170000000004,0,14.035827999999999,23.613781000000003,5.359475999999999,5.607116999999999,5.359475999999999,0.010050045098379,0.010050045098184524,11.459634548783942,False,0.010050045098184524,4.4209571892217525e-08,4.4209571892217525e-08,-6.408401040208867e-17,8.67479695194923e-17,-2.266395911740364e-17
109,2-stretch-one-axis-or-two-axes,stretch-x-axis-by-plus-0.015,4.037474000000001,5.414008000000001,9.588921,13.626395,0,126,0.2260869999999997,9.999999992515995e-07,0.22608799999999896,0,12.130931,21.350672,4.037474000000001,4.393017,4.037474000000001,5.281627,6.922151999999999,8.913707,14.195334,0,126,0.2384219999999999,1.0000000010279564e-06,0.23842300000000094,0,13.950805999999998,23.57094,5.281627,5.650478,5.281627,0.015112545545935429,0.0151125455458061,11.516365412886838,False,0.0151125455458061,4.4209571892217525e-08,4.4209571892217525e-08,-6.408401040208867e-17,1.683582023577357e-19,6.391565219973092e-17
110,2-stretch-one-axis-or-two-axes,stretch-x-axis-by-plus-0.020,3.9647560000000013,5.357086000000001,9.544068,13.508824,0,126,0.30125899999999994,0.0,0.30125899999999994,0,12.046103000000002,21.31048,3.9647560000000013,4.435431000000001,3.9647560000000013,5.204687999999999,6.861654999999999,8.871218,14.075906,0,126,0.31774900000000095,0.0,0.31774900000000095,0,13.866065,23.52865,5.204687999999999,5.693024999999999,5.204687999999999,0.020200045995735272,0.020200045995638516,11.573096276989727,False,0.020200045995638516,4.4209571892217525e-08,4.4209571892217525e-08,-6.408401040208867e-17,1.222923389643066e-17,5.1854776505658e-17
111,2-stretch-one-axis-or-two-axes,stretch-x-axis-by-plus-0.025,3.8929050000000007,5.300875000000001,9.499854,13.392759,0,126,0.37631999999999977,9.999999992515995e-07,0.376320999999999,0,11.961505000000002,21.2708,3.8929050000000007,4.477161000000001,3.8929050000000007,5.128648,6.801897,8.829387,13.958035,0,126,0.3969889999999996,1.0000000010279564e-06,0.3969900000000006,0,13.781611999999999,23.48693,5.128648,5.73484,5.128648,0.025312546447758766,0.02531254644768155,11.629827141092614,False,0.02531254644768155,4.4209571892217525e-08,4.4209571892217525e-08,-6.408401040208867e-17,8.821581658968195e-17,-2.413180618759329e-17
112,2-stretch-one-axis-or-two-axes,stretch-x-axis-by-plus-0.030,3.821909999999999,5.24536,9.456272,13.278182,0,126,0.4512629999999991,1.0000000010279564e-06,0.4512640000000001,0,11.877256999999998,21.231622,3.821909999999999,4.518165,3.821909999999999,5.053469999999999,6.742844,8.788225,13.841695,0,126,0.4761349999999993,1.0000000010279564e-06,0.47613600000000034,0,13.697478,23.445738,5.053469999999999,5.775886,5.053469999999999,0.030450046901998946,0.030450046901934757,11.686558005195504,False,0.030450046901934757,4.4209571892217525e-08,4.4209571892217525e-08,-6.408401040208867e-17,-1.3525469453712745e-17,7.76094798558014e-17
113,2-stretch-one-axis-or-two-axes,stretch-x-axis-by-plus-0.035,3.7517499999999995,5.1905280000000005,9.413307,13.165057,0,126,0.526078,9.999999992515995e-07,0.5260789999999993,0,11.747012999999999,21.192935,3.7517499999999995,4.558452000000001,3.7517499999999995,4.979150000000001,6.684495,8.7477,13.72685,0,126,0.5551779999999997,0.0,0.5551779999999997,0,13.613638,23.405087,4.979150000000001,5.816186999999999,4.979150000000001,0.035612547358453574,0.035612547358398694,11.7432888692984,False,0.035612547358398694,4.4209571892217525e-08,4.4209571892217525e-08,-6.408401040208867e-17,6.30793133744338e-17,1.004697027654864e-18
114,2-stretch-one-axis-or-two-axes,stretch-x-axis-by-plus-0.040,3.6823949999999996,5.136362999999999,9.37095,13.053345,0,126,0.6007569999999998,1.0000000010279564e-06,0.6007580000000008,0,11.610035,21.154733,3.6823949999999996,4.59803,3.6823949999999996,4.9056429999999995,6.626823999999999,8.707814,13.613457,0,126,0.6341040000000007,1.0000000010279564e-06,0.6341050000000017,0,13.530168999999999,23.364945,4.9056429999999995,5.855740999999998,4.9056429999999995,0.040800047817121037,0.04080004781707314,11.800019733401292,False,0.04080004781707314,4.4209571892217525e-08,4.4209571892217525e-08,-6.408401040208867e-17,7.568670724049151e-17,-1.1602696838402856e-17
115,2-stretch-one-axis-or-two-axes,stretch-x-axis-by-plus-0.045,3.6138340000000007,5.082851000000002,9.329194,12.943028,0,126,0.6752929999999999,0.0,0.6752929999999999,0,11.473611,21.117008,3.6138340000000007,4.636902000000001,3.6138340000000007,4.83295,6.5698229999999995,8.668554,13.501504,0,126,0.7129050000000001,0.0,0.7129050000000001,0,13.447098,23.325324000000002,4.83295,5.894565,4.83295,0.04601254827800001,0.04601254827795753,11.856750597504178,False,0.04601254827795753,4.4209571892217525e-08,4.4209571892217525e-08,-6.408401040208867e-17,-1.3520903253548955e-17,7.760491365563761e-17
116,2-stretch-one-axis-or-two-axes,stretch-x-axis-by-plus-0.050,3.546054,5.029897999999999,9.288028,12.834082,0,126,0.7496730000000014,0.0,0.7496730000000014,0,11.337782999999998,21.079964,3.546054,4.675063,3.546054,4.7610600000000005,6.513440000000001,8.6299,13.39096,0,126,0.7915850000000004,9.999999992515995e-07,0.7915859999999997,0,13.364546,23.286402,4.7610600000000005,5.932669000000001,4.7610600000000005,0.05125004874109135,0.05125004874105321,11.913481461607073,False,0.05125004874105321,4.4209571892217525e-08,4.4209571892217525e-08,-6.408401040208867e-17,5.0049587721561934e-17,1.403442268052673e-17
117,2-stretch-one-axis-or-two-axes,stretch-x-axis-by-plus-0.055,3.478980999999999,4.977641,9.247448,12.726429,0,126,0.8238870000000009,0.0,0.8238870000000009,0,11.202595,21.043166,3.478980999999999,4.712543,3.478980999999999,4.689888999999999,6.457723999999999,8.591862,13.281751,0,126,0.8700999999999999,1.0000000010279564e-06,0.8701010000000009,0,13.244380999999999,23.247787000000002,4.689888999999999,5.970034,4.689888999999999,0.056512549206393425,0.05651254920635884,11.970212325709957,False,0.05651254920635884,4.4209571892217525e-08,4.4209571892217525e-08,-6.408401040208867e-17,7.699076230848722e-17,-1.2906751906398563e-17
118,2-stretch-one-axis-or-two-axes,stretch-x-axis-by-plus-0.060,3.4126849999999997,4.925996999999999,9.207444,12.620129,0,126,0.8979330000000001,0.0,0.8979330000000001,0,11.068276,21.00682,3.4126849999999997,4.749359,3.4126849999999997,4.619496,6.4026309999999995,8.554427,13.173923,0,126,0.9484640000000004,0.0,0.9484640000000004,0,13.101326,23.209652,4.619496,6.006720999999999,4.619496,0.06180004967390683,0.0618000496738752,12.026943189812856,False,0.0618000496738752,4.4209571892217525e-08,4.4209571892217525e-08,-6.408401040208867e-17,8.990081121834079e-17,-2.5816800816252128e-17
119,2-stretch-one-axis-or-two-axes,stretch-x-axis-by-plus-0.065,3.347112000000001,4.874953,9.167997,12.515109,0,126,0.9717970000000005,9.999999992515995e-07,0.9717979999999997,0,10.934645,20.970914,3.347112000000001,4.785503,3.347112000000001,4.549837999999999,6.348153,8.517574,13.067412,0,126,1.0266649999999995,0.0,1.0266649999999995,0,12.958984000000001,23.172003,4.549837999999999,6.042713000000001,4.549837999999999,0.06711255014363085,0.06711255014360173,12.083674053915741,False,0.06711255014360173,4.4209571892217525e-08,4.4209571892217525e-08,-6.408401040208867e-17,5.098779704682811e-17,1.3096213355260553e-17
120,2-stretch-one-axis-or-two-axes,stretch-x-axis-by-plus-0.070,3.2822429999999994,4.8245000000000005,9.129099,12.411342,0,126,1.0454720000000002,9.999999992515995e-07,1.0454729999999994,0,10.801841,20.935437999999998,3.2822429999999994,4.820981,3.2822429999999994,4.480898999999999,6.294271999999999,8.481284,12.962183,0,126,1.104692000000001,0.0,1.104692000000001,0,12.817455999999998,23.134815,4.480898999999999,6.078021,4.480898999999999,0.07245005061556596,0.072450050615539,12.140404918018636,False,0.072450050615539,4.4209571892217525e-08,4.4209571892217525e-08,-6.408401040208867e-17,6.389354927424716e-17,1.9046112784150768e-19
121,2-stretch-one-axis-or-two-axes,stretch-x-axis-by-plus-0.075,3.2180409999999995,4.774624000000001,9.090743,12.308784,0,126,1.1189460000000002,0.0,1.1189460000000002,0,10.669668000000001,20.900387000000002,3.2180409999999995,4.855801,3.2180409999999995,4.412652,6.240983,8.445557,12.858209,0,126,1.182532000000001,0.0,1.182532000000001,0,12.676618999999999,23.098096,4.412652,6.112653999999999,4.412652,0.07781255108971166,0.07781255108968654,12.197135782121526,False,0.07781255108968654,4.4209571892217525e-08,4.4209571892217525e-08,-6.408401040208867e-17,2.4488512163922083e-17,3.959549823816658e-17
122,2-stretch-one-axis-or-two-axes,stretch-x-axis-by-plus-0.080,3.1545360000000002,4.725315999999999,9.052913,12.207449,0,126,1.192206999999999,1.0000000010279564e-06,1.192208,0,10.554099,20.86575,3.1545360000000002,4.889970999999999,3.1545360000000002,4.345096,6.188268000000001,8.410383,12.755479,0,126,1.2601749999999994,0.0,1.2601749999999994,0,12.536742,23.061822999999997,4.345096,6.146612000000001,4.345096,0.08320005156606831,0.08320005156604482,12.253866646224413,False,0.08320005156604482,4.4209571892217525e-08,4.4209571892217525e-08,-6.408401040208867e-17,3.738996770890661e-17,2.6694042693182053e-17
123,2-stretch-one-axis-or-two-axes,stretch-x-axis-by-plus-0.085,3.09168,4.6765609999999995,9.015625,12.107305,0,126,1.2652470000000005,9.999999992515995e-07,1.2652479999999997,0,10.552326999999998,20.831532,3.09168,4.923482999999999,3.09168,4.278192000000001,6.136111000000001,8.375777,12.653969,0,126,1.3376090000000005,9.999999992515995e-07,1.3376099999999997,0,12.458462,23.026,4.278192000000001,6.179891000000001,4.278192000000001,0.08861255204463533,0.08861255204461327,12.310597510327302,False,0.08861255204461327,4.4209571892217525e-08,4.4209571892217525e-08,-6.408401040208867e-17,6.503381234004891e-17,-9.498019379602503e-19
124,2-stretch-one-axis-or-two-axes,stretch-x-axis-by-plus-0.090,3.0294679999999996,4.628345000000001,8.97885,12.008318,0,126,1.3380680000000007,9.999999992515995e-07,1.338069,0,10.552128000000002,20.797714,3.0294679999999996,4.956346,3.0294679999999996,4.2119599999999995,6.084515,8.341687,12.553647,0,126,1.4148560000000003,0.0,1.4148560000000003,0,12.450927,22.990602000000003,4.2119599999999995,6.212519,4.2119599999999995,0.09405005252541335,0.09405005252539256,12.3673283744302,False,0.09405005252539256,4.4209571892217525e-08,4.4209571892217525e-08,-6.408401040208867e-17,1.0390066522319155e-17,5.3693943879769507e-17
125,2-stretch-one-axis-or-two-axes,stretch-x-axis-by-plus-0.095,2.967872,4.580672,8.942585,11.910457,0,126,1.4106309999999995,0.0,1.4106309999999995,0,10.552943,20.764291999999998,2.967872,4.988583,2.967872,4.146336,6.033448,8.308149,12.454485,0,126,1.4918349999999991,1.0000000010279564e-06,1.4918360000000002,0,12.445277999999998,22.955647,4.146336,6.244489,4.146336,0.09951255300840156,0.09951255300838191,12.424059238533083,False,0.09951255300838191,4.4209571892217525e-08,4.4209571892217525e-08,-6.408401040208867e-17,3.816438503197884e-17,2.5919625370109822e-17
126,2-stretch-one-axis-or-two-axes,stretch-x-axis-by-plus-0.100,2.9068900000000006,4.533523000000001,8.906822,11.813712,0,126,1.4829470000000011,9.999999992515995e-07,1.4829480000000004,0,10.500380000000002,20.73126,2.9068900000000006,5.020185,2.9068900000000006,4.081334,5.9829159999999995,8.275126,12.35646,0,126,1.5685700000000002,0.0,1.5685700000000002,0,12.441014,22.92111,4.081334,6.275812999999999,4.081334,0.10500005349360073,0.1050000534935821,12.480790102635979,False,0.1050000534935821,4.4209571892217525e-08,4.4209571892217525e-08,-6.408401040208867e-17,5.1368495620759216e-17,1.2715514781329448e-17
127,3-skew-one-plane,skew-x-toward-y-by-minus-0.005,4.247012,5.511373000000001,9.735175,13.982187,0,144,0.0070459999999989975,0.008202000000000709,0.015247999999999706,0,12.355748,21.482219,4.247012,4.25337,4.253673000000001,5.505871000000001,7.0270969999999995,9.050809,14.55668,0,144,0.00480600000000031,0.006039999999998713,0.010845999999999023,0,14.175665,23.706817,5.505871000000001,5.512434000000001,5.512748,0.0035355564726940823,0.005000000442095687,11.346172820578163,False,4.4209571892217525e-08,1.2544210677090106e-05,4.4209571892217525e-08,-6.410777189283377e-17,3.679430335006636e-17,-0.005000000442095687
128,3-skew-one-plane,skew-x-toward-y-by-minus-0.010,4.2201260000000005,5.433590000000001,9.743144,13.96327,0,144,0.012897999999999854,0.017515999999998755,0.03041399999999861,0,12.326813,21.490398999999996,4.2201260000000005,4.245172,4.246383000000002,5.480463,6.945968000000001,9.056693,14.537156,0,144,0.008421000000000234,0.013365999999999545,0.02178699999999978,0,14.14688,23.712927999999998,5.480463,5.506336000000001,5.507592000000001,0.007071245524600135,0.010000000884191392,11.346172820578163,False,4.4209571892217525e-08,5.0044213992794795e-05,4.4209571892217525e-08,-6.45668616975555e-17,8.032713474772746e-17,-0.010000000884191392
129,3-skew-one-plane,skew-x-toward-y-by-minus-0.015,4.1814409999999995,5.355764000000001,9.751424,13.932865,0,144,0.01764600000000094,0.028031999999999613,0.04567800000000055,0,12.3002,21.499031000000002,4.1814409999999995,4.236513,4.239238,5.4429120000000015,6.864817,9.062869,14.505781,0,144,0.010811000000000348,0.02194399999999952,0.03275499999999987,0,14.120529000000001,23.719481000000002,5.4429120000000015,5.499808000000002,5.5026340000000005,0.01060719972940852,0.015000001326287144,11.346172820578163,False,4.4209571892217525e-08,0.00011254421951900628,4.4209571892217525e-08,-6.369486728497845e-17,6.099130727029811e-18,-0.015000001326287144
130,3-skew-one-plane,skew-x-toward-y-by-minus-0.020,4.132436,5.277917,9.759967,13.892403,0,144,0.021255999999999275,0.039711000000000496,0.06096699999999977,0,12.276025,21.508068,4.132436,4.227439,4.232282,5.394684,6.783647,9.069329,14.464013,0,144,0.011981000000000464,0.03177200000000013,0.0437530000000006,0,14.096654000000001,23.726473,5.394684,5.492853,5.497877000000001,0.014143551642512731,0.020000001768382784,11.346172820578163,False,4.4209571892217525e-08,0.00020004422725572457,4.4209571892217525e-08,-6.319081590590206e-17,-1.2617719608285826e-17,-0.020000001768382784
131,3-skew-one-plane,skew-x-toward-y-by-minus-0.025,4.074634999999999,5.200031999999998,9.768821,13.843456,0,144,0.023763000000000645,0.05258900000000111,0.07635200000000175,0,12.254263999999997,21.517555,4.074634999999999,4.217903999999999,4.225470999999999,5.337349999999999,6.702429,9.076126,14.413476,0,144,0.011977999999999156,0.04288900000000062,0.05486699999999978,0,14.075232999999999,23.73395,5.337349999999999,5.485422,5.493271999999999,0.017680433794624077,0.0250000022104786,11.346172820578163,False,4.4209571892217525e-08,0.00031254423720283864,4.4209571892217525e-08,-6.405583806679694e-17,3.0915111789375266e-17,-0.0250000022104786
132,3-skew-one-plane,skew-x-toward-y-by-minus-0.030,4.009546,5.1221,9.777996,13.787542,0,144,0.025191000000001296,0.06668299999999938,0.09187400000000068,0,12.234936,21.527506000000002,4.009546,4.207895000000001,4.2187920000000005,5.272458,6.62116,9.083273,14.355731,0,144,0.010825000000000529,0.055315000000000225,0.06614000000000075,0,14.056268000000001,23.741931,5.272458,5.477498000000001,5.488802,0.021217978683360065,0.03000000265257424,11.346172820578163,False,4.4209571892217525e-08,0.0004500442493604595,4.4209571892217525e-08,-6.348869808967912e-17,1.2198261454059625e-17,-0.03000000265257424
133,3-skew-one-plane,skew-x-toward-y-by-minus-0.035,3.93858,5.044117999999999,9.787458,13.726038,0,144,0.025503000000000497,0.0819460000000003,0.1074490000000008,0,12.218087999999998,21.537883,3.93858,4.197434999999999,4.212266,5.201466,6.5398320000000005,9.090734,14.2922,0,144,0.008478000000000208,0.06900399999999962,0.07748199999999983,0,14.039809,23.750375,5.201466,5.469113,5.484499000000001,0.024756318764961607,0.03500000309466999,11.346172820578163,False,4.4209571892217525e-08,0.0006125442637285872,4.4209571892217525e-08,-6.273438960920815e-17,-6.518588881256018e-18,-0.03500000309466999
134,3-skew-one-plane,skew-x-toward-y-by-minus-0.040,3.8628079999999994,4.9660720000000005,9.797271,13.660079,0,144,0.02477200000000046,0.09844700000000017,0.12321900000000063,0,12.203669,21.548754000000002,3.8628079999999994,4.186484,4.205855999999999,5.12547,6.458425999999999,9.098584,14.224054,0,144,0.0050240000000005836,0.0840329999999998,0.08905700000000039,0,14.025789999999999,23.759361,5.12547,5.4602059999999994,5.480302999999999,0.028295586446034218,0.040000003536765694,11.346172820578163,False,4.4209571892217525e-08,0.0008000442803072216,4.4209571892217525e-08,-6.42828998947031e-17,3.701424251640508e-17,-0.040000003536765694
135,3-skew-one-plane,skew-x-toward-y-by-minus-0.045,3.783410999999999,4.8879719999999995,9.807256,13.590667,0,144,0.022821999999999676,0.1159940000000006,0.13881600000000027,0,12.191909,21.559939,3.783410999999999,4.175210999999999,4.199727999999999,5.045707,6.376961000000001,9.106618,14.152325,0,144,0.00027099999999968816,0.10018299999999947,0.10045399999999916,0,14.014452,23.768684999999998,5.045707,5.450972,5.476407,0.03183591407530675,0.04500000397886145,11.346172820578163,False,4.4209571892217525e-08,0.0010125442990962519,4.4209571892217525e-08,-6.346550281619069e-17,1.8297392181089437e-17,-0.04500000397886145
136,3-skew-one-plane,skew-x-toward-y-by-minus-0.050,3.7007449999999995,4.809709,9.817736,13.518481,0,144,0.01997900000000108,0.13491499999999945,0.15489400000000053,0,12.182393999999999,21.571838,3.7007449999999995,4.163290999999999,4.193561000000001,4.962515000000002,6.2953420000000015,9.115203,14.077718,0,144,0.005421999999999372,0.11240399999999973,0.1178259999999991,0,14.005368000000002,23.778776999999998,4.962515000000002,5.441045000000001,5.472449000000001,0.03537743393540544,0.05000000442095708,11.346172820578163,False,4.4209571892217525e-08,0.001250044320095789,4.4209571892217525e-08,-6.246093723432514e-17,-4.1945815422620356e-19,-0.05000000442095708
137,3-skew-one-plane,skew-x-toward-y-by-minus-0.055,3.6156120000000005,4.731418,9.828559,13.444171,0,144,0.01609200000000044,0.1550469999999997,0.17113900000000015,0,12.175368999999998,21.584139,3.6156120000000005,4.150879,4.187504000000001,4.876741000000001,6.213655000000001,9.124163,14.000904,0,144,0.012223000000000539,0.12455199999999955,0.1367750000000001,0,13.998778999999999,23.789324999999998,4.876741000000001,5.430605,5.468602000000001,0.038920278234646485,0.055000004863052905,11.346172820578163,False,4.4209571892217525e-08,0.0015125443433058328,4.4209571892217525e-08,-6.469293564442014e-17,4.311337324343489e-17,-0.055000004863052905
138,3-skew-one-plane,skew-x-toward-y-by-minus-0.060,3.528473,4.653031,9.839746,13.368219,0,144,0.011193999999999704,0.17640699999999931,0.18760099999999902,0,12.170853,21.596944,3.528473,4.137954000000001,4.181538,4.788853000000001,6.131851000000001,9.133529,13.922382,0,144,0.02009799999999906,0.1369600000000002,0.15705799999999925,0,13.994674,23.800429,4.788853000000001,5.419623000000001,5.464838,0.04246457909884683,0.06000000530514854,11.346172820578163,False,4.4209571892217525e-08,0.0018000443687262724,4.4209571892217525e-08,-6.362528146451316e-17,2.4396522908119248e-17,-0.06000000530514854
139,3-skew-one-plane,skew-x-toward-y-by-minus-0.065,3.4397,4.574538,9.851315,13.291015,0,144,0.005304999999999893,0.19900699999999993,0.20431199999999983,0,12.168797999999999,21.61027,3.4397,4.12449,4.175645000000001,4.699242,6.049925999999999,9.143314,13.842556,0,144,0.029016000000000375,0.14965899999999976,0.17867500000000014,0,13.993026,23.8121,4.699242,5.408068,5.461143,0.04601046856315838,0.0650000057472443,11.346172820578163,False,4.4209571892217525e-08,0.00211254439635733,4.4209571892217525e-08,-6.237045878125301e-17,5.679672572803607e-18,-0.0650000057472443
140,3-skew-one-plane,skew-x-toward-y-by-minus-0.070,3.349810999999999,4.495965999999999,9.863068,13.212879,0,144,0.0016210000000000946,0.22114900000000048,0.22277000000000058,0,12.169274,21.624005,3.349810999999999,4.110633999999999,4.16996,4.608259,5.967877000000001,9.153493,13.761752,0,144,0.03900099999999895,0.16260399999999997,0.20160499999999892,0,13.993836,23.82432,4.608259,5.395989,5.457542,0.049558078563924204,0.07000000618934012,11.346172820578163,False,4.4209571892217525e-08,0.002450044426198783,4.4209571892217525e-08,-6.528594531594809e-17,4.92125039704647e-17,-0.07000000618934012
141,3-skew-one-plane,skew-x-toward-y-by-minus-0.075,3.258743000000001,4.4172530000000005,9.875316,13.134059,0,144,0.009516999999998887,0.23824800000000046,0.24776499999999935,0,12.172189999999999,21.638305,3.258743000000001,4.096184000000001,4.164289,4.516185999999999,5.885697,9.164054,13.68024,0,144,0.050050999999999846,0.175771000000001,0.22582200000000086,0,13.997150000000001,23.837072,4.516185999999999,5.383383,5.454046999999999,0.05310754093056136,0.07500000663143576,11.346172820578163,False,4.4209571892217525e-08,0.002812544458250743,4.4209571892217525e-08,-6.396803403464652e-17,3.049565363514906e-17,-0.07500000663143576
142,3-skew-one-plane,skew-x-toward-y-by-minus-0.080,3.166766000000001,4.338413000000001,9.887979,13.054745,0,144,0.018348000000001363,0.255666999999999,0.27401500000000034,0,12.177582,21.653159000000002,3.166766000000001,4.0811779999999995,4.1586680000000005,4.423139999999998,5.803374,9.175071,13.598211,0,144,0.062087,0.1893040000000017,0.2513910000000017,0,14.002913999999999,23.850427000000003,4.423139999999998,5.370190999999998,5.450593,0.0566589873774719,0.08000000707353154,11.346172820578163,False,4.420957211426213e-08,0.003200044492513099,4.4209571892217525e-08,-6.24629542499918e-17,1.1778803299833415e-17,-0.08000000707353154
143,3-skew-one-plane,skew-x-toward-y-by-minus-0.085,3.0740320000000008,4.259438000000001,9.901067,12.975099,0,144,0.028090999999999866,0.2734319999999997,0.30152299999999954,0,12.185393,21.668577,3.0740320000000008,4.065584000000001,4.153062,4.329268000000001,5.720896,9.18656,13.515828,0,144,0.07508799999999916,0.20323600000000042,0.27832399999999957,0,14.011078999999999,23.864403,4.329268000000001,5.356375,5.4471430000000005,0.06021254949598263,0.08500000751562721,11.346172820578163,False,4.4209571892217525e-08,0.0036125445289860725,4.4209571892217525e-08,-6.606192890928692e-17,5.531163469749452e-17,-0.08500000751562721
144,3-skew-one-plane,skew-x-toward-y-by-minus-0.090,2.980780000000001,4.180331000000001,9.914508,12.895288,0,144,0.03880799999999951,0.29139299999999935,0.33020099999999886,0,12.174069999999999,21.684488,2.980780000000001,4.049485000000001,4.147559000000001,4.234836,5.638271999999999,9.198434,13.43327,0,144,0.08912100000000045,0.2173960000000008,0.30651700000000126,0,14.021720999999998,23.878915,4.234836,5.342032999999999,5.443797,0.06376835874631803,0.09000000795772296,11.346172820578163,False,4.4209571892217525e-08,0.004050044567669442,4.4209571892217525e-08,-6.449376052659078e-17,3.6594784362178873e-17,-0.09000000795772296
145,3-skew-one-plane,skew-x-toward-y-by-minus-0.095,2.8870260000000005,4.101043000000001,9.928374,12.8154,0,144,0.050407000000001645,0.30970999999999904,0.3601170000000007,0,12.12712,21.700997,2.8870260000000005,4.032792000000001,4.1420840000000005,4.139828,5.555446,9.210799,13.350627,0,144,0.10406399999999927,0.23199900000000007,0.33606299999999933,0,14.034722,23.894094,4.139828,5.327048,5.440449000000001,0.06732654644960623,0.0950000083998186,11.346172820578163,False,4.4209571892217525e-08,0.004512544608563207,4.4209571892217525e-08,-6.273842364054145e-17,1.7877934026863233e-17,-0.0950000083998186
146,3-skew-one-plane,skew-x-toward-y-by-minus-0.100,2.792816,4.02163,9.9427,12.735516,0,144,0.06287200000000048,0.32843100000000014,0.3913030000000006,0,12.078567000000001,21.71807,2.792816,4.015504999999999,4.136571999999999,4.044324000000001,5.472474,9.223657,13.267981,0,144,0.11994299999999924,0.24702699999999922,0.36696999999999846,0,14.040184,23.909885,4.044324000000001,5.311440000000001,5.437079000000001,0.07088724377992178,0.10000000884191441,11.346172820578163,False,4.4209571892217525e-08,0.00500004465166759,4.4209571892217525e-08,-6.702088642443666e-17,6.141076542452433e-17,-0.10000000884191441
147,3-skew-one-plane,skew-x-toward-y-by-plus-0.005,4.247012999999999,5.511374,9.735174,13.982187,0,144,0.007044999999999746,0.008201000000001457,0.015246000000001203,0,12.355747999999998,21.482218000000003,4.247012999999999,4.253371,4.253674,5.505872,7.027097999999999,9.050808,14.55668,0,144,0.004805000000001058,0.0060389999999994615,0.01084400000000052,0,14.175666,23.706816,5.505872,5.512435,5.5127489999999995,0.0035355564726940944,0.005000000442095705,11.346172820578163,False,4.4209571892217525e-08,1.2544210677090106e-05,4.4209571892217525e-08,-6.38730804079904e-17,7.422800402069765e-17,0.005000000442095705
148,3-skew-one-plane,skew-x-toward-y-by-plus-0.010,4.220127,5.433591,9.743143,13.96327,0,144,0.012897000000000602,0.017514999999999503,0.030412000000000106,0,12.326813999999999,21.490398,4.220127,4.245172999999999,4.246384000000001,5.480463,6.945968000000001,9.056693,14.537156,0,144,0.008418999999999954,0.013366999999998797,0.02178599999999875,0,14.14688,23.712927999999998,5.480463,5.506336000000001,5.507592000000001,0.007071245524600187,0.010000000884191467,11.346172820578163,False,4.420957211426213e-08,5.0044213992794795e-05,4.4209571892217525e-08,-6.465259026472256e-17,-2.4815981062345467e-17,0.010000000884191467
149,3-skew-one-plane,skew-x-toward-y-by-plus-0.015,4.181441999999999,5.355765999999999,9.751423,13.932865,0,144,0.01764499999999991,0.02803100000000036,0.04567600000000027,0,12.300201,21.49903,4.181441999999999,4.236514,4.2392389999999995,5.442913000000001,6.864819000000001,9.062868,14.505781,0,144,0.01080999999999932,0.021943000000000268,0.03275299999999959,0,14.12053,23.71948,5.442913000000001,5.499809000000001,5.502635,0.010607199729408568,0.015000001326287215,11.346172820578163,False,4.4209571892217525e-08,0.00011254421951900628,4.4209571892217525e-08,-6.382346013572904e-17,4.941202295835219e-17,0.015000001326287215
150,3-skew-one-plane,skew-x-toward-y-by-plus-0.020,4.1324369999999995,5.277918,9.759966,13.892403,0,144,0.021254999999998248,0.039710000000001244,0.06096499999999949,0,12.276026,21.508067,4.1324369999999995,4.22744,4.232282999999999,5.394686,6.7836490000000005,9.069327,14.464013,0,144,0.011979999999999436,0.031769999999999854,0.04374999999999929,0,14.096656000000001,23.726471,5.394686,5.4928550000000005,5.497879000000001,0.014143551642512821,0.020000001768382913,11.346172820578163,False,4.4209571892217525e-08,0.00020004422725572457,4.4209571892217525e-08,-6.447249611394384e-17,1.261771960828583e-17,0.020000001768382913
151,3-skew-one-plane,skew-x-toward-y-by-plus-0.025,4.074636,5.2000329999999995,9.76882,13.843456,0,144,0.023761999999999617,0.05258800000000008,0.0763499999999997,0,12.254264999999998,21.517554,4.074636,4.217905,4.225472,5.337351,6.702431000000001,9.076125,14.413476,0,144,0.011976999999999904,0.04288799999999959,0.0548649999999995,0,14.075234,23.733949,5.337351,5.485423000000001,5.493273,0.017680433794624126,0.02500000221047867,11.346172820578163,False,4.4209571892217525e-08,0.00031254423720283864,4.4209571892217525e-08,-6.42701594847146e-17,2.4596041896006737e-17,0.02500000221047867
152,3-skew-one-plane,skew-x-toward-y-by-plus-0.030,4.0095469999999995,5.122102,9.777995,13.787542,0,144,0.025191000000001296,0.06668200000000013,0.09187300000000143,0,12.234935999999998,21.527505,4.0095469999999995,4.207896,4.218793,5.272459000000001,6.621162,9.083272,14.355731,0,144,0.0108239999999995,0.0553139999999992,0.0661379999999987,0,14.056269000000002,23.74193,5.272459000000001,5.477499000000002,5.488803000000001,0.021217978683360155,0.030000002652574367,11.346172820578163,False,4.4209571892217525e-08,0.0004500442493604595,4.4209571892217525e-08,-6.541121840174179e-17,-1.2198261454059625e-17,0.030000002652574367
153,3-skew-one-plane,skew-x-toward-y-by-plus-0.035,3.93858,5.044119,9.787457,13.726037,0,144,0.025502000000001246,0.08194499999999927,0.10744700000000051,0,12.218088999999999,21.537883,3.93858,4.197436,4.212267000000001,5.201466999999999,6.539833,9.090733,14.2922,0,144,0.008478000000000208,0.06900300000000037,0.07748100000000058,0,14.03981,23.750374,5.201466999999999,5.469113999999999,5.484500000000001,0.024756318764961666,0.03500000309467007,11.346172820578163,False,4.4209571892217525e-08,0.0006125442637285872,4.4209571892217525e-08,-6.303443959429288e-17,6.202974256663802e-17,0.03500000309467007
154,3-skew-one-plane,skew-x-toward-y-by-plus-0.040,3.8628090000000004,4.966074000000001,9.79727,13.660079,0,144,0.02477000000000018,0.0984469999999984,0.12321699999999858,0,12.20367,21.548752999999998,3.8628090000000004,4.186485000000001,4.205857,5.125471000000001,6.458427,9.098583,14.224054,0,144,0.005023000000001332,0.08403199999999877,0.0890550000000001,0,14.025791,23.75936,5.125471000000001,5.4602070000000005,5.480304,0.02829558644603431,0.040000003536765825,11.346172820578163,False,4.4209571892217525e-08,0.0008000442803072216,4.4209571892217525e-08,-6.684626031078664e-17,-3.701424251640508e-17,0.040000003536765825
155,3-skew-one-plane,skew-x-toward-y-by-plus-0.045,3.783412,4.887973000000001,9.807255,13.590667,0,144,0.022821000000000424,0.11599299999999957,0.138814,0,12.191910000000002,21.559938,3.783412,4.175212,4.199729,5.045707999999999,6.376963,9.106617,14.152325,0,144,0.00027000000000043656,0.10018200000000022,0.10045200000000065,0,14.014453,23.768684,5.045707999999999,5.450972999999999,5.476407999999999,0.0318359140753068,0.04500000397886152,11.346172820578163,False,4.4209571892217525e-08,0.0010125442990962519,4.4209571892217525e-08,-6.385128136844249e-17,3.7213761504292566e-17,0.04500000397886152
156,3-skew-one-plane,skew-x-toward-y-by-plus-0.050,3.7007449999999995,4.809709,9.817736,13.518481,0,144,0.01997800000000005,0.13491499999999945,0.1548929999999995,0,12.182393999999999,21.571838,3.7007449999999995,4.163290999999999,4.193561000000001,4.962516000000001,6.295343000000001,9.115202,14.077718,0,144,0.0054230000000004,0.11240199999999945,0.11782499999999985,0,14.005369000000002,23.778776,4.962516000000001,5.441046,5.47245,0.035377433935405544,0.05000000442095722,11.346172820578163,False,4.4209571892217525e-08,0.001250044320095789,4.4209571892217525e-08,-6.566513775442957e-17,4.1945815422620434e-19,0.05000000442095722
157,3-skew-one-plane,skew-x-toward-y-by-plus-0.055,3.6156130000000015,4.73142,9.828558,13.444171,0,144,0.016091000000001188,0.15504599999999868,0.17113699999999987,0,12.175369000000002,21.584138,3.6156130000000015,4.150880000000001,4.187504000000001,4.876742999999999,6.2136569999999995,9.124162,14.000905,0,144,0.012224000000001567,0.12454999999999927,0.13677400000000084,0,13.998779999999998,23.789324,4.876742999999999,5.430605999999999,5.468603,0.03892027823464654,0.05500000486305298,11.346172820578163,False,4.4209571892217525e-08,0.0015125443433058328,4.4209571892217525e-08,-6.516444276383901e-17,1.2397780441947111e-17,0.05500000486305298
158,3-skew-one-plane,skew-x-toward-y-by-plus-0.060,3.5284739999999992,4.653032999999999,9.839745,13.368219,0,144,0.011191999999999425,0.1764070000000011,0.18759900000000052,0,12.170853999999999,21.596943000000003,3.5284739999999992,4.137955,4.181538999999999,4.788854000000001,6.131852,9.133528,13.922382,0,144,0.02009799999999906,0.13695900000000094,0.157057,0,13.994674999999999,23.800428,4.788854000000001,5.419624000000001,5.464839,0.042464579098846926,0.06000000530514867,11.346172820578163,False,4.4209571892217525e-08,0.0018000443687263834,4.4209571892217525e-08,-6.747032208863848e-17,-2.4396522908119254e-17,0.06000000530514867
159,3-skew-one-plane,skew-x-toward-y-by-plus-0.065,3.4397,4.574539,9.851315,13.291015,0,144,0.005303999999998865,0.19900699999999993,0.2043109999999988,0,12.168797000000001,21.610270999999997,3.4397,4.12449,4.175644,4.699243000000001,6.049928000000001,9.143313,13.842556,0,144,0.029016999999999626,0.14965699999999948,0.1786739999999991,0,13.993027000000001,23.812099,4.699243000000001,5.408069000000001,5.461144000000001,0.04601046856315843,0.06500000574724436,11.346172820578163,False,4.4209571892217525e-08,0.00211254439635733,4.4209571892217525e-08,-6.292769446783895e-17,4.9831481112578395e-17,0.06500000574724436
160,3-skew-one-plane,skew-x-toward-y-by-plus-0.070,3.349812,4.495967,9.863067,13.212879,0,144,0.0016220000000011225,0.22114699999999843,0.22276899999999955,0,12.169275,21.624004,3.349812,4.110635,4.169961000000001,4.60826,5.967878000000001,9.153492,13.761752,0,144,0.03900199999999998,0.1626019999999997,0.20160399999999967,0,13.993836000000002,23.824319,4.60826,5.395989,5.457542999999999,0.04955807856392422,0.07000000618934013,11.346172820578163,False,4.4209571892217525e-08,0.002450044426198783,4.4209571892217525e-08,-6.200026452814081e-17,6.18098034002993e-17,0.07000000618934013
161,3-skew-one-plane,skew-x-toward-y-by-plus-0.075,3.258744,4.417254,9.875315,13.134059,0,144,0.009517999999999915,0.23824600000000018,0.2477640000000001,0,12.172190999999998,21.638303999999998,3.258744,4.096185,4.164289999999999,4.516187,5.885698000000001,9.164053,13.68024,0,144,0.050052000000000874,0.17576899999999895,0.22582099999999983,0,13.997151000000002,23.837071,4.516187,5.383384000000001,5.454048,0.05310754093056141,0.07500000663143583,11.346172820578163,False,4.4209571892217525e-08,0.002812544458250743,4.4209571892217525e-08,-6.461099828839952e-17,2.5015500050232937e-17,0.07500000663143583
162,3-skew-one-plane,skew-x-toward-y-by-plus-0.080,3.166766000000001,4.338413000000001,9.887979,13.054745,0,144,0.018349000000000615,0.2556659999999997,0.27401500000000034,0,12.177582,21.653159000000002,3.166766000000001,4.0811779999999995,4.1586680000000005,4.423140999999999,5.803375000000001,9.17507,13.598211,0,144,0.06208800000000103,0.18930199999999964,0.25139000000000067,0,14.002915,23.850426,4.423140999999999,5.370191999999999,5.450594000000001,0.05665898737747188,0.08000000707353151,11.346172820578158,False,4.4209571892217525e-08,0.003200044492513099,4.4209571892217525e-08,-5.870789049249776e-17,9.924350407093058e-17,0.08000000707353151
163,3-skew-one-plane,skew-x-toward-y-by-plus-0.085,3.074041000000001,4.2594400000000014,9.90106,12.975101,0,144,0.028097999999999956,0.2734179999999995,0.30151599999999945,0,12.1854,21.66857,3.074041000000001,4.065591000000001,4.153069,4.329277999999999,5.720896999999999,9.186552,13.51583,0,144,0.07509300000000074,0.20322200000000024,0.278315000000001,0,14.011086999999998,23.864396,4.329277999999999,5.356382,5.447151,0.06021254949598266,0.08500000751562727,11.346172820578163,False,4.4209571892217525e-08,0.0036125445289860725,4.4209571892217525e-08,-6.679062173020699e-17,1.9951898788748292e-19,0.08500000751562727
164,3-skew-one-plane,skew-x-toward-y-by-plus-0.090,2.980792000000001,4.180333000000001,9.914499,12.895291,0,144,0.03881599999999885,0.29137599999999964,0.3301919999999985,0,12.174082000000002,21.684479,2.980792000000001,4.049494000000001,4.1475680000000015,4.2348490000000005,5.638274000000001,9.198424,13.433273,0,144,0.08912799999999876,0.21737800000000007,0.30650599999999883,0,14.021730999999999,23.878905,4.2348490000000005,5.342042000000001,5.443807000000001,0.06376835874631805,0.09000000795772298,11.346172820578163,False,4.4209571892217525e-08,0.004050044567669442,4.4209571892217525e-08,-6.026931379940999e-17,7.442752300858513e-17,0.09000000795772298
165,3-skew-one-plane,skew-x-toward-y-by-plus-0.095,2.887041999999999,4.101046999999999,9.928362,12.815404,0,144,0.05041600000000024,0.3096879999999995,0.36010399999999976,0,12.127134999999999,21.700985,2.887041999999999,4.0328040000000005,4.1420960000000004,4.139844,5.555449999999999,9.210786,13.35063,0,144,0.10407400000000067,0.23197500000000026,0.33604900000000093,0,14.034733999999998,23.894081,4.139844,5.327060999999999,5.440462,0.06732654644960627,0.09500000839981868,11.346172820578163,False,4.4209571892217525e-08,0.004512544608563207,4.4209571892217525e-08,-6.355284502862859e-17,3.7633219658518767e-17,0.09500000839981868
166,3-skew-one-plane,skew-x-toward-y-by-plus-0.100,2.792833999999999,4.021634000000001,9.942686,12.73552,0,144,0.0628820000000001,0.3284059999999993,0.3912879999999994,0,12.078586,21.718056,2.792833999999999,4.015518999999999,4.136585999999999,4.044344000000001,5.472477000000001,9.223643,13.267987,0,144,0.1199539999999999,0.24700099999999914,0.36695499999999903,0,14.040205,23.909871,4.044344000000001,5.311454000000001,5.437093000000001,0.0708872437799218,0.10000000884191443,11.346172820578163,False,4.4209571892217525e-08,0.00500004465166759,4.4209571892217525e-08,-6.232705672756913e-17,4.961154194623968e-17,0.10000000884191443
167,3-skew-one-plane,skew-x-toward-z-by-minus-0.005,4.247012,5.511373000000001,9.735175,13.982187,0,126,0.0070459999999989975,0.008202000000000709,0.015247999999999706,0,12.355747,21.482219,4.253673000000001,4.25337,4.247012,5.505871000000001,7.0270969999999995,9.050809,14.55668,0,126,0.00480600000000031,0.006039999999998713,0.010845999999999023,0,14.175665,23.706817,5.512748,5.512434000000001,5.505871000000001,0.0035355564726940623,0.00500000044209566,11.346172820578163,False,4.4209571892217525e-08,4.4209571892217525e-08,1.2544210677090106e-05,-6.424422042809389e-17,-0.00500000044209566,6.408401040208867e-17
168,3-skew-one-plane,skew-x-toward-z-by-minus-0.010,4.2201260000000005,5.433590000000001,9.743144,13.96327,0,126,0.012897999999999854,0.017515999999998755,0.03041399999999861,0,12.326813,21.490398999999996,4.246383000000002,4.245172,4.2201260000000005,5.480461999999999,6.945967,9.056694,14.537156,0,126,0.008421000000000234,0.013367000000000573,0.021788000000000807,0,14.146878999999998,23.712929000000003,5.507591,5.506335,5.480461999999999,0.007071245524600162,0.01000000088419143,11.346172820578163,False,4.4209571892217525e-08,4.4209571892217525e-08,5.0044213992794795e-05,-6.44044304540991e-17,-0.01000000088419143,6.408401040208867e-17
169,3-skew-one-plane,skew-x-toward-z-by-minus-0.015,4.1814409999999995,5.355764000000001,9.751424,13.932865,0,126,0.01764600000000094,0.028031999999999613,0.04567800000000055,0,12.3002,21.499031000000002,4.239238,4.236513,4.1814409999999995,5.4429120000000015,6.864817,9.062869,14.505781,0,126,0.010811000000000348,0.02194399999999952,0.03275499999999987,0,14.120529000000001,23.719481000000002,5.5026340000000005,5.499808000000002,5.4429120000000015,0.01060719972940852,0.015000001326287146,11.346172820578163,False,4.4209571892217525e-08,4.4209571892217525e-08,0.00011254421951900628,-6.456464048010433e-17,-0.015000001326287146,6.408401040208867e-17
170,3-skew-one-plane,skew-x-toward-z-by-minus-0.020,4.132436,5.277917,9.759967,13.892403,0,126,0.021255999999999275,0.039711000000000496,0.06096699999999977,0,12.276025,21.508068,4.232282,4.227439,4.132436,5.394684,6.783647,9.069329,14.464013,0,126,0.011981000000000464,0.03177200000000013,0.0437530000000006,0,14.096654000000001,23.726473,5.497877000000001,5.492853,5.394684,0.014143551642512745,0.020000001768382805,11.346172820578163,False,4.4209571892217525e-08,4.4209571892217525e-08,0.00020004422725572457,-6.472485050610955e-17,-0.020000001768382805,6.408401040208867e-17
171,3-skew-one-plane,skew-x-toward-z-by-minus-0.025,4.074634999999999,5.200031999999998,9.768821,13.843456,0,126,0.023763000000000645,0.05258900000000111,0.07635200000000175,0,12.254263999999997,21.517555,4.225470999999999,4.217903999999999,4.074634999999999,5.337349999999999,6.702429,9.076126,14.413476,0,126,0.011977999999999156,0.04288900000000062,0.05486699999999978,0,14.075232999999999,23.73395,5.493271999999999,5.485422,5.337349999999999,0.01768043379462406,0.025000002210478576,11.346172820578163,False,4.4209571892217525e-08,4.4209571892217525e-08,0.00031254423720283864,-6.488506053211477e-17,-0.025000002210478576,6.408401040208867e-17
172,3-skew-one-plane,skew-x-toward-z-by-minus-0.030,4.009546,5.1221,9.777996,13.787542,0,126,0.025191000000001296,0.06668299999999938,0.09187400000000068,0,12.234936,21.527506000000002,4.2187920000000005,4.207895000000001,4.009546,5.272458,6.62116,9.083273,14.355731,0,126,0.010825000000000529,0.055315000000000225,0.06614000000000075,0,14.056268000000001,23.741931,5.488802,5.477498000000001,5.272458,0.021217978683360103,0.03000000265257429,11.346172820578163,False,4.4209571892217525e-08,4.4209571892217525e-08,0.0004500442493604595,-6.504527055812e-17,-0.03000000265257429,6.408401040208867e-17
173,3-skew-one-plane,skew-x-toward-z-by-minus-0.035,3.93858,5.044117999999999,9.787458,13.726038,0,126,0.025503000000000497,0.0819460000000003,0.1074490000000008,0,12.218087999999998,21.537883,4.212266,4.197434999999999,3.93858,5.201466,6.539831000000001,9.090734,14.2922,0,126,0.008478000000000208,0.06900399999999962,0.07748199999999983,0,14.039809,23.750375,5.484499000000001,5.469113,5.201466,0.02475631876496162,0.03500000309467001,11.346172820578163,False,4.4209571892217525e-08,4.4209571892217525e-08,0.0006125442637285872,-6.520548058412521e-17,-0.03500000309467001,6.408401040208867e-17
174,3-skew-one-plane,skew-x-toward-z-by-minus-0.040,3.8628079999999994,4.9660720000000005,9.797271,13.660079,0,126,0.02477200000000046,0.09844700000000017,0.12321900000000063,0,12.203669,21.548754000000002,4.205855999999999,4.186484,3.8628079999999994,5.12547,6.458425999999999,9.098584,14.224054,0,126,0.0050240000000005836,0.0840329999999998,0.08905700000000039,0,14.025789999999999,23.759361,5.480302999999999,5.4602059999999994,5.12547,0.02829558644603424,0.04000000353676572,11.346172820578163,False,4.4209571892217525e-08,4.4209571892217525e-08,0.0008000442803072216,-6.536569061013043e-17,-0.04000000353676572,6.408401040208867e-17
175,3-skew-one-plane,skew-x-toward-z-by-minus-0.045,3.783410999999999,4.8879719999999995,9.807256,13.590667,0,126,0.022821999999999676,0.1159940000000006,0.13881600000000027,0,12.191909,21.559939,4.199727999999999,4.175210999999999,3.783410999999999,5.045707,6.376961000000001,9.106618,14.152325,0,126,0.00027099999999968816,0.10018299999999947,0.10045399999999916,0,14.014452,23.768684999999998,5.476407,5.450972,5.045707,0.03183591407530674,0.04500000397886144,11.346172820578163,False,4.4209571892217525e-08,4.4209571892217525e-08,0.0010125442990962519,-6.552590063613566e-17,-0.04500000397886144,6.408401040208867e-17
176,3-skew-one-plane,skew-x-toward-z-by-minus-0.050,3.7007449999999995,4.809709,9.817736,13.518481,0,126,0.01997900000000108,0.13491499999999945,0.15489400000000053,0,12.182393999999999,21.571838,4.193561000000001,4.163290999999999,3.7007449999999995,4.962516000000001,6.295343000000001,9.115202,14.077718,0,126,0.005421999999999372,0.11240300000000047,0.11782499999999985,0,14.005369000000002,23.778776,5.47245,5.441046,4.962516000000001,0.03537743393540549,0.05000000442095715,11.346172820578163,False,4.4209571892217525e-08,4.4209571892217525e-08,0.001250044320095789,-6.568611066214088e-17,-0.05000000442095715,6.408401040208867e-17
177,3-skew-one-plane,skew-x-toward-z-by-minus-0.055,3.6156120000000005,4.731418,9.828559,13.444171,0,126,0.01609200000000044,0.1550469999999997,0.17113900000000015,0,12.175368999999998,21.584139,4.187504000000001,4.150879,3.6156120000000005,4.876741000000001,6.213655000000001,9.124163,14.000904,0,126,0.012223000000000539,0.12455199999999955,0.1367750000000001,0,13.998778999999999,23.789324999999998,5.468602000000001,5.430605,4.876741000000001,0.0389202782346465,0.055000004863052926,11.346172820578163,False,4.4209571892217525e-08,4.4209571892217525e-08,0.0015125443433058328,-6.58463206881461e-17,-0.055000004863052926,6.408401040208867e-17
178,3-skew-one-plane,skew-x-toward-z-by-minus-0.060,3.528473,4.653031,9.839746,13.368219,0,126,0.011193999999999704,0.17640699999999931,0.18760099999999902,0,12.170853,21.596944,4.181538,4.137954000000001,3.528473,4.788853000000001,6.131851000000001,9.133529,13.922382,0,126,0.02009699999999981,0.13696099999999944,0.15705799999999925,0,13.994674,23.800429,5.464838,5.419623000000001,4.788853000000001,0.042464579098846864,0.06000000530514858,11.346172820578163,False,4.4209571892217525e-08,4.4209571892217525e-08,0.0018000443687263834,-6.600653071415132e-17,-0.06000000530514858,6.408401040208867e-17
179,3-skew-one-plane,skew-x-toward-z-by-minus-0.065,3.4397,4.574538,9.851315,13.291015,0,126,0.005304999999999893,0.19900699999999993,0.20431199999999983,0,12.168797999999999,21.61027,4.175645000000001,4.12449,3.4397,4.699242,6.049927,9.143314,13.842556,0,126,0.029016000000000375,0.14965899999999976,0.17867500000000014,0,13.993026,23.8121,5.461143,5.408068,4.699242,0.04601046856315838,0.0650000057472443,11.346172820578163,False,4.4209571892217525e-08,4.4209571892217525e-08,0.00211254439635733,-6.616674074015654e-17,-0.0650000057472443,6.408401040208867e-17
180,3-skew-one-plane,skew-x-toward-z-by-minus-0.070,3.349810999999999,4.495965999999999,9.863068,13.212879,0,126,0.0016210000000000946,0.22114900000000048,0.22277000000000058,0,12.169274,21.624005,4.16996,4.110633999999999,3.349810999999999,4.608259,5.967877000000001,9.153493,13.761752,0,126,0.03900099999999895,0.16260399999999997,0.20160499999999892,0,13.993836,23.82432,5.457542,5.395989,4.608259,0.04955807856392418,0.07000000618934007,11.346172820578163,False,4.4209571892217525e-08,4.4209571892217525e-08,0.002450044426198783,-6.632695076616177e-17,-0.07000000618934007,6.408401040208867e-17
181,3-skew-one-plane,skew-x-toward-z-by-minus-0.075,3.258743000000001,4.4172530000000005,9.875316,13.134059,0,126,0.009516999999998887,0.23824800000000046,0.24776499999999935,0,12.172189999999999,21.638305,4.164289,4.096184000000001,3.258743000000001,4.516185999999999,5.885697,9.164054,13.68024,0,126,0.050050999999999846,0.175771000000001,0.22582200000000086,0,13.997150000000001,23.837072,5.454046999999999,5.383383,4.516185999999999,0.05310754093056134,0.07500000663143573,11.346172820578163,False,4.4209571892217525e-08,4.4209571892217525e-08,0.002812544458250743,-6.648716079216699e-17,-0.07500000663143573,6.408401040208867e-17
182,3-skew-one-plane,skew-x-toward-z-by-minus-0.080,3.166766000000001,4.338413000000001,9.887979,13.054745,0,126,0.018348000000001363,0.255666999999999,0.27401500000000034,0,12.177582,21.653159000000002,4.1586680000000005,4.0811779999999995,3.166766000000001,4.423139999999998,5.803374,9.175071,13.598211,0,126,0.062087,0.1893040000000017,0.2513910000000017,0,14.002913999999999,23.850427000000003,5.450593,5.370190999999998,4.423139999999998,0.05665898737747184,0.08000000707353144,11.346172820578163,False,4.4209571892217525e-08,4.4209571892217525e-08,0.003200044492513099,-6.66473708181722e-17,-0.08000000707353144,6.408401040208867e-17
183,3-skew-one-plane,skew-x-toward-z-by-minus-0.085,3.0740320000000008,4.259438000000001,9.901067,12.975099,0,126,0.028090999999999866,0.2734319999999997,0.30152299999999954,0,12.185393,21.668577,4.153062,4.065584000000001,3.0740320000000008,4.329268000000001,5.720896,9.18656,13.515828,0,126,0.07508799999999916,0.20323600000000042,0.27832399999999957,0,14.011078999999999,23.864403,5.4471430000000005,5.356375,4.329268000000001,0.06021254949598263,0.08500000751562721,11.346172820578163,False,4.4209571892217525e-08,4.4209571892217525e-08,0.0036125445289860725,-6.680758084417743e-17,-0.08500000751562721,6.408401040208867e-17
184,3-skew-one-plane,skew-x-toward-z-by-minus-0.090,2.980780000000001,4.180331000000001,9.914508,12.895288,0,126,0.03880799999999951,0.29139299999999935,0.33020099999999886,0,12.174069999999999,21.684488,4.147559000000001,4.049485000000001,2.980780000000001,4.234836,5.638271999999999,9.198434,13.43327,0,126,0.08912100000000045,0.2173960000000008,0.30651700000000126,0,14.021720999999998,23.878915,5.443797,5.342032999999999,4.234836,0.06376835874631802,0.09000000795772294,11.346172820578163,False,4.4209571892217525e-08,4.4209571892217525e-08,0.004050044567669442,-6.696779087018265e-17,-0.09000000795772294,6.408401040208867e-17
185,3-skew-one-plane,skew-x-toward-z-by-minus-0.095,2.8870260000000005,4.101043000000001,9.928374,12.8154,0,126,0.050407000000001645,0.30970999999999904,0.3601170000000007,0,12.12712,21.700997,4.1420840000000005,4.032792000000001,2.8870260000000005,4.139828,5.555446,9.210799,13.350627,0,126,0.10406399999999927,0.23199900000000007,0.33606299999999933,0,14.034722,23.894094,5.440449000000001,5.327048,4.139828,0.06732654644960621,0.09500000839981859,11.346172820578163,False,4.4209571892217525e-08,4.4209571892217525e-08,0.004512544608563207,-6.712800089618787e-17,-0.09500000839981859,6.408401040208867e-17
186,3-skew-one-plane,skew-x-toward-z-by-minus-0.100,2.792816,4.02163,9.9427,12.735516,0,126,0.06287200000000048,0.32843100000000014,0.3913030000000006,0,12.078567000000001,21.71807,4.136571999999999,4.015504999999999,2.792816,4.044324000000001,5.472474,9.223657,13.267981,0,126,0.11994299999999924,0.24702699999999922,0.36696999999999846,0,14.040184,23.909885,5.437079000000001,5.311440000000001,4.044324000000001,0.07088724377992174,0.10000000884191436,11.346172820578163,False,4.4209571892217525e-08,4.4209571892217525e-08,0.00500004465166759,-6.72882109221931e-17,-0.10000000884191436,6.408401040208867e-17
187,3-skew-one-plane,skew-x-toward-z-by-plus-0.005,4.247012999999999,5.511374,9.735174,13.982187,0,126,0.007044999999999746,0.008201000000001457,0.015246000000001203,0,12.355749,21.482218000000003,4.253674,4.253371,4.247012999999999,5.505872,7.027097999999999,9.050808,14.55668,0,126,0.004805000000001058,0.0060389999999994615,0.01084400000000052,0,14.175666,23.706816,5.5127489999999995,5.512435,5.505872,0.0035355564726941018,0.005000000442095715,11.346172820578163,False,4.4209571892217525e-08,4.4209571892217525e-08,1.2544210677090106e-05,-6.392380037608344e-17,0.005000000442095715,6.408401040208867e-17
188,3-skew-one-plane,skew-x-toward-z-by-plus-0.010,4.220127,5.433591,9.743143,13.96327,0,126,0.012897000000000602,0.017514999999999503,0.030412000000000106,0,12.326813999999999,21.490398,4.246384000000001,4.245172999999999,4.220127,5.480463,6.945968000000001,9.056693,14.537156,0,126,0.008418999999999954,0.013366999999998797,0.02178599999999875,0,14.14688,23.712927999999998,5.507592000000001,5.506336000000001,5.480463,0.00707124552460024,0.010000000884191541,11.346172820578163,False,4.4209571892217525e-08,4.4209571892217525e-08,5.0044213992794795e-05,-6.376359035007822e-17,0.010000000884191541,6.408401040208867e-17
189,3-skew-one-plane,skew-x-toward-z-by-plus-0.015,4.181441999999999,5.355765999999999,9.751423,13.932865,0,126,0.01764499999999991,0.02803100000000036,0.04567600000000027,0,12.300201,21.49903,4.2392389999999995,4.236514,4.181441999999999,5.442913000000001,6.864819000000001,9.062868,14.505781,0,126,0.01080999999999932,0.021943000000000268,0.03275299999999959,0,14.12053,23.71948,5.502635,5.499809000000001,5.442913000000001,0.01060719972940852,0.015000001326287146,11.346172820578163,False,4.4209571892217525e-08,4.4209571892217525e-08,0.00011254421951900628,-6.3603380324073e-17,0.015000001326287146,6.408401040208867e-17
190,3-skew-one-plane,skew-x-toward-z-by-plus-0.020,4.1324369999999995,5.277918,9.759966,13.892403,0,126,0.021254999999998248,0.039710000000001244,0.06096499999999949,0,12.276026,21.508067,4.232282999999999,4.22744,4.1324369999999995,5.394684999999999,6.7836479999999995,9.069328,14.464013,0,126,0.011979999999999436,0.03177100000000088,0.04375100000000032,0,14.096655,23.726472,5.497878,5.4928539999999995,5.394684999999999,0.014143551642512785,0.02000000176838286,11.346172820578163,False,4.4209571892217525e-08,4.4209571892217525e-08,0.00020004422725572457,-6.344317029806778e-17,0.02000000176838286,6.408401040208867e-17
191,3-skew-one-plane,skew-x-toward-z-by-plus-0.025,4.074636,5.2000329999999995,9.76882,13.843456,0,126,0.023761999999999617,0.05258800000000008,0.0763499999999997,0,12.254264999999998,21.517554,4.225472,4.217905,4.074636,5.337351,6.702431000000001,9.076125,14.413476,0,126,0.011976999999999904,0.04288799999999959,0.0548649999999995,0,14.075234,23.733949,5.493273,5.485423000000001,5.337351,0.01768043379462414,0.025000002210478687,11.346172820578163,False,4.4209571892217525e-08,4.4209571892217525e-08,0.00031254423720283864,-6.328296027206256e-17,0.025000002210478687,6.408401040208867e-17
192,3-skew-one-plane,skew-x-toward-z-by-plus-0.030,4.0095469999999995,5.122100999999999,9.777995,13.787542,0,126,0.025190000000000268,0.06668200000000013,0.0918720000000004,0,12.234935999999998,21.527505,4.218793,4.207896,4.0095469999999995,5.272460000000001,6.621161000000001,9.083272,14.355732,0,126,0.0108239999999995,0.0553139999999992,0.0661379999999987,0,14.056269000000002,23.74193,5.488803000000001,5.477499000000002,5.272460000000001,0.021217978683360103,0.03000000265257429,11.346172820578163,False,4.4209571892217525e-08,4.4209571892217525e-08,0.0004500442493604595,-6.312275024605733e-17,0.03000000265257429,6.408401040208867e-17
193,3-skew-one-plane,skew-x-toward-z-by-plus-0.035,3.93858,5.044119,9.787457,13.726037,0,126,0.025502000000001246,0.08194499999999927,0.10744700000000051,0,12.218088999999999,21.537883,4.212267000000001,4.197436,3.93858,5.201466999999999,6.539833,9.090733,14.2922,0,126,0.008478000000000208,0.06900300000000037,0.07748100000000058,0,14.03981,23.750374,5.484500000000001,5.469113999999999,5.201466999999999,0.02475631876496162,0.03500000309467001,11.346172820578163,False,4.4209571892217525e-08,4.4209571892217525e-08,0.0006125442637285872,-6.296254022005211e-17,0.03500000309467001,6.408401040208867e-17
194,3-skew-one-plane,skew-x-toward-z-by-plus-0.040,3.8628079999999994,4.966073,9.797271,13.660079,0,126,0.02477000000000018,0.09844799999999942,0.1232179999999996,0,12.203669,21.548754000000002,4.205855999999999,4.186484,3.8628079999999994,5.12547,6.458426999999999,9.098584,14.224054,0,126,0.0050240000000005836,0.0840329999999998,0.08905700000000039,0,14.025789999999999,23.759361,5.480302999999999,5.4602059999999994,5.12547,0.028295586446034318,0.04000000353676583,11.346172820578163,False,4.4209571892217525e-08,4.4209571892217525e-08,0.0008000442803072216,-6.280233019404688e-17,0.04000000353676583,6.408401040208867e-17
195,3-skew-one-plane,skew-x-toward-z-by-plus-0.045,3.783412,4.887973000000001,9.807255,13.590667,0,126,0.022821000000000424,0.11599299999999957,0.138814,0,12.191910000000002,21.559938,4.199729,4.175212,3.783412,5.045707999999999,6.376963,9.106617,14.152325,0,126,0.00027000000000043656,0.10018200000000022,0.10045200000000065,0,14.014453,23.768684,5.476407999999999,5.450972999999999,5.045707999999999,0.03183591407530682,0.04500000397886155,11.346172820578163,False,4.4209571892217525e-08,4.4209571892217525e-08,0.0010125442990962519,-6.264212016804166e-17,0.04500000397886155,6.408401040208867e-17
196,3-skew-one-plane,skew-x-toward-z-by-plus-0.050,3.7007449999999995,4.809709,9.817736,13.518481,0,126,0.01997800000000005,0.13491499999999945,0.1548929999999995,0,12.182393999999999,21.571838,4.193561000000001,4.163290999999999,3.7007449999999995,4.962516000000001,6.295343000000001,9.115202,14.077718,0,126,0.0054230000000004,0.11240199999999945,0.11782499999999985,0,14.005369000000002,23.778776,5.47245,5.441046,4.962516000000001,0.03537743393540549,0.05000000442095715,11.346172820578163,False,4.4209571892217525e-08,4.4209571892217525e-08,0.001250044320095789,-6.248191014203645e-17,0.05000000442095715,6.408401040208867e-17
197,3-skew-one-plane,skew-x-toward-z-by-plus-0.055,3.6156130000000015,4.73142,9.828558,13.444171,0,126,0.016091000000001188,0.15504599999999868,0.17113699999999987,0,12.175369000000002,21.584138,4.187504000000001,4.150880000000001,3.6156130000000015,4.876742999999999,6.2136569999999995,9.124162,14.000905,0,126,0.012224000000001567,0.12454999999999927,0.13677400000000084,0,13.998779999999998,23.789324,5.468603,5.430605999999999,4.876742999999999,0.03892027823464654,0.05500000486305298,11.346172820578163,False,4.4209571892217525e-08,4.4209571892217525e-08,0.0015125443433058328,-6.232170011603122e-17,0.05500000486305298,6.408401040208867e-17
198,3-skew-one-plane,skew-x-toward-z-by-plus-0.060,3.5284739999999992,4.653032999999999,9.839745,13.368219,0,126,0.011191999999999425,0.1764070000000011,0.18759900000000052,0,12.170853999999999,21.596943000000003,4.181538999999999,4.137955,3.5284739999999992,4.788854000000001,6.131852,9.133528,13.922382,0,126,0.02009799999999906,0.13695900000000094,0.157057,0,13.994674999999999,23.800428,5.464839,5.419624000000001,4.788854000000001,0.04246457909884694,0.06000000530514869,11.346172820578163,False,4.4209571892217525e-08,4.4209571892217525e-08,0.0018000443687263834,-6.2161490090026e-17,0.06000000530514869,6.408401040208867e-17
199,3-skew-one-plane,skew-x-toward-z-by-plus-0.065,3.4397,4.574539,9.851315,13.291015,0,126,0.005303999999998865,0.19900699999999993,0.2043109999999988,0,12.168797000000001,21.610270999999997,4.175644,4.12449,3.4397,4.699243000000001,6.049928000000001,9.143313,13.842556,0,126,0.029016999999999626,0.14965699999999948,0.1786739999999991,0,13.993027000000001,23.812099,5.461144000000001,5.408069000000001,4.699243000000001,0.046010468563158456,0.0650000057472444,11.346172820578163,False,4.4209571892217525e-08,4.4209571892217525e-08,0.00211254439635733,-6.200128006402078e-17,0.0650000057472444,6.408401040208867e-17
200,3-skew-one-plane,skew-x-toward-z-by-plus-0.070,3.349812,4.495967,9.863067,13.212879,0,126,0.0016220000000011225,0.22114699999999843,0.22276899999999955,0,12.169275,21.624004,4.169961000000001,4.110635,3.349812,4.60826,5.967878000000001,9.153492,13.761752,0,126,0.03900199999999998,0.1626019999999997,0.20160399999999967,0,13.993836000000002,23.824319,5.457542999999999,5.395989,4.60826,0.04955807856392422,0.07000000618934013,11.346172820578163,False,4.4209571892217525e-08,4.4209571892217525e-08,0.002450044426198783,-6.184107003801555e-17,0.07000000618934013,6.408401040208867e-17
201,3-skew-one-plane,skew-x-toward-z-by-plus-0.075,3.258744,4.417254,9.875315,13.134059,0,126,0.009517999999999915,0.23824600000000018,0.2477640000000001,0,12.172190999999998,21.638303999999998,4.164289999999999,4.096185,3.258744,4.516187,5.885698000000001,9.164053,13.68024,0,126,0.050052000000000874,0.17576899999999895,0.22582099999999983,0,13.997151000000002,23.837071,5.454048,5.383384000000001,4.516187,0.053107540930561414,0.07500000663143584,11.346172820578163,False,4.4209571892217525e-08,4.4209571892217525e-08,0.002812544458250743,-6.168086001201034e-17,0.07500000663143584,6.408401040208867e-17
202,3-skew-one-plane,skew-x-toward-z-by-plus-0.080,3.166766000000001,4.338413000000001,9.887979,13.054745,0,126,0.018349000000000615,0.2556659999999997,0.27401500000000034,0,12.177582,21.653159000000002,4.1586680000000005,4.0811779999999995,3.166766000000001,4.423140999999999,5.803375000000001,9.17507,13.598211,0,126,0.06208800000000103,0.18930199999999964,0.25139000000000067,0,14.002915,23.850426,5.450594000000001,5.370191999999999,4.423140999999999,0.056658987377471916,0.08000000707353155,11.346172820578163,False,4.4209571892217525e-08,4.4209571892217525e-08,0.003200044492513099,-6.152064998600512e-17,0.08000000707353155,6.408401040208867e-17
203,3-skew-one-plane,skew-x-toward-z-by-plus-0.085,3.074041000000001,4.2594400000000014,9.90106,12.975101,0,126,0.028097999999999956,0.2734179999999995,0.30151599999999945,0,12.1854,21.66857,4.153069,4.065591000000001,3.074041000000001,4.329277999999999,5.720896999999999,9.186552,13.51583,0,126,0.07509300000000074,0.20322200000000024,0.278315000000001,0,14.011086999999998,23.864396,5.447151,5.356382,4.329277999999999,0.06021254949598266,0.08500000751562727,11.346172820578163,False,4.4209571892217525e-08,4.4209571892217525e-08,0.0036125445289860725,-6.136043995999989e-17,0.08500000751562727,6.408401040208867e-17
204,3-skew-one-plane,skew-x-toward-z-by-plus-0.090,2.980792000000001,4.180333000000001,9.914499,12.895291,0,126,0.03881599999999885,0.29137599999999964,0.3301919999999985,0,12.174082000000002,21.684479,4.1475680000000015,4.049494000000001,2.980792000000001,4.2348490000000005,5.638274000000001,9.198424,13.433273,0,126,0.08912799999999876,0.21737800000000007,0.30650599999999883,0,14.021730999999999,23.878905,5.443807000000001,5.342042000000001,4.2348490000000005,0.06376835874631806,0.09000000795772299,11.346172820578163,False,4.4209571892217525e-08,4.4209571892217525e-08,0.004050044567669442,-6.120022993399467e-17,0.09000000795772299,6.408401040208867e-17
205,3-skew-one-plane,skew-x-toward-z-by-plus-0.095,2.887041999999999,4.101046999999999,9.928362,12.815404,0,126,0.05041600000000024,0.3096879999999995,0.36010399999999976,0,12.127134999999999,21.700985,4.1420960000000004,4.0328040000000005,2.887041999999999,4.139844,5.555449999999999,9.210786,13.35063,0,126,0.10407400000000067,0.23197500000000026,0.33604900000000093,0,14.034733999999998,23.894081,5.440462,5.327060999999999,4.139844,0.0673265464496063,0.0950000083998187,11.346172820578163,False,4.4209571892217525e-08,4.4209571892217525e-08,0.004512544608563207,-6.104001990798946e-17,0.0950000083998187,6.408401040208867e-17
206,3-skew-one-plane,skew-x-toward-z-by-plus-0.100,2.792833999999999,4.021634000000001,9.942686,12.73552,0,126,0.0628820000000001,0.3284059999999993,0.3912879999999994,0,12.078586,21.718056,4.136585999999999,4.015518999999999,2.792833999999999,4.044343000000001,5.472477000000001,9.223643,13.267986,0,126,0.1199539999999999,0.24700099999999914,0.36695499999999903,0,14.040205,23.909871,5.437093000000001,5.311454000000001,4.044343000000001,0.0708872437799218,0.10000000884191444,11.346172820578163,False,4.420957211426213e-08,4.4209571892217525e-08,0.00500004465166759,-7.198204061906063e-17,0.10000000884191444,-4.6938296968675356e-17
207,3-skew-one-plane,skew-y-toward-z-by-minus-0.005,4.247012,5.511373000000001,9.735175,13.982187,0,21,0.0070459999999989975,0.008202000000000709,0.015247999999999706,0,12.355748,21.482219,4.253673000000001,4.247012,4.25337,5.505871000000001,7.0270969999999995,9.050809,14.55668,0,21,0.00480600000000031,0.006039999999998713,0.010845999999999023,0,14.175665,23.706817,5.512748,5.505871000000001,5.512434000000001,0.0035355564726941087,0.005000000442095726,11.346172820578163,False,4.4209571892217525e-08,4.420957211426213e-08,1.2544210677090106e-05,-0.005000000442095726,3.9490151084859366e-19,-4.6938296968675356e-17
208,3-skew-one-plane,skew-y-toward-z-by-minus-0.010,4.2201260000000005,5.433590000000001,9.743144,13.96327,0,21,0.012897999999999854,0.017515999999998755,0.03041399999999861,0,12.326813,21.490398999999996,4.246383000000002,4.2201260000000005,4.245172,5.480461999999999,6.945967,9.056694,14.537156,0,21,0.008421000000000234,0.013367000000000573,0.021788000000000807,0,14.146878999999998,23.712929000000003,5.507591,5.480461999999999,5.506335,0.0070712455246002065,0.010000000884191493,11.346172820578163,False,4.4209571892217525e-08,4.4209571892217525e-08,5.0044213992794795e-05,-0.010000000884191493,-3.204200520104493e-19,6.408401040208867e-17
209,3-skew-one-plane,skew-y-toward-z-by-minus-0.015,4.181441999999999,5.355765,9.751423,13.932865,0,21,0.01764600000000094,0.02803100000000036,0.0456770000000013,0,12.300201,21.49903,4.2392389999999995,4.181441999999999,4.236514,5.442913000000001,6.864818,9.062868,14.505781,0,21,0.010811000000000348,0.021943000000000268,0.032754000000000616,0,14.12053,23.71948,5.502635,5.442913000000001,5.499809000000001,0.010607199729408564,0.015000001326287208,11.346172820578163,False,4.4209571892217525e-08,4.4209571892217525e-08,0.00011254421951900628,-0.015000001326287208,-4.806300780156664e-19,6.408401040208867e-17
210,3-skew-one-plane,skew-y-toward-z-by-minus-0.020,4.132436,5.277917,9.759967,13.892403,0,21,0.021255999999999275,0.039711000000000496,0.06096699999999977,0,12.276025,21.508068,4.232282,4.132436,4.227439,5.394684999999999,6.783647,9.069328,14.464013,0,21,0.011979999999999436,0.03177100000000088,0.04375100000000032,0,14.096655,23.726472,5.497878,5.394684999999999,5.4928539999999995,0.014143551642512795,0.020000001768382875,11.346172820578163,False,4.4209571892217525e-08,4.420957211426213e-08,0.00020004422725572457,-0.020000001768382875,1.5796060433943889e-18,-4.6938296968675356e-17
211,3-skew-one-plane,skew-y-toward-z-by-minus-0.025,4.074634999999999,5.200031999999998,9.768821,13.843456,0,21,0.023763000000000645,0.05258900000000111,0.07635200000000175,0,12.254263999999997,21.517555,4.225470999999999,4.074634999999999,4.217903999999999,5.337349999999999,6.70243,9.076126,14.413476,0,21,0.011977999999999156,0.04288900000000062,0.05486699999999978,0,14.075232999999999,23.73395,5.493271999999999,5.337349999999999,5.485422,0.017680433794624105,0.02500000221047864,11.346172820578163,False,4.4209571892217525e-08,4.4209571892217525e-08,0.00031254423720283864,-0.02500000221047864,-8.010501300261131e-19,6.408401040208867e-17
212,3-skew-one-plane,skew-y-toward-z-by-minus-0.030,4.009546,5.1221,9.777996,13.787542,0,21,0.025191000000001296,0.06668299999999938,0.09187400000000068,0,12.234936,21.527506000000002,4.2187920000000005,4.009546,4.207895000000001,5.272459,6.62116,9.083273,14.355732,0,21,0.010825000000000529,0.055315000000000225,0.06614000000000075,0,14.056268000000001,23.741931,5.488802,5.272459,5.477498000000001,0.021217978683360145,0.030000002652574354,11.346172820578163,False,4.4209571892217525e-08,4.4209571892217525e-08,0.0004500442493604595,-0.030000002652574354,-9.612601560313302e-19,6.408401040208867e-17
213,3-skew-one-plane,skew-y-toward-z-by-minus-0.035,3.93858,5.044117999999999,9.787458,13.726038,0,21,0.025503000000000497,0.0819460000000003,0.1074490000000008,0,12.218087999999998,21.537883,4.212266,3.93858,4.197434999999999,5.201466,6.5398320000000005,9.090734,14.2922,0,21,0.00847899999999946,0.06900399999999962,0.07748299999999908,0,14.039809,23.750375,5.484499000000001,5.201466,5.469113,0.024756318764961635,0.03500000309467003,11.346172820578163,False,4.4209571892217525e-08,4.420957211426213e-08,0.0006125442637285872,-0.03500000309467003,2.764310575940184e-18,-4.6938296968675356e-17
214,3-skew-one-plane,skew-y-toward-z-by-minus-0.040,3.8628079999999994,4.9660720000000005,9.797271,13.660079,0,21,0.024770999999999432,0.09844700000000017,0.1232179999999996,0,12.203669,21.548754000000002,4.205855999999999,3.8628079999999994,4.186484,5.12547,6.458425999999999,9.098584,14.224054,0,21,0.0050240000000005836,0.0840329999999998,0.08905700000000039,0,14.025789999999999,23.759361,5.480302999999999,5.12547,5.4602059999999994,0.028295586446034287,0.04000000353676579,11.346172820578163,False,4.4209571892217525e-08,4.4209571892217525e-08,0.0008000442803072216,-0.04000000353676579,-1.2816802080417768e-18,6.408401040208867e-17
215,3-skew-one-plane,skew-y-toward-z-by-minus-0.045,3.783410999999999,4.8879719999999995,9.807256,13.590667,0,21,0.022821999999999676,0.1159940000000006,0.13881600000000027,0,12.191909,21.559939,4.199727999999999,3.783410999999999,4.175210999999999,5.045707,6.376961000000001,9.106618,14.152325,0,21,0.00027099999999968816,0.10018299999999947,0.10045399999999916,0,14.014452,23.768684999999998,5.476407,5.045707,5.450972,0.03183591407530679,0.04500000397886151,11.346172820578163,False,4.4209571892217525e-08,4.4209571892217525e-08,0.0010125442990962519,-0.04500000397886151,-1.4418902340470001e-18,6.408401040208867e-17
216,3-skew-one-plane,skew-y-toward-z-by-minus-0.050,3.7007449999999995,4.809709,9.817736,13.518481,0,21,0.01997900000000108,0.13491499999999945,0.15489400000000053,0,12.182393999999999,21.571838,4.193561000000001,3.7007449999999995,4.163290999999999,4.962516000000001,6.295343000000001,9.115202,14.077718,0,21,0.005421999999999372,0.11240300000000047,0.11782499999999985,0,14.005369000000002,23.778776,5.47245,4.962516000000001,5.441046,0.03537743393540552,0.05000000442095718,11.346172820578163,False,4.4209571892217525e-08,4.420957211426213e-08,0.001250044320095789,-0.05000000442095718,3.949015108485979e-18,-4.6938296968675356e-17
217,3-skew-one-plane,skew-y-toward-z-by-minus-0.055,3.6156120000000005,4.731418,9.828559,13.444171,0,21,0.01609200000000044,0.1550469999999997,0.17113900000000015,0,12.175368999999998,21.584139,4.187504000000001,3.6156120000000005,4.150879,4.876741000000001,6.213655000000001,9.124163,14.000904,0,21,0.012223000000000539,0.12455199999999955,0.1367750000000001,0,13.998778999999999,23.789324999999998,5.468602000000001,4.876741000000001,5.430605,0.03892027823464651,0.05500000486305294,11.346172820578163,False,4.4209571892217525e-08,4.4209571892217525e-08,0.0015125443433058328,-0.05500000486305294,-1.7623102860574405e-18,6.408401040208867e-17
218,3-skew-one-plane,skew-y-toward-z-by-minus-0.060,3.528473,4.653031,9.839746,13.368219,0,21,0.011193999999999704,0.17640699999999931,0.18760099999999902,0,12.170853,21.596944,4.181538,3.528473,4.137954000000001,4.788853000000001,6.131851000000001,9.133529,13.922382,0,21,0.02009699999999981,0.13696099999999944,0.15705799999999925,0,13.994674,23.800429,5.464838,4.788853000000001,5.419623000000001,0.04246457909884691,0.06000000530514865,11.346172820578163,False,4.4209571892217525e-08,4.4209571892217525e-08,0.0018000443687263834,-0.06000000530514865,-1.922520312062664e-18,6.408401040208867e-17
219,3-skew-one-plane,skew-y-toward-z-by-minus-0.065,3.4397,4.574538,9.851315,13.291015,0,21,0.005304999999999893,0.19900699999999993,0.20431199999999983,0,12.168797999999999,21.61027,4.175645000000001,3.4397,4.12449,4.699242,6.049925999999999,9.143314,13.842556,0,21,0.029016000000000375,0.14965899999999976,0.17867500000000014,0,13.993026,23.8121,5.461143,4.699242,5.408068,0.046010468563158415,0.06500000574724435,11.346172820578163,False,4.4209571892217525e-08,4.4209571892217525e-08,0.00211254439635733,-0.06500000574724435,-2.082730338067881e-18,6.408401040208867e-17
220,3-skew-one-plane,skew-y-toward-z-by-minus-0.070,3.349810999999999,4.495965999999999,9.863068,13.212879,0,21,0.0016210000000000946,0.22114900000000048,0.22277000000000058,0,12.169274,21.624005,4.16996,3.349810999999999,4.110633999999999,4.608259,5.967877000000001,9.153493,13.761752,0,21,0.03900099999999895,0.16260399999999997,0.20160499999999892,0,13.993836,23.82432,5.457542,4.608259,5.395989,0.04955807856392422,0.07000000618934013,11.346172820578163,False,4.4209571892217525e-08,4.4209571892217525e-08,0.002450044426198783,-0.07000000618934013,-2.2429403640731043e-18,6.408401040208867e-17
221,3-skew-one-plane,skew-y-toward-z-by-minus-0.075,3.258743000000001,4.4172530000000005,9.875316,13.134059,0,21,0.009516999999998887,0.23824800000000046,0.24776499999999935,0,12.172189999999999,21.638305,4.164289,3.258743000000001,4.096184000000001,4.516185999999999,5.885697,9.164054,13.68024,0,21,0.050050999999999846,0.175771000000001,0.22582200000000086,0,13.997150000000001,23.837072,5.454046999999999,4.516185999999999,5.383383,0.05310754093056138,0.07500000663143579,11.346172820578163,False,4.4209571892217525e-08,4.4209571892217525e-08,0.002812544458250743,-0.07500000663143579,-2.4031503900783276e-18,6.408401040208867e-17
222,3-skew-one-plane,skew-y-toward-z-by-minus-0.080,3.166766000000001,4.338413000000001,9.887979,13.054745,0,21,0.018348000000001363,0.255666999999999,0.27401500000000034,0,12.177582,21.653159000000002,4.1586680000000005,3.166766000000001,4.0811779999999995,4.423139999999998,5.803374,9.175071,13.598211,0,21,0.062087,0.1893040000000017,0.2513910000000017,0,14.002913999999999,23.850427000000003,5.450593,4.423139999999998,5.370190999999998,0.056658987377471874,0.0800000070735315,11.346172820578163,False,4.4209571892217525e-08,4.4209571892217525e-08,0.003200044492513099,-0.0800000070735315,-2.563360416083551e-18,6.408401040208867e-17
223,3-skew-one-plane,skew-y-toward-z-by-minus-0.085,3.0740320000000008,4.259438000000001,9.901067,12.975099,0,21,0.028090999999999866,0.2734319999999997,0.30152299999999954,0,12.185393,21.668577,4.153062,3.0740320000000008,4.065584000000001,4.329268000000001,5.720896,9.18656,13.515828,0,21,0.07508799999999916,0.20323600000000042,0.27832399999999957,0,14.011078999999999,23.864403,5.4471430000000005,4.329268000000001,5.356375,0.06021254949598266,0.08500000751562727,11.346172820578163,False,4.4209571892217525e-08,4.4209571892217525e-08,0.0036125445289860725,-0.08500000751562727,-2.7235704420887742e-18,6.408401040208867e-17
224,3-skew-one-plane,skew-y-toward-z-by-minus-0.090,2.980780000000001,4.180331000000001,9.914508,12.895288,0,21,0.03880799999999951,0.29139299999999935,0.33020099999999886,0,12.174069999999999,21.684488,4.147559000000001,2.980780000000001,4.049485000000001,4.234836,5.638271999999999,9.198434,13.43327,0,21,0.08912100000000045,0.2173960000000008,0.30651700000000126,0,14.021720999999998,23.878915,5.443797,4.234836,5.342032999999999,0.06376835874631806,0.09000000795772299,11.346172820578163,False,4.4209571892217525e-08,4.4209571892217525e-08,0.004050044567669442,-0.09000000795772299,-2.8837804680939913e-18,6.408401040208867e-17
225,3-skew-one-plane,skew-y-toward-z-by-minus-0.095,2.8870260000000005,4.101043000000001,9.928374,12.8154,0,21,0.050407000000001645,0.30970999999999904,0.3601170000000007,0,12.12712,21.700997,4.1420840000000005,2.8870260000000005,4.032792000000001,4.139828,5.555446,9.210799,13.350627,0,21,0.10406399999999927,0.23199900000000007,0.33606299999999933,0,14.034722,23.894094,5.440449000000001,4.139828,5.327048,0.0673265464496063,0.0950000083998187,11.346172820578163,False,4.4209571892217525e-08,4.4209571892217525e-08,0.004512544608563207,-0.0950000083998187,-3.0439904940992147e-18,6.408401040208867e-17
226,3-skew-one-plane,skew-y-toward-z-by-minus-0.100,2.792816,4.02163,9.9427,12.735516,0,21,0.06287200000000048,0.32843100000000014,0.3913030000000006,0,12.078567000000001,21.71807,4.136571999999999,2.792816,4.015504999999999,4.044324000000001,5.472474,9.223657,13.267981,0,21,0.11994299999999924,0.24702699999999922,0.36696999999999846,0,14.040184,23.909885,5.437079000000001,4.044324000000001,5.311440000000001,0.07088724377992181,0.10000000884191447,11.346172820578163,False,4.4209571892217525e-08,4.4209571892217525e-08,0.00500004465166759,-0.10000000884191447,-3.204200520104438e-18,6.408401040208867e-17
227,3-skew-one-plane,skew-y-toward-z-by-plus-0.005,4.247012999999999,5.511374,9.735174,13.982187,0,21,0.007044999999999746,0.008201000000001457,0.015246000000001203,0,12.355749,21.482218000000003,4.253674,4.247012999999999,4.253371,5.505872,7.027097999999999,9.050808,14.55668,0,21,0.004805000000001058,0.0060389999999994615,0.01084400000000052,0,14.175666,23.706816,5.5127489999999995,5.505872,5.512435,0.0035355564726941347,0.005000000442095762,11.346172820578163,False,4.4209571892217525e-08,4.4209571892217525e-08,1.2544210677090106e-05,0.005000000442095762,1.6021002600522058e-19,6.408401040208867e-17
228,3-skew-one-plane,skew-y-toward-z-by-plus-0.010,4.220127,5.433591,9.743143,13.96327,0,21,0.012897000000000602,0.017514999999999503,0.030412000000000106,0,12.326813999999999,21.490398,4.246384000000001,4.220127,4.245172999999999,5.480463,6.945968000000001,9.056693,14.537156,0,21,0.008418999999999954,0.013366999999998797,0.02178599999999875,0,14.14688,23.712927999999998,5.507592000000001,5.480463,5.506336000000001,0.007071245524600199,0.010000000884191482,11.346172820578163,False,4.4209571892217525e-08,4.420957211426213e-08,5.0044213992794795e-05,0.010000000884191482,-7.898030216972077e-19,-4.6938296968675356e-17
229,3-skew-one-plane,skew-y-toward-z-by-plus-0.015,4.181441999999999,5.355765999999999,9.751423,13.932865,0,21,0.01764600000000094,0.02803100000000036,0.0456770000000013,0,12.300201,21.49903,4.2392389999999995,4.181441999999999,4.236514,5.442913000000001,6.864819000000001,9.062868,14.505781,0,21,0.010811000000000348,0.021943000000000268,0.032754000000000616,0,14.12053,23.71948,5.502635,5.442913000000001,5.499809000000001,0.010607199729408554,0.015000001326287194,11.346172820578163,False,4.4209571892217525e-08,4.4209571892217525e-08,0.00011254421951900628,0.015000001326287194,4.806300780156672e-19,6.408401040208867e-17
230,3-skew-one-plane,skew-y-toward-z-by-plus-0.020,4.1324369999999995,5.277918,9.759966,13.892403,0,21,0.021254999999998248,0.039710000000001244,0.06096499999999949,0,12.276026,21.508067,4.232282999999999,4.1324369999999995,4.22744,5.394686,6.7836490000000005,9.069327,14.464013,0,21,0.011979999999999436,0.031769999999999854,0.04374999999999929,0,14.096656000000001,23.726471,5.497879000000001,5.394686,5.4928550000000005,0.01414355164251274,0.020000001768382798,11.346172820578163,False,4.4209571892217525e-08,4.4209571892217525e-08,0.00020004422725572457,0.020000001768382798,6.408401040208844e-19,6.408401040208867e-17
231,3-skew-one-plane,skew-y-toward-z-by-plus-0.025,4.074636,5.2000329999999995,9.76882,13.843456,0,21,0.023761999999999617,0.05258800000000008,0.0763499999999997,0,12.254264999999998,21.517554,4.225472,4.074636,4.217905,5.337351,6.702431000000001,9.076125,14.413476,0,21,0.011976999999999904,0.04288799999999959,0.0548649999999995,0,14.075234,23.733949,5.493273,5.337351,5.485423000000001,0.017680433794624095,0.025000002210478624,11.346172820578163,False,4.4209571892217525e-08,4.4209571892217525e-08,0.00031254423720283864,0.025000002210478624,8.010501300261077e-19,6.408401040208867e-17
232,3-skew-one-plane,skew-y-toward-z-by-plus-0.030,4.0095469999999995,5.122102,9.777995,13.787542,0,21,0.025191000000001296,0.06668200000000013,0.09187300000000143,0,12.234935999999998,21.527505,4.218793,4.0095469999999995,4.207896,5.272459000000001,6.621162,9.083272,14.355731,0,21,0.0108239999999995,0.0553139999999992,0.0661379999999987,0,14.056269000000002,23.74193,5.488803000000001,5.272459000000001,5.477499000000002,0.021217978683360058,0.03000000265257423,11.346172820578163,False,4.4209571892217525e-08,4.4209571892217525e-08,0.0004500442493604595,0.03000000265257423,9.612601560313248e-19,6.408401040208867e-17
233,3-skew-one-plane,skew-y-toward-z-by-plus-0.035,3.93858,5.044119,9.787457,13.726037,0,21,0.025502000000001246,0.08194499999999927,0.10744700000000051,0,12.218088999999999,21.537883,4.212267000000001,3.93858,4.197436,5.201466999999999,6.539833,9.090733,14.2922,0,21,0.008478000000000208,0.06900300000000037,0.07748100000000058,0,14.03981,23.750374,5.484500000000001,5.201466999999999,5.469113999999999,0.024756318764961652,0.03500000309467005,11.346172820578163,False,4.4209571892217525e-08,4.4209571892217525e-08,0.0006125442637285872,0.03500000309467005,1.1214701820365481e-18,6.408401040208867e-17
234,3-skew-one-plane,skew-y-toward-z-by-plus-0.040,3.8628090000000004,4.966074000000001,9.79727,13.660079,0,21,0.02477000000000018,0.0984469999999984,0.12321699999999858,0,12.20367,21.548752999999998,4.205857,3.8628090000000004,4.186485000000001,5.125471000000001,6.458427,9.098583,14.224054,0,21,0.005023000000001332,0.08403199999999877,0.0890550000000001,0,14.025791,23.75936,5.480304,5.125471000000001,5.4602070000000005,0.028295586446034277,0.04000000353676578,11.346172820578163,False,4.4209571892217525e-08,4.420957211426213e-08,0.0008000442803072216,0.04000000353676578,-3.159212086788792e-18,-4.6938296968675356e-17
235,3-skew-one-plane,skew-y-toward-z-by-plus-0.045,3.783412,4.887973000000001,9.807255,13.590667,0,21,0.022821000000000424,0.11599299999999957,0.138814,0,12.191910000000002,21.559938,4.199729,3.783412,4.175212,5.045707999999999,6.376963,9.106617,14.152325,0,21,0.00027000000000043656,0.10018200000000022,0.10045200000000065,0,14.014453,23.768684,5.476407999999999,5.045707999999999,5.450972999999999,0.031835914075306775,0.04500000397886148,11.346172820578163,False,4.4209571892217525e-08,4.4209571892217525e-08,0.0010125442990962519,0.04500000397886148,1.4418902340469947e-18,6.408401040208867e-17
236,3-skew-one-plane,skew-y-toward-z-by-plus-0.050,3.7007449999999995,4.809709,9.817736,13.518481,0,21,0.01997800000000005,0.13491499999999945,0.1548929999999995,0,12.182393999999999,21.571838,4.193561000000001,3.7007449999999995,4.163290999999999,4.962516000000001,6.295343000000001,9.115202,14.077718,0,21,0.0054230000000004,0.11240199999999945,0.11782499999999985,0,14.005369000000002,23.778776,5.47245,4.962516000000001,5.441046,0.03537743393540544,0.05000000442095708,11.346172820578163,False,4.4209571892217525e-08,4.4209571892217525e-08,0.001250044320095789,0.05000000442095708,1.6021002600522119e-18,6.408401040208867e-17
237,3-skew-one-plane,skew-y-toward-z-by-plus-0.055,3.6156130000000015,4.731419000000001,9.828558,13.444171,0,21,0.016091000000001188,0.15504599999999868,0.17113699999999987,0,12.175369000000002,21.584138,4.187504000000001,3.6156130000000015,4.150880000000001,4.876742999999999,6.2136569999999995,9.124162,14.000905,0,21,0.012225000000000819,0.12454900000000002,0.13677400000000084,0,13.998779999999998,23.789324,5.468603,4.876742999999999,5.430605999999999,0.03892027823464649,0.05500000486305291,11.346172820578163,False,4.4209571892217525e-08,4.4209571892217525e-08,0.0015125443433058328,0.05500000486305291,1.762310286057435e-18,6.408401040208867e-17
238,3-skew-one-plane,skew-y-toward-z-by-plus-0.060,3.5284739999999992,4.653032999999999,9.839745,13.368219,0,21,0.011191999999999425,0.1764070000000011,0.18759900000000052,0,12.170853999999999,21.596943000000003,4.181538999999999,3.5284739999999992,4.137955,4.788854000000001,6.131852,9.133528,13.922382,0,21,0.02009799999999906,0.13695900000000094,0.157057,0,13.994674999999999,23.800428,5.464839,4.788854000000001,5.419624000000001,0.0424645790988469,0.06000000530514864,11.346172820578163,False,4.4209571892217525e-08,4.420957211426213e-08,0.0018000443687263834,0.06000000530514864,-4.738818130183184e-18,-4.6938296968675356e-17
239,3-skew-one-plane,skew-y-toward-z-by-plus-0.065,3.4397,4.574539,9.851315,13.291015,0,21,0.005303999999998865,0.19900699999999993,0.2043109999999988,0,12.168797000000001,21.610270999999997,4.175644,3.4397,4.12449,4.699243000000001,6.049928000000001,9.143313,13.842556,0,21,0.029016999999999626,0.14965699999999948,0.1786739999999991,0,13.993027000000001,23.812099,5.461144000000001,4.699243000000001,5.408069000000001,0.046010468563158415,0.06500000574724435,11.346172820578163,False,4.4209571892217525e-08,4.4209571892217525e-08,0.00211254439635733,0.06500000574724435,2.0827303380678818e-18,6.408401040208867e-17
240,3-skew-one-plane,skew-y-toward-z-by-plus-0.070,3.349812,4.495967,9.863067,13.212879,0,21,0.0016220000000011225,0.22114699999999843,0.22276899999999955,0,12.169275,21.624004,4.169961000000001,3.349812,4.110635,4.60826,5.967878000000001,9.153492,13.761752,0,21,0.03900199999999998,0.1626019999999997,0.20160399999999967,0,13.993836000000002,23.824319,5.457542999999999,4.60826,5.395989,0.04955807856392419,0.07000000618934009,11.346172820578163,False,4.4209571892217525e-08,4.420957211426213e-08,0.002450044426198783,0.07000000618934009,-5.528621151880383e-18,-4.6938296968675356e-17
241,3-skew-one-plane,skew-y-toward-z-by-plus-0.075,3.258744,4.417254,9.875315,13.134059,0,21,0.009517999999999915,0.23824600000000018,0.2477640000000001,0,12.172190999999998,21.638303999999998,4.164289999999999,3.258744,4.096185,4.516187,5.885698000000001,9.164053,13.68024,0,21,0.050052000000000874,0.17576899999999895,0.22582099999999983,0,13.997151000000002,23.837071,5.454048,4.516187,5.383384000000001,0.05310754093056138,0.07500000663143579,11.346172820578163,False,4.4209571892217525e-08,4.4209571892217525e-08,0.002812544458250743,0.07500000663143579,2.4031503900783222e-18,6.408401040208867e-17
242,3-skew-one-plane,skew-y-toward-z-by-plus-0.080,3.166766000000001,4.338413000000001,9.887979,13.054745,0,21,0.018349000000000615,0.2556659999999997,0.27401500000000034,0,12.177582,21.653159000000002,4.1586680000000005,3.166766000000001,4.0811779999999995,4.423140999999999,5.803375000000001,9.17507,13.598211,0,21,0.06208800000000103,0.18930199999999964,0.25139000000000067,0,14.002915,23.850426,5.450594000000001,4.423140999999999,5.370191999999999,0.0566589873774718,0.08000000707353139,11.346172820578163,False,4.4209571892217525e-08,4.4209571892217525e-08,0.003200044492513099,0.08000000707353139,2.5633604160835393e-18,6.408401040208867e-17
243,3-skew-one-plane,skew-y-toward-z-by-plus-0.085,3.074041000000001,4.2594400000000014,9.90106,12.975101,0,21,0.028097999999999956,0.2734179999999995,0.30151599999999945,0,12.1854,21.66857,4.153069,3.074041000000001,4.065591000000001,4.329277999999999,5.720896999999999,9.186552,13.51583,0,21,0.07509300000000074,0.20322200000000024,0.278315000000001,0,14.011086999999998,23.864396,5.447151,4.329277999999999,5.356382,0.06021254949598263,0.08500000751562721,11.346172820578163,False,4.4209571892217525e-08,4.4209571892217525e-08,0.0036125445289860725,0.08500000751562721,2.723570442088769e-18,6.408401040208867e-17
244,3-skew-one-plane,skew-y-toward-z-by-plus-0.090,2.980792000000001,4.180333000000001,9.914499,12.895291,0,21,0.03881599999999885,0.29137599999999964,0.3301919999999985,0,12.174082000000002,21.684479,4.1475680000000015,2.980792000000001,4.049494000000001,4.2348490000000005,5.638274000000001,9.198424,13.433273,0,21,0.08912799999999876,0.21737800000000007,0.30650599999999883,0,14.021730999999999,23.878905,5.443807000000001,4.2348490000000005,5.342042000000001,0.06376835874631802,0.09000000795772295,11.346172820578163,False,4.4209571892217525e-08,4.420957211426213e-08,0.004050044567669442,0.09000000795772295,-7.108227195274774e-18,-4.6938296968675356e-17
245,3-skew-one-plane,skew-y-toward-z-by-plus-0.095,2.887041999999999,4.101046999999999,9.928362,12.815404,0,21,0.05041600000000024,0.3096879999999995,0.36010399999999976,0,12.127134999999999,21.700985,4.1420960000000004,2.887041999999999,4.0328040000000005,4.139844,5.555449999999999,9.210786,13.35063,0,21,0.10407400000000067,0.23197500000000026,0.33604900000000093,0,14.034733999999998,23.894081,5.440462,4.139844,5.327060999999999,0.06732654644960626,0.09500000839981865,11.346172820578163,False,4.4209571892217525e-08,4.4209571892217525e-08,0.004512544608563207,0.09500000839981865,3.0439904940992093e-18,6.408401040208867e-17
246,3-skew-one-plane,skew-y-toward-z-by-plus-0.100,2.792833999999999,4.021634000000001,9.942686,12.73552,0,21,0.0628820000000001,0.3284059999999993,0.3912879999999994,0,12.078586,21.718056,4.136585999999999,2.792833999999999,4.015518999999999,4.044343000000001,5.472477000000001,9.223643,13.267986,0,21,0.1199539999999999,0.24700099999999914,0.36695499999999903,0,14.040205,23.909871,5.437093000000001,4.044343000000001,5.311454000000001,0.07088724377992175,0.10000000884191439,11.346172820578163,False,4.4209571892217525e-08,4.420957211426213e-08,0.00500004465166759,0.10000000884191439,-7.898030216971973e-18,-4.6938296968675356e-17
247,4-skew-two-planes,skew-xy-minus-0.025-xz-minus-0.025,4.068178,5.0005690000000005,9.781034,13.849212,0,126,0.04639099999999985,0.06204999999999927,0.10844099999999912,0,12.21516,21.531627999999998,4.068178,4.203746000000001,4.068178,5.335132999999999,6.493007,9.0845,14.419633,0,126,0.029946999999999946,0.0490510000000004,0.07899800000000035,0,14.016558999999999,23.744287,5.335132999999999,5.475249999999999,5.335132999999999,0.025007814595858713,0.0250000022104786,11.346172820578163,False,4.4209571892217525e-08,0.00031254423720283864,0.00031254423720283864,0.0006250000552619012,-0.025000002210478545,-0.0250000022104786
248,4-skew-two-planes,skew-xy-minus-0.025-xz-minus-0.050,3.704317999999999,4.650392999999999,9.820033,13.524351,0,126,0.052514999999999645,0.12461900000000092,0.17713400000000057,0,12.161789999999998,21.576017,4.046372999999999,4.158939999999999,3.704317999999999,4.967988,6.126424,9.116043,14.084031,0,126,0.030867000000000644,0.10354399999999941,0.13441100000000006,0,13.960068000000001,23.781602999999997,5.32208,5.438313000000001,4.967988,0.039559345560213136,0.05000000442095712,11.346172820578163,False,4.4209571892217525e-08,0.00031254423720283864,0.001250044320095789,0.0012500001105238666,-0.05000000442095712,-0.0250000022104786
249,4-skew-two-planes,skew-xy-minus-0.025-xz-minus-0.075,3.265402,4.267308,9.874641,13.140043,0,126,0.04870599999999925,0.22010400000000097,0.2688100000000002,0,12.157588,21.639634,4.020417999999999,4.094673,3.265402,4.523944999999999,5.725842999999999,9.16277,13.686715,0,126,0.054044999999998566,0.17449200000000076,0.22853699999999932,0,13.926491,23.837958,5.306100000000001,5.382612,4.523944999999999,0.05598898512799027,0.0750000066314357,11.346172820578163,False,4.4209571892217525e-08,0.00031254423720283864,0.002812544458250743,0.001875000165785832,-0.0750000066314357,-0.0250000022104786
250,4-skew-two-planes,skew-xy-minus-0.025-xz-minus-0.100,2.8010590000000004,3.8700940000000017,9.94062,12.741679,0,126,0.07429899999999989,0.3221039999999995,0.3964029999999994,0,12.080302,21.71812,3.994504000000001,4.015170000000001,2.8010590000000004,4.053191999999999,5.310281999999999,9.221446,13.274638,0,126,0.11747200000000113,0.24761299999999942,0.36508500000000055,0,13.917517,23.909999,5.29049,5.311365,4.053191999999999,0.07308025773371965,0.10000000884191433,11.346172820578163,False,4.4209571892217525e-08,0.00031254423720283864,0.00500004465166759,0.0025000002210477986,-0.10000000884191433,-0.0250000022104786
251,4-skew-two-planes,skew-xy-minus-0.025-xz-plus-0.000,4.074634999999999,5.200031999999998,9.768821,13.843456,0,144,0.023763000000000645,0.05258900000000111,0.07635200000000175,0,12.254263999999997,21.517555,4.074634999999999,4.217903999999999,4.225470999999999,5.337349999999999,6.702429,9.076126,14.413476,0,144,0.011977999999999156,0.04288900000000062,0.05486699999999978,0,14.075232999999999,23.73395,5.337349999999999,5.485422,5.493271999999999,0.017680433794624077,0.0250000022104786,11.346172820578163,False,4.4209571892217525e-08,0.00031254423720283864,4.4209571892217525e-08,-6.405583806679694e-17,3.0915111789375266e-17,-0.0250000022104786
252,4-skew-two-planes,skew-xy-minus-0.025-xz-plus-0.025,4.068178999999999,5.00057,9.781033,13.849212,0,126,0.0463919999999991,0.06204800000000077,0.10843999999999987,0,12.215160999999998,21.531627,4.068178999999999,4.203747,4.068178999999999,5.335134,6.493007,9.084499,14.419633,0,126,0.029948000000000974,0.049048999999998344,0.07899699999999932,0,14.01656,23.744286,5.335134,5.475251,5.335134,0.025007814595858775,0.025000002210478663,11.346172820578163,False,4.4209571892217525e-08,0.00031254423720283864,0.00031254423720283864,-0.000625000055262031,0.025000002210478663,-0.0250000022104786
253,4-skew-two-planes,skew-xy-minus-0.025-xz-plus-0.050,3.704319,4.650394,9.820032,13.524351,0,126,0.052514000000000394,0.1246179999999999,0.1771320000000003,0,12.161791,21.576016,4.046374,4.158941,3.704319,4.967988999999999,6.126424999999999,9.116042,14.084031,0,126,0.030867999999999896,0.10354200000000091,0.1344100000000008,0,13.960069,23.781602,5.322080999999999,5.438314,4.967988999999999,0.03955934556021322,0.05000000442095724,11.346172820578163,False,4.4209571892217525e-08,0.00031254423720283864,0.001250044320095789,-0.0012500001105239964,0.05000000442095724,-0.0250000022104786
254,4-skew-two-planes,skew-xy-minus-0.025-xz-plus-0.075,3.265402,4.267308,9.874641,13.140043,0,126,0.04870599999999925,0.22010400000000097,0.2688100000000002,0,12.157588,21.639634,4.020417999999999,4.094673,3.265402,4.523945999999999,5.725842999999999,9.162769,13.686715,0,126,0.054045999999999594,0.17449000000000048,0.22853600000000007,0,13.926492,23.837957000000003,5.306101,5.382612999999999,4.523945999999999,0.05598898512799035,0.07500000663143581,11.346172820578163,False,4.4209571892217525e-08,0.00031254423720283864,0.002812544458250743,-0.0018750001657859617,0.07500000663143581,-0.0250000022104786
255,4-skew-two-planes,skew-xy-minus-0.025-xz-plus-0.100,2.801081,3.8700980000000005,9.940603,12.741684,0,126,0.07431000000000054,0.32207399999999886,0.3963839999999994,0,12.080324000000001,21.718104,3.9945210000000007,4.015187000000001,2.801081,4.053215,5.310286,9.221428,13.274643,0,126,0.11748599999999954,0.24757999999999925,0.3650659999999988,0,13.917543000000002,23.909981000000002,5.290509,5.311383000000001,4.053215,0.07308025773371978,0.1000000088419145,11.346172820578163,False,4.4209571892217525e-08,0.00031254423720283864,0.00500004465166759,-0.00250000022104793,0.1000000088419145,-0.0250000022104786
256,4-skew-two-planes,skew-xy-minus-0.025-yz-minus-0.025,4.062286,5.009137000000001,9.779416,13.841702,0,21,0.04762699999999853,0.0590010000000003,0.10662799999999883,0,12.217197,21.529991,4.069543000000001,4.062286,4.212724,5.329455000000001,6.502548000000001,9.082391,14.411846,0,21,0.03153999999999968,0.045088999999999047,0.07662899999999873,0,14.020019,23.742158,5.336977000000001,5.329455000000001,5.484996000000001,0.025003909260879743,0.02500000221047864,11.346172820578163,False,4.4209571892217525e-08,0.00031254423720283864,0.00031254423720283864,-0.02500000221047864,3.0114061659349156e-17,-0.0250000022104786
257,4-skew-two-planes,skew-xy-minus-0.025-yz-minus-0.050,3.69975,4.666986999999999,9.817149,13.516899,0,21,0.05281500000000072,0.12013400000000019,0.1729490000000009,0,12.166913000000001,21.573061000000003,4.04824,3.69975,4.168545,4.963725,6.144541,9.112586,14.076311,0,21,0.029546999999999102,0.09901400000000038,0.12856099999999948,0,13.968532,23.778067,5.324475999999999,4.963725,5.448748999999999,0.03954946992077398,0.05000000442095718,11.346172820578163,False,4.4209571892217525e-08,0.0003125442372030607,0.001250044320095789,-0.05000000442095718,3.486412689786125e-17,-0.02500000221047871
258,4-skew-two-planes,skew-xy-minus-0.025-yz-minus-0.075,3.2614420000000006,4.290597,9.871169,13.132611,0,21,0.04481599999999908,0.2168100000000006,0.2616259999999997,0,12.165178,21.635997,4.021609,3.2614420000000006,4.1038809999999994,4.520226000000001,5.751016,9.158788,13.679014,0,21,0.04827700000000057,0.1713869999999993,0.21966399999999986,0,13.935777,23.833795000000002,5.3077000000000005,4.520226000000001,5.392529,0.05597328508182697,0.07500000663143579,11.346172820578163,False,4.4209571892217525e-08,0.00031254423720283864,0.002812544458250743,-0.07500000663143579,2.851196139929694e-17,-0.0250000022104786
259,4-skew-two-planes,skew-xy-minus-0.025-yz-minus-0.100,2.7975590000000015,3.900138,9.936701,12.73426,0,21,0.06792100000000012,0.3193629999999992,0.3872839999999993,0,12.092195,21.713908,3.9943720000000003,2.7975590000000015,4.023408,4.049860000000001,5.342614000000001,9.217082,13.266942,0,21,0.11190500000000014,0.24382099999999873,0.3557259999999989,0,13.926332,23.905313,5.290623,4.049860000000001,5.320187000000001,0.0730588739981276,0.10000000884191447,11.346172820578163,False,4.4209571892217525e-08,0.00031254423720283864,0.00500004465166759,-0.10000000884191447,2.771091126927083e-17,-0.0250000022104786
260,4-skew-two-planes,skew-xy-minus-0.025-yz-plus-0.000,4.074634999999999,5.200031999999998,9.768821,13.843456,0,144,0.023763000000000645,0.05258900000000111,0.07635200000000175,0,12.254263999999997,21.517555,4.074634999999999,4.217903999999999,4.225470999999999,5.337349999999999,6.702429,9.076126,14.413476,0,144,0.011977999999999156,0.04288900000000062,0.05486699999999978,0,14.075232999999999,23.73395,5.337349999999999,5.485422,5.493271999999999,0.017680433794624077,0.0250000022104786,11.346172820578163,False,4.4209571892217525e-08,0.00031254423720283864,4.4209571892217525e-08,-6.405583806679694e-17,3.0915111789375266e-17,-0.0250000022104786
261,4-skew-two-planes,skew-xy-minus-0.025-yz-plus-0.025,4.062288000000001,5.009139000000001,9.779414,13.841702,0,21,0.04762799999999956,0.058997999999998996,0.10662599999999856,0,12.217199,21.529989,4.0695450000000015,4.062288000000001,4.212726,5.329456,6.502549,9.08239,14.411846,0,21,0.03154099999999893,0.04508700000000054,0.07662799999999947,0,14.020019999999999,23.742157,5.336978,5.329456,5.484997,0.025003909260879736,0.025000002210478624,11.346172820578163,False,4.4209571892217525e-08,0.00031254423720283864,0.00031254423720283864,0.025000002210478624,3.1716161919401376e-17,-0.0250000022104786
262,4-skew-two-planes,skew-xy-minus-0.025-yz-plus-0.050,3.699751000000001,4.666988,9.817148,13.516899,0,21,0.052815999999999974,0.1201319999999999,0.17294799999999988,0,12.166914000000002,21.573059999999998,4.048241000000001,3.699751000000001,4.168546000000001,4.963726000000001,6.144542000000001,9.112585,14.076311,0,21,0.029547999999998353,0.0990120000000001,0.12855999999999845,0,13.968533,23.778066,5.324477,4.963726000000001,5.44875,0.039549469920773885,0.05000000442095708,11.346172820578163,False,4.4209571892217525e-08,0.00031254423720283864,0.001250044320095789,0.05000000442095708,3.251721204942748e-17,-0.0250000022104786
263,4-skew-two-planes,skew-xy-minus-0.025-yz-plus-0.075,3.261443,4.290597999999999,9.871168,13.132611,0,21,0.04481599999999908,0.21680900000000136,0.26162500000000044,0,12.165178999999998,21.635996,4.021609999999999,3.261443,4.103881999999999,4.520226000000001,5.751015000000001,9.158788,13.679014,0,21,0.04827799999999982,0.17138600000000004,0.21966399999999986,0,13.935777,23.833795000000002,5.3077000000000005,4.520226000000001,5.392529,0.05597328508182697,0.07500000663143579,11.346172820578163,False,4.4209571892217525e-08,0.00031254423720283864,0.002812544458250743,0.07500000663143579,3.331826217945359e-17,-0.0250000022104786
264,4-skew-two-planes,skew-xy-minus-0.025-yz-plus-0.100,2.7975829999999995,3.900141999999999,9.936683,12.734266,0,21,0.06793300000000002,0.31933100000000003,0.38726400000000005,0,12.092218999999998,21.713891,3.994389999999999,2.7975829999999995,4.023425999999999,4.049885,5.342618,9.217062,13.266947,0,21,0.1119210000000006,0.24378399999999978,0.3557050000000004,0,13.926360999999998,23.905293999999998,5.290642999999999,4.049885,5.320207,0.07305887399812758,0.10000000884191439,11.346172820578163,False,4.4209571892217525e-08,0.0003125442372030607,0.00500004465166759,0.10000000884191439,2.30170815724033e-17,-0.02500000221047871
265,4-skew-two-planes,skew-xy-minus-0.050-xz-minus-0.025,3.704317999999999,4.650392999999999,9.820033,13.524351,0,144,0.052514999999999645,0.12461900000000092,0.17713400000000057,0,12.161789999999998,21.576017,3.704317999999999,4.158939999999999,4.046372999999999,4.967988,6.126424,9.116043,14.084031,0,144,0.030867000000000644,0.10354399999999941,0.13441100000000006,0,13.960068000000001,23.781602999999997,4.967988,5.438313000000001,5.32208,0.03955934556021311,0.05000000442095708,11.346172820578163,False,4.4209571892217525e-08,0.001250044320095789,0.00031254423720283864,0.0012500001105238646,-0.025000002210478576,-0.05000000442095708
266,4-skew-two-planes,skew-xy-minus-0.050-xz-minus-0.075,3.280175,3.9594389999999997,9.878294,13.158469,0,126,0.08610000000000007,0.21431300000000064,0.3004130000000007,0,12.102236000000001,21.649278000000002,3.692741999999999,4.084439999999999,3.280175,4.540438,5.396132,9.165706,13.706144,0,126,0.056086999999999776,0.18568600000000046,0.24177300000000024,0,13.847472,23.847321,4.968695,5.373516,4.540438,0.06386708844767201,0.07500000663143579,11.346172820578163,False,4.4209571892217525e-08,0.001250044320095789,0.002812544458250743,0.0037500003315717213,-0.07500000663143579,-0.05000000442095708
267,4-skew-two-planes,skew-xy-minus-0.050-xz-minus-0.100,2.823072,3.5560289999999988,9.937378,12.76045,0,126,0.09488299999999938,0.31458900000000156,0.40947200000000095,0,12.082482999999998,21.721454,3.675115999999999,4.01113,2.823072,4.076070999999999,4.971843999999999,9.218666,13.294737,0,126,0.10578300000000063,0.25730000000000075,0.3630830000000014,0,13.825109,23.914324999999998,4.959925999999999,5.307264,4.076070999999999,0.07930362012400602,0.10000000884191441,11.346172820578163,False,4.4209571892217525e-08,0.001250044320095789,0.00500004465166759,0.005000000442095651,-0.10000000884191441,-0.05000000442095708
268,4-skew-two-planes,skew-xy-minus-0.050-xz-plus-0.000,3.7007449999999995,4.809709,9.817736,13.518481,0,144,0.01997900000000108,0.13491499999999945,0.15489400000000053,0,12.182393999999999,21.571838,3.7007449999999995,4.163290999999999,4.193561000000001,4.962515000000002,6.2953420000000015,9.115203,14.077718,0,144,0.005421999999999372,0.11240399999999973,0.1178259999999991,0,14.005368000000002,23.778776999999998,4.962515000000002,5.441045000000001,5.472449000000001,0.03537743393540544,0.05000000442095708,11.346172820578163,False,4.4209571892217525e-08,0.001250044320095789,4.4209571892217525e-08,-6.246093723432514e-17,-4.1945815422620356e-19,-0.05000000442095708
269,4-skew-two-planes,skew-xy-minus-0.050-xz-plus-0.025,3.704319,4.650394,9.820032,13.524351,0,144,0.052514999999999645,0.1246179999999999,0.17713299999999954,0,12.161791,21.576016,3.704319,4.158941,4.046374,4.967988,6.126424,9.116043,14.084031,0,144,0.030867999999999896,0.10354300000000016,0.13441100000000006,0,13.960068000000001,23.781602999999997,4.967988,5.438313000000001,5.32208,0.03955934556021319,0.05000000442095721,11.346172820578163,False,4.420957211426213e-08,0.001250044320095789,0.00031254423720283864,-0.0012500001105239925,0.025000002210478583,-0.05000000442095721
270,4-skew-two-planes,skew-xy-minus-0.050-xz-plus-0.075,3.280176000000001,3.9594400000000007,9.878293,13.158469,0,126,0.0861010000000011,0.21431099999999859,0.3004119999999997,0,12.102237000000002,21.649276999999998,3.692743,4.084441,3.280176000000001,4.540438999999999,5.396132999999999,9.165705,13.706144,0,126,0.056088000000000804,0.18568400000000018,0.24177200000000099,0,13.847472999999999,23.847320000000003,4.968696,5.373517999999999,4.540438999999999,0.06386708844767211,0.07500000663143586,11.346172820578163,False,4.420957211426213e-08,0.001250044320095789,0.002812544458250743,-0.003750000331571858,0.07500000663143586,-0.05000000442095721
271,4-skew-two-planes,skew-xy-minus-0.050-xz-plus-0.100,2.823096999999999,3.556032,9.937359,12.760456,0,126,0.09488399999999864,0.3145610000000012,0.40944499999999984,0,12.082508999999998,21.721436,3.675134999999999,4.011149,2.823096999999999,4.076096999999999,4.971845999999999,9.218647,13.294744,0,126,0.1057939999999995,0.2572670000000006,0.3630610000000001,0,13.825136999999998,23.914307,4.959944999999999,5.307283,4.076096999999999,0.07930362012400607,0.10000000884191444,11.346172820578163,False,4.420957211426213e-08,0.001250044320095789,0.00500004465166759,-0.005000000442095788,0.10000000884191444,-0.05000000442095721
272,4-skew-two-planes,skew-xy-minus-0.050-yz-minus-0.025,3.706581,4.667237999999999,9.817055,13.523636,0,144,0.05366300000000024,0.11956900000000026,0.1732320000000005,0,12.168576999999999,21.572967,3.706581,4.019298000000001,4.191338999999999,4.971214,6.145222,9.112071,14.083285,0,144,0.03388200000000019,0.09607399999999977,0.12995599999999996,0,13.971257999999999,23.777552,4.971214,5.294893999999999,5.472814,0.0395494699207739,0.05000000442095708,11.346172820578163,False,4.4209571892217525e-08,0.001250044320095789,0.00031254423720283864,-0.02500000221047864,-1.220508284252314e-18,-0.05000000442095708
273,4-skew-two-planes,skew-xy-minus-0.050-yz-minus-0.075,3.264704,4.025077000000001,9.864092,13.128796,0,21,0.08249999999999957,0.1947119999999991,0.2772119999999987,0,12.127580000000002,21.634428999999997,3.7005239999999997,3.264704,4.121624000000001,4.526529,5.468207,9.148846,13.675375,0,21,0.04534699999999958,0.1657150000000005,0.21106200000000008,0,13.874666,23.829747,4.978833999999999,4.526529,5.4141629999999985,0.0638120187389442,0.07500000663143579,11.346172820578163,False,4.4209571892217525e-08,0.001250044320095789,0.002812544458250743,-0.07500000663143579,-2.8226085443045285e-18,-0.05000000442095708
274,4-skew-two-planes,skew-xy-minus-0.050-yz-minus-0.100,2.809619999999999,3.6422349999999994,9.921186,12.730806,0,21,0.08020700000000147,0.29743299999999984,0.3776400000000013,0,12.109497,21.704104,3.6798789999999997,2.809619999999999,4.044734999999999,4.063642,5.065473000000001,9.200336,13.263978,0,21,0.08630699999999969,0.2394210000000001,0.3257279999999998,0,13.852412999999999,23.894717999999997,4.966305,4.063642,5.343551,0.07922476988014657,0.10000000884191447,11.346172820578163,False,4.4209571892217525e-08,0.001250044320095789,0.00500004465166759,-0.10000000884191447,-3.623658674330639e-18,-0.05000000442095708
275,4-skew-two-planes,skew-xy-minus-0.050-yz-plus-0.000,3.7007449999999995,4.809709,9.817736,13.518481,0,144,0.01997900000000108,0.13491499999999945,0.15489400000000053,0,12.182393999999999,21.571838,3.7007449999999995,4.163290999999999,4.193561000000001,4.962515000000002,6.2953420000000015,9.115203,14.077718,0,144,0.005421999999999372,0.11240399999999973,0.1178259999999991,0,14.005368000000002,23.778776999999998,4.962515000000002,5.441045000000001,5.472449000000001,0.03537743393540544,0.05000000442095708,11.346172820578163,False,4.4209571892217525e-08,0.001250044320095789,4.4209571892217525e-08,-6.246093723432514e-17,-4.1945815422620356e-19,-0.05000000442095708
276,4-skew-two-planes,skew-xy-minus-0.050-yz-plus-0.025,3.706581,4.667237999999999,9.817055,13.523636,0,144,0.053664000000001266,0.11956799999999923,0.1732320000000005,0,12.168576999999999,21.572967,3.706581,4.019298000000001,4.191338999999999,4.971214,6.145222,9.112071,14.083285,0,144,0.03388200000000019,0.09607399999999977,0.12995599999999996,0,13.971257999999999,23.777552,4.971214,5.294895,5.472814,0.03954946992077389,0.05000000442095708,11.346172820578163,False,4.4209571892217525e-08,0.001250044320095789,0.00031254423720283864,0.025000002210478628,3.815919757999068e-19,-0.05000000442095708
277,4-skew-two-planes,skew-xy-minus-0.050-yz-plus-0.075,3.2647049999999993,4.025077,9.864091,13.128796,0,21,0.08250099999999883,0.1947100000000006,0.27721099999999943,0,12.127581000000001,21.634428,3.700526,3.2647049999999993,4.121625,4.526531,5.468207999999999,9.148844,13.675375,0,21,0.045347999999998834,0.16571200000000097,0.2110599999999998,0,13.874668,23.829745000000003,4.978837,4.526531,5.414164999999999,0.0638120187389442,0.07500000663143579,11.346172820578163,False,4.4209571892217525e-08,0.001250044320095789,0.002812544458250743,0.07500000663143579,1.9836922358521213e-18,-0.05000000442095708
278,4-skew-two-planes,skew-xy-minus-0.050-yz-plus-0.100,2.809647,3.6422380000000008,9.921166,12.730813,0,21,0.0802069999999997,0.2974040000000002,0.3776109999999999,0,12.109528000000001,21.704085,3.6799,2.809647,4.044755,4.063670999999999,5.065476,9.200315,13.263986,0,21,0.08631799999999856,0.2393850000000004,0.32570299999999897,0,13.852443999999998,23.894697999999998,4.966327,4.063670999999999,5.343573000000001,0.07922476988014655,0.10000000884191439,11.346172820578163,False,4.4209571892217525e-08,0.001250044320096011,0.00500004465166759,0.10000000884191439,-8.317488371198174e-18,-0.05000000442095719
279,4-skew-two-planes,skew-xy-minus-0.075-xz-minus-0.025,3.2654010000000007,4.267307000000001,9.874642,13.140043,0,144,0.04870700000000028,0.22010500000000022,0.2688120000000005,0,12.157587000000001,21.639635,3.2654010000000007,4.094672000000001,4.020417,4.523944999999999,5.725842999999999,9.16277,13.686715,0,144,0.054044999999998566,0.17449200000000076,0.22853699999999932,0,13.926491,23.837958,4.523944999999999,5.382612,5.306100000000001,0.0559889851279903,0.07500000663143576,11.346172820578163,False,4.4209571892217525e-08,0.002812544458250743,0.00031254423720283864,0.0018750001657858292,-0.025000002210478545,-0.07500000663143576
280,4-skew-two-planes,skew-xy-minus-0.075-xz-minus-0.050,3.280175,3.9594389999999997,9.878294,13.158469,0,144,0.08610000000000007,0.21431300000000064,0.3004130000000007,0,12.102236000000001,21.649278000000002,3.280175,4.084439999999999,3.692741999999999,4.540438,5.396132,9.165706,13.706144,0,144,0.056086999999999776,0.18568600000000046,0.24177300000000024,0,13.847472,23.847321,4.540438,5.373516,4.968695,0.063867088447672,0.07500000663143576,11.346172820578163,False,4.4209571892217525e-08,0.002812544458250743,0.001250044320095789,0.0037500003315717226,-0.05000000442095712,-0.07500000663143576
281,4-skew-two-planes,skew-xy-minus-0.075-xz-minus-0.075,3.2889160000000004,3.5909250000000004,9.899481,13.188397,0,126,0.10145099999999907,0.2503630000000001,0.3518139999999992,0,12.062448999999999,21.680407,3.2889160000000004,4.052272,3.2889160000000004,4.553321,5.002094999999999,9.18533,13.738651,0,126,0.04591199999999951,0.23299300000000045,0.27890499999999996,0,13.791653,23.877731,4.553321,5.3435559999999995,4.553321,0.07521065165702444,0.07500000663143576,11.346172820578163,False,4.4209571892217525e-08,0.002812544458250743,0.002812544458250743,0.00562500049735762,-0.07500000663143576,-0.07500000663143576
282,4-skew-two-planes,skew-xy-minus-0.075-xz-minus-0.100,2.848896,3.1858120000000003,9.942802,12.791698,0,126,0.1052300000000006,0.3301110000000005,0.4353410000000011,0,12.036643999999999,21.737924,3.2882870000000004,3.9934879999999993,2.848896,4.102107999999999,4.57062,9.22611,13.328218,0,126,0.07370399999999933,0.2975860000000008,0.3712900000000001,0,13.756683999999998,23.933663000000003,4.558024,5.288292,4.102107999999999,0.08873295464128882,0.10000000884191439,11.346172820578163,False,4.4209571892217525e-08,0.002812544458250743,0.00500004465166759,0.007500000663143518,-0.10000000884191439,-0.07500000663143576
283,4-skew-two-planes,skew-xy-minus-0.075-xz-plus-0.000,3.258743000000001,4.4172530000000005,9.875316,13.134059,0,144,0.009516999999998887,0.23824800000000046,0.24776499999999935,0,12.172189999999999,21.638305,3.258743000000001,4.096184000000001,4.164289,4.516185999999999,5.885697,9.164054,13.68024,0,144,0.050050999999999846,0.175771000000001,0.22582200000000086,0,13.997150000000001,23.837072,4.516185999999999,5.383383,5.454046999999999,0.05310754093056136,0.07500000663143576,11.346172820578163,False,4.4209571892217525e-08,0.002812544458250743,4.4209571892217525e-08,-6.396803403464652e-17,3.049565363514906e-17,-0.07500000663143576
284,4-skew-two-planes,skew-xy-minus-0.075-xz-plus-0.025,3.265402,4.267308,9.874641,13.140043,0,144,0.04870599999999925,0.22010400000000097,0.2688100000000002,0,12.157588,21.639634,3.265402,4.094673,4.020417999999999,4.523944999999999,5.725842999999999,9.16277,13.686715,0,144,0.054044999999998566,0.17449200000000076,0.22853699999999932,0,13.926491,23.837958,4.523944999999999,5.382612,5.306100000000001,0.055988985127990325,0.07500000663143576,11.346172820578163,False,4.4209571892217525e-08,0.002812544458250743,0.00031254423720283864,-0.0018750001657859617,0.025000002210478663,-0.07500000663143576
285,4-skew-two-planes,skew-xy-minus-0.075-xz-plus-0.050,3.280176000000001,3.9594400000000007,9.878293,13.158469,0,144,0.0861010000000011,0.21431099999999859,0.3004119999999997,0,12.102237000000002,21.649276999999998,3.280176000000001,4.084441,3.692744000000001,4.540438,5.396132,9.165706,13.706144,0,144,0.056086999999999776,0.18568600000000046,0.24177300000000024,0,13.847472,23.847321,4.540438,5.373516,4.968695,0.06386708844767205,0.07500000663143576,11.346172820578163,False,4.4209571892217525e-08,0.002812544458250743,0.001250044320095789,-0.0037500003315718553,0.05000000442095724,-0.07500000663143576
286,4-skew-two-planes,skew-xy-minus-0.075-xz-plus-0.075,3.2889169999999996,3.5909259999999996,9.89948,13.188397,0,126,0.1014520000000001,0.25036099999999983,0.35181299999999993,0,12.062449999999998,21.680405999999998,3.2889169999999996,4.052273,3.2889169999999996,4.553322000000001,5.002096,9.185329,13.738651,0,144,0.04591299999999876,0.23299100000000017,0.27890399999999893,0,13.791654000000001,23.87773,4.553322000000001,5.343557000000001,4.553323000000001,0.07521065165702447,0.07500000663143581,11.346172820578163,False,4.4209571892217525e-08,0.002812544458250743,0.002812544458250743,-0.0056250004973577485,0.07500000663143581,-0.07500000663143576
287,4-skew-two-planes,skew-xy-minus-0.075-xz-plus-0.100,2.848915999999999,3.1858079999999998,9.942788,12.791704,0,126,0.10521500000000117,0.33009799999999956,0.4353130000000007,0,12.036666,21.737911,3.2882999999999996,3.993501,2.848915999999999,4.102128,4.570614000000001,9.226097,13.328225,0,126,0.07370300000000007,0.297566999999999,0.3712699999999991,0,13.756705,23.933650999999998,4.558037000000001,5.288305000000001,4.102128,0.08873295464128883,0.10000000884191439,11.346172820578163,False,4.4209571892217525e-08,0.002812544458250743,0.00500004465166759,-0.007500000663143642,0.10000000884191439,-0.07500000663143576
288,4-skew-two-planes,skew-xy-minus-0.075-yz-minus-0.025,3.2678670000000007,4.291262,9.870989,13.138856,0,144,0.04888000000000048,0.2145109999999999,0.2633910000000004,0,12.168095,21.635818999999998,3.2678670000000007,3.9564660000000007,4.164591,4.527703000000001,5.752544,9.157772,13.685475,0,144,0.05795799999999929,0.1650299999999998,0.22298799999999908,0,13.940673000000002,23.832780999999997,4.527703000000001,5.241001000000001,5.456347000000001,0.05597328508182696,0.07500000663143576,11.346172820578163,False,4.4209571892217525e-08,0.002812544458250743,0.00031254423720283864,-0.02500000221047864,2.9694603505122955e-17,-0.07500000663143576
289,4-skew-two-planes,skew-xy-minus-0.075-yz-minus-0.050,3.2902590000000007,4.02637,9.863506,13.153765,0,144,0.08880500000000069,0.1906839999999992,0.2794889999999999,0,12.1316,21.633845,3.2902590000000007,3.6405010000000004,4.160026,4.555205000000001,5.471798,9.146011,13.701216,0,144,0.06923600000000008,0.14951899999999974,0.2187549999999998,0,13.879283,23.826915,4.555205000000001,4.918914000000001,5.456232,0.06381201873894429,0.07500000663143587,11.346172820578163,False,4.4209571892217525e-08,0.002812544458250965,0.001250044320095789,-0.05000000442095718,3.444466874363504e-17,-0.07500000663143587
290,4-skew-two-planes,skew-xy-minus-0.075-yz-minus-0.075,3.250207999999999,3.7027349999999988,9.871425,13.121633,0,21,0.10339300000000051,0.20706299999999978,0.3104560000000003,0,12.106208,21.650888000000002,3.3063839999999995,3.250207999999999,4.132187,4.518979,5.127122,9.150434,13.669413,0,21,0.05633800000000022,0.17526800000000087,0.2316060000000011,0,13.840046000000001,23.841215,4.577121,4.518979,5.432084999999999,0.07510540464824511,0.07500000663143579,11.346172820578163,False,4.4209571892217525e-08,0.002812544458250743,0.002812544458250743,-0.07500000663143579,2.809250324507074e-17,-0.07500000663143576
291,4-skew-two-planes,skew-xy-minus-0.075-yz-minus-0.100,2.8183570000000007,3.3371340000000007,9.906715,12.725072,0,21,0.09279199999999932,0.28169100000000036,0.3744829999999997,0,12.08752,21.699204,3.3055400000000006,2.8183570000000007,4.0691559999999996,4.074645,4.736613,9.184431,13.259076,0,21,0.04141399999999962,0.2509180000000004,0.29233200000000004,0,13.810849999999999,23.889096000000002,4.580005,4.074645,5.370785,0.08857433169039126,0.10000000884191447,11.346172820578163,False,4.4209571892217525e-08,0.002812544458250743,0.00500004465166759,-0.10000000884191447,2.7291453115044627e-17,-0.07500000663143576
292,4-skew-two-planes,skew-xy-minus-0.075-yz-plus-0.000,3.258743000000001,4.4172530000000005,9.875316,13.134059,0,144,0.009516999999998887,0.23824800000000046,0.24776499999999935,0,12.172189999999999,21.638305,3.258743000000001,4.096184000000001,4.164289,4.516185999999999,5.885697,9.164054,13.68024,0,144,0.050050999999999846,0.175771000000001,0.22582200000000086,0,13.997150000000001,23.837072,4.516185999999999,5.383383,5.454046999999999,0.05310754093056136,0.07500000663143576,11.346172820578163,False,4.4209571892217525e-08,0.002812544458250743,4.4209571892217525e-08,-6.396803403464652e-17,3.049565363514906e-17,-0.07500000663143576
293,4-skew-two-planes,skew-xy-minus-0.075-yz-plus-0.025,3.2678670000000007,4.291262,9.870989,13.138856,0,144,0.04888000000000048,0.2145109999999999,0.2633910000000004,0,12.168096,21.635818999999998,3.2678670000000007,3.9564660000000007,4.164591,4.527703000000001,5.752544,9.157772,13.685475,0,144,0.05795799999999929,0.1650299999999998,0.22298799999999908,0,13.940673000000002,23.832780999999997,4.527703000000001,5.241001000000001,5.456347000000001,0.05597328508182696,0.07500000663143576,11.346172820578163,False,4.4209571892217525e-08,0.002812544458250743,0.00031254423720283864,0.025000002210478624,3.1296703765175176e-17,-0.07500000663143576
294,4-skew-two-planes,skew-xy-minus-0.075-yz-plus-0.050,3.29026,4.026370999999999,9.863505,13.153765,0,144,0.08880500000000069,0.19068299999999994,0.2794880000000006,0,12.131601,21.633844,3.29026,3.6405019999999997,4.1600269999999995,4.555206,5.471798999999999,9.14601,13.701216,0,144,0.06923600000000008,0.14951800000000048,0.21875400000000056,0,13.879283999999998,23.826914000000002,4.555206,4.918915,5.456232999999999,0.06381201873894418,0.07500000663143576,11.346172820578163,False,4.4209571892217525e-08,0.002812544458250743,0.001250044320095789,0.05000000442095708,3.209775389520128e-17,-0.07500000663143576
295,4-skew-two-planes,skew-xy-minus-0.075-yz-plus-0.075,3.250209,3.702736,9.871424,13.121633,0,21,0.10339200000000126,0.20706199999999875,0.310454,0,12.106209000000002,21.650886999999997,3.3063850000000006,3.250209,4.132188000000001,4.518980000000001,5.127123000000001,9.150433,13.669413,0,21,0.05633900000000125,0.1752659999999988,0.23160500000000006,0,13.840047000000002,23.841214,4.577122000000001,4.518980000000001,5.432086,0.07510540464824511,0.07500000663143579,11.346172820578163,False,4.4209571892217525e-08,0.002812544458250743,0.002812544458250743,0.07500000663143579,3.289880402522739e-17,-0.07500000663143576
296,4-skew-two-planes,skew-xy-minus-0.075-yz-plus-0.100,2.8183740000000004,3.3371309999999994,9.906703,12.725077,0,21,0.09277599999999886,0.28168100000000074,0.3744569999999996,0,12.087539,21.699193,3.3055520000000005,2.8183740000000004,4.069167,4.0746639999999985,4.736609999999999,9.184418,13.259082,0,21,0.041403999999999996,0.25090400000000024,0.29230800000000023,0,13.810869999999998,23.889084,4.580017999999999,4.0746639999999985,5.370797999999999,0.08857433169039129,0.10000000884191439,11.346172820578163,False,4.4209571892217525e-08,0.002812544458250965,0.00500004465166759,0.10000000884191439,2.2597623418177095e-17,-0.07500000663143587
297,4-skew-two-planes,skew-xy-minus-0.100-xz-minus-0.025,2.8010590000000004,3.8700940000000017,9.94062,12.741679,0,144,0.07429899999999989,0.3221039999999995,0.3964029999999994,0,12.080302,21.71812,2.8010590000000004,4.015170000000001,3.994504000000001,4.053191999999999,5.310281999999999,9.221446,13.274638,0,144,0.11747200000000113,0.24761299999999942,0.36508500000000055,0,13.917517,23.909999,4.053191999999999,5.311365,5.29049,0.07308025773371964,0.1000000088419143,11.346172820578163,False,4.4209571892217525e-08,0.00500004465166759,0.00031254423720283864,0.002500000221047795,-0.025000002210478572,-0.1000000088419143
298,4-skew-two-planes,skew-xy-minus-0.100-xz-minus-0.050,2.823072,3.5560289999999988,9.937378,12.76045,0,144,0.09488399999999864,0.31458900000000156,0.4094730000000002,0,12.082482999999998,21.721454,2.823072,4.01113,3.675115999999999,4.076070999999999,4.971843999999999,9.218666,13.294737,0,144,0.10578300000000063,0.25730000000000075,0.3630830000000014,0,13.825109,23.914324999999998,4.076070999999999,5.307264,4.959925999999999,0.07930362012400602,0.10000000884191441,11.346172820578163,False,4.4209571892217525e-08,0.00500004465166759,0.001250044320095789,0.005000000442095652,-0.05000000442095709,-0.10000000884191441
299,4-skew-two-planes,skew-xy-minus-0.100-xz-minus-0.075,2.848896,3.1858120000000003,9.942802,12.791698,0,144,0.1052300000000006,0.3301110000000005,0.4353410000000011,0,12.036643999999999,21.737924,2.848896,3.9934879999999993,3.2882870000000004,4.102107999999999,4.57062,9.22611,13.328218,0,144,0.07370399999999933,0.2975860000000008,0.3712900000000001,0,13.756683999999998,23.933663000000003,4.102107999999999,5.288292,4.558024,0.08873295464128882,0.10000000884191441,11.346172820578163,False,4.4209571892217525e-08,0.00500004465166759,0.002812544458250743,0.007500000663143517,-0.07500000663143573,-0.10000000884191441
300,4-skew-two-planes,skew-xy-minus-0.100-xz-minus-0.100,2.7804330000000004,2.7804330000000004,9.966895,12.747328,0,0,0.10046099999999925,0.3858719999999991,0.48633299999999835,0,12.006486,21.777586,2.8687150000000017,3.952222000000001,2.8687150000000017,4.122705999999999,4.131523999999999,9.252337,13.375043,0,126,0.024535000000000196,0.37931900000000063,0.4038540000000008,0,13.709146,23.976596,4.122705999999999,5.2458459999999985,4.122705999999999,0.10049876949626872,0.10000000884191436,11.346172820578163,False,4.4209571892217525e-08,0.00500004465166759,0.00500004465166759,0.010000000884191373,-0.10000000884191436,-0.1000000088419143
301,4-skew-two-planes,skew-xy-minus-0.100-xz-plus-0.000,2.792816,4.02163,9.9427,12.735516,0,144,0.06287200000000048,0.32843100000000014,0.3913030000000006,0,12.078567000000001,21.71807,2.792816,4.015504999999999,4.136571999999999,4.044324000000001,5.472474,9.223657,13.267981,0,144,0.11994299999999924,0.24702699999999922,0.36696999999999846,0,14.040184,23.909885,4.044324000000001,5.311440000000001,5.437079000000001,0.07088724377992178,0.10000000884191441,11.346172820578163,False,4.4209571892217525e-08,0.00500004465166759,4.4209571892217525e-08,-6.702088642443666e-17,6.141076542452433e-17,-0.10000000884191441
302,4-skew-two-planes,skew-xy-minus-0.100-xz-plus-0.025,2.801063000000001,3.870095000000001,9.940617,12.74168,0,144,0.07430199999999942,0.32209800000000044,0.39639999999999986,0,12.080306,21.718117,2.801063000000001,4.015173000000001,3.9945060000000012,4.053196,5.310281999999999,9.221443,13.274639,0,144,0.11747500000000066,0.24760700000000035,0.365082000000001,0,13.917521,23.909996,4.053196,5.311368,5.290493,0.07308025773371973,0.10000000884191441,11.346172820578163,False,4.4209571892217525e-08,0.00500004465166759,0.00031254423720283864,-0.002500000221047932,0.02500000221047869,-0.10000000884191441
303,4-skew-two-planes,skew-xy-minus-0.100-xz-plus-0.050,2.8230769999999996,3.5560279999999995,9.937374,12.760451,0,144,0.09487799999999957,0.31458600000000025,0.40946399999999983,0,12.082488,21.72145,2.8230769999999996,4.011134,3.6751179999999994,4.076077,4.9718420000000005,9.218662,13.294739,0,144,0.10578499999999913,0.25729300000000066,0.3630779999999998,0,13.825114999999998,23.914321,4.076077,5.3072680000000005,4.959928,0.07930362012400598,0.1000000088419143,11.346172820578163,False,4.4209571892217525e-08,0.00500004465166759,0.001250044320095789,-0.00500000044209578,0.050000004420957214,-0.1000000088419143
304,4-skew-two-planes,skew-xy-minus-0.100-xz-plus-0.075,2.848896999999999,3.185805,9.942802,12.791699,0,144,0.10521299999999911,0.33012000000000086,0.43533299999999997,0,12.036643999999999,21.737925,2.848896999999999,3.993487,3.288285,4.1021090000000004,4.570613999999999,9.22611,13.328219,0,144,0.07369500000000073,0.2975899999999996,0.3712850000000003,0,13.756683999999998,23.933663000000003,4.1021090000000004,5.288292,4.558021999999999,0.08873295464128886,0.10000000884191441,11.346172820578163,False,4.4209571892217525e-08,0.00500004465166759,0.002812544458250743,-0.007500000663143646,0.07500000663143579,-0.10000000884191441
305,4-skew-two-planes,skew-xy-minus-0.100-xz-plus-0.100,2.7804149999999996,2.7804149999999996,9.966892,12.747307,0,0,0.10040899999999908,0.3858940000000004,0.4863029999999995,0,12.006492,21.777585000000002,2.868717,3.952223,2.8687199999999997,4.122708000000001,4.131504000000001,9.252334,13.375042,0,144,0.024476999999999194,0.3793439999999997,0.4038209999999989,0,13.709153000000002,23.976595,4.122708000000001,5.2458480000000005,4.122711000000001,0.10049876949626883,0.10000000884191447,11.346172820578163,False,4.4209571892217525e-08,0.00500004465166759,0.00500004465166759,-0.010000000884191514,0.10000000884191447,-0.10000000884191441
306,4-skew-two-planes,skew-xy-minus-0.100-yz-minus-0.025,2.803574000000001,3.9013620000000007,9.93648,12.740054,0,144,0.07496100000000006,0.3155169999999998,0.3904779999999999,0,12.115965,21.713692,2.803574000000001,3.878463,4.1371210000000005,4.057231,5.345048,9.215708,13.272939,0,144,0.122363,0.2365359999999992,0.3588989999999992,0,13.931062,23.903945999999998,4.057231,5.171597,5.439325,0.07305887399812758,0.10000000884191441,11.346172820578163,False,4.4209571892217525e-08,0.00500004465166759,0.00031254423720283864,-0.025000002210478642,6.060971529449822e-17,-0.10000000884191441
307,4-skew-two-planes,skew-xy-minus-0.100-yz-minus-0.050,2.8335990000000013,3.6449730000000002,9.920364,12.753963,0,144,0.09926000000000101,0.28665899999999844,0.38591899999999946,0,12.116422,21.703288,2.8335990000000013,3.5729900000000008,4.136268000000001,4.0927880000000005,5.072681000000001,9.195158,13.287946,0,144,0.12606800000000007,0.2117559999999994,0.33782399999999946,0,13.859628,23.889549,4.0927880000000005,4.859939000000001,5.442862,0.07922476988014664,0.10000000884191453,11.346172820578163,False,4.4209571892217525e-08,0.005000044651667812,0.001250044320095789,-0.05000000442095718,6.535978053301031e-17,-0.10000000884191453
308,4-skew-two-planes,skew-xy-minus-0.100-yz-minus-0.075,2.8718109999999992,3.3399859999999997,9.905348,12.777159,0,144,0.11563300000000076,0.26821499999999965,0.3838480000000004,0,12.092061000000001,21.697867000000002,2.8718109999999992,3.2070849999999993,4.123386,4.136362,4.745994000000001,9.176628,13.31299,0,144,0.11606899999999953,0.20187999999999917,0.3179489999999987,0,13.819586,23.881323,4.136362,4.484488000000001,5.433438000000001,0.08857433169039126,0.10000000884191441,11.346172820578163,False,4.4209571892217525e-08,0.00500004465166759,0.002812544458250743,-0.07500000663143579,5.9007615034446e-17,-0.10000000884191441
309,4-skew-two-planes,skew-xy-minus-0.100-yz-minus-0.100,2.807372000000001,2.9986250000000005,9.909925,12.717297,0,21,0.10631200000000085,0.29649399999999915,0.402806,0,12.081418000000001,21.715927,2.899901,2.807372000000001,4.080435000000001,4.068398,4.374421,9.183867,13.252265,0,21,0.06870200000000004,0.25394399999999884,0.3226459999999989,0,13.791440999999999,23.902994999999997,4.1641780000000015,4.068398,5.3878070000000005,0.10024970155278398,0.10000000884191447,11.346172820578163,False,4.4209571892217525e-08,0.00500004465166759,0.00500004465166759,-0.10000000884191447,5.820656490441989e-17,-0.10000000884191441
310,4-skew-two-planes,skew-xy-minus-0.100-yz-plus-0.000,2.792816,4.02163,9.9427,12.735516,0,144,0.06287200000000048,0.32843100000000014,0.3913030000000006,0,12.078567000000001,21.71807,2.792816,4.015504999999999,4.136571999999999,4.044324000000001,5.472474,9.223657,13.267981,0,144,0.11994299999999924,0.24702699999999922,0.36696999999999846,0,14.040184,23.909885,4.044324000000001,5.311440000000001,5.437079000000001,0.07088724377992178,0.10000000884191441,11.346172820578163,False,4.4209571892217525e-08,0.00500004465166759,4.4209571892217525e-08,-6.702088642443666e-17,6.141076542452433e-17,-0.10000000884191441
311,4-skew-two-planes,skew-xy-minus-0.100-yz-plus-0.025,2.8035799999999984,3.901363,9.936476,12.740056,0,144,0.07496699999999912,0.31550800000000123,0.39047500000000035,0,12.115969999999999,21.713689000000002,2.8035799999999984,3.8784659999999995,4.137124999999999,4.057236,5.345046999999999,9.215704,13.27294,0,144,0.12236700000000056,0.23652799999999985,0.3588950000000004,0,13.931067999999998,23.903942999999998,4.057236,5.171598999999999,5.439328,0.07305887399812758,0.10000000884191441,11.346172820578163,False,4.4209571892217525e-08,0.00500004465166759,0.00031254423720283864,0.02500000221047862,6.221181555455044e-17,-0.10000000884191441
312,4-skew-two-planes,skew-xy-minus-0.100-yz-plus-0.050,2.8336070000000007,3.6449730000000002,9.920358,12.753965,0,144,0.09926100000000027,0.28664999999999985,0.3859110000000001,0,12.116430000000001,21.703283,2.8336070000000007,3.5729950000000006,4.136272999999999,4.092796,5.07268,9.195152,13.287948,0,144,0.12607299999999988,0.21174500000000052,0.3378180000000004,0,13.859637,23.889544,4.092796,4.8599429999999995,5.442867,0.07922476988014653,0.10000000884191441,11.346172820578163,False,4.4209571892217525e-08,0.00500004465166759,0.001250044320095789,0.05000000442095708,6.301286568457654e-17,-0.10000000884191441
313,4-skew-two-planes,skew-xy-minus-0.100-yz-plus-0.075,2.8718129999999995,3.3399829999999984,9.905347,12.77716,0,144,0.1156270000000017,0.2682169999999999,0.38384400000000163,0,12.092062,21.697866,2.8718129999999995,3.2070849999999993,4.123386,4.136365,4.745989999999999,9.176626,13.312991,0,144,0.11607000000000056,0.2018760000000004,0.31794600000000095,0,13.819587999999998,23.881321,4.136365,4.484487999999999,5.433439,0.08857433169039126,0.10000000884191441,11.346172820578163,False,4.4209571892217525e-08,0.00500004465166759,0.002812544458250743,0.07500000663143579,6.381391581460265e-17,-0.10000000884191441
314,4-skew-two-planes,skew-xy-minus-0.100-yz-plus-0.100,2.807385,2.9986059999999988,9.909914,12.717299,0,21,0.10626299999999844,0.2965030000000013,0.40276599999999974,0,12.081439,21.715917,2.8999159999999993,2.807385,4.080442999999999,4.068413000000001,4.374400000000001,9.183855,13.252268,0,21,0.06868599999999958,0.25393500000000024,0.3226209999999998,0,13.791463000000002,23.902985,4.164194,4.068413000000001,5.387816000000001,0.10024970155278402,0.10000000884191453,11.346172820578163,False,4.4209571892217525e-08,0.005000044651667812,0.00500004465166759,0.10000000884191439,5.351273520755236e-17,-0.10000000884191453
315,4-skew-two-planes,skew-xy-plus-0.000-xz-minus-0.025,4.074634999999999,5.200031999999998,9.768821,13.843456,0,126,0.023763000000000645,0.05258900000000111,0.07635200000000175,0,12.254263999999997,21.517555,4.225470999999999,4.217903999999999,4.074634999999999,5.337349999999999,6.702429,9.076126,14.413476,0,126,0.011977999999999156,0.04288900000000062,0.05486699999999978,0,14.075232999999999,23.73395,5.493271999999999,5.485422,5.337349999999999,0.01768043379462406,0.025000002210478576,11.346172820578163,False,4.4209571892217525e-08,4.4209571892217525e-08,0.00031254423720283864,-6.488506053211477e-17,-0.025000002210478576,6.408401040208867e-17
316,4-skew-two-planes,skew-xy-plus-0.000-xz-minus-0.050,3.7007449999999995,4.809709,9.817736,13.518481,0,126,0.01997900000000108,0.13491499999999945,0.15489400000000053,0,12.182393999999999,21.571838,4.193561000000001,4.163290999999999,3.7007449999999995,4.962516000000001,6.295343000000001,9.115202,14.077718,0,126,0.005421999999999372,0.11240300000000047,0.11782499999999985,0,14.005369000000002,23.778776,5.47245,5.441046,4.962516000000001,0.03537743393540549,0.05000000442095715,11.346172820578163,False,4.4209571892217525e-08,4.4209571892217525e-08,0.001250044320095789,-6.568611066214088e-17,-0.05000000442095715,6.408401040208867e-17
317,4-skew-two-planes,skew-xy-plus-0.000-xz-minus-0.075,3.258743000000001,4.4172530000000005,9.875316,13.134059,0,126,0.009516999999998887,0.23824800000000046,0.24776499999999935,0,12.172189999999999,21.638305,4.164289,4.096184000000001,3.258743000000001,4.516185999999999,5.885697,9.164054,13.68024,0,126,0.050050999999999846,0.175771000000001,0.22582200000000086,0,13.997150000000001,23.837072,5.454046999999999,5.383383,4.516185999999999,0.05310754093056134,0.07500000663143573,11.346172820578163,False,4.4209571892217525e-08,4.4209571892217525e-08,0.002812544458250743,-6.648716079216699e-17,-0.07500000663143573,6.408401040208867e-17
318,4-skew-two-planes,skew-xy-plus-0.000-xz-minus-0.100,2.792816,4.02163,9.9427,12.735516,0,126,0.06287200000000048,0.32843100000000014,0.3913030000000006,0,12.078567000000001,21.71807,4.136571999999999,4.015504999999999,2.792816,4.044324000000001,5.472474,9.223657,13.267981,0,126,0.11994299999999924,0.24702699999999922,0.36696999999999846,0,14.040184,23.909885,5.437079000000001,5.311440000000001,4.044324000000001,0.07088724377992174,0.10000000884191436,11.346172820578163,False,4.4209571892217525e-08,4.4209571892217525e-08,0.00500004465166759,-6.72882109221931e-17,-0.10000000884191436,6.408401040208867e-17
319,4-skew-two-planes,skew-xy-plus-0.000-xz-plus-0.025,4.074636,5.2000329999999995,9.76882,13.843456,0,126,0.023761999999999617,0.05258800000000008,0.0763499999999997,0,12.254264999999998,21.517554,4.225472,4.217905,4.074636,5.337351,6.702431000000001,9.076125,14.413476,0,126,0.011976999999999904,0.04288799999999959,0.0548649999999995,0,14.075234,23.733949,5.493273,5.485423000000001,5.337351,0.01768043379462414,0.025000002210478687,11.346172820578163,False,4.4209571892217525e-08,4.4209571892217525e-08,0.00031254423720283864,-6.328296027206256e-17,0.025000002210478687,6.408401040208867e-17
320,4-skew-two-planes,skew-xy-plus-0.000-xz-plus-0.050,3.7007449999999995,4.809709,9.817736,13.518481,0,126,0.01997800000000005,0.13491499999999945,0.1548929999999995,0,12.182393999999999,21.571838,4.193561000000001,4.163290999999999,3.7007449999999995,4.962516000000001,6.295343000000001,9.115202,14.077718,0,126,0.0054230000000004,0.11240199999999945,0.11782499999999985,0,14.005369000000002,23.778776,5.47245,5.441046,4.962516000000001,0.03537743393540549,0.05000000442095715,11.346172820578163,False,4.4209571892217525e-08,4.4209571892217525e-08,0.001250044320095789,-6.248191014203645e-17,0.05000000442095715,6.408401040208867e-17
321,4-skew-two-planes,skew-xy-plus-0.000-xz-plus-0.075,3.258744,4.417254,9.875315,13.134059,0,126,0.009517999999999915,0.23824600000000018,0.2477640000000001,0,12.172190999999998,21.638303999999998,4.164289999999999,4.096185,3.258744,4.516187,5.885698000000001,9.164053,13.68024,0,126,0.050052000000000874,0.17576899999999895,0.22582099999999983,0,13.997151000000002,23.837071,5.454048,5.383384000000001,4.516187,0.053107540930561414,0.07500000663143584,11.346172820578163,False,4.4209571892217525e-08,4.4209571892217525e-08,0.002812544458250743,-6.168086001201034e-17,0.07500000663143584,6.408401040208867e-17
322,4-skew-two-planes,skew-xy-plus-0.000-xz-plus-0.100,2.792833999999999,4.021634000000001,9.942686,12.73552,0,126,0.0628820000000001,0.3284059999999993,0.3912879999999994,0,12.078586,21.718056,4.136585999999999,4.015518999999999,2.792833999999999,4.044343000000001,5.472477000000001,9.223643,13.267986,0,126,0.1199539999999999,0.24700099999999914,0.36695499999999903,0,14.040205,23.909871,5.437093000000001,5.311454000000001,4.044343000000001,0.0708872437799218,0.10000000884191444,11.346172820578163,False,4.420957211426213e-08,4.4209571892217525e-08,0.00500004465166759,-7.198204061906063e-17,0.10000000884191444,-4.6938296968675356e-17
323,4-skew-two-planes,skew-xy-plus-0.000-yz-minus-0.025,4.074634999999999,5.200031999999998,9.768821,13.843456,0,21,0.023763000000000645,0.05258900000000111,0.07635200000000175,0,12.254263999999997,21.517555,4.225470999999999,4.074634999999999,4.217903999999999,5.337349999999999,6.70243,9.076126,14.413476,0,21,0.011977999999999156,0.04288900000000062,0.05486699999999978,0,14.075232999999999,23.73395,5.493271999999999,5.337349999999999,5.485422,0.017680433794624105,0.02500000221047864,11.346172820578163,False,4.4209571892217525e-08,4.4209571892217525e-08,0.00031254423720283864,-0.02500000221047864,-8.010501300261131e-19,6.408401040208867e-17
324,4-skew-two-planes,skew-xy-plus-0.000-yz-minus-0.050,3.7007449999999995,4.809709,9.817736,13.518481,0,21,0.01997900000000108,0.13491499999999945,0.15489400000000053,0,12.182393999999999,21.571838,4.193561000000001,3.7007449999999995,4.163290999999999,4.962516000000001,6.295343000000001,9.115202,14.077718,0,21,0.005421999999999372,0.11240300000000047,0.11782499999999985,0,14.005369000000002,23.778776,5.47245,4.962516000000001,5.441046,0.03537743393540552,0.05000000442095718,11.346172820578163,False,4.4209571892217525e-08,4.420957211426213e-08,0.001250044320095789,-0.05000000442095718,3.949015108485979e-18,-4.6938296968675356e-17
325,4-skew-two-planes,skew-xy-plus-0.000-yz-minus-0.075,3.258743000000001,4.4172530000000005,9.875316,13.134059,0,21,0.009516999999998887,0.23824800000000046,0.24776499999999935,0,12.172189999999999,21.638305,4.164289,3.258743000000001,4.096184000000001,4.516185999999999,5.885697,9.164054,13.68024,0,21,0.050050999999999846,0.175771000000001,0.22582200000000086,0,13.997150000000001,23.837072,5.454046999999999,4.516185999999999,5.383383,0.05310754093056138,0.07500000663143579,11.346172820578163,False,4.4209571892217525e-08,4.4209571892217525e-08,0.002812544458250743,-0.07500000663143579,-2.4031503900783276e-18,6.408401040208867e-17
326,4-skew-two-planes,skew-xy-plus-0.000-yz-minus-0.100,2.792816,4.02163,9.9427,12.735516,0,21,0.06287200000000048,0.32843100000000014,0.3913030000000006,0,12.078567000000001,21.71807,4.136571999999999,2.792816,4.015504999999999,4.044324000000001,5.472474,9.223657,13.267981,0,21,0.11994299999999924,0.24702699999999922,0.36696999999999846,0,14.040184,23.909885,5.437079000000001,4.044324000000001,5.311440000000001,0.07088724377992181,0.10000000884191447,11.346172820578163,False,4.4209571892217525e-08,4.4209571892217525e-08,0.00500004465166759,-0.10000000884191447,-3.204200520104438e-18,6.408401040208867e-17
327,4-skew-two-planes,skew-xy-plus-0.000-yz-plus-0.025,4.074636,5.2000329999999995,9.76882,13.843456,0,21,0.023761999999999617,0.05258800000000008,0.0763499999999997,0,12.254264999999998,21.517554,4.225472,4.074636,4.217905,5.337351,6.702431000000001,9.076125,14.413476,0,21,0.011976999999999904,0.04288799999999959,0.0548649999999995,0,14.075234,23.733949,5.493273,5.337351,5.485423000000001,0.017680433794624095,0.025000002210478624,11.346172820578163,False,4.4209571892217525e-08,4.4209571892217525e-08,0.00031254423720283864,0.025000002210478624,8.010501300261077e-19,6.408401040208867e-17
328,4-skew-two-planes,skew-xy-plus-0.000-yz-plus-0.050,3.7007449999999995,4.809709,9.817736,13.518481,0,21,0.01997800000000005,0.13491499999999945,0.1548929999999995,0,12.182393999999999,21.571838,4.193561000000001,3.7007449999999995,4.163290999999999,4.962516000000001,6.295343000000001,9.115202,14.077718,0,21,0.0054230000000004,0.11240199999999945,0.11782499999999985,0,14.005369000000002,23.778776,5.47245,4.962516000000001,5.441046,0.03537743393540544,0.05000000442095708,11.346172820578163,False,4.4209571892217525e-08,4.4209571892217525e-08,0.001250044320095789,0.05000000442095708,1.6021002600522119e-18,6.408401040208867e-17
329,4-skew-two-planes,skew-xy-plus-0.000-yz-plus-0.075,3.258744,4.417254,9.875315,13.134059,0,21,0.009517999999999915,0.23824600000000018,0.2477640000000001,0,12.172190999999998,21.638303999999998,4.164289999999999,3.258744,4.096185,4.516187,5.885698000000001,9.164053,13.68024,0,21,0.050052000000000874,0.17576899999999895,0.22582099999999983,0,13.997151000000002,23.837071,5.454048,4.516187,5.383384000000001,0.05310754093056138,0.07500000663143579,11.346172820578163,False,4.4209571892217525e-08,4.4209571892217525e-08,0.002812544458250743,0.07500000663143579,2.4031503900783222e-18,6.408401040208867e-17
330,4-skew-two-planes,skew-xy-plus-0.000-yz-plus-0.100,2.792833999999999,4.021634000000001,9.942686,12.73552,0,21,0.0628820000000001,0.3284059999999993,0.3912879999999994,0,12.078586,21.718056,4.136585999999999,2.792833999999999,4.015518999999999,4.044343000000001,5.472477000000001,9.223643,13.267986,0,21,0.1199539999999999,0.24700099999999914,0.36695499999999903,0,14.040205,23.909871,5.437093000000001,4.044343000000001,5.311454000000001,0.07088724377992175,0.10000000884191439,11.346172820578163,False,4.4209571892217525e-08,4.420957211426213e-08,0.00500004465166759,0.10000000884191439,-7.898030216971973e-18,-4.6938296968675356e-17
331,4-skew-two-planes,skew-xy-plus-0.025-xz-minus-0.025,4.068178999999999,5.00057,9.781033,13.849212,0,126,0.0463919999999991,0.06204800000000077,0.10843999999999987,0,12.215160999999998,21.531627,4.068178999999999,4.203747,4.068178999999999,5.335134,6.493007,9.084499,14.419633,0,126,0.029948000000000974,0.049048999999998344,0.07899699999999932,0,14.01656,23.744286,5.335134,5.475251,5.335134,0.025007814595858782,0.02500000221047867,11.346172820578163,False,4.4209571892217525e-08,0.00031254423720283864,0.00031254423720283864,-0.0006250000552620313,-0.025000002210478607,0.02500000221047867
332,4-skew-two-planes,skew-xy-plus-0.025-xz-minus-0.050,3.704319,4.650394,9.820032,13.524351,0,126,0.052514999999999645,0.1246179999999999,0.17713299999999954,0,12.161791,21.576016,4.046374,4.158941,3.704319,4.967988,6.126424,9.116043,14.084031,0,126,0.030867999999999896,0.10354300000000016,0.13441100000000006,0,13.960068000000001,23.781602999999997,5.32208,5.438313000000001,4.967988,0.0395593455602132,0.05000000442095719,11.346172820578163,False,4.420957211426213e-08,0.00031254423720283864,0.001250044320095789,-0.001250000110523994,-0.05000000442095719,0.02500000221047862
333,4-skew-two-planes,skew-xy-plus-0.025-xz-minus-0.075,3.265402,4.267308,9.874641,13.140043,0,126,0.04870599999999925,0.22010400000000097,0.2688100000000002,0,12.157588,21.639634,4.020417999999999,4.094673,3.265402,4.523944999999999,5.725842999999999,9.16277,13.686715,0,126,0.054044999999998566,0.17449200000000076,0.22853699999999932,0,13.926491,23.837958,5.306100000000001,5.382612,4.523944999999999,0.05598898512799034,0.07500000663143577,11.346172820578163,False,4.4209571892217525e-08,0.00031254423720283864,0.002812544458250743,-0.0018750001657859626,-0.07500000663143577,0.02500000221047867
334,4-skew-two-planes,skew-xy-plus-0.025-xz-minus-0.100,2.801063000000001,3.870095000000001,9.940617,12.74168,0,126,0.07430299999999868,0.32209800000000044,0.3964009999999991,0,12.080306,21.718117,3.9945060000000012,4.015173000000001,2.801063000000001,4.053196,5.310281999999999,9.221443,13.274639,0,126,0.11747500000000066,0.24760700000000035,0.365082000000001,0,13.917521,23.909996,5.290493,5.311368,4.053196,0.07308025773371972,0.1000000088419144,11.346172820578163,False,4.4209571892217525e-08,0.00031254423720283864,0.00500004465166759,-0.0025000002210479296,-0.1000000088419144,0.02500000221047867
335,4-skew-two-planes,skew-xy-plus-0.025-xz-plus-0.000,4.074636,5.2000329999999995,9.76882,13.843456,0,144,0.023761999999999617,0.05258800000000008,0.0763499999999997,0,12.254264999999998,21.517554,4.074636,4.217905,4.225472,5.337351,6.702431000000001,9.076125,14.413476,0,144,0.011976999999999904,0.04288799999999959,0.0548649999999995,0,14.075234,23.733949,5.337351,5.485423000000001,5.493273,0.017680433794624126,0.02500000221047867,11.346172820578163,False,4.4209571892217525e-08,0.00031254423720283864,4.4209571892217525e-08,-6.42701594847146e-17,2.4596041896006737e-17,0.02500000221047867
336,4-skew-two-planes,skew-xy-plus-0.025-xz-plus-0.025,4.068178999999999,5.00057,9.781033,13.849212,0,126,0.0463900000000006,0.06204900000000002,0.10843900000000062,0,12.215160999999998,21.531627,4.068178999999999,4.203747,4.068178999999999,5.335134,6.4930080000000014,9.084499,14.419633,0,126,0.029946000000000694,0.04904999999999937,0.07899600000000007,0,14.01656,23.744286,5.335134,5.475251,5.335134,0.025007814595858758,0.02500000221047862,11.346172820578163,False,4.420957211426213e-08,0.00031254423720283864,0.00031254423720283864,0.0006250000552618998,0.025000002210478607,0.02500000221047862
337,4-skew-two-planes,skew-xy-plus-0.025-xz-plus-0.050,3.704319999999999,4.650395,9.820031,13.524351,0,126,0.052512000000000114,0.1246179999999999,0.17713,0,12.161791999999998,21.576014999999998,4.046374999999999,4.158942,3.704319999999999,4.967988999999999,6.126426,9.116042,14.084031,0,126,0.030865000000000364,0.10354300000000016,0.13440800000000053,0,13.960069,23.781602,5.322080999999999,5.438314,4.967988999999999,0.0395593455602132,0.05000000442095718,11.346172820578163,False,4.4209571892217525e-08,0.00031254423720283864,0.001250044320095789,0.0012500001105238668,0.05000000442095718,0.02500000221047867
338,4-skew-two-planes,skew-xy-plus-0.025-xz-plus-0.075,3.265402,4.267308,9.874641,13.140043,0,126,0.04870400000000075,0.22010500000000022,0.26880900000000096,0,12.157588,21.639634,4.020417999999999,4.094673,3.265402,4.523945999999999,5.725843999999999,9.162769,13.686715,0,126,0.054045999999999594,0.17449000000000048,0.22853600000000007,0,13.926492,23.837957000000003,5.306101,5.382612999999999,4.523945999999999,0.05598898512799031,0.07500000663143576,11.346172820578163,False,4.420957211426213e-08,0.00031254423720283864,0.002812544458250743,0.001875000165785828,0.07500000663143576,0.02500000221047862
339,4-skew-two-planes,skew-xy-plus-0.025-xz-plus-0.100,2.801081,3.8700980000000005,9.940603,12.741684,0,126,0.07430800000000026,0.3220749999999999,0.39638300000000015,0,12.080324000000001,21.718104,3.9945210000000007,4.015187000000001,2.801081,4.053215999999999,5.310286999999999,9.221427,13.274643,0,126,0.11748500000000028,0.247579,0.3650640000000003,0,13.917544000000001,23.90998,5.290509999999999,5.311384,4.053215999999999,0.07308025773371975,0.10000000884191446,11.346172820578163,False,4.420957211426213e-08,0.00031254423720283864,0.00500004465166759,0.002500000221047795,0.10000000884191446,0.02500000221047862
340,4-skew-two-planes,skew-xy-plus-0.025-yz-minus-0.025,4.062288000000001,5.009138,9.779414,13.841702,0,21,0.04762799999999956,0.058997999999998996,0.10662599999999856,0,12.217199,21.529989,4.0695450000000015,4.062288000000001,4.212726,5.329456,6.502549,9.08239,14.411846,0,21,0.03154099999999893,0.04508700000000054,0.07662799999999947,0,14.020019999999999,23.742157,5.336978,5.329456,5.484997,0.025003909260879777,0.02500000221047867,11.346172820578163,False,4.4209571892217525e-08,0.00031254423720283864,0.00031254423720283864,-0.02500000221047864,2.379499176598063e-17,0.02500000221047867
341,4-skew-two-planes,skew-xy-plus-0.025-yz-minus-0.050,3.69975,4.666986999999999,9.817149,13.516899,0,21,0.05281500000000072,0.12013400000000019,0.1729490000000009,0,12.166913000000001,21.573061000000003,4.04824,3.69975,4.168545,4.963725,6.144541,9.112586,14.076311,0,21,0.029547999999998353,0.09901300000000113,0.12856099999999948,0,13.968532,23.778067,5.324475999999999,4.963725,5.448748999999999,0.03954946992077394,0.05000000442095718,11.346172820578163,False,4.4209571892217525e-08,0.0003125442372030607,0.001250044320095789,-0.05000000442095718,2.854505700449272e-17,0.02500000221047856
342,4-skew-two-planes,skew-xy-plus-0.025-yz-minus-0.075,3.2614420000000006,4.290597,9.871169,13.132611,0,21,0.04481599999999908,0.2168100000000006,0.2616259999999997,0,12.165178,21.635997,4.021609,3.2614420000000006,4.1038809999999994,4.520226000000001,5.751015000000001,9.158788,13.679014,0,21,0.04827700000000057,0.1713869999999993,0.21966399999999986,0,13.935777,23.833795000000002,5.307701,4.520226000000001,5.392529,0.05597328508182699,0.07500000663143579,11.346172820578163,False,4.4209571892217525e-08,0.00031254423720283864,0.002812544458250743,-0.07500000663143579,2.2192891505928412e-17,0.02500000221047867
343,4-skew-two-planes,skew-xy-plus-0.025-yz-minus-0.100,2.7975649999999987,3.900138,9.936697,12.734262,0,21,0.06792500000000068,0.31935499999999983,0.3872800000000005,0,12.0922,21.713905,3.994375,2.7975649999999987,4.023411999999999,4.049866,5.342615,9.217077,13.266943,0,21,0.11190999999999995,0.2438109999999991,0.35572099999999907,0,13.926338999999999,23.905307999999998,5.290627000000001,4.049866,5.3201909999999994,0.07305887399812762,0.10000000884191447,11.346172820578163,False,4.4209571892217525e-08,0.00031254423720283864,0.00500004465166759,-0.10000000884191447,2.13918413759023e-17,0.02500000221047867
344,4-skew-two-planes,skew-xy-plus-0.025-yz-plus-0.000,4.074636,5.2000329999999995,9.76882,13.843456,0,144,0.023761999999999617,0.05258800000000008,0.0763499999999997,0,12.254264999999998,21.517554,4.074636,4.217905,4.225472,5.337351,6.702431000000001,9.076125,14.413476,0,144,0.011976999999999904,0.04288799999999959,0.0548649999999995,0,14.075234,23.733949,5.337351,5.485423000000001,5.493273,0.017680433794624126,0.02500000221047867,11.346172820578163,False,4.4209571892217525e-08,0.00031254423720283864,4.4209571892217525e-08,-6.42701594847146e-17,2.4596041896006737e-17,0.02500000221047867
345,4-skew-two-planes,skew-xy-plus-0.025-yz-plus-0.025,4.062288000000001,5.009139000000001,9.779414,13.841702,0,21,0.04762599999999928,0.058999000000000024,0.1066249999999993,0,12.217199,21.529989,4.0695450000000015,4.062288000000001,4.212726,5.329457,6.502549999999999,9.08239,14.411847,0,21,0.03153900000000043,0.045087999999999795,0.07662700000000022,0,14.020019999999999,23.742157,5.336978,5.329457,5.484997,0.02500390926087977,0.02500000221047867,11.346172820578163,False,4.4209571892217525e-08,0.00031254423720283864,0.00031254423720283864,0.025000002210478624,2.5397092026032847e-17,0.02500000221047867
346,4-skew-two-planes,skew-xy-plus-0.025-yz-plus-0.050,3.699751000000001,4.666988,9.817148,13.516899,0,21,0.052813999999999695,0.12013299999999916,0.17294699999999885,0,12.166914000000002,21.573059999999998,4.048241000000001,3.699751000000001,4.168546000000001,4.963726000000001,6.1445430000000005,9.112585,14.076311,0,21,0.02954599999999985,0.09901299999999935,0.1285589999999992,0,13.968533,23.778066,5.324477,4.963726000000001,5.44875,0.039549469920773905,0.05000000442095708,11.346172820578163,False,4.4209571892217525e-08,0.00031254423720283864,0.001250044320095789,0.05000000442095708,2.619814215605895e-17,0.02500000221047867
347,4-skew-two-planes,skew-xy-plus-0.025-yz-plus-0.075,3.261443,4.290597999999999,9.871168,13.132611,0,21,0.044814000000000576,0.2168100000000006,0.2616240000000012,0,12.165178999999998,21.635996,4.021609999999999,3.261443,4.103881999999999,4.520226000000001,5.751016,9.158788,13.679014,0,21,0.04827700000000057,0.1713869999999993,0.21966399999999986,0,13.935777,23.833795000000002,5.307701,4.520226000000001,5.392529,0.05597328508182699,0.07500000663143579,11.346172820578163,False,4.4209571892217525e-08,0.00031254423720283864,0.002812544458250743,0.07500000663143579,2.699919228608506e-17,0.02500000221047867
348,4-skew-two-planes,skew-xy-plus-0.025-yz-plus-0.100,2.7975840000000005,3.900143,9.936682,12.734266,0,21,0.06793099999999974,0.31933100000000003,0.3872619999999998,0,12.09222,21.71389,3.9943910000000002,2.7975840000000005,4.023427,4.049885,5.342618,9.217062,13.266947,0,21,0.11191999999999958,0.2437850000000008,0.3557050000000004,0,13.926360999999998,23.905293999999998,5.290642999999999,4.049885,5.320205999999999,0.07305887399812755,0.10000000884191439,11.346172820578163,False,4.4209571892217525e-08,0.0003125442372030607,0.00500004465166759,0.10000000884191439,1.6698011679034766e-17,0.02500000221047856
349,4-skew-two-planes,skew-xy-plus-0.050-xz-minus-0.025,3.704319,4.650394,9.820032,13.524351,0,144,0.052514000000000394,0.1246179999999999,0.1771320000000003,0,12.161791,21.576016,3.704319,4.158941,4.046374,4.967988999999999,6.126424999999999,9.116042,14.084031,0,144,0.030867999999999896,0.10354200000000091,0.1344100000000008,0,13.960069,23.781602,4.967988999999999,5.438314,5.322080999999999,0.0395593455602132,0.05000000442095722,11.346172820578163,False,4.4209571892217525e-08,0.001250044320095789,0.00031254423720283864,-0.0012500001105239947,-0.025000002210478576,0.05000000442095722
350,4-skew-two-planes,skew-xy-plus-0.050-xz-minus-0.075,3.280176000000001,3.9594400000000007,9.878293,13.158469,0,126,0.0861010000000011,0.21431099999999859,0.3004119999999997,0,12.102237000000002,21.649276999999998,3.692744000000001,4.084441,3.280176000000001,4.540438,5.396132,9.165706,13.706144,0,126,0.056086999999999776,0.18568600000000046,0.24177300000000024,0,13.847472,23.847321,4.968695,5.373516,4.540438,0.06386708844767203,0.07500000663143573,11.346172820578163,False,4.4209571892217525e-08,0.001250044320095789,0.002812544458250743,-0.0037500003315718523,-0.07500000663143573,0.05000000442095722
351,4-skew-two-planes,skew-xy-plus-0.050-xz-minus-0.100,2.8230769999999996,3.5560279999999995,9.937374,12.760451,0,126,0.09487799999999957,0.31458600000000025,0.40946399999999983,0,12.082488,21.72145,3.6751179999999994,4.011134,2.8230769999999996,4.076077,4.9718420000000005,9.218662,13.294739,0,126,0.10578499999999913,0.25729300000000066,0.3630779999999998,0,13.825114999999998,23.914321,4.959928,5.3072680000000005,4.076077,0.07930362012400602,0.10000000884191436,11.346172820578163,False,4.4209571892217525e-08,0.001250044320095789,0.00500004465166759,-0.005000000442095784,-0.10000000884191436,0.05000000442095722
352,4-skew-two-planes,skew-xy-plus-0.050-xz-plus-0.000,3.7007449999999995,4.809709,9.817736,13.518481,0,144,0.01997800000000005,0.13491499999999945,0.1548929999999995,0,12.182393999999999,21.571838,3.7007449999999995,4.163290999999999,4.193561000000001,4.962516000000001,6.295343000000001,9.115202,14.077718,0,144,0.0054230000000004,0.11240199999999945,0.11782499999999985,0,14.005369000000002,23.778776,4.962516000000001,5.441046,5.47245,0.035377433935405544,0.05000000442095722,11.346172820578163,False,4.4209571892217525e-08,0.001250044320095789,4.4209571892217525e-08,-6.566513775442957e-17,4.1945815422620434e-19,0.05000000442095722
353,4-skew-two-planes,skew-xy-plus-0.050-xz-plus-0.025,3.704319,4.650394,9.820032,13.524351,0,144,0.052512000000000114,0.12461899999999915,0.17713099999999926,0,12.161791,21.576016,3.704319,4.158941,4.046374,4.967988999999999,6.126426,9.116042,14.084031,0,144,0.030865000000000364,0.10354300000000016,0.13440800000000053,0,13.960069,23.781602,4.967988999999999,5.438314,5.322080999999999,0.0395593455602132,0.050000004420957166,11.346172820578163,False,4.4209571892217525e-08,0.001250044320095789,0.00031254423720283864,0.0012500001105238672,0.025000002210478687,0.050000004420957166
354,4-skew-two-planes,skew-xy-plus-0.050-xz-plus-0.075,3.280176000000001,3.9594400000000007,9.878293,13.158469,0,126,0.08609899999999904,0.21431199999999961,0.30041099999999865,0,12.102237000000002,21.649276999999998,3.692744000000001,4.084441,3.280176000000001,4.540438999999999,5.396132999999999,9.165705,13.706144,0,126,0.056086000000000524,0.1856850000000012,0.24177100000000173,0,13.847472999999999,23.847320000000003,4.968696,5.373517,4.540438999999999,0.0638670884476721,0.07500000663143584,11.346172820578163,False,4.4209571892217525e-08,0.001250044320095789,0.002812544458250743,0.0037500003315717265,0.07500000663143584,0.05000000442095722
355,4-skew-two-planes,skew-xy-plus-0.050-xz-plus-0.100,2.823096999999999,3.556032,9.937359,12.760456,0,126,0.09488200000000013,0.31456200000000045,0.4094440000000006,0,12.082508999999998,21.721436,3.675134999999999,4.011149,2.823096999999999,4.076096999999999,4.971845999999999,9.218647,13.294744,0,126,0.10579300000000025,0.2572670000000006,0.3630600000000008,0,13.825137999999999,23.914307,4.959944999999999,5.307283,4.076096999999999,0.07930362012400603,0.10000000884191441,11.346172820578163,False,4.4209571892217525e-08,0.001250044320095789,0.00500004465166759,0.00500000044209565,0.10000000884191441,0.050000004420957166
356,4-skew-two-planes,skew-xy-plus-0.050-yz-minus-0.025,3.706581999999999,4.667238999999999,9.817054,13.523636,0,144,0.053664000000001266,0.11956699999999998,0.17323100000000125,0,12.168577999999998,21.572966,3.706581999999999,4.019299,4.1913399999999985,4.971215000000001,6.145223000000001,9.11207,14.083285,0,144,0.03388299999999944,0.09607199999999949,0.12995499999999893,0,13.971259,23.777551,4.971215000000001,5.294895,5.472815000000001,0.03954946992077398,0.05000000442095722,11.346172820578163,False,4.4209571892217525e-08,0.001250044320095789,0.00031254423720283864,-0.025000002210478642,-3.81591975799906e-19,0.05000000442095722
357,4-skew-two-planes,skew-xy-plus-0.050-yz-minus-0.075,3.264704,4.025076,9.864092,13.128796,0,21,0.08250099999999883,0.19471099999999986,0.2772119999999987,0,12.127580000000002,21.634428999999997,3.7005250000000007,3.264704,4.121624000000001,4.526530000000001,5.468207,9.148845,13.675375,0,21,0.045347999999998834,0.16571300000000022,0.21106099999999905,0,13.874667,23.829746,4.978836000000001,4.526530000000001,5.4141639999999995,0.06381201873894425,0.07500000663143579,11.346172820578163,False,4.4209571892217525e-08,0.001250044320095789,0.002812544458250743,-0.07500000663143579,-1.9836922358521206e-18,0.05000000442095722
358,4-skew-two-planes,skew-xy-plus-0.050-yz-minus-0.100,2.8096259999999997,3.642232,9.921182,12.730808,0,21,0.08020099999999886,0.2974300000000003,0.37763099999999916,0,12.109504,21.7041,3.679881999999999,2.8096259999999997,4.044739,4.063649,5.065469,9.200332,13.263981,0,21,0.08630699999999969,0.23941499999999927,0.32572199999999896,0,13.852420000000002,23.894714999999998,4.9663070000000005,4.063649,5.343555,0.07922476988014661,0.10000000884191447,11.346172820578163,False,4.4209571892217525e-08,0.001250044320095789,0.00500004465166759,-0.10000000884191447,-2.784742365878231e-18,0.05000000442095722
359,4-skew-two-planes,skew-xy-plus-0.050-yz-plus-0.000,3.7007449999999995,4.809709,9.817736,13.518481,0,144,0.01997800000000005,0.13491499999999945,0.1548929999999995,0,12.182393999999999,21.571838,3.7007449999999995,4.163290999999999,4.193561000000001,4.962516000000001,6.295343000000001,9.115202,14.077718,0,144,0.0054230000000004,0.11240199999999945,0.11782499999999985,0,14.005369000000002,23.778776,4.962516000000001,5.441046,5.47245,0.035377433935405544,0.05000000442095722,11.346172820578163,False,4.4209571892217525e-08,0.001250044320095789,4.4209571892217525e-08,-6.566513775442957e-17,4.1945815422620434e-19,0.05000000442095722
360,4-skew-two-planes,skew-xy-plus-0.050-yz-plus-0.025,3.706581999999999,4.667238999999999,9.817054,13.523636,0,144,0.05366199999999921,0.119568000000001,0.17323000000000022,0,12.168577999999998,21.572966,3.706581999999999,4.019299,4.1913399999999985,4.971215000000001,6.145223000000001,9.11207,14.083285,0,144,0.03388100000000094,0.09607299999999874,0.12995399999999968,0,13.971259,23.777552,4.971215000000001,5.294896000000001,5.472815000000001,0.03954946992077398,0.05000000442095722,11.346172820578163,False,4.4209571892217525e-08,0.001250044320095789,0.00031254423720283864,0.025000002210478624,1.2205082842523147e-18,0.05000000442095722
361,4-skew-two-planes,skew-xy-plus-0.050-yz-plus-0.075,3.2647049999999993,4.025077,9.864091,13.128796,0,21,0.08249900000000032,0.19471099999999986,0.2772100000000002,0,12.127581999999999,21.634428,3.700526,3.2647049999999993,4.121625,4.526531,5.468207999999999,9.148844,13.675375,0,21,0.04534600000000033,0.16571300000000022,0.21105900000000055,0,13.874668,23.829745000000003,4.978835999999999,4.526531,5.414164999999999,0.06381201873894425,0.07500000663143579,11.346172820578163,False,4.4209571892217525e-08,0.001250044320095789,0.002812544458250743,0.07500000663143579,2.8226085443045292e-18,0.05000000442095722
362,4-skew-two-planes,skew-xy-plus-0.050-yz-plus-0.100,2.809647,3.6422380000000008,9.921166,12.730813,0,21,0.08020400000000016,0.2974049999999995,0.37760899999999964,0,12.109528000000001,21.704085,3.6799,2.809647,4.044755,4.063670999999999,5.065476,9.200315,13.263986,0,21,0.08631699999999931,0.23938599999999965,0.32570299999999897,0,13.852445,23.894697999999998,4.966327,4.063670999999999,5.343573000000001,0.07922476988014653,0.10000000884191439,11.346172820578163,False,4.4209571892217525e-08,0.001250044320096011,0.00500004465166759,0.10000000884191439,-7.478572062745766e-18,0.05000000442095711
363,4-skew-two-planes,skew-xy-plus-0.075-xz-minus-0.025,3.265402,4.267308,9.874641,13.140043,0,144,0.04870599999999925,0.22010400000000097,0.2688100000000002,0,12.157588,21.639634,3.265402,4.094673,4.020417999999999,4.523945999999999,5.725842999999999,9.162769,13.686715,0,144,0.054045999999999594,0.17449000000000048,0.22853600000000007,0,13.926492,23.837957000000003,4.523945999999999,5.382612999999999,5.306101,0.05598898512799035,0.07500000663143583,11.346172820578163,False,4.4209571892217525e-08,0.002812544458250743,0.00031254423720283864,-0.0018750001657859585,-0.02500000221047855,0.07500000663143583
364,4-skew-two-planes,skew-xy-plus-0.075-xz-minus-0.050,3.280176000000001,3.9594400000000007,9.878293,13.158469,0,144,0.0861010000000011,0.21431099999999859,0.3004119999999997,0,12.102237000000002,21.649276999999998,3.280176000000001,4.084441,3.692743,4.540438999999999,5.396132999999999,9.165705,13.706144,0,144,0.056088000000000804,0.18568400000000018,0.24177200000000099,0,13.847472999999999,23.847320000000003,4.540438999999999,5.373517999999999,4.968696,0.06386708844767204,0.07500000663143579,11.346172820578163,False,4.420957211426213e-08,0.002812544458250743,0.001250044320095789,-0.0037500003315718493,-0.05000000442095714,0.07500000663143579
365,4-skew-two-planes,skew-xy-plus-0.075-xz-minus-0.075,3.2889169999999996,3.5909259999999996,9.89948,13.188397,0,126,0.1014520000000001,0.25036099999999983,0.35181299999999993,0,12.062449999999998,21.680405999999998,3.2889169999999996,4.052273,3.2889169999999996,4.553322000000001,5.002096,9.185329,13.738651,0,126,0.04591299999999876,0.23299100000000017,0.27890399999999893,0,13.791654000000001,23.87773,4.553323000000001,5.343557000000001,4.553322000000001,0.0752106516570245,0.07500000663143583,11.346172820578163,False,4.4209571892217525e-08,0.002812544458250743,0.002812544458250743,-0.00562500049735775,-0.07500000663143577,0.07500000663143583
366,4-skew-two-planes,skew-xy-plus-0.075-xz-minus-0.100,2.848896999999999,3.185805,9.942802,12.791699,0,126,0.10521299999999911,0.33012000000000086,0.43533299999999997,0,12.036643999999999,21.737925,3.288285,3.993487,2.848896999999999,4.1021090000000004,4.570613999999999,9.22611,13.328219,0,126,0.07369500000000073,0.2975899999999996,0.3712850000000003,0,13.756683999999998,23.933663000000003,4.558021999999999,5.288292,4.1021090000000004,0.08873295464128886,0.1000000088419144,11.346172820578163,False,4.4209571892217525e-08,0.002812544458250743,0.00500004465166759,-0.007500000663143648,-0.1000000088419144,0.07500000663143583
367,4-skew-two-planes,skew-xy-plus-0.075-xz-plus-0.000,3.258744,4.417254,9.875315,13.134059,0,144,0.009517999999999915,0.23824600000000018,0.2477640000000001,0,12.172190999999998,21.638303999999998,3.258744,4.096185,4.164289999999999,4.516187,5.885698000000001,9.164053,13.68024,0,144,0.050052000000000874,0.17576899999999895,0.22582099999999983,0,13.997151000000002,23.837071,4.516187,5.383384000000001,5.454048,0.05310754093056141,0.07500000663143583,11.346172820578163,False,4.4209571892217525e-08,0.002812544458250743,4.4209571892217525e-08,-6.461099828839952e-17,2.5015500050232937e-17,0.07500000663143583
368,4-skew-two-planes,skew-xy-plus-0.075-xz-plus-0.025,3.265402,4.267308,9.874641,13.140043,0,144,0.04870400000000075,0.22010500000000022,0.26880900000000096,0,12.157588,21.639634,3.265402,4.094673,4.020417999999999,4.523945999999999,5.725843999999999,9.162769,13.686715,0,144,0.054045999999999594,0.17449000000000048,0.22853600000000007,0,13.926492,23.837957000000003,4.523945999999999,5.382612999999999,5.306101,0.05598898512799033,0.07500000663143579,11.346172820578163,False,4.420957211426213e-08,0.002812544458250743,0.00031254423720283864,0.0018750001657858277,0.025000002210478607,0.07500000663143579
369,4-skew-two-planes,skew-xy-plus-0.075-xz-plus-0.050,3.280176000000001,3.9594400000000007,9.878293,13.158469,0,144,0.08609899999999904,0.21431199999999961,0.30041099999999865,0,12.102237000000002,21.649276999999998,3.280176000000001,4.084441,3.692744000000001,4.540438999999999,5.396132999999999,9.165705,13.706144,0,144,0.056086000000000524,0.1856850000000012,0.24177100000000173,0,13.847472999999999,23.847320000000003,4.540438999999999,5.373517,4.968696,0.06386708844767207,0.07500000663143583,11.346172820578163,False,4.4209571892217525e-08,0.002812544458250743,0.001250044320095789,0.0037500003315717226,0.05000000442095718,0.07500000663143583
370,4-skew-two-planes,skew-xy-plus-0.075-xz-plus-0.075,3.288919,3.5909260000000014,9.899479,13.188398,0,126,0.10144899999999879,0.25036099999999983,0.3518099999999986,0,12.062451,21.680405999999998,3.288919,4.052274000000001,3.288919,4.553324,5.002096999999999,9.185328,13.738652,0,126,0.04590999999999923,0.23299100000000017,0.2789009999999994,0,13.791655,23.87773,4.553324,5.343558,4.553324,0.07521065165702447,0.07500000663143583,11.346172820578163,False,4.4209571892217525e-08,0.002812544458250743,0.002812544458250743,0.005625000497357616,0.07500000663143574,0.07500000663143583
371,4-skew-two-planes,skew-xy-plus-0.075-xz-plus-0.100,2.848917,3.18581,9.942787,12.791704,0,126,0.10521299999999911,0.33009799999999956,0.43531099999999867,0,12.036667000000001,21.73791,3.2883010000000006,3.993502000000001,2.848917,4.102129,4.570615,9.226096,13.328225,0,126,0.0737009999999998,0.2975670000000008,0.3712680000000006,0,13.756706,23.93365,4.558038,5.288306,4.102129,0.08873295464128889,0.10000000884191446,11.346172820578163,False,4.420957211426213e-08,0.002812544458250743,0.00500004465166759,0.007500000663143513,0.10000000884191446,0.07500000663143579
372,4-skew-two-planes,skew-xy-plus-0.075-yz-minus-0.025,3.267868,4.291262999999999,9.870988,13.138856,0,144,0.04888099999999973,0.2145090000000014,0.2633900000000011,0,12.168097,21.635818,3.267868,3.956467,4.164591999999999,4.527704,5.752545,9.157771,13.685475,0,144,0.057959000000000316,0.1650279999999995,0.22298699999999982,0,13.940674000000001,23.832781,4.527704,5.241002,5.456348,0.05597328508182701,0.07500000663143583,11.346172820578163,False,4.4209571892217525e-08,0.002812544458250743,0.00031254423720283864,-0.02500000221047864,2.421444992020683e-17,0.07500000663143583
373,4-skew-two-planes,skew-xy-plus-0.075-yz-minus-0.050,3.29026,4.026370999999999,9.863505,13.153765,0,144,0.08880599999999994,0.19068200000000068,0.2794880000000006,0,12.131601,21.633844,3.29026,3.6405019999999997,4.1600269999999995,4.555207000000001,5.4718,9.146009,13.701216,0,144,0.06923699999999933,0.1495160000000002,0.21875299999999953,0,13.879285,23.826912999999998,4.555207000000001,4.918916000000001,5.456234,0.0638120187389442,0.07500000663143572,11.346172820578163,False,4.4209571892217525e-08,0.002812544458250965,0.001250044320095789,-0.05000000442095718,2.896451515871892e-17,0.07500000663143572
374,4-skew-two-planes,skew-xy-plus-0.075-yz-minus-0.075,3.250209,3.702736,9.871424,13.121633,0,21,0.10339399999999976,0.2070609999999995,0.31045499999999926,0,12.106209000000002,21.650886999999997,3.3063850000000006,3.250209,4.132188000000001,4.518980000000001,5.127123000000001,9.150433,13.669413,0,21,0.05633900000000125,0.1752659999999988,0.23160500000000006,0,13.840047000000002,23.841214,4.577122000000001,4.518980000000001,5.432086,0.07510540464824515,0.07500000663143583,11.346172820578163,False,4.4209571892217525e-08,0.002812544458250743,0.002812544458250743,-0.07500000663143579,2.2612349660154616e-17,0.07500000663143583
375,4-skew-two-planes,skew-xy-plus-0.075-yz-minus-0.100,2.8183559999999996,3.3371259999999996,9.906717,12.725073,0,21,0.09277299999999933,0.28170300000000026,0.3744759999999996,0,12.087516999999998,21.699207,3.305536,2.8183559999999996,4.069151999999999,4.0746459999999995,4.736606,9.184431,13.259077,0,21,0.041396999999999906,0.25092599999999976,0.29232299999999967,0,13.810849000000001,23.889096000000002,4.580003,4.0746459999999995,5.3707840000000004,0.08857433169039129,0.10000000884191447,11.346172820578163,False,4.4209571892217525e-08,0.002812544458250743,0.00500004465166759,-0.10000000884191447,2.1811299530128505e-17,0.07500000663143583
376,4-skew-two-planes,skew-xy-plus-0.075-yz-plus-0.000,3.258744,4.417254,9.875315,13.134059,0,144,0.009517999999999915,0.23824600000000018,0.2477640000000001,0,12.172190999999998,21.638303999999998,3.258744,4.096185,4.164289999999999,4.516187,5.885698000000001,9.164053,13.68024,0,144,0.050052000000000874,0.17576899999999895,0.22582099999999983,0,13.997151000000002,23.837071,4.516187,5.383384000000001,5.454048,0.05310754093056141,0.07500000663143583,11.346172820578163,False,4.4209571892217525e-08,0.002812544458250743,4.4209571892217525e-08,-6.461099828839952e-17,2.5015500050232937e-17,0.07500000663143583
377,4-skew-two-planes,skew-xy-plus-0.075-yz-plus-0.025,3.267868,4.291262999999999,9.870988,13.138856,0,144,0.04887899999999945,0.21451000000000064,0.2633890000000001,0,12.168095999999998,21.635818,3.267868,3.956467,4.164591999999999,4.527704999999999,5.752545999999999,9.157771,13.685476,0,144,0.057957000000000036,0.16502900000000054,0.22298600000000057,0,13.940674000000001,23.83278,4.527704999999999,5.241002,5.456348,0.055973285081827,0.07500000663143583,11.346172820578163,False,4.4209571892217525e-08,0.002812544458250743,0.00031254423720283864,0.025000002210478624,2.581655018025905e-17,0.07500000663143583
378,4-skew-two-planes,skew-xy-plus-0.075-yz-plus-0.050,3.29026,4.026370999999999,9.863505,13.153765,0,144,0.08880399999999966,0.19068299999999994,0.2794869999999996,0,12.131601,21.633844,3.29026,3.6405019999999997,4.1600269999999995,4.555206,5.471798999999999,9.14601,13.701216,0,144,0.06923499999999905,0.14951800000000048,0.21875299999999953,0,13.879283999999998,23.826914000000002,4.555206,4.918915,5.456232999999999,0.06381201873894422,0.07500000663143583,11.346172820578163,False,4.4209571892217525e-08,0.002812544458250743,0.001250044320095789,0.05000000442095708,2.6617600310285155e-17,0.07500000663143583
379,4-skew-two-planes,skew-xy-plus-0.075-yz-plus-0.075,3.250211,3.702736999999999,9.871423,13.121634,0,21,0.1033899999999992,0.20706200000000052,0.31045199999999973,0,12.10621,21.650886,3.306386,3.250211,4.132189,4.518980000000001,5.127123000000001,9.150433,13.669413,0,21,0.05633599999999994,0.17526699999999984,0.23160299999999978,0,13.840047000000002,23.841214,4.577122000000001,4.518980000000001,5.432086,0.07510540464824515,0.07500000663143583,11.346172820578163,False,4.4209571892217525e-08,0.002812544458250743,0.002812544458250743,0.07500000663143579,2.7418650440311265e-17,0.07500000663143583
380,4-skew-two-planes,skew-xy-plus-0.075-yz-plus-0.100,2.8183740000000004,3.3371320000000004,9.906703,12.725077,0,21,0.09277400000000036,0.281682,0.37445600000000034,0,12.087539,21.699193,3.3055520000000005,2.8183740000000004,4.069167,4.0746639999999985,4.736609999999999,9.184418,13.259082,0,21,0.04140199999999972,0.25090500000000127,0.292307000000001,0,13.810869999999998,23.889084,4.580017999999999,4.0746639999999985,5.370797999999999,0.08857433169039122,0.10000000884191439,11.346172820578163,False,4.4209571892217525e-08,0.002812544458250965,0.00500004465166759,0.10000000884191439,1.711746983326097e-17,0.07500000663143572
381,4-skew-two-planes,skew-xy-plus-0.100-xz-minus-0.025,2.801081,3.8700980000000005,9.940603,12.741684,0,144,0.07431000000000054,0.32207399999999886,0.3963839999999994,0,12.080324000000001,21.718104,2.801081,4.015187000000001,3.9945210000000007,4.053215,5.310286,9.221428,13.274643,0,144,0.11748599999999954,0.24757999999999925,0.3650659999999988,0,13.917543000000002,23.909981000000002,4.053215,5.311383000000001,5.290509,0.07308025773371973,0.10000000884191443,11.346172820578163,False,4.4209571892217525e-08,0.00500004465166759,0.00031254423720283864,-0.002500000221047932,-0.02500000221047864,0.10000000884191443
382,4-skew-two-planes,skew-xy-plus-0.100-xz-minus-0.050,2.823096999999999,3.556032,9.937359,12.760456,0,144,0.09488399999999864,0.3145610000000012,0.40944499999999984,0,12.082508999999998,21.721436,2.823096999999999,4.011149,3.675134999999999,4.076096999999999,4.971845999999999,9.218647,13.294744,0,144,0.1057939999999995,0.2572670000000006,0.3630610000000001,0,13.825136999999998,23.914307,4.076096999999999,5.307283,4.959944999999999,0.07930362012400606,0.10000000884191443,11.346172820578163,False,4.4209571892217525e-08,0.00500004465166759,0.001250044320095789,-0.00500000044209579,-0.05000000442095721,0.10000000884191443
383,4-skew-two-planes,skew-xy-plus-0.100-xz-minus-0.075,2.848915999999999,3.1858079999999998,9.942788,12.791704,0,144,0.10521500000000117,0.33009799999999956,0.4353130000000007,0,12.036666,21.737911,2.848915999999999,3.993501,3.2882999999999996,4.102128,4.570614000000001,9.226097,13.328225,0,144,0.07370300000000007,0.297566999999999,0.3712699999999991,0,13.756705,23.933650999999998,4.102128,5.288305000000001,4.558037000000001,0.08873295464128887,0.10000000884191443,11.346172820578163,False,4.4209571892217525e-08,0.00500004465166759,0.002812544458250743,-0.007500000663143649,-0.0750000066314358,0.10000000884191443
384,4-skew-two-planes,skew-xy-plus-0.100-xz-minus-0.100,2.7804149999999996,2.7804149999999996,9.966892,12.747307,0,0,0.10040899999999908,0.3858940000000004,0.4863029999999995,0,12.006492,21.777585000000002,2.8687199999999997,3.952223,2.868717,4.122708000000001,4.131504000000001,9.252334,13.375042,0,126,0.024476999999999194,0.3793439999999997,0.4038209999999989,0,13.709153000000002,23.976595,4.122711000000001,5.2458480000000005,4.122708000000001,0.10049876949626885,0.10000000884191448,11.346172820578163,False,4.4209571892217525e-08,0.00500004465166759,0.00500004465166759,-0.010000000884191517,-0.10000000884191443,0.10000000884191448
385,4-skew-two-planes,skew-xy-plus-0.100-xz-plus-0.000,2.792833999999999,4.021634000000001,9.942686,12.73552,0,144,0.0628820000000001,0.3284059999999993,0.3912879999999994,0,12.078586,21.718056,2.792833999999999,4.015518999999999,4.136585999999999,4.044344000000001,5.472477000000001,9.223643,13.267987,0,144,0.1199539999999999,0.24700099999999914,0.36695499999999903,0,14.040205,23.909871,4.044344000000001,5.311454000000001,5.437093000000001,0.0708872437799218,0.10000000884191443,11.346172820578163,False,4.4209571892217525e-08,0.00500004465166759,4.4209571892217525e-08,-6.232705672756913e-17,4.961154194623968e-17,0.10000000884191443
386,4-skew-two-planes,skew-xy-plus-0.100-xz-plus-0.025,2.801081,3.8700980000000005,9.940603,12.741684,0,144,0.07430800000000026,0.3220749999999999,0.39638300000000015,0,12.080324000000001,21.718104,2.801081,4.015187000000001,3.9945210000000007,4.053215,5.310286,9.221428,13.274643,0,144,0.11748500000000028,0.24757999999999925,0.36506499999999953,0,13.917543000000002,23.909981000000002,4.053215,5.311383000000001,5.290509,0.07308025773371973,0.10000000884191443,11.346172820578163,False,4.4209571892217525e-08,0.00500004465166759,0.00031254423720283864,0.002500000221047796,0.025000002210478624,0.10000000884191443
387,4-skew-two-planes,skew-xy-plus-0.100-xz-plus-0.050,2.823096999999999,3.556032,9.937359,12.760456,0,144,0.09488200000000013,0.31456200000000045,0.4094440000000006,0,12.082508999999998,21.721436,2.823096999999999,4.011149,3.675134999999999,4.076096999999999,4.971845999999999,9.218647,13.294744,0,144,0.10579300000000025,0.2572670000000006,0.3630600000000008,0,13.825137999999999,23.914307,4.076096999999999,5.307283,4.959944999999999,0.07930362012400606,0.10000000884191443,11.346172820578163,False,4.4209571892217525e-08,0.00500004465166759,0.001250044320095789,0.0050000004420956545,0.05000000442095721,0.10000000884191443
388,4-skew-two-planes,skew-xy-plus-0.100-xz-plus-0.075,2.848917,3.18581,9.942787,12.791704,0,144,0.10521199999999986,0.3300989999999988,0.43531099999999867,0,12.036667000000001,21.73791,2.848917,3.993502000000001,3.2883010000000006,4.102129,4.570615,9.226096,13.328225,0,144,0.0737009999999998,0.2975670000000008,0.3712680000000006,0,13.756706,23.93365,4.102129,5.288306,4.558038,0.08873295464128886,0.10000000884191443,11.346172820578163,False,4.4209571892217525e-08,0.00500004465166759,0.002812544458250743,0.007500000663143513,0.07500000663143577,0.10000000884191443
389,4-skew-two-planes,skew-xy-plus-0.100-xz-plus-0.100,2.78041,2.78041,9.966891,12.747301,0,0,0.10039100000000012,0.3859010000000005,0.4862920000000006,0,12.006494,21.777584,2.8687199999999997,3.9522239999999993,2.8687199999999997,4.122712,4.131500000000001,9.252331,13.375043,0,126,0.02445699999999995,0.3793500000000005,0.40380700000000047,0,13.709156000000002,23.976592,4.122712,5.245850000000001,4.122712,0.10049876949626878,0.10000000884191443,11.346172820578163,False,4.4209571892217525e-08,0.00500004465166759,0.00500004465166759,0.010000000884191373,0.10000000884191435,0.10000000884191443
390,4-skew-two-planes,skew-xy-plus-0.100-yz-minus-0.025,2.803597999999999,3.9013679999999997,9.936462,12.74006,0,144,0.07497399999999921,0.3154850000000007,0.3904589999999999,0,12.115989,21.713675000000002,2.803597999999999,3.878480999999999,4.1371389999999995,4.057255000000001,5.345053,9.215689,13.272944,0,144,0.12237800000000121,0.23650099999999874,0.35887899999999995,0,13.931088,23.903928,4.057255000000001,5.171616,5.439343000000001,0.07305887399812759,0.10000000884191443,11.346172820578163,False,4.4209571892217525e-08,0.00500004465166759,0.00031254423720283864,-0.02500000221047864,4.881049181621357e-17,0.10000000884191443
391,4-skew-two-planes,skew-xy-plus-0.100-yz-minus-0.050,2.833628000000001,3.6449800000000003,9.920342,12.75397,0,144,0.09927000000000064,0.2866219999999995,0.3858920000000001,0,12.116454,21.703268,2.833628000000001,3.5730129999999996,4.136290000000001,4.092819,5.072688000000001,9.195134,13.287953,0,144,0.12608599999999903,0.21171200000000034,0.3377979999999994,0,13.859662,23.889526,4.092819,4.859964,5.442886,0.07922476988014651,0.10000000884191432,11.346172820578163,False,4.4209571892217525e-08,0.005000044651667812,0.001250044320095789,-0.05000000442095718,5.3560557054725656e-17,0.10000000884191432
392,4-skew-two-planes,skew-xy-plus-0.100-yz-minus-0.075,2.8718330000000005,3.3399900000000002,9.905332,12.777165,0,144,0.1156360000000003,0.2681899999999988,0.3838259999999991,0,12.092084000000002,21.697851999999997,2.8718330000000005,3.2071000000000005,4.123401000000001,4.136386,4.745998,9.17661,13.312996,0,144,0.11608299999999971,0.20184599999999975,0.31792899999999946,0,13.819610999999998,23.881306000000002,4.136386,4.484505,5.433455,0.08857433169039126,0.10000000884191443,11.346172820578163,False,4.4209571892217525e-08,0.00500004465166759,0.002812544458250743,-0.07500000663143579,4.7208391556161355e-17,0.10000000884191443
393,4-skew-two-planes,skew-xy-plus-0.100-yz-minus-0.100,2.807385,2.9986059999999988,9.909914,12.717299,0,21,0.10626199999999919,0.2965030000000013,0.4027650000000005,0,12.081439,21.715917,2.8999159999999993,2.807385,4.080442999999999,4.068410999999999,4.374399,9.183856,13.252267,0,21,0.06868700000000061,0.25393500000000024,0.32262200000000085,0,13.791462000000001,23.902986,4.164192999999999,4.068410999999999,5.387815,0.100249701552784,0.10000000884191447,11.346172820578163,False,4.4209571892217525e-08,0.00500004465166759,0.00500004465166759,-0.10000000884191447,4.6407341426135245e-17,0.10000000884191443
394,4-skew-two-planes,skew-xy-plus-0.100-yz-plus-0.000,2.792833999999999,4.021634000000001,9.942686,12.73552,0,144,0.0628820000000001,0.3284059999999993,0.3912879999999994,0,12.078586,21.718056,2.792833999999999,4.015518999999999,4.136585999999999,4.044344000000001,5.472477000000001,9.223643,13.267987,0,144,0.1199539999999999,0.24700099999999914,0.36695499999999903,0,14.040205,23.909871,4.044344000000001,5.311454000000001,5.437093000000001,0.0708872437799218,0.10000000884191443,11.346172820578163,False,4.4209571892217525e-08,0.00500004465166759,4.4209571892217525e-08,-6.232705672756913e-17,4.961154194623968e-17,0.10000000884191443
395,4-skew-two-planes,skew-xy-plus-0.100-yz-plus-0.025,2.803597999999999,3.9013679999999997,9.936462,12.74006,0,144,0.07497299999999996,0.3154850000000007,0.39045800000000064,0,12.115989,21.713675000000002,2.803597999999999,3.878480999999999,4.1371389999999995,4.057255000000001,5.345053,9.215689,13.272944,0,144,0.12237800000000121,0.23650099999999874,0.35887899999999995,0,13.931089000000002,23.903928,4.057255000000001,5.171616,5.439343000000001,0.07305887399812759,0.10000000884191443,11.346172820578163,False,4.4209571892217525e-08,0.00500004465166759,0.00031254423720283864,0.025000002210478628,5.041259207626579e-17,0.10000000884191443
396,4-skew-two-planes,skew-xy-plus-0.100-yz-plus-0.050,2.833628000000001,3.6449800000000003,9.920342,12.75397,0,144,0.09926799999999858,0.2866230000000005,0.3858909999999991,0,12.116454,21.703268,2.833628000000001,3.5730129999999996,4.136289,4.092819,5.0726890000000004,9.195134,13.287953,0,144,0.12608499999999978,0.2117129999999996,0.3377979999999994,0,13.859662,23.889526,4.092819,4.859964,5.442886,0.07922476988014654,0.10000000884191443,11.346172820578163,False,4.4209571892217525e-08,0.00500004465166759,0.001250044320095789,0.05000000442095709,5.1213642206291895e-17,0.10000000884191443
397,4-skew-two-planes,skew-xy-plus-0.100-yz-plus-0.075,2.8718330000000005,3.3399900000000002,9.905332,12.777165,0,144,0.11563400000000001,0.26819099999999985,0.38382499999999986,0,12.092084000000002,21.697851999999997,2.8718330000000005,3.2071009999999998,4.123401000000001,4.136386,4.745998,9.17661,13.312996,0,144,0.11608299999999971,0.20184599999999975,0.31792899999999946,0,13.819610999999998,23.881306000000002,4.136386,4.484505,5.433455,0.08857433169039126,0.10000000884191443,11.346172820578163,False,4.4209571892217525e-08,0.00500004465166759,0.002812544458250743,0.07500000663143579,5.2014692336318005e-17,0.10000000884191443
398,4-skew-two-planes,skew-xy-plus-0.100-yz-plus-0.100,2.8073819999999987,2.9986029999999992,9.909916,12.717298,0,21,0.10625399999999985,0.2965100000000014,0.40276400000000123,0,12.081435,21.715919,2.899913999999999,2.8073819999999987,4.080439999999999,4.068409000000001,4.374397,9.183857,13.252266,0,21,0.06868300000000005,0.253938999999999,0.3226219999999991,0,13.791459,23.902986,4.164191000000001,4.068409000000001,5.3878129999999995,0.10024970155278391,0.10000000884191439,11.346172820578163,False,4.4209571892217525e-08,0.005000044651667812,0.00500004465166759,0.10000000884191439,4.171351172926771e-17,0.10000000884191432
399,4-skew-two-planes,skew-xz-minus-0.025-yz-minus-0.025,4.064088,5.011863,9.77761,13.841698,0,21,0.05047800000000002,0.05486699999999978,0.1053449999999998,0,12.218998,21.528182,4.2220780000000016,4.064088,4.064088,5.3315529999999995,6.505613,9.08029,14.411843,0,21,0.03428899999999935,0.04056300000000057,0.07485199999999992,0,14.022152,23.740054,5.494934000000001,5.3315529999999995,5.3315529999999995,0.02500781459585875,0.025000002210478642,11.346172820578163,False,4.4209571892217525e-08,4.4209571892217525e-08,0.0006250442648337851,-0.025000002210478642,-0.025000002210478576,6.408401040208867e-17
400,4-skew-two-planes,skew-xz-minus-0.025-yz-minus-0.050,3.7025939999999995,4.6715209999999985,9.814298,13.516892,0,21,0.056703999999999866,0.11391500000000043,0.1706190000000003,0,12.169916999999998,21.5702,4.201642,3.7025939999999995,4.022049999999998,4.967156000000001,6.149748000000001,9.109148,14.076304,0,21,0.03401299999999985,0.09162499999999874,0.12563799999999858,0,13.974778000000002,23.774619,5.4835660000000015,4.967156000000001,5.297813000000001,0.03955934556021317,0.05000000442095718,11.346172820578163,False,4.4209571892217525e-08,4.420957211426213e-08,0.0015625443477267353,-0.05000000442095718,-0.025000002210478572,-4.6938296968675356e-17
401,4-skew-two-planes,skew-xz-minus-0.025-yz-minus-0.075,3.26454,4.296094,9.868049,13.132589,0,21,0.048281999999998604,0.21040499999999973,0.25868699999999833,0,12.169384,21.632855,4.175052000000001,3.26454,3.959392000000001,4.524179999999999,5.757496999999999,9.154813,13.678993,0,21,0.05212400000000095,0.1635100000000005,0.21563400000000144,0,13.943822999999998,23.829797,5.46711,4.524179999999999,5.243948,0.055988985127990325,0.07500000663143579,11.346172820578163,False,4.4209571892217525e-08,4.4209571892217525e-08,0.0031250444858816895,-0.07500000663143579,-0.02500000221047858,6.408401040208867e-17
402,4-skew-two-planes,skew-xz-minus-0.025-yz-minus-0.100,2.8008450000000007,3.9066080000000003,9.933377,12.734222,0,21,0.06969600000000042,0.31350800000000056,0.383204000000001,0,12.121161,21.710548,4.1477070000000005,2.8008450000000007,3.8815399999999993,4.054243,5.350356,9.212664,13.266907,0,21,0.11546800000000168,0.23542499999999933,0.350893000000001,0,13.933948999999998,23.900859,5.4501349999999995,4.054243,5.174617,0.07308025773371975,0.10000000884191447,11.346172820578163,False,4.4209571892217525e-08,4.4209571892217525e-08,0.0053125446792985365,-0.10000000884191447,-0.02500000221047858,6.408401040208867e-17
403,4-skew-two-planes,skew-xz-minus-0.025-yz-plus-0.000,4.074634999999999,5.200031999999998,9.768821,13.843456,0,126,0.023763000000000645,0.05258900000000111,0.07635200000000175,0,12.254263999999997,21.517555,4.225470999999999,4.217903999999999,4.074634999999999,5.337349999999999,6.702429,9.076126,14.413476,0,126,0.011977999999999156,0.04288900000000062,0.05486699999999978,0,14.075232999999999,23.73395,5.493271999999999,5.485422,5.337349999999999,0.01768043379462406,0.025000002210478576,11.346172820578163,False,4.4209571892217525e-08,4.4209571892217525e-08,0.00031254423720283864,-6.488506053211477e-17,-0.025000002210478576,6.408401040208867e-17
404,4-skew-two-planes,skew-xz-minus-0.025-yz-plus-0.025,4.064088999999999,5.011863999999999,9.777609,13.841698,0,21,0.05047900000000105,0.0548649999999995,0.10534400000000055,0,12.218998999999998,21.528181,4.222079000000001,4.064088999999999,4.064088999999999,5.331555,6.505615000000001,9.080288,14.411843,0,21,0.034290000000000376,0.04055999999999926,0.07484999999999964,0,14.022154,23.740053,5.494936000000001,5.331555,5.331555,0.02500781459585874,0.025000002210478624,11.346172820578163,False,4.4209571892217525e-08,4.4209571892217525e-08,0.0006250442648337851,0.025000002210478624,-0.025000002210478576,6.408401040208867e-17
405,4-skew-two-planes,skew-xz-minus-0.025-yz-plus-0.050,3.7025959999999998,4.6715219999999995,9.814297,13.516893,0,21,0.05670499999999912,0.11391300000000015,0.17061799999999927,0,12.169918,21.570199000000002,4.201643000000001,3.7025959999999998,4.022050999999999,4.967157,6.149749,9.109147,14.076304,0,21,0.0340139999999991,0.09162300000000023,0.12563699999999933,0,13.974779000000002,23.774618,5.483567000000001,4.967157,5.297814000000001,0.03955934556021311,0.05000000442095708,11.346172820578163,False,4.4209571892217525e-08,4.4209571892217525e-08,0.0015625443477267353,0.05000000442095708,-0.025000002210478576,6.408401040208867e-17
406,4-skew-two-planes,skew-xz-minus-0.025-yz-plus-0.075,3.2645409999999995,4.296094999999999,9.868048,13.132589,0,21,0.04828299999999963,0.21040299999999945,0.2586859999999991,0,12.169385,21.632854000000002,4.175053,3.2645409999999995,3.9593930000000004,4.5241810000000005,5.757498,9.154812,13.678993,0,21,0.0521250000000002,0.1635080000000002,0.2156330000000004,0,13.943824,23.829796,5.467111000000001,4.5241810000000005,5.243949000000001,0.055988985127990325,0.07500000663143579,11.346172820578163,False,4.4209571892217525e-08,4.4209571892217525e-08,0.0031250444858816895,0.07500000663143579,-0.025000002210478572,6.408401040208867e-17
407,4-skew-two-planes,skew-xz-minus-0.025-yz-plus-0.100,2.8008679999999995,3.906613,9.93336,12.734228,0,21,0.06970899999999958,0.31347700000000067,0.38318600000000025,0,12.121184,21.710531,4.147724,2.8008679999999995,3.881556999999999,4.054266999999999,5.3503609999999995,9.212645,13.266912,0,21,0.11548500000000139,0.23538899999999963,0.350874000000001,0,13.933976,23.900841,5.4501539999999995,4.054266999999999,5.174636,0.07308025773371969,0.10000000884191439,11.346172820578163,False,4.4209571892217525e-08,4.420957211426213e-08,0.0053125446792985365,0.10000000884191439,-0.025000002210478583,-4.6938296968675356e-17
408,4-skew-two-planes,skew-xz-minus-0.050-yz-minus-0.025,3.7025939999999995,4.6715209999999985,9.814298,13.516892,0,126,0.056703999999999866,0.11391500000000043,0.1706190000000003,0,12.169916999999998,21.5702,4.201642,4.022049999999998,3.7025939999999995,4.967156000000001,6.149748000000001,9.109148,14.076304,0,126,0.03401299999999985,0.09162499999999874,0.12563799999999858,0,13.974778000000002,23.774619,5.4835660000000015,5.297813000000001,4.967156000000001,0.03955934556021317,0.05000000442095715,11.346172820578163,False,4.4209571892217525e-08,4.4209571892217525e-08,0.0015625443477267353,-0.025000002210478642,-0.05000000442095715,6.408401040208867e-17
409,4-skew-two-planes,skew-xz-minus-0.050-yz-minus-0.075,3.2780579999999997,4.044277000000001,9.850643,13.128701,0,21,0.09162299999999846,0.1700040000000005,0.26162699999999894,0,12.145850000000001,21.620887,4.202960000000001,3.2780579999999997,3.6532859999999996,4.543502999999999,5.4913620000000005,9.131788,13.675291,0,21,0.05767099999999914,0.1339800000000011,0.19165100000000024,0,13.893557000000001,23.812595,5.501657,4.543502999999999,4.933069,0.06386708844767203,0.07500000663143579,11.346172820578163,False,4.4209571892217525e-08,4.4209571892217525e-08,0.00406254456877464,-0.07500000663143579,-0.05000000442095715,6.408401040208867e-17
410,4-skew-two-planes,skew-xz-minus-0.050-yz-minus-0.100,2.823830000000001,3.6645649999999996,9.906825,12.730655,0,21,0.0867950000000004,0.2726279999999992,0.3594229999999996,0,12.130090000000001,21.689584,4.179719,2.823830000000001,3.5863940000000003,4.082709000000001,5.093133,9.18113,13.263839,0,21,0.10171799999999998,0.20291199999999954,0.3046299999999995,0,13.872412,23.875351000000002,5.487931,4.082709000000001,4.873842,0.07930362012400606,0.10000000884191447,11.346172820578163,False,4.4209571892217525e-08,4.4209571892217525e-08,0.006250044762191487,-0.10000000884191447,-0.05000000442095715,6.408401040208867e-17
411,4-skew-two-planes,skew-xz-minus-0.050-yz-plus-0.000,3.7007449999999995,4.809709,9.817736,13.518481,0,126,0.01997900000000108,0.13491499999999945,0.15489400000000053,0,12.182393999999999,21.571838,4.193561000000001,4.163290999999999,3.7007449999999995,4.962516000000001,6.295343000000001,9.115202,14.077718,0,126,0.005421999999999372,0.11240300000000047,0.11782499999999985,0,14.005369000000002,23.778776,5.47245,5.441046,4.962516000000001,0.03537743393540549,0.05000000442095715,11.346172820578163,False,4.4209571892217525e-08,4.4209571892217525e-08,0.001250044320095789,-6.568611066214088e-17,-0.05000000442095715,6.408401040208867e-17
412,4-skew-two-planes,skew-xz-minus-0.050-yz-plus-0.025,3.7025950000000005,4.6715219999999995,9.814297,13.516892,0,126,0.05670499999999912,0.11391300000000015,0.17061799999999927,0,12.169918,21.570199000000002,4.201643000000001,4.022050999999999,3.7025950000000005,4.967156000000001,6.149748000000001,9.109148,14.076304,0,126,0.03401299999999985,0.09162499999999874,0.12563799999999858,0,13.974778000000002,23.774617999999997,5.4835660000000015,5.297813000000001,4.967156000000001,0.03955934556021316,0.05000000442095715,11.346172820578163,False,4.4209571892217525e-08,4.4209571892217525e-08,0.0015625443477267353,0.025000002210478624,-0.05000000442095715,6.408401040208867e-17
413,4-skew-two-planes,skew-xz-minus-0.050-yz-plus-0.075,3.2780579999999997,4.044277000000001,9.850643,13.128701,0,21,0.09162300000000023,0.17000299999999946,0.2616259999999997,0,12.145850000000001,21.620887,4.202960000000001,3.2780579999999997,3.6532870000000006,4.543504,5.4913630000000015,9.131787,13.675291,0,21,0.05767200000000017,0.13397799999999904,0.1916499999999992,0,13.893558000000002,23.812593999999997,5.501658000000001,4.543504,4.933070000000001,0.06386708844767203,0.07500000663143579,11.346172820578163,False,4.4209571892217525e-08,4.4209571892217525e-08,0.00406254456877464,0.07500000663143579,-0.05000000442095715,6.408401040208867e-17
414,4-skew-two-planes,skew-xz-minus-0.050-yz-plus-0.100,2.8238590000000006,3.6645730000000007,9.906803,12.730662,0,21,0.08680199999999871,0.27259300000000053,0.35939499999999924,0,12.130122,21.689563,4.179741,2.8238590000000006,3.586417000000001,4.082738999999998,5.09314,9.181107,13.263846,0,21,0.10173499999999969,0.20287000000000077,0.30460500000000046,0,13.872444999999999,23.875329,5.4879549999999995,4.082738999999998,4.873866999999999,0.07930362012400602,0.10000000884191439,11.346172820578163,False,4.4209571892217525e-08,4.420957211426213e-08,0.006250044762191487,0.10000000884191439,-0.05000000442095716,-4.6938296968675356e-17
415,4-skew-two-planes,skew-xz-minus-0.075-yz-minus-0.025,3.26454,4.296094,9.868049,13.132589,0,126,0.048281999999998604,0.21040499999999973,0.25868699999999833,0,12.169384,21.632855,4.175052000000001,3.959392000000001,3.26454,4.524179999999999,5.757496999999999,9.154813,13.678993,0,126,0.05212400000000095,0.1635100000000005,0.21563400000000144,0,13.943822999999998,23.829797,5.46711,5.243948,4.524179999999999,0.0559889851279903,0.07500000663143573,11.346172820578163,False,4.4209571892217525e-08,4.4209571892217525e-08,0.0031250444858816895,-0.025000002210478642,-0.07500000663143573,6.408401040208867e-17
416,4-skew-two-planes,skew-xz-minus-0.075-yz-minus-0.050,3.2780579999999997,4.044277000000001,9.850643,13.128701,0,126,0.09162299999999846,0.1700040000000005,0.26162699999999894,0,12.145850000000001,21.620887,4.202960000000001,3.6532859999999996,3.2780579999999997,4.543502999999999,5.4913620000000005,9.131788,13.675291,0,126,0.05767099999999914,0.1339800000000011,0.19165100000000024,0,13.893557000000001,23.812595,5.501657,4.933069,4.543502999999999,0.06386708844767201,0.07500000663143573,11.346172820578163,False,4.4209571892217525e-08,4.420957211426213e-08,0.00406254456877464,-0.05000000442095718,-0.07500000663143573,-4.6938296968675356e-17
417,4-skew-two-planes,skew-xz-minus-0.075-yz-minus-0.075,3.2773720000000015,3.7384650000000015,9.844069,13.121441,0,21,0.11312400000000089,0.1612189999999991,0.274343,0,12.135783000000002,21.623326,4.227169,3.2773720000000015,3.2773720000000015,4.552505999999999,5.169708,9.116737,13.669243,0,21,0.0539569999999987,0.12594300000000125,0.17989999999999995,0,13.872886999999999,23.80731,5.535943,4.552505999999999,4.552505999999999,0.07521065165702444,0.07500000663143579,11.346172820578163,False,4.4209571892217525e-08,4.4209571892217525e-08,0.005625044706929594,-0.07500000663143579,-0.07500000663143573,6.408401040208867e-17
418,4-skew-two-planes,skew-xz-minus-0.075-yz-minus-0.100,2.8529999999999998,3.3841140000000003,9.871722,12.724722,0,21,0.10393600000000092,0.22372799999999948,0.3276640000000004,0,12.125345000000001,21.66388,4.2242429999999995,2.8529999999999998,3.2403899999999997,4.120462999999999,4.795491999999999,9.138291,13.258754,0,21,0.07334400000000052,0.16578600000000066,0.23913000000000117,0,13.854380999999998,23.842616,5.541535999999999,4.120462999999999,4.522525,0.08873295464128886,0.10000000884191447,11.346172820578163,False,4.4209571892217525e-08,4.4209571892217525e-08,0.007812544900346441,-0.10000000884191447,-0.07500000663143573,6.408401040208867e-17
419,4-skew-two-planes,skew-xz-minus-0.075-yz-plus-0.000,3.258743000000001,4.4172530000000005,9.875316,13.134059,0,126,0.009516999999998887,0.23824800000000046,0.24776499999999935,0,12.172189999999999,21.638305,4.164289,4.096184000000001,3.258743000000001,4.516185999999999,5.885697,9.164054,13.68024,0,126,0.050050999999999846,0.175771000000001,0.22582200000000086,0,13.997150000000001,23.837072,5.454046999999999,5.383383,4.516185999999999,0.05310754093056134,0.07500000663143573,11.346172820578163,False,4.4209571892217525e-08,4.4209571892217525e-08,0.002812544458250743,-6.648716079216699e-17,-0.07500000663143573,6.408401040208867e-17
420,4-skew-two-planes,skew-xz-minus-0.075-yz-plus-0.025,3.26454,4.296094,9.868049,13.132589,0,126,0.048281999999998604,0.21040499999999973,0.25868699999999833,0,12.169384,21.632855,4.175052000000001,3.959392000000001,3.26454,4.524179999999999,5.757496999999999,9.154813,13.678993,0,126,0.05212299999999992,0.16351100000000152,0.21563400000000144,0,13.943822999999998,23.829797,5.467110999999999,5.243948,4.524179999999999,0.0559889851279903,0.07500000663143573,11.346172820578163,False,4.4209571892217525e-08,4.4209571892217525e-08,0.0031250444858816895,0.025000002210478624,-0.07500000663143573,6.408401040208867e-17
421,4-skew-two-planes,skew-xz-minus-0.075-yz-plus-0.050,3.2780579999999997,4.044277000000001,9.850643,13.128701,0,126,0.0916219999999992,0.1700040000000005,0.2616259999999997,0,12.145850000000001,21.620887,4.202960000000001,3.6532870000000006,3.2780579999999997,4.543502999999999,5.4913620000000005,9.131788,13.675291,0,126,0.05766999999999989,0.1339800000000011,0.191650000000001,0,13.893557000000001,23.812595,5.501657,4.933069,4.543502999999999,0.06386708844767197,0.07500000663143573,11.346172820578163,False,4.4209571892217525e-08,4.4209571892217525e-08,0.00406254456877464,0.05000000442095708,-0.07500000663143573,6.408401040208867e-17
422,4-skew-two-planes,skew-xz-minus-0.075-yz-plus-0.075,3.2773730000000008,3.7384649999999997,9.844068,13.121441,0,21,0.11312500000000014,0.1612170000000006,0.27434200000000075,0,12.135784000000001,21.623325,4.227169999999999,3.2773730000000008,3.2773730000000008,4.552507,5.169709000000001,9.116736,13.669243,0,21,0.05395799999999973,0.1259409999999992,0.17989899999999892,0,13.872888,23.80731,5.535944000000001,4.552507,4.552507,0.07521065165702444,0.07500000663143579,11.346172820578163,False,4.4209571892217525e-08,4.4209571892217525e-08,0.005625044706929594,0.07500000663143579,-0.07500000663143573,6.408401040208867e-17
423,4-skew-two-planes,skew-xz-minus-0.075-yz-plus-0.100,2.853019999999999,3.3841199999999994,9.871707,12.724727,0,21,0.1039399999999997,0.22370300000000043,0.32764300000000013,0,12.125367,21.663866,4.224257,2.853019999999999,3.240404,4.120487000000001,4.7955000000000005,9.138273,13.25876,0,21,0.07335699999999967,0.16575300000000048,0.23911000000000016,0,13.854405000000002,23.842599,5.541554,4.120487000000001,4.522542,0.08873295464128882,0.10000000884191439,11.346172820578163,False,4.4209571892217525e-08,4.420957211426213e-08,0.007812544900346441,0.10000000884191439,-0.07500000663143574,-4.6938296968675356e-17
424,4-skew-two-planes,skew-xz-minus-0.100-yz-minus-0.025,2.8008450000000007,3.9066080000000003,9.933377,12.734222,0,126,0.06969600000000042,0.31350800000000056,0.383204000000001,0,12.121161,21.710548,4.1477070000000005,3.8815399999999993,2.8008450000000007,4.054243,5.350356,9.212664,13.266907,0,126,0.11546800000000168,0.23542499999999933,0.350893000000001,0,13.933948999999998,23.900859,5.4501349999999995,5.174617,4.054243,0.07308025773371969,0.10000000884191436,11.346172820578163,False,4.4209571892217525e-08,4.4209571892217525e-08,0.0053125446792985365,-0.025000002210478642,-0.10000000884191436,6.408401040208867e-17
425,4-skew-two-planes,skew-xz-minus-0.100-yz-minus-0.050,2.823830000000001,3.6645649999999996,9.906825,12.730655,0,126,0.0867950000000004,0.2726279999999992,0.3594229999999996,0,12.130090000000001,21.689584,4.179719,3.5863940000000003,2.823830000000001,4.082709000000001,5.093133,9.18113,13.263839,0,126,0.10171799999999998,0.20291199999999954,0.3046299999999995,0,13.872412,23.875351000000002,5.487931,4.873842,4.082709000000001,0.079303620124006,0.10000000884191436,11.346172820578163,False,4.4209571892217525e-08,4.420957211426213e-08,0.006250044762191487,-0.05000000442095718,-0.10000000884191436,-4.6938296968675356e-17
426,4-skew-two-planes,skew-xz-minus-0.100-yz-minus-0.075,2.8529999999999998,3.3841140000000003,9.871722,12.724722,0,126,0.10393600000000092,0.22372799999999948,0.3276640000000004,0,12.125345000000001,21.66388,4.2242429999999995,3.2403899999999997,2.8529999999999998,4.120462999999999,4.795491999999999,9.138291,13.258754,0,126,0.07334400000000052,0.16578600000000066,0.23913000000000117,0,13.854380999999998,23.842616,5.541535999999999,4.522525,4.120462999999999,0.08873295464128882,0.10000000884191436,11.346172820578163,False,4.4209571892217525e-08,4.4209571892217525e-08,0.007812544900346441,-0.07500000663143579,-0.10000000884191436,6.408401040208867e-17
427,4-skew-two-planes,skew-xz-minus-0.100-yz-minus-0.100,2.8648170000000004,3.0720340000000004,9.851871,12.716688,0,21,0.10300800000000088,0.21122799999999842,0.3142359999999993,0,12.138496,21.657255999999997,4.257853000000001,2.8648170000000004,2.8648170000000004,4.139664999999999,4.462566000000001,9.112026,13.251691,0,21,0.01906800000000075,0.17105699999999935,0.1901250000000001,0,13.856672,23.830523,5.583489,4.139664999999999,4.139664999999999,0.10049876949626882,0.10000000884191448,11.346172820578163,False,4.4209571892217525e-08,4.4209571892217525e-08,0.010000045093763288,-0.10000000884191448,-0.10000000884191436,6.408401040208867e-17
428,4-skew-two-planes,skew-xz-minus-0.100-yz-plus-0.000,2.792816,4.02163,9.9427,12.735516,0,126,0.06287200000000048,0.32843100000000014,0.3913030000000006,0,12.078567000000001,21.71807,4.136571999999999,4.015504999999999,2.792816,4.044324000000001,5.472474,9.223657,13.267981,0,126,0.11994299999999924,0.24702699999999922,0.36696999999999846,0,14.040184,23.909885,5.437079000000001,5.311440000000001,4.044324000000001,0.07088724377992174,0.10000000884191436,11.346172820578163,False,4.4209571892217525e-08,4.4209571892217525e-08,0.00500004465166759,-6.72882109221931e-17,-0.10000000884191436,6.408401040208867e-17
429,4-skew-two-planes,skew-xz-minus-0.100-yz-plus-0.025,2.8008509999999998,3.9066089999999996,9.933373,12.734224,0,126,0.06970100000000023,0.31349999999999945,0.3832009999999997,0,12.121165999999999,21.710544,4.147711000000001,3.8815430000000006,2.8008509999999998,4.054249,5.350356,9.21266,13.266909,0,126,0.11547300000000149,0.23541599999999896,0.35088900000000045,0,13.933955000000001,23.900855999999997,5.450138000000001,5.174620000000001,4.054249,0.07308025773371969,0.10000000884191436,11.346172820578163,False,4.4209571892217525e-08,4.4209571892217525e-08,0.0053125446792985365,0.02500000221047862,-0.10000000884191436,6.408401040208867e-17
430,4-skew-two-planes,skew-xz-minus-0.100-yz-plus-0.050,2.8238389999999995,3.664565999999999,9.906819,12.730658,0,126,0.08679599999999965,0.2726190000000006,0.35941500000000026,0,12.130099,21.689579000000002,4.179724,3.586399,2.8238389999999995,4.082716999999999,5.093131999999999,9.181124,13.263841,0,126,0.10172400000000081,0.20289999999999964,0.30462400000000045,0,13.872419999999998,23.875346,5.487936999999999,4.873847,4.082716999999999,0.07930362012400598,0.10000000884191436,11.346172820578163,False,4.4209571892217525e-08,4.4209571892217525e-08,0.006250044762191487,0.05000000442095708,-0.10000000884191436,6.408401040208867e-17
431,4-skew-two-planes,skew-xz-minus-0.100-yz-plus-0.075,2.853000999999999,3.3841110000000008,9.871722,12.724723,0,126,0.1039310000000011,0.22372999999999976,0.32766100000000087,0,12.125345000000001,21.66388,4.224242,3.2403879999999994,2.853000999999999,4.120464,4.795489,9.138291,13.258755,0,126,0.07334299999999949,0.16578600000000066,0.23912900000000015,0,13.854380999999998,23.842616,5.541535,4.522523,4.120464,0.08873295464128882,0.10000000884191436,11.346172820578163,False,4.4209571892217525e-08,4.4209571892217525e-08,0.007812544900346441,0.07500000663143579,-0.10000000884191436,6.408401040208867e-17
432,4-skew-two-planes,skew-xz-minus-0.100-yz-plus-0.100,2.8648279999999993,3.0720149999999986,9.851862,12.71669,0,126,0.10295099999999913,0.2112430000000014,0.31419400000000053,0,12.138514,21.657249,4.257857999999999,2.8648290000000003,2.8648279999999993,4.13968,4.462546999999999,9.112014,13.251694,0,126,0.01900299999999966,0.17107200000000056,0.19007500000000022,0,13.856692,23.830513,5.5834980000000005,4.1396820000000005,4.13968,0.10049876949626876,0.10000000884191439,11.346172820578163,False,4.4209571892217525e-08,4.420957211426213e-08,0.010000045093763288,0.10000000884191439,-0.10000000884191437,-4.6938296968675356e-17
433,4-skew-two-planes,skew-xz-plus-0.000-yz-minus-0.025,4.074634999999999,5.200031999999998,9.768821,13.843456,0,21,0.023763000000000645,0.05258900000000111,0.07635200000000175,0,12.254263999999997,21.517555,4.225470999999999,4.074634999999999,4.217903999999999,5.337349999999999,6.70243,9.076126,14.413476,0,21,0.011977999999999156,0.04288900000000062,0.05486699999999978,0,14.075232999999999,23.73395,5.493271999999999,5.337349999999999,5.485422,0.017680433794624105,0.02500000221047864,11.346172820578163,False,4.4209571892217525e-08,4.4209571892217525e-08,0.00031254423720283864,-0.02500000221047864,-8.010501300261131e-19,6.408401040208867e-17
434,4-skew-two-planes,skew-xz-plus-0.000-yz-minus-0.050,3.7007449999999995,4.809709,9.817736,13.518481,0,21,0.01997900000000108,0.13491499999999945,0.15489400000000053,0,12.182393999999999,21.571838,4.193561000000001,3.7007449999999995,4.163290999999999,4.962516000000001,6.295343000000001,9.115202,14.077718,0,21,0.005421999999999372,0.11240300000000047,0.11782499999999985,0,14.005369000000002,23.778776,5.47245,4.962516000000001,5.441046,0.03537743393540552,0.05000000442095718,11.346172820578163,False,4.4209571892217525e-08,4.420957211426213e-08,0.001250044320095789,-0.05000000442095718,3.949015108485979e-18,-4.6938296968675356e-17
435,4-skew-two-planes,skew-xz-plus-0.000-yz-minus-0.075,3.258743000000001,4.4172530000000005,9.875316,13.134059,0,21,0.009516999999998887,0.23824800000000046,0.24776499999999935,0,12.172189999999999,21.638305,4.164289,3.258743000000001,4.096184000000001,4.516185999999999,5.885697,9.164054,13.68024,0,21,0.050050999999999846,0.175771000000001,0.22582200000000086,0,13.997150000000001,23.837072,5.454046999999999,4.516185999999999,5.383383,0.05310754093056138,0.07500000663143579,11.346172820578163,False,4.4209571892217525e-08,4.4209571892217525e-08,0.002812544458250743,-0.07500000663143579,-2.4031503900783276e-18,6.408401040208867e-17
436,4-skew-two-planes,skew-xz-plus-0.000-yz-minus-0.100,2.792816,4.02163,9.9427,12.735516,0,21,0.06287200000000048,0.32843100000000014,0.3913030000000006,0,12.078567000000001,21.71807,4.136571999999999,2.792816,4.015504999999999,4.044324000000001,5.472474,9.223657,13.267981,0,21,0.11994299999999924,0.24702699999999922,0.36696999999999846,0,14.040184,23.909885,5.437079000000001,4.044324000000001,5.311440000000001,0.07088724377992181,0.10000000884191447,11.346172820578163,False,4.4209571892217525e-08,4.4209571892217525e-08,0.00500004465166759,-0.10000000884191447,-3.204200520104438e-18,6.408401040208867e-17
437,4-skew-two-planes,skew-xz-plus-0.000-yz-plus-0.025,4.074636,5.2000329999999995,9.76882,13.843456,0,21,0.023761999999999617,0.05258800000000008,0.0763499999999997,0,12.254264999999998,21.517554,4.225472,4.074636,4.217905,5.337351,6.702431000000001,9.076125,14.413476,0,21,0.011976999999999904,0.04288799999999959,0.0548649999999995,0,14.075234,23.733949,5.493273,5.337351,5.485423000000001,0.017680433794624095,0.025000002210478624,11.346172820578163,False,4.4209571892217525e-08,4.4209571892217525e-08,0.00031254423720283864,0.025000002210478624,8.010501300261077e-19,6.408401040208867e-17
438,4-skew-two-planes,skew-xz-plus-0.000-yz-plus-0.050,3.7007449999999995,4.809709,9.817736,13.518481,0,21,0.01997800000000005,0.13491499999999945,0.1548929999999995,0,12.182393999999999,21.571838,4.193561000000001,3.7007449999999995,4.163290999999999,4.962516000000001,6.295343000000001,9.115202,14.077718,0,21,0.0054230000000004,0.11240199999999945,0.11782499999999985,0,14.005369000000002,23.778776,5.47245,4.962516000000001,5.441046,0.03537743393540544,0.05000000442095708,11.346172820578163,False,4.4209571892217525e-08,4.4209571892217525e-08,0.001250044320095789,0.05000000442095708,1.6021002600522119e-18,6.408401040208867e-17
439,4-skew-two-planes,skew-xz-plus-0.000-yz-plus-0.075,3.258744,4.417254,9.875315,13.134059,0,21,0.009517999999999915,0.23824600000000018,0.2477640000000001,0,12.172190999999998,21.638303999999998,4.164289999999999,3.258744,4.096185,4.516187,5.885698000000001,9.164053,13.68024,0,21,0.050052000000000874,0.17576899999999895,0.22582099999999983,0,13.997151000000002,23.837071,5.454048,4.516187,5.383384000000001,0.05310754093056138,0.07500000663143579,11.346172820578163,False,4.4209571892217525e-08,4.4209571892217525e-08,0.002812544458250743,0.07500000663143579,2.4031503900783222e-18,6.408401040208867e-17
440,4-skew-two-planes,skew-xz-plus-0.000-yz-plus-0.100,2.792833999999999,4.021634000000001,9.942686,12.73552,0,21,0.0628820000000001,0.3284059999999993,0.3912879999999994,0,12.078586,21.718056,4.136585999999999,2.792833999999999,4.015518999999999,4.044343000000001,5.472477000000001,9.223643,13.267986,0,21,0.1199539999999999,0.24700099999999914,0.36695499999999903,0,14.040205,23.909871,5.437093000000001,4.044343000000001,5.311454000000001,0.07088724377992175,0.10000000884191439,11.346172820578163,False,4.4209571892217525e-08,4.420957211426213e-08,0.00500004465166759,0.10000000884191439,-7.898030216971973e-18,-4.6938296968675356e-17
441,4-skew-two-planes,skew-xz-plus-0.025-yz-minus-0.025,4.064088999999999,5.011863999999999,9.777609,13.841698,0,21,0.05047900000000105,0.0548649999999995,0.10534400000000055,0,12.218998999999998,21.528181,4.222079000000001,4.064088999999999,4.064088999999999,5.331555,6.505615000000001,9.080288,14.411843,0,21,0.034290000000000376,0.04055999999999926,0.07484999999999964,0,14.022154,23.740053,5.494936000000001,5.331555,5.331555,0.025007814595858803,0.025000002210478687,11.346172820578163,False,4.4209571892217525e-08,4.4209571892217525e-08,0.0006250442648337851,-0.02500000221047864,0.025000002210478687,6.408401040208867e-17
442,4-skew-two-planes,skew-xz-plus-0.025-yz-minus-0.050,3.7025950000000005,4.6715219999999995,9.814297,13.516892,0,21,0.05670499999999912,0.11391300000000015,0.17061799999999927,0,12.169918,21.570199000000002,4.201643000000001,3.7025950000000005,4.022050999999999,4.967156000000001,6.149748000000001,9.109148,14.076304,0,21,0.03401299999999985,0.09162499999999874,0.12563799999999858,0,13.974778000000002,23.774617999999997,5.4835660000000015,4.967156000000001,5.297813000000001,0.039559345560213205,0.05000000442095718,11.346172820578163,False,4.4209571892217525e-08,4.420957211426213e-08,0.0015625443477267353,-0.05000000442095718,0.02500000221047869,-4.6938296968675356e-17
443,4-skew-two-planes,skew-xz-plus-0.025-yz-minus-0.075,3.26454,4.296094,9.868049,13.132589,0,21,0.048281999999998604,0.21040499999999973,0.25868699999999833,0,12.169384,21.632855,4.175052000000001,3.26454,3.959392000000001,4.524179999999999,5.757496999999999,9.154813,13.678993,0,21,0.05212299999999992,0.16351100000000152,0.21563400000000144,0,13.943822999999998,23.829797,5.467110999999999,4.524179999999999,5.243948,0.05598898512799035,0.07500000663143579,11.346172820578163,False,4.4209571892217525e-08,4.4209571892217525e-08,0.0031250444858816895,-0.07500000663143579,0.025000002210478683,6.408401040208867e-17
444,4-skew-two-planes,skew-xz-plus-0.025-yz-minus-0.100,2.8008509999999998,3.9066089999999996,9.933373,12.734224,0,21,0.06970100000000023,0.31349999999999945,0.3832009999999997,0,12.121165999999999,21.710544,4.147711000000001,2.8008509999999998,3.8815430000000006,4.054249,5.350356,9.21266,13.266909,0,21,0.11547300000000149,0.23541599999999896,0.35088900000000045,0,13.933955000000001,23.900855999999997,5.450138000000001,4.054249,5.174620000000001,0.07308025773371978,0.10000000884191447,11.346172820578163,False,4.4209571892217525e-08,4.4209571892217525e-08,0.0053125446792985365,-0.10000000884191447,0.025000002210478683,6.408401040208867e-17
445,4-skew-two-planes,skew-xz-plus-0.025-yz-plus-0.000,4.074636,5.2000329999999995,9.76882,13.843456,0,126,0.023761999999999617,0.05258800000000008,0.0763499999999997,0,12.254264999999998,21.517554,4.225472,4.217905,4.074636,5.337351,6.702431000000001,9.076125,14.413476,0,126,0.011976999999999904,0.04288799999999959,0.0548649999999995,0,14.075234,23.733949,5.493273,5.485423000000001,5.337351,0.01768043379462414,0.025000002210478687,11.346172820578163,False,4.4209571892217525e-08,4.4209571892217525e-08,0.00031254423720283864,-6.328296027206256e-17,0.025000002210478687,6.408401040208867e-17
446,4-skew-two-planes,skew-xz-plus-0.025-yz-plus-0.025,4.064088999999999,5.011865,9.777609,13.841698,0,21,0.050476999999998995,0.054866000000000525,0.10534299999999952,0,12.218998999999998,21.528181,4.222079000000001,4.064088999999999,4.064088999999999,5.331555,6.505615000000001,9.080288,14.411843,0,21,0.03428799999999832,0.04056100000000029,0.07484899999999861,0,14.022154,23.740052,5.494936000000001,5.331555,5.331555,0.0250078145958588,0.025000002210478687,11.346172820578163,False,4.4209571892217525e-08,4.4209571892217525e-08,0.0006250442648337851,0.025000002210478628,0.025000002210478687,6.408401040208867e-17
447,4-skew-two-planes,skew-xz-plus-0.025-yz-plus-0.050,3.7025959999999998,4.6715219999999995,9.814297,13.516893,0,21,0.056703000000000614,0.1139139999999994,0.17061700000000002,0,12.169918,21.570199000000002,4.201643000000001,3.7025959999999998,4.022050999999999,4.967157,6.149749,9.109147,14.076304,0,21,0.0340120000000006,0.09162399999999948,0.12563600000000008,0,13.974779000000002,23.774618,5.483567000000001,4.967157,5.297814000000001,0.03955934556021314,0.05000000442095708,11.346172820578163,False,4.4209571892217525e-08,4.4209571892217525e-08,0.0015625443477267353,0.05000000442095708,0.025000002210478687,6.408401040208867e-17
448,4-skew-two-planes,skew-xz-plus-0.025-yz-plus-0.075,3.2645409999999995,4.296094999999999,9.868048,13.132589,0,21,0.04828099999999935,0.21040400000000048,0.25868499999999983,0,12.169385,21.632854000000002,4.175053,3.2645409999999995,3.9593930000000004,4.5241810000000005,5.757499000000001,9.154812,13.678993,0,21,0.05212400000000095,0.16350899999999946,0.2156330000000004,0,13.943824,23.829796,5.467112,4.5241810000000005,5.243949000000001,0.05598898512799035,0.07500000663143579,11.346172820578163,False,4.4209571892217525e-08,4.4209571892217525e-08,0.0031250444858816895,0.07500000663143579,0.02500000221047869,6.408401040208867e-17
449,4-skew-two-planes,skew-xz-plus-0.025-yz-plus-0.100,2.8008690000000005,3.906614000000001,9.933359,12.734228,0,21,0.06970700000000107,0.3134769999999989,0.38318399999999997,0,12.121185,21.71053,4.147725000000001,2.8008690000000005,3.881558,4.054268,5.3503609999999995,9.212645,13.266913,0,21,0.11548299999999934,0.23539000000000065,0.350873,0,13.933976,23.900841,5.450153,4.054268,5.174636,0.07308025773371972,0.10000000884191439,11.346172820578163,False,4.4209571892217525e-08,4.420957211426213e-08,0.0053125446792985365,0.10000000884191439,0.02500000221047868,-4.6938296968675356e-17
450,4-skew-two-planes,skew-xz-plus-0.050-yz-minus-0.025,3.7025959999999998,4.6715219999999995,9.814297,13.516893,0,126,0.05670499999999912,0.11391300000000015,0.17061799999999927,0,12.169918,21.570199000000002,4.201643000000001,4.022050999999999,3.7025959999999998,4.967157,6.149749,9.109147,14.076304,0,126,0.0340139999999991,0.09162300000000023,0.12563699999999933,0,13.974779000000002,23.774618,5.483567000000001,5.297814000000001,4.967157,0.03955934556021317,0.05000000442095715,11.346172820578163,False,4.4209571892217525e-08,4.4209571892217525e-08,0.0015625443477267353,-0.02500000221047864,0.05000000442095715,6.408401040208867e-17
451,4-skew-two-planes,skew-xz-plus-0.050-yz-minus-0.075,3.2780579999999997,4.044277000000001,9.850643,13.128701,0,21,0.0916219999999992,0.1700040000000005,0.2616259999999997,0,12.145850000000001,21.620887,4.202960000000001,3.2780579999999997,3.6532870000000006,4.543502999999999,5.4913620000000005,9.131788,13.675291,0,21,0.05766999999999989,0.1339800000000011,0.191650000000001,0,13.893557000000001,23.812595,5.501657,4.543502999999999,4.933069,0.06386708844767203,0.07500000663143579,11.346172820578163,False,4.4209571892217525e-08,4.4209571892217525e-08,0.00406254456877464,-0.07500000663143579,0.05000000442095715,6.408401040208867e-17
452,4-skew-two-planes,skew-xz-plus-0.050-yz-minus-0.100,2.8238389999999995,3.664565999999999,9.906819,12.730658,0,21,0.08679599999999965,0.2726190000000006,0.35941500000000026,0,12.130099,21.689579000000002,4.179724,2.8238389999999995,3.586399,4.082716999999999,5.093131999999999,9.181124,13.263841,0,21,0.10172400000000081,0.20289999999999964,0.30462400000000045,0,13.872419999999998,23.875346,5.487936999999999,4.082716999999999,4.873847,0.07930362012400606,0.10000000884191447,11.346172820578163,False,4.4209571892217525e-08,4.4209571892217525e-08,0.006250044762191487,-0.10000000884191447,0.05000000442095715,6.408401040208867e-17
453,4-skew-two-planes,skew-xz-plus-0.050-yz-plus-0.000,3.7007449999999995,4.809709,9.817736,13.518481,0,126,0.01997800000000005,0.13491499999999945,0.1548929999999995,0,12.182393999999999,21.571838,4.193561000000001,4.163290999999999,3.7007449999999995,4.962516000000001,6.295343000000001,9.115202,14.077718,0,126,0.0054230000000004,0.11240199999999945,0.11782499999999985,0,14.005369000000002,23.778776,5.47245,5.441046,4.962516000000001,0.03537743393540549,0.05000000442095715,11.346172820578163,False,4.4209571892217525e-08,4.4209571892217525e-08,0.001250044320095789,-6.248191014203645e-17,0.05000000442095715,6.408401040208867e-17
454,4-skew-two-planes,skew-xz-plus-0.050-yz-plus-0.025,3.7025959999999998,4.6715219999999995,9.814297,13.516893,0,126,0.056703000000000614,0.1139139999999994,0.17061700000000002,0,12.169918,21.570199000000002,4.201643000000001,4.022050999999999,3.7025959999999998,4.967157,6.149749999999999,9.109147,14.076304,0,126,0.0340120000000006,0.09162399999999948,0.12563600000000008,0,13.974779000000002,23.774618,5.483567000000001,5.297814000000001,4.967157,0.03955934556021316,0.05000000442095715,11.346172820578163,False,4.4209571892217525e-08,4.4209571892217525e-08,0.0015625443477267353,0.025000002210478628,0.05000000442095715,6.408401040208867e-17
455,4-skew-two-planes,skew-xz-plus-0.050-yz-plus-0.075,3.278058999999999,4.044278,9.850642,13.128701,0,21,0.09162099999999995,0.17000300000000124,0.2616240000000012,0,12.145851,21.620886,4.202961,3.278058999999999,3.653288,4.543504,5.491364000000001,9.131787,13.675291,0,21,0.05766999999999989,0.13397900000000007,0.19164899999999996,0,13.893558000000002,23.812593999999997,5.501658000000001,4.543504,4.933070000000001,0.06386708844767203,0.07500000663143579,11.346172820578163,False,4.4209571892217525e-08,4.4209571892217525e-08,0.00406254456877464,0.07500000663143579,0.05000000442095715,6.408401040208867e-17
456,4-skew-two-planes,skew-xz-plus-0.050-yz-plus-0.100,2.8238239999999983,3.6645429999999983,9.906828,12.730652,0,21,0.08672999999999931,0.27266600000000096,0.35939600000000027,0,12.130091999999998,21.689588,4.179715,2.8238239999999983,3.586402999999999,4.082699999999999,5.093105999999999,9.181136,13.263836,0,21,0.10168100000000102,0.2029399999999999,0.3046210000000009,0,13.87241,23.875358,5.487924999999999,4.082699999999999,4.873849,0.079303620124006,0.10000000884191439,11.346172820578163,False,4.4209571892217525e-08,4.420957211426213e-08,0.006250044762191487,0.10000000884191439,0.050000004420957145,-4.6938296968675356e-17
457,4-skew-two-planes,skew-xz-plus-0.075-yz-minus-0.025,3.2645409999999995,4.296094999999999,9.868048,13.132589,0,126,0.04828299999999963,0.21040299999999945,0.2586859999999991,0,12.169385,21.632854000000002,4.175053,3.9593930000000004,3.2645409999999995,4.5241810000000005,5.757498,9.154812,13.678993,0,126,0.0521250000000002,0.1635080000000002,0.2156330000000004,0,13.943824,23.829796,5.467111000000001,5.243949000000001,4.5241810000000005,0.05598898512799037,0.07500000663143584,11.346172820578163,False,4.4209571892217525e-08,4.4209571892217525e-08,0.0031250444858816895,-0.02500000221047864,0.07500000663143584,6.408401040208867e-17
458,4-skew-two-planes,skew-xz-plus-0.075-yz-minus-0.050,3.2780579999999997,4.044277000000001,9.850643,13.128701,0,126,0.09162300000000023,0.17000299999999946,0.2616259999999997,0,12.145850000000001,21.620887,4.202960000000001,3.6532870000000006,3.2780579999999997,4.543504,5.4913630000000015,9.131787,13.675291,0,126,0.05767200000000017,0.13397799999999904,0.1916499999999992,0,13.893558000000002,23.812593999999997,5.501658000000001,4.933070000000001,4.543504,0.06386708844767208,0.07500000663143584,11.346172820578163,False,4.4209571892217525e-08,4.420957211426213e-08,0.00406254456877464,-0.05000000442095718,0.07500000663143584,-4.6938296968675356e-17
459,4-skew-two-planes,skew-xz-plus-0.075-yz-minus-0.075,3.2773730000000008,3.7384649999999997,9.844068,13.121441,0,21,0.11312500000000014,0.1612170000000006,0.27434200000000075,0,12.135784000000001,21.623325,4.227169999999999,3.2773730000000008,3.2773730000000008,4.552507,5.169709000000001,9.116736,13.669243,0,21,0.05395799999999973,0.1259409999999992,0.17989899999999892,0,13.872888,23.80731,5.535944000000001,4.552507,4.552507,0.0752106516570245,0.07500000663143584,11.346172820578163,False,4.4209571892217525e-08,4.4209571892217525e-08,0.005625044706929594,-0.07500000663143579,0.07500000663143584,6.408401040208867e-17
460,4-skew-two-planes,skew-xz-plus-0.075-yz-minus-0.100,2.853000999999999,3.3841110000000008,9.871722,12.724723,0,21,0.1039310000000011,0.22372999999999976,0.32766100000000087,0,12.125345000000001,21.66388,4.224242,2.853000999999999,3.2403879999999994,4.120464,4.795489,9.138291,13.258755,0,21,0.07334299999999949,0.16578600000000066,0.23912900000000015,0,13.854380999999998,23.842616,5.541535,4.120464,4.522523,0.08873295464128891,0.10000000884191447,11.346172820578163,False,4.4209571892217525e-08,4.4209571892217525e-08,0.007812544900346441,-0.10000000884191447,0.07500000663143584,6.408401040208867e-17
461,4-skew-two-planes,skew-xz-plus-0.075-yz-plus-0.000,3.258744,4.417254,9.875315,13.134059,0,126,0.009517999999999915,0.23824600000000018,0.2477640000000001,0,12.172190999999998,21.638303999999998,4.164289999999999,4.096185,3.258744,4.516187,5.885698000000001,9.164053,13.68024,0,126,0.050052000000000874,0.17576899999999895,0.22582099999999983,0,13.997151000000002,23.837071,5.454048,5.383384000000001,4.516187,0.053107540930561414,0.07500000663143584,11.346172820578163,False,4.4209571892217525e-08,4.4209571892217525e-08,0.002812544458250743,-6.168086001201034e-17,0.07500000663143584,6.408401040208867e-17
462,4-skew-two-planes,skew-xz-plus-0.075-yz-plus-0.025,3.2645409999999995,4.296094999999999,9.868048,13.132589,0,126,0.04828099999999935,0.21040400000000048,0.25868499999999983,0,12.169385,21.632854000000002,4.175053,3.9593930000000004,3.2645409999999995,4.5241810000000005,5.757499000000001,9.154812,13.678993,0,126,0.05212400000000095,0.16350899999999946,0.2156330000000004,0,13.943824,23.829796,5.467112,5.243949000000001,4.5241810000000005,0.055988985127990366,0.07500000663143584,11.346172820578163,False,4.4209571892217525e-08,4.4209571892217525e-08,0.0031250444858816895,0.025000002210478628,0.07500000663143584,6.408401040208867e-17
463,4-skew-two-planes,skew-xz-plus-0.075-yz-plus-0.050,3.278058999999999,4.044278,9.850642,13.128701,0,126,0.09162099999999995,0.17000300000000124,0.2616240000000012,0,12.145851,21.620886,4.202961,3.653288,3.278058999999999,4.543504,5.491364000000001,9.131787,13.675291,0,126,0.05766999999999989,0.13397900000000007,0.19164899999999996,0,13.893558000000002,23.812593999999997,5.501658000000001,4.933070000000001,4.543504,0.06386708844767204,0.07500000663143584,11.346172820578163,False,4.4209571892217525e-08,4.4209571892217525e-08,0.00406254456877464,0.05000000442095709,0.07500000663143584,6.408401040208867e-17
464,4-skew-two-planes,skew-xz-plus-0.075-yz-plus-0.075,3.277374,3.738465999999999,9.844067,13.121441,0,21,0.11312200000000061,0.1612170000000006,0.2743390000000012,0,12.135785,21.623324,4.2271709999999985,3.277374,3.277374,4.5525079999999996,5.169708999999999,9.116735,13.669243,0,21,0.05395499999999842,0.12594100000000097,0.1798959999999994,0,13.872888999999999,23.807309,5.535945,4.5525079999999996,4.5525079999999996,0.0752106516570245,0.07500000663143584,11.346172820578163,False,4.4209571892217525e-08,4.4209571892217525e-08,0.005625044706929594,0.07500000663143579,0.07500000663143584,6.408401040208867e-17
465,4-skew-two-planes,skew-xz-plus-0.075-yz-plus-0.100,2.853021,3.3841210000000004,9.871706,12.724727,0,21,0.10393599999999914,0.22370399999999968,0.3276399999999988,0,12.125368000000002,21.663865,4.224258000000001,2.853021,3.240406,4.120487000000001,4.7955000000000005,9.138273,13.25876,0,21,0.07335599999999864,0.16575300000000048,0.23910899999999913,0,13.854405999999999,23.842599,5.541554,4.120487000000001,4.522542,0.08873295464128886,0.10000000884191439,11.346172820578163,False,4.4209571892217525e-08,4.420957211426213e-08,0.007812544900346441,0.10000000884191439,0.07500000663143583,-4.6938296968675356e-17
466,4-skew-two-planes,skew-xz-plus-0.100-yz-minus-0.025,2.8008679999999995,3.906613,9.93336,12.734228,0,126,0.06970899999999958,0.31347700000000067,0.38318600000000025,0,12.121184,21.710531,4.147724,3.881556999999999,2.8008679999999995,4.054266999999999,5.3503609999999995,9.212645,13.266912,0,126,0.11548500000000139,0.23538899999999963,0.350874000000001,0,13.933976,23.900841,5.4501539999999995,5.174636,4.054266999999999,0.07308025773371975,0.10000000884191444,11.346172820578163,False,4.420957211426213e-08,4.4209571892217525e-08,0.0053125446792985365,-0.02500000221047865,0.10000000884191444,-4.6938296968675356e-17
467,4-skew-two-planes,skew-xz-plus-0.100-yz-minus-0.050,2.8238590000000006,3.6645730000000007,9.906803,12.730662,0,126,0.08680199999999871,0.27259300000000053,0.35939499999999924,0,12.130122,21.689563,4.179741,3.586417000000001,2.8238590000000006,4.082738999999998,5.09314,9.181107,13.263846,0,126,0.10173499999999969,0.20287000000000077,0.30460500000000046,0,13.872444999999999,23.875329,5.4879549999999995,4.873866999999999,4.082738999999998,0.07930362012400605,0.10000000884191444,11.346172820578163,False,4.420957211426213e-08,4.420957211426213e-08,0.006250044762191487,-0.050000004420957186,0.10000000884191444,-1.5796060433943938e-16
468,4-skew-two-planes,skew-xz-plus-0.100-yz-minus-0.075,2.853019999999999,3.3841199999999994,9.871707,12.724727,0,126,0.1039399999999997,0.22370300000000043,0.32764300000000013,0,12.125367,21.663866,4.224257,3.240404,2.853019999999999,4.120487000000001,4.7955000000000005,9.138273,13.25876,0,126,0.07335699999999967,0.16575300000000048,0.23911000000000016,0,13.854405000000002,23.842599,5.541554,4.522542,4.120487000000001,0.08873295464128889,0.10000000884191444,11.346172820578163,False,4.420957211426213e-08,4.4209571892217525e-08,0.007812544900346441,-0.0750000066314358,0.10000000884191444,-4.6938296968675356e-17
469,4-skew-two-planes,skew-xz-plus-0.100-yz-minus-0.100,2.8648279999999993,3.0720149999999986,9.851862,12.71669,0,21,0.10295099999999913,0.2112430000000014,0.31419400000000053,0,12.138514,21.657249,4.257857999999999,2.8648279999999993,2.8648290000000003,4.13968,4.462546999999999,9.112014,13.251694,0,21,0.01900299999999966,0.17107200000000056,0.19007500000000022,0,13.856692,23.830513,5.5834980000000005,4.13968,4.1396820000000005,0.10049876949626885,0.10000000884191448,11.346172820578163,False,4.420957211426213e-08,4.4209571892217525e-08,0.010000045093763288,-0.10000000884191448,0.10000000884191444,-4.6938296968675356e-17
470,4-skew-two-planes,skew-xz-plus-0.100-yz-plus-0.000,2.792833999999999,4.021634000000001,9.942686,12.73552,0,126,0.0628820000000001,0.3284059999999993,0.3912879999999994,0,12.078586,21.718056,4.136585999999999,4.015518999999999,2.792833999999999,4.044343000000001,5.472477000000001,9.223643,13.267986,0,126,0.1199539999999999,0.24700099999999914,0.36695499999999903,0,14.040205,23.909871,5.437093000000001,5.311454000000001,4.044343000000001,0.0708872437799218,0.10000000884191444,11.346172820578163,False,4.420957211426213e-08,4.4209571892217525e-08,0.00500004465166759,-7.198204061906063e-17,0.10000000884191444,-4.6938296968675356e-17
471,4-skew-two-planes,skew-xz-plus-0.100-yz-plus-0.025,2.8008690000000005,3.906614000000001,9.933359,12.734228,0,126,0.06970700000000107,0.3134769999999989,0.38318399999999997,0,12.121185,21.71053,4.147725000000001,3.881558,2.8008690000000005,4.054268,5.3503609999999995,9.212645,13.266913,0,126,0.11548299999999934,0.23539000000000065,0.350873,0,13.933976,23.900841,5.450153,5.174636,4.054268,0.07308025773371973,0.10000000884191444,11.346172820578163,False,4.420957211426213e-08,4.4209571892217525e-08,0.0053125446792985365,0.025000002210478618,0.10000000884191444,-4.6938296968675356e-17
472,4-skew-two-planes,skew-xz-plus-0.100-yz-plus-0.050,2.8238239999999983,3.6645429999999983,9.906828,12.730652,0,126,0.08672999999999931,0.27266600000000096,0.35939600000000027,0,12.130091999999998,21.689588,4.179715,3.586402999999999,2.8238239999999983,4.082699999999999,5.093105999999999,9.181136,13.263836,0,126,0.10168100000000102,0.2029399999999999,0.3046210000000009,0,13.87241,23.875358,5.487924999999999,4.873849,4.082699999999999,0.07930362012400602,0.10000000884191444,11.346172820578163,False,4.420957211426213e-08,4.4209571892217525e-08,0.006250044762191487,0.050000004420957075,0.10000000884191444,-4.6938296968675356e-17
473,4-skew-two-planes,skew-xz-plus-0.100-yz-plus-0.075,2.853021,3.3841210000000004,9.871706,12.724727,0,126,0.10393599999999914,0.22370399999999968,0.3276399999999988,0,12.125368000000002,21.663865,4.224258000000001,3.240406,2.853021,4.120487000000001,4.7955000000000005,9.138273,13.25876,0,126,0.07335599999999864,0.16575300000000048,0.23910899999999913,0,13.854405999999999,23.842599,5.541554,4.522542,4.120487000000001,0.08873295464128886,0.10000000884191444,11.346172820578163,False,4.420957211426213e-08,4.4209571892217525e-08,0.007812544900346441,0.07500000663143577,0.10000000884191444,-4.6938296968675356e-17
474,4-skew-two-planes,skew-xz-plus-0.100-yz-plus-0.100,2.864827,3.072011,9.851863,12.71669,0,21,0.10294199999999876,0.21124900000000046,0.3141909999999992,0,12.138512,21.657249999999998,4.257857,2.864827,2.864827,4.13968,4.462543999999999,9.112014,13.251694,0,21,0.018990000000000506,0.17107900000000065,0.19006900000000115,0,13.856691,23.830513,5.5834969999999995,4.13968,4.13968,0.10049876949626879,0.10000000884191443,11.346172820578163,False,4.420957211426213e-08,4.420957211426213e-08,0.010000045093763288,0.10000000884191437,0.10000000884191443,-1.5796060433943938e-16
475,5-skew-three-planes,skew-xy-minus-0.030-xz-minus-0.030-yz-minus-0.030,3.9734309999999997,5.103103000000001,9.803524,13.776955,0,21,0.005966000000000804,0.1212459999999993,0.1272120000000001,0,12.316634,21.557083,3.983930000000001,3.9734309999999997,3.973645000000001,5.2488209999999995,6.614796999999999,9.096408,14.345229,0,21,0.006845999999999464,0.08417999999999992,0.09102599999999939,0,14.148910999999998,23.75933,5.259713999999999,5.2488209999999995,5.249058999999999,0.036392552171831107,0.03000000265257428,11.346172820578163,False,4.4209571892217525e-08,0.0004500442493604595,0.0009000442891491378,-0.029100002572997125,-0.03000000265257428,-0.03000000265257424
476,5-skew-three-planes,skew-xy-minus-0.030-xz-minus-0.030-yz-minus-0.090,2.990508,4.233352,9.893113,12.883621,0,21,0.021400999999999115,0.2739589999999996,0.29535999999999873,0,12.247909,21.664873,3.922783000000001,2.990508,3.8305260000000008,4.249165,5.697818,9.172457,13.421622,0,21,0.06515800000000027,0.19716099999999948,0.26231899999999975,0,14.037474999999999,23.854782999999998,5.2152650000000005,4.249165,5.1196909999999995,0.06992752535586205,0.08910000787814576,11.346172820578163,False,4.4209571892217525e-08,0.0004500442493604595,0.004500044607458009,-0.08910000787814576,-0.030000002652574284,-0.03000000265257424
477,5-skew-three-planes,skew-xy-minus-0.030-xz-minus-0.030-yz-plus-0.030,4.019183,4.555782000000001,9.768782,13.787965,0,21,0.13254600000000138,0.006551999999999225,0.1390980000000006,0,12.166465,21.524720000000002,4.050555000000001,4.019183,4.040239,5.284556,6.01389,9.072396,14.356952,0,21,0.08955500000000072,0.007341999999999516,0.09689700000000023,0,13.935978,23.737951,5.317026,5.284556,5.306336,0.03712705028855259,0.030900002732151457,11.346172820578163,False,4.4209571892217525e-08,0.0004500442493604595,0.0009000442891491378,0.030900002732151457,-0.03000000265257428,-0.03000000265257424
478,5-skew-three-planes,skew-xy-minus-0.030-xz-minus-0.030-yz-plus-0.060,3.5488809999999997,4.122537999999999,9.822349,13.37123,0,21,0.12443999999999988,0.1016590000000015,0.22609900000000138,0,12.124459,21.587223,4.035627,3.5488809999999997,3.994306999999999,4.812664999999999,5.563869,9.113661,13.926326,0,21,0.07529199999999925,0.08762700000000123,0.16291900000000048,0,13.891108,23.788806,5.316849999999999,4.812664999999999,5.274016,0.052532568248210676,0.06090000538472587,11.346172820578163,False,4.4209571892217525e-08,0.00045004424936068155,0.0022500444085149507,0.06090000538472587,-0.030000002652574284,-0.03000000265257435
479,5-skew-three-planes,skew-xy-minus-0.030-xz-minus-0.030-yz-plus-0.090,3.0046609999999987,3.656438999999999,9.894714,12.899375,0,21,0.10379200000000033,0.2374729999999996,0.34126499999999993,0,12.128018999999998,21.67362,4.016916999999999,3.0046609999999987,3.9238020000000002,4.262823000000001,5.0772010000000005,9.175657,13.43848,0,21,0.08621400000000001,0.19317399999999907,0.2793879999999991,0,13.889404,23.865921,5.312286,4.262823000000001,5.215725000000001,0.07107642950403835,0.09090000803730018,11.346172820578163,False,4.4209571892217525e-08,0.00045004424936068155,0.004500044607458009,0.09090000803730018,-0.030000002652574288,-0.03000000265257435
480,5-skew-three-planes,skew-xy-minus-0.030-xz-minus-0.060-yz-minus-0.030,3.515288,4.666891999999999,9.838582,13.35387,0,126,0.010025000000000617,0.18169900000000005,0.19172400000000067,0,12.291821,21.598894,3.9569649999999985,3.9250809999999987,3.515288,4.782294,6.153552000000001,9.125385,13.907679,0,126,0.012547000000001418,0.1354829999999989,0.14803000000000033,0,14.069336999999999,23.795462999999998,5.240032000000001,5.206967000000001,4.782294,0.051506171551273634,0.06000000530514857,11.346172820578163,False,4.4209571892217525e-08,0.0004500442493604595,0.0022500444085149507,-0.0282000024934199,-0.06000000530514857,-0.03000000265257424
481,5-skew-three-planes,skew-xy-minus-0.030-xz-minus-0.060-yz-plus-0.030,3.5716,4.1092390000000005,9.823803,13.395403,0,126,0.1257230000000007,0.103235999999999,0.2289589999999997,0,12.122010000000001,21.588798,4.0355550000000004,3.962064,3.5716,4.83563,5.549066,9.115747,13.951377,0,126,0.0768090000000008,0.09002500000000069,0.16683400000000148,0,13.884841,23.791025,5.316194999999999,5.240077999999999,4.83563,0.05254413123240084,0.06000000530514857,11.346172820578163,False,4.4209571892217525e-08,0.0004500442493604595,0.0022500444085149507,0.031800002811728685,-0.06000000530514857,-0.03000000265257424
482,5-skew-three-planes,skew-xy-minus-0.030-xz-minus-0.060-yz-plus-0.060,3.5622760000000007,3.733531000000001,9.809617,13.371893,0,21,0.17206100000000113,0.06990899999999911,0.24197000000000024,0,12.112636000000002,21.584797000000002,4.101804000000001,3.5622760000000007,3.5997590000000006,4.835269,5.151489999999999,9.093014,13.928283,0,21,0.10114300000000043,0.055443999999999605,0.15658700000000003,0,13.853575,23.779361,5.39423,4.835269,4.874146,0.06459708659073697,0.061800005464303094,11.346172820578163,False,4.4209571892217525e-08,0.00045004424936068155,0.0036000445278807636,0.061800005464303094,-0.060000005305148575,-0.03000000265257435
483,5-skew-three-planes,skew-xy-minus-0.030-xz-minus-0.060-yz-plus-0.090,3.0415810000000008,3.279686,9.860099,12.90168,0,21,0.14655200000000157,0.17621499999999912,0.3227670000000007,0,12.091569999999999,21.650805,4.116872000000001,3.0415810000000008,3.558922000000001,4.307729999999999,4.674380999999999,9.134308,13.442038,0,21,0.08358100000000057,0.14465900000000076,0.22824000000000133,0,13.825425,23.837331,5.422775999999999,4.307729999999999,4.844460999999999,0.08061046275856329,0.09180000811687741,11.346172820578163,False,4.4209571892217525e-08,0.00045004424936068155,0.005850044726823822,0.09180000811687741,-0.060000005305148575,-0.03000000265257435
484,5-skew-three-planes,skew-xy-minus-0.030-xz-minus-0.090-yz-minus-0.030,2.977580999999999,4.204044,9.902682,12.880263,0,126,0.03184500000000057,0.28307900000000075,0.3149240000000013,0,12.213157999999998,21.674720999999998,3.917484999999999,3.8428489999999993,2.977580999999999,4.234979000000001,5.666047000000001,9.183145,13.418124,0,126,0.07690200000000047,0.2072869999999991,0.2841889999999996,0,14.014475000000001,23.865776,5.209024000000001,5.131648,4.234979000000001,0.0699506883666464,0.09000000795772292,11.346172820578163,False,4.4209571892217525e-08,0.0004500442493604595,0.004500044607458009,-0.02730000241384267,-0.09000000795772292,-0.03000000265257424
485,5-skew-three-planes,skew-xy-minus-0.030-xz-minus-0.090-yz-minus-0.060,2.981708000000001,4.1062850000000015,9.871175,12.852883,0,126,0.045120000000000715,0.23867299999999858,0.2837929999999993,0,12.252672000000002,21.647754,3.918596000000001,3.453005000000001,2.981708000000001,4.247868,5.568155000000001,9.142446,13.390314,0,126,0.05774599999999985,0.16619399999999906,0.22393999999999892,0,14.002202,23.829808,5.218730000000001,4.736751,4.247868,0.07858798667234201,0.09000000795772292,11.346172820578163,False,4.4209571892217525e-08,0.0004500442493604595,0.005850044726823822,-0.05730000506641697,-0.09000000795772292,-0.03000000265257424
486,5-skew-three-planes,skew-xy-minus-0.030-xz-minus-0.090-yz-minus-0.090,2.9787940000000006,3.8032330000000005,9.84304,12.821834,0,126,0.0644240000000007,0.202928,0.2673520000000007,0,12.261671999999999,21.629477,3.928393,3.010152999999999,2.9787940000000006,4.257929000000001,5.2530090000000005,9.101362,13.359291,0,126,0.02104399999999984,0.14023700000000083,0.16128100000000067,0,14.003086999999999,23.79916,5.241916,4.290508000000001,4.257929000000001,0.09152300113779091,0.09000000795772292,11.346172820578163,False,4.4209571892217525e-08,0.0004500442493604595,0.008100044925766992,-0.08730000771899131,-0.09000000795772292,-0.03000000265257424
487,5-skew-three-planes,skew-xy-minus-0.030-xz-minus-0.090-yz-plus-0.030,3.028882000000001,3.631756000000001,9.895233,12.924115,0,126,0.10868599999999873,0.236027,0.3447129999999987,0,12.121688,21.674512,4.0199940000000005,3.883332000000001,3.028882000000001,4.287219,5.050074,9.176843,13.464062,0,126,0.09065099999999937,0.19281900000000007,0.28346999999999944,0,13.87532,23.867459,5.3148029999999995,5.173119,4.287219,0.07109921822084601,0.09000000795772292,11.346172820578163,False,4.4209571892217525e-08,0.0004500442493604595,0.004500044607458009,0.03270000289130591,-0.09000000795772292,-0.03000000265257424
488,5-skew-three-planes,skew-xy-minus-0.030-xz-minus-0.090-yz-plus-0.060,3.0835220000000003,3.270085,9.856757,12.940279,0,126,0.15089500000000022,0.16914799999999985,0.3200430000000001,0,12.087643000000002,21.647685,4.122161,3.511794,3.0835220000000003,4.350932,4.663535999999999,9.131168,13.4821,0,126,0.08555300000000088,0.13905600000000007,0.22460900000000095,0,13.819546999999998,23.834431000000002,5.427949,4.795278,4.350932,0.08062302218664232,0.09000000795772292,11.346172820578163,False,4.4209571892217525e-08,0.00045004424936068155,0.005850044726823822,0.06270000554388033,-0.09000000795772292,-0.03000000265257435
489,5-skew-three-planes,skew-xy-minus-0.030-xz-minus-0.090-yz-plus-0.090,2.8795599999999997,2.8795599999999997,9.833778,12.713338,0,0,0.16173899999999897,0.1480080000000008,0.3097469999999998,0,12.092298999999999,21.641821,4.218857,3.066737,3.1191389999999988,4.247840999999999,4.247840999999999,9.098693,13.346534,0,0,0.05604800000000054,0.12424900000000072,0.18029700000000126,0,13.810537,23.820416,5.5389669999999995,4.343760999999999,4.398126999999999,0.09414063853199366,0.09270000819645463,11.346172820578163,False,4.4209571892217525e-08,0.00045004424936068155,0.008100044925766992,0.09270000819645463,-0.09000000795772294,-0.03000000265257435
490,5-skew-three-planes,skew-xy-minus-0.030-xz-plus-0.030-yz-minus-0.030,4.019183,4.555782000000001,9.768782,13.787965,0,21,0.13254600000000138,0.006551999999999225,0.1390980000000006,0,12.166465,21.524720000000002,4.050555000000001,4.019183,4.040239,5.284556,6.013890999999999,9.072395,14.356951,0,21,0.08955599999999997,0.007340000000001012,0.09689600000000098,0,13.935979,23.737949999999998,5.3170269999999995,5.284556,5.306336999999999,0.037127050288552656,0.030900002732151582,11.346172820578163,False,4.4209571892217525e-08,0.0004500442493604595,0.0009000442891491378,-0.030900002732151582,0.0300000026525743,-0.03000000265257424
491,5-skew-three-planes,skew-xy-minus-0.030-xz-plus-0.030-yz-minus-0.060,3.5488789999999995,4.1225369999999995,9.82235,13.371229,0,21,0.12443900000000063,0.101661,0.22610000000000063,0,12.124457,21.587224,4.035626000000001,3.5488789999999995,3.994306,4.812664,5.563867,9.113662,13.926326,0,21,0.075291,0.08762899999999973,0.16291999999999973,0,13.891107,23.788807,5.3168489999999995,4.812664,5.274015,0.052532568248210655,0.06090000538472588,11.346172820578163,False,4.4209571892217525e-08,0.0004500442493604595,0.0022500444085149507,-0.06090000538472588,0.030000002652574298,-0.03000000265257424
492,5-skew-three-planes,skew-xy-minus-0.030-xz-plus-0.030-yz-minus-0.090,3.0046479999999995,3.6564359999999994,9.894724,12.899372,0,21,0.10379200000000033,0.23748699999999978,0.3412790000000001,0,12.128004,21.67363,4.016907,3.0046479999999995,3.9237920000000006,4.262809000000001,5.077197999999999,9.175668,13.438477,0,21,0.08620800000000095,0.19319299999999906,0.279401,0,13.889389,23.865932,5.312275,4.262809000000001,5.215714,0.07107642950403835,0.09090000803730021,11.346172820578163,False,4.4209571892217525e-08,0.0004500442493604595,0.004500044607458009,-0.09090000803730021,0.030000002652574298,-0.03000000265257424
493,5-skew-three-planes,skew-xy-minus-0.030-xz-plus-0.030-yz-plus-0.030,3.973431999999999,5.103104,9.803523,13.776955,0,21,0.005965999999999028,0.1212440000000008,0.12720999999999982,0,12.316635,21.557082,3.983931,3.973431999999999,3.9736460000000005,5.2488220000000005,6.614798,9.096407,14.345229,0,21,0.006845000000000212,0.0841789999999989,0.0910239999999991,0,14.148911000000002,23.759329,5.259715,5.2488220000000005,5.24906,0.03639255217183107,0.0300000026525743,11.346172820578163,False,4.4209571892217525e-08,0.0004500442493604595,0.0009000442891491378,0.029100002572997004,0.0300000026525743,-0.03000000265257424
494,5-skew-three-planes,skew-xy-minus-0.030-xz-plus-0.030-yz-plus-0.090,2.990530999999999,4.233355999999999,9.893095,12.883626,0,21,0.021412999999999016,0.2739260000000012,0.29533900000000024,0,12.247932999999998,21.664856,3.922801999999999,2.990530999999999,3.830544999999999,4.249189000000001,5.697822,9.172438,13.421627,0,21,0.06517200000000045,0.19712599999999902,0.2622979999999995,0,14.037500999999999,23.854765,5.2152840000000005,4.249189000000001,5.1197099999999995,0.06992752535586205,0.08910000787814573,11.346172820578163,False,4.4209571892217525e-08,0.00045004424936068155,0.004500044607458009,0.08910000787814573,0.030000002652574295,-0.03000000265257435
495,5-skew-three-planes,skew-xy-minus-0.030-xz-plus-0.060-yz-minus-0.030,3.5716009999999994,4.1092390000000005,9.823803,13.395404,0,126,0.12572399999999995,0.10323499999999974,0.2289589999999997,0,12.122010999999999,21.588798,4.0355550000000004,3.9620630000000006,3.5716009999999994,4.835631000000001,5.549068,9.115746,13.951377,0,126,0.07681000000000004,0.09002300000000041,0.16683300000000045,0,13.884843000000002,23.791024,5.316196,5.240079,4.835631000000001,0.052544131232400954,0.06000000530514871,11.346172820578163,False,4.4209571892217525e-08,0.0004500442493604595,0.0022500444085149507,-0.03180000281172882,0.06000000530514871,-0.03000000265257424
496,5-skew-three-planes,skew-xy-minus-0.030-xz-plus-0.060-yz-minus-0.060,3.5622760000000007,3.733531000000001,9.809617,13.371893,0,21,0.17206100000000113,0.06990899999999911,0.24197000000000024,0,12.112636000000002,21.584797000000002,4.101804000000001,3.5622760000000007,3.5997590000000006,4.835267999999999,5.151489999999999,9.093014,13.928282,0,21,0.10114300000000043,0.055443999999999605,0.15658700000000003,0,13.853575,23.779361,5.39423,4.835267999999999,4.874146,0.06459708659073701,0.061800005464303115,11.346172820578163,False,4.4209571892217525e-08,0.0004500442493604595,0.0036000445278807636,-0.061800005464303115,0.06000000530514871,-0.03000000265257424
497,5-skew-three-planes,skew-xy-minus-0.030-xz-plus-0.060-yz-minus-0.090,3.0415620000000008,3.279680000000001,9.860114,12.901676,0,21,0.14655200000000157,0.17623699999999864,0.3227890000000002,0,12.091548,21.650819,4.116858000000001,3.0415620000000008,3.5589060000000003,4.307708999999999,4.674374,9.134325,13.442034,0,21,0.08357499999999973,0.14468700000000112,0.22826200000000085,0,13.825402,23.837347,5.42276,4.307708999999999,4.844443,0.08061046275856333,0.09180000811687744,11.346172820578163,False,4.4209571892217525e-08,0.0004500442493604595,0.005850044726823822,-0.09180000811687744,0.06000000530514871,-0.03000000265257424
498,5-skew-three-planes,skew-xy-minus-0.030-xz-plus-0.060-yz-plus-0.030,3.515289000000001,4.666894000000001,9.838581,13.35387,0,126,0.010024000000001365,0.18169799999999903,0.1917220000000004,0,12.291822000000002,21.598893,3.9569659999999995,3.9250819999999997,3.515289000000001,4.7822949999999995,6.153554,9.125384,13.907679,0,126,0.01254800000000067,0.1354810000000004,0.14802900000000108,0,14.069337999999998,23.795462,5.240033,5.206968,4.7822949999999995,0.05150617155127368,0.06000000530514871,11.346172820578163,False,4.4209571892217525e-08,0.0004500442493604595,0.0022500444085149507,0.028200002493419772,0.06000000530514871,-0.03000000265257424
499,5-skew-three-planes,skew-xy-minus-0.030-xz-plus-0.090-yz-minus-0.030,3.0288950000000003,3.6317590000000006,9.895223,12.924118,0,126,0.10868499999999948,0.2360129999999998,0.3446979999999993,0,12.121702,21.674502,4.020003000000001,3.8833420000000007,3.0288950000000003,4.2872340000000015,5.050078000000001,9.176832,13.464066,0,126,0.09065599999999918,0.19280099999999933,0.2834569999999985,0,13.875335000000002,23.867448,5.314814,5.1731310000000015,4.2872340000000015,0.0710992182208461,0.090000007957723,11.346172820578163,False,4.4209571892217525e-08,0.0004500442493604595,0.004500044607458009,-0.03270000289130604,0.090000007957723,-0.03000000265257424
500,5-skew-three-planes,skew-xy-minus-0.030-xz-plus-0.090-yz-minus-0.060,3.083544,3.2700940000000003,9.85674,12.940284,0,126,0.15089500000000022,0.16912400000000005,0.3200190000000003,0,12.087667000000001,21.647669,4.122176,3.511813,3.083544,4.350955000000001,4.663545000000001,9.13115,13.482105,0,126,0.08556000000000097,0.13902599999999943,0.2245860000000004,0,13.819571000000002,23.834414000000002,5.427966,4.795297,4.350955000000001,0.08062302218664233,0.090000007957723,11.346172820578163,False,4.4209571892217525e-08,0.0004500442493604595,0.005850044726823822,-0.06270000554388033,0.090000007957723,-0.03000000265257424
501,5-skew-three-planes,skew-xy-minus-0.030-xz-plus-0.090-yz-minus-0.090,2.8795590000000004,2.8795590000000004,9.833779,12.713338,0,0,0.16173799999999972,0.1480099999999993,0.309747999999999,0,12.092298,21.641821999999998,4.218856000000001,3.0667299999999997,3.1191440000000004,4.247840999999999,4.247840999999999,9.098694,13.346535,0,0,0.05604600000000026,0.12425200000000025,0.1802980000000005,0,13.810536,23.820416,5.538966,4.343754000000001,4.398133,0.09414063853199368,0.09270000819645467,11.346172820578163,False,4.4209571892217525e-08,0.0004500442493604595,0.008100044925766992,-0.09270000819645467,0.090000007957723,-0.03000000265257424
502,5-skew-three-planes,skew-xy-minus-0.030-xz-plus-0.090-yz-plus-0.030,2.9776059999999998,4.204048,9.902663,12.880269,0,126,0.03185699999999869,0.2830450000000013,0.314902,0,12.213183999999998,21.674703,3.9175050000000002,3.8428679999999993,2.9776059999999998,4.235004999999999,5.666048999999999,9.183125,13.41813,0,126,0.07691599999999887,0.20725100000000118,0.28416700000000006,0,14.014503000000001,23.865757000000002,5.2090440000000005,5.1316679999999995,4.235004999999999,0.06995068836664645,0.090000007957723,11.346172820578163,False,4.4209571892217525e-08,0.0004500442493604595,0.004500044607458009,0.027300002413842544,0.090000007957723,-0.03000000265257424
503,5-skew-three-planes,skew-xy-minus-0.030-xz-plus-0.090-yz-plus-0.060,2.9817210000000003,4.106291000000001,9.871164,12.852885,0,126,0.045123000000000246,0.23865499999999962,0.28377799999999986,0,12.252686999999998,21.647744,3.918607999999999,3.453016,2.9817210000000003,4.247881,5.568161,9.142435,13.390316,0,126,0.05775299999999994,0.1661740000000016,0.22392700000000154,0,14.002215999999999,23.829797,5.218741999999999,4.736761999999999,4.247881,0.07858798667234208,0.090000007957723,11.346172820578163,False,4.4209571892217525e-08,0.00045004424936068155,0.005850044726823822,0.057300005066416956,0.090000007957723,-0.03000000265257435
504,5-skew-three-planes,skew-xy-minus-0.030-xz-plus-0.090-yz-plus-0.090,2.9787809999999997,3.8032310000000003,9.84305,12.821831,0,126,0.06442700000000023,0.20294099999999915,0.2673679999999994,0,12.261656,21.629486,3.928382000000001,3.010141000000001,2.9787809999999997,4.257917000000001,5.253008000000001,9.101372,13.359289,0,126,0.021046999999999372,0.14024999999999999,0.16129699999999936,0,14.003072000000001,23.799169,5.241905000000001,4.290496000000001,4.257917000000001,0.09152300113779095,0.09000000795772299,11.346172820578163,False,4.4209571892217525e-08,0.00045004424936068155,0.008100044925766992,0.08730000771899127,0.09000000795772299,-0.03000000265257435
505,5-skew-three-planes,skew-xy-minus-0.060-xz-minus-0.030-yz-minus-0.030,3.5219880000000003,4.660836,9.841294,13.363282,0,144,0.001788000000001233,0.18987999999999872,0.19166799999999995,0,12.289368000000001,21.601623,3.5219880000000003,3.922379000000001,3.94402,4.789128,6.147152999999999,9.128287,13.917415,0,144,0.02208699999999908,0.1350630000000006,0.15714999999999968,0,14.066672,23.798382,4.789128,5.204074,5.226528,0.05149437549533318,0.06000000530514854,11.346172820578163,False,4.4209571892217525e-08,0.0018000443687262724,0.0009000442891491378,-0.028200002493419897,-0.030000002652574267,-0.06000000530514854
506,5-skew-three-planes,skew-xy-minus-0.060-xz-minus-0.030-yz-minus-0.090,2.9930380000000003,4.086606,9.877302,12.87034,0,21,0.0377559999999999,0.25154999999999994,0.28930599999999984,0,12.230357999999999,21.653852999999998,3.501353999999999,2.9930380000000003,3.818099,4.255476,5.543366000000001,9.152961,13.408437,0,21,0.026351000000000013,0.19770399999999988,0.2240549999999999,0,13.978311,23.840282000000002,4.782506,4.255476,5.110476,0.07850548800510944,0.08820000779856853,11.346172820578163,False,4.4209571892217525e-08,0.0018000443687262724,0.004500044607458009,-0.08820000779856853,-0.03000000265257427,-0.06000000530514854
507,5-skew-three-planes,skew-xy-minus-0.060-xz-minus-0.030-yz-plus-0.030,3.57728,4.104685,9.827543,13.404823,0,144,0.12342700000000129,0.10998999999999981,0.2334170000000011,0,12.119763999999998,21.592555,3.57728,3.958333999999999,4.021518,4.8417449999999995,5.54457,9.119381,13.961126,0,144,0.07742699999999836,0.0951650000000015,0.17259199999999986,0,13.881032999999999,23.794676000000003,4.8417449999999995,5.236452999999999,5.301886,0.05253256824821057,0.06000000530514854,11.346172820578163,False,4.4209571892217525e-08,0.0018000443687262724,0.0009000442891491378,0.031800002811728685,-0.030000002652574267,-0.06000000530514854
508,5-skew-three-planes,skew-xy-minus-0.060-xz-minus-0.030-yz-plus-0.060,3.5450850000000003,3.714054000000001,9.826863,13.371948,0,21,0.15969299999999897,0.10194599999999987,0.26163899999999884,0,12.093917000000001,21.602108,3.6202120000000004,3.5450850000000003,4.043228000000001,4.8155090000000005,5.129314000000001,9.11282,13.928329,0,21,0.0912759999999988,0.0900780000000001,0.1813539999999989,0,13.834392000000001,23.799232,4.893365000000001,4.8155090000000005,5.33155,0.06455945782882427,0.061800005464303094,11.346172820578163,False,4.4209571892217525e-08,0.0018000443687264944,0.0022500444085149507,0.061800005464303094,-0.03000000265257427,-0.06000000530514865
509,5-skew-three-planes,skew-xy-minus-0.060-xz-minus-0.030-yz-plus-0.090,3.024118999999999,3.2581629999999997,9.877693,12.901812,0,21,0.13764200000000137,0.20702700000000007,0.34466900000000145,0,12.072377,21.668537,3.626168999999999,3.024118999999999,4.0059429999999985,4.285233,4.647591,9.156925,13.442158,0,21,0.06796600000000019,0.18638499999999958,0.25435099999999977,0,13.805830000000002,23.86009,4.909705000000001,4.285233,5.303292000000001,0.08054260800480696,0.09180000811687741,11.346172820578163,False,4.4209571892217525e-08,0.0018000443687264944,0.004500044607458009,0.09180000811687741,-0.030000002652574274,-0.06000000530514865
510,5-skew-three-planes,skew-xy-minus-0.060-xz-minus-0.060-yz-minus-0.060,3.4685710000000007,4.676942,9.840677,13.309248,0,126,0.019424000000000774,0.19869899999999951,0.2181230000000003,0,12.425991,21.610194999999997,3.506019,3.4802049999999998,3.4685710000000007,4.752239999999999,6.180724999999999,9.110618,13.862858,0,126,0.022370999999999697,0.12888000000000055,0.15125100000000025,0,14.206166999999999,23.790342000000003,4.790974,4.764379,4.752239999999999,0.07215733779879696,0.06000000530514861,11.346172820578163,False,4.4209571892217525e-08,0.0018000443687262724,0.0036000445278807636,-0.05640000498683974,-0.06000000530514861,-0.06000000530514854
511,5-skew-three-planes,skew-xy-minus-0.060-xz-minus-0.060-yz-minus-0.090,3.005428,4.377036,9.843403,12.848831,0,21,0.020510999999999058,0.21770200000000095,0.238213,0,12.442196999999998,21.621474,3.4961839999999995,3.005428,3.41202,4.281124999999999,5.865121,9.105292,13.386417,0,21,0.007463999999998805,0.14521200000000078,0.1526759999999996,0,14.213817999999998,23.794016,4.790001,4.281124999999999,4.702964999999999,0.08584838076341592,0.08640000763941408,11.346172820578163,False,4.4209571892217525e-08,0.0018000443687262724,0.005850044726823822,-0.08640000763941408,-0.06000000530514861,-0.06000000530514854
512,5-skew-three-planes,skew-xy-minus-0.060-xz-minus-0.060-yz-plus-0.030,3.6032200000000003,3.6759600000000017,9.838273,13.441493,0,126,0.15594100000000033,0.1210369999999994,0.2769779999999997,0,12.079192,21.613978,3.6126120000000004,3.9504460000000012,3.6032200000000003,4.873011,5.085972999999999,9.127427,14.000438,0,126,0.08518399999999993,0.11510500000000157,0.2002890000000015,0,13.819316999999998,23.814348000000003,4.8827359999999995,5.232695999999999,4.873011,0.06459708659073692,0.06000000530514861,11.346172820578163,False,4.4209571892217525e-08,0.0018000443687262724,0.0022500444085149507,0.03360000297088314,-0.06000000530514861,-0.06000000530514854
513,5-skew-three-planes,skew-xy-minus-0.060-xz-minus-0.060-yz-plus-0.060,3.3139149999999997,3.3139149999999997,9.789659,13.103574,0,0,0.2248669999999997,0.025961000000000567,0.2508280000000003,0,12.142578,21.578214000000003,3.7235499999999995,3.590047,3.6859330000000003,4.6945,4.6945,9.075193,13.769693,0,0,0.1263109999999994,0.028577000000000297,0.1548879999999997,0,13.878449999999999,23.776016,5.000795,4.86275,4.96185,0.07509115443648369,0.06360000562345756,11.346172820578163,False,4.4209571892217525e-08,0.0018000443687264944,0.0036000445278807636,0.06360000562345756,-0.06000000530514862,-0.06000000530514865
514,5-skew-three-planes,skew-xy-minus-0.060-xz-minus-0.060-yz-plus-0.090,2.8515610000000002,2.8515610000000002,9.833433,12.684994,0,0,0.18763500000000022,0.129251,0.3168860000000002,0,12.136584,21.640267,3.7553680000000007,3.078456000000001,3.6706960000000013,4.209344,4.209344,9.106602,13.315946,0,0,0.08018000000000036,0.11804300000000012,0.19822300000000048,0,13.871977,23.827115,5.049946,4.347296999999999,4.962187999999999,0.08954297624209091,0.09360000827603186,11.346172820578163,False,4.4209571892217525e-08,0.0018000443687264944,0.005850044726823822,0.09360000827603186,-0.06000000530514862,-0.06000000530514865
515,5-skew-three-planes,skew-xy-minus-0.060-xz-minus-0.090-yz-minus-0.030,2.978847,3.9620479999999993,9.906278,12.885125,0,126,0.05025499999999994,0.28887399999999985,0.3391289999999998,0,12.176098,21.684004,3.483129999999999,3.813967999999999,2.978847,4.236362999999999,5.406545999999999,9.187364,13.423727,0,126,0.057952000000000226,0.2335250000000002,0.29147700000000043,0,13.918442999999998,23.875974,4.759338999999999,5.101780999999999,4.236362999999999,0.078587986672342,0.09000000795772292,11.346172820578163,False,4.4209571892217525e-08,0.0018000443687262724,0.004500044607458009,-0.02460000217511098,-0.09000000795772292,-0.06000000530514854
516,5-skew-three-planes,skew-xy-minus-0.060-xz-minus-0.090-yz-minus-0.060,2.9644190000000012,4.267192000000001,9.871272,12.835691,0,126,0.010301999999999367,0.2646239999999995,0.2749259999999989,0,12.331849,21.650056,3.4750880000000013,3.4233130000000003,2.9644190000000012,4.230013000000001,5.740348000000001,9.142603,13.372616,0,126,0.036129000000000744,0.18677999999999884,0.22290899999999958,0,14.132129,23.832093999999998,4.759819,4.7063320000000015,4.230013000000001,0.08589554401208963,0.09000000795772292,11.346172820578163,False,4.4209571892217525e-08,0.0018000443687262724,0.005850044726823822,-0.05460000482768528,-0.09000000795772292,-0.06000000530514854
517,5-skew-three-planes,skew-xy-minus-0.060-xz-minus-0.090-yz-minus-0.090,2.955404999999999,4.220507999999999,9.826681,12.782086,0,126,0.031652000000001124,0.20192600000000027,0.2335780000000014,0,12.460208999999999,21.612004,3.490164,2.9963949999999997,2.955404999999999,4.2419530000000005,5.7079070000000005,9.076302,13.318255,0,126,0.015679999999999694,0.11407900000000026,0.12975899999999996,0,14.225496000000001,23.772607,4.796004999999999,4.284687999999999,4.2419530000000005,0.09745477184245416,0.09000000795772292,11.346172820578163,False,4.4209571892217525e-08,0.0018000443687262724,0.008100044925766992,-0.08460000748025961,-0.09000000795772292,-0.06000000530514854
518,5-skew-three-planes,skew-xy-minus-0.060-xz-minus-0.090-yz-plus-0.030,3.081582000000001,3.1901650000000004,9.89078,12.972362,0,126,0.14249000000000045,0.2245829999999991,0.36707299999999954,0,12.055790000000002,21.682884,3.6231730000000013,3.8954780000000007,3.081582000000001,4.342521,4.57236,9.172846,13.515367,0,126,0.07964900000000164,0.204661999999999,0.28431100000000065,0,13.788808,23.877389,4.904342,5.186627,4.342521,0.08062302218664225,0.09000000795772292,11.346172820578163,False,4.4209571892217525e-08,0.0018000443687262724,0.004500044607458009,0.0354000031300376,-0.09000000795772292,-0.06000000530514854
519,5-skew-three-planes,skew-xy-minus-0.060-xz-minus-0.090-yz-plus-0.060,2.819922,2.819922,9.836731,12.656653,0,0,0.19090000000000096,0.13279499999999977,0.32369500000000073,0,12.118068000000001,21.644351999999998,3.7581799999999994,3.546564,3.173238999999999,4.173053999999999,4.173053999999999,9.112118,13.285172,0,0,0.08489100000000072,0.12418500000000066,0.20907600000000137,0,13.844568,23.833528,5.050858,4.831327,4.443614999999999,0.08958819451090666,0.09000000795772292,11.346172820578163,False,4.4209571892217525e-08,0.0018000443687264944,0.005850044726823822,0.06540000578261201,-0.09000000795772292,-0.06000000530514865
520,5-skew-three-planes,skew-xy-minus-0.060-xz-minus-0.090-yz-plus-0.090,2.440721,2.440721,9.786118,12.226839,0,0,0.21385500000000057,0.06569499999999984,0.2795500000000004,0,12.107946,21.614856,3.9019449999999996,3.1318269999999995,3.2571650000000005,3.770518000000001,3.770518000000001,9.046653,12.817171,0,0,0.07274899999999995,0.05231599999999936,0.12506499999999932,0,13.858923,23.790965,5.215479,4.415600000000001,4.545715000000001,0.10232024592792778,0.09540000843518633,11.346172820578163,False,4.4209571892217525e-08,0.0018000443687264944,0.008100044925766992,0.09540000843518633,-0.09000000795772294,-0.06000000530514865
521,5-skew-three-planes,skew-xy-minus-0.060-xz-plus-0.030-yz-minus-0.030,3.57728,4.104685,9.827543,13.404823,0,144,0.12342700000000129,0.10998999999999981,0.2334170000000011,0,12.119763999999998,21.592555,3.57728,3.958333999999999,4.021518,4.8417439999999985,5.54457,9.119381,13.961125,0,144,0.07742699999999836,0.0951650000000015,0.17259199999999986,0,13.881032999999999,23.794676000000003,4.8417439999999985,5.236452999999999,5.301886,0.05253256824821063,0.06000000530514854,11.346172820578163,False,4.4209571892217525e-08,0.0018000443687262724,0.0009000442891491378,-0.03180000281172882,0.030000002652574315,-0.06000000530514854
522,5-skew-three-planes,skew-xy-minus-0.060-xz-plus-0.030-yz-minus-0.060,3.5450850000000003,3.714054000000001,9.826863,13.371948,0,21,0.15969199999999972,0.10194699999999912,0.26163899999999884,0,12.093917000000001,21.602108,3.6202120000000004,3.5450850000000003,4.043228000000001,4.8155079999999995,5.129313,9.112821,13.928329,0,21,0.09127499999999955,0.09008000000000038,0.18135499999999993,0,13.834391,23.799233,4.893364,4.8155079999999995,5.331548999999999,0.06455945782882423,0.06180000546430311,11.346172820578163,False,4.4209571892217525e-08,0.0018000443687262724,0.0022500444085149507,-0.06180000546430311,0.030000002652574312,-0.06000000530514854
523,5-skew-three-planes,skew-xy-minus-0.060-xz-plus-0.030-yz-minus-0.090,3.024102000000001,3.25816,9.877706,12.901808,0,21,0.13765000000000072,0.2070419999999995,0.3446920000000002,0,12.072358000000001,21.66855,3.626156,3.024102000000001,4.005929999999999,4.285215000000001,4.647589,9.156939,13.442154,0,21,0.06796800000000047,0.18640399999999957,0.25437200000000004,0,13.80581,23.860103,4.9096910000000005,4.285215000000001,5.303278000000001,0.08054260800480695,0.09180000811687744,11.346172820578163,False,4.4209571892217525e-08,0.0018000443687262724,0.004500044607458009,-0.09180000811687744,0.030000002652574312,-0.06000000530514854
524,5-skew-three-planes,skew-xy-minus-0.060-xz-plus-0.030-yz-plus-0.030,3.5219889999999996,4.660836999999999,9.841293,13.363282,0,144,0.001788000000001233,0.18987899999999946,0.1916670000000007,0,12.289369,21.601622,3.5219889999999996,3.9223800000000004,3.9440209999999993,4.789128,6.147152999999999,9.128287,13.917415,0,144,0.022085999999999828,0.1350630000000006,0.15714900000000043,0,14.066672,23.798382,4.789128,5.204074,5.226528,0.05149437549533316,0.06000000530514854,11.346172820578163,False,4.4209571892217525e-08,0.0018000443687262724,0.0009000442891491378,0.028200002493419776,0.030000002652574315,-0.06000000530514854
525,5-skew-three-planes,skew-xy-minus-0.060-xz-plus-0.030-yz-plus-0.090,2.9930480000000017,4.086607000000001,9.877294,12.870342,0,21,0.03775200000000112,0.25153999999999854,0.28929199999999966,0,12.230371000000002,21.653844999999997,3.5013640000000006,2.9930480000000017,3.8181070000000012,4.255485,5.543367,9.152953,13.408438,0,21,0.026351999999999265,0.19769100000000073,0.224043,0,13.978323,23.840275,4.782515999999999,4.255485,5.110484,0.07850548800510948,0.0882000077985685,11.346172820578163,False,4.4209571892217525e-08,0.0018000443687264944,0.004500044607458009,0.0882000077985685,0.03000000265257431,-0.06000000530514865
526,5-skew-three-planes,skew-xy-minus-0.060-xz-plus-0.060-yz-minus-0.030,3.6032209999999996,3.675961000000001,9.838272,13.441493,0,126,0.15594200000000136,0.12103499999999912,0.2769770000000005,0,12.079193,21.613977,3.6126129999999996,3.9504470000000005,3.6032209999999996,4.873011,5.085972999999999,9.127427,14.000438,0,126,0.08518500000000095,0.11510400000000054,0.2002890000000015,0,13.819316,23.814348000000003,4.8827359999999995,5.232695999999999,4.873011,0.06459708659073707,0.060000005305148735,11.346172820578163,False,4.420957211426213e-08,0.0018000443687263834,0.0022500444085149507,-0.03360000297088328,0.060000005305148735,-0.060000005305148665
527,5-skew-three-planes,skew-xy-minus-0.060-xz-plus-0.060-yz-minus-0.060,3.3139149999999997,3.3139149999999997,9.789659,13.103574,0,0,0.2248669999999997,0.025961000000000567,0.2508280000000003,0,12.142578,21.578214000000003,3.7235499999999995,3.590045999999999,3.6859330000000003,4.694501000000001,4.694501000000001,9.075192,13.769693,0,0,0.12631199999999865,0.028575000000000017,0.15488699999999866,0,13.878451,23.776015,5.000796000000001,4.862751000000001,4.961851000000001,0.07509115443648375,0.06360000562345758,11.346172820578163,False,4.420957211426213e-08,0.0018000443687263834,0.0036000445278807636,-0.06360000562345758,0.060000005305148735,-0.060000005305148665
528,5-skew-three-planes,skew-xy-minus-0.060-xz-plus-0.060-yz-minus-0.090,2.851560000000001,2.851560000000001,9.833442,12.685002,0,0,0.1876440000000006,0.12925899999999935,0.31690299999999993,0,12.136572,21.640276,3.7553590000000003,3.078444000000001,3.670686,4.2093430000000005,4.2093430000000005,9.106612,13.315955,0,0,0.0801879999999997,0.11805299999999974,0.19824099999999945,0,13.871963,23.827123999999998,5.049937,4.347284,4.962178,0.089542976242091,0.09360000827603192,11.346172820578163,False,4.420957211426213e-08,0.0018000443687263834,0.005850044726823822,-0.09360000827603192,0.060000005305148735,-0.060000005305148665
529,5-skew-three-planes,skew-xy-minus-0.060-xz-plus-0.060-yz-plus-0.060,3.468572,4.676943,9.840676,13.309248,0,126,0.019422999999999746,0.19869800000000026,0.218121,0,12.425991999999999,21.610194,3.5060199999999995,3.480205999999999,3.468572,4.752242000000001,6.180726,9.110617,13.862859,0,126,0.022370000000000445,0.12887899999999952,0.15124899999999997,0,14.206166999999999,23.790340999999998,4.790975000000001,4.764380000000001,4.752242000000001,0.07215733779879711,0.060000005305148776,11.346172820578163,False,4.420957211426213e-08,0.0018000443687266054,0.0036000445278807636,0.05640000498683972,0.06000000530514873,-0.060000005305148776
530,5-skew-three-planes,skew-xy-minus-0.060-xz-plus-0.060-yz-plus-0.090,3.0054290000000012,4.377038000000001,9.843402,12.848831,0,21,0.020509999999999806,0.2176999999999989,0.2382099999999987,0,12.442198,21.621473,3.4961850000000005,3.0054290000000012,3.412021000000001,4.281124999999999,5.8651219999999995,9.105292,13.386417,0,21,0.007462999999999553,0.14521200000000078,0.15267500000000034,0,14.213817999999998,23.794016,4.790001,4.281124999999999,4.702964999999999,0.08584838076341601,0.08640000763941402,11.346172820578163,False,4.420957211426213e-08,0.0018000443687266054,0.005850044726823822,0.08640000763941402,0.06000000530514873,-0.060000005305148776
531,5-skew-three-planes,skew-xy-minus-0.060-xz-plus-0.090-yz-minus-0.030,3.0815979999999996,3.1901670000000006,9.890768,12.972366,0,126,0.14248300000000036,0.2245689999999989,0.36705199999999927,0,12.055807,21.682872,3.623185000000001,3.895491,3.0815979999999996,4.342537,4.572362,9.172833,13.51537,0,126,0.07964899999999986,0.20464400000000005,0.2842929999999999,0,13.788826,23.877377000000003,4.904354999999999,5.186639999999999,4.342537,0.08062302218664237,0.09000000795772302,11.346172820578163,False,4.420957211426213e-08,0.0018000443687263834,0.004500044607458009,-0.035400003130037744,0.09000000795772302,-0.060000005305148665
532,5-skew-three-planes,skew-xy-minus-0.060-xz-plus-0.090-yz-minus-0.060,2.8199240000000003,2.8199240000000003,9.836722,12.656646,0,0,0.19089199999999984,0.1327859999999994,0.32367799999999924,0,12.118080999999998,21.644343,3.7581880000000005,3.5465739999999997,3.1732499999999995,4.173055,4.173055,9.112109,13.285164,0,0,0.08488700000000016,0.124174,0.20906100000000016,0,13.844580999999998,23.83352,5.050865999999999,4.8313369999999995,4.443626999999999,0.08958819451090673,0.09000000795772302,11.346172820578163,False,4.420957211426213e-08,0.0018000443687263834,0.005850044726823822,-0.06540000578261203,0.09000000795772302,-0.060000005305148665
533,5-skew-three-planes,skew-xy-minus-0.060-xz-plus-0.090-yz-minus-0.090,2.4407180000000004,2.4407180000000004,9.78612,12.226838,0,0,0.2138530000000003,0.0656990000000004,0.2795520000000007,0,12.107948999999998,21.614857999999998,3.9019429999999993,3.131819,3.257168,3.7705160000000006,3.7705160000000006,9.046654,12.81717,0,0,0.07274699999999967,0.05231900000000067,0.12506600000000034,0,13.858926,23.790966,5.215477999999999,4.415592999999999,4.545719999999999,0.10232024592792784,0.09540000843518637,11.346172820578163,False,4.420957211426213e-08,0.0018000443687263834,0.008100044925766992,-0.09540000843518637,0.09000000795772302,-0.060000005305148665
534,5-skew-three-planes,skew-xy-minus-0.060-xz-plus-0.090-yz-plus-0.030,2.9788619999999995,3.9620490000000004,9.906266,12.885128,0,126,0.05025000000000013,0.2888590000000004,0.33910900000000055,0,12.176115999999999,21.683992,3.483143,3.813979999999999,2.9788619999999995,4.236377000000001,5.4065449999999995,9.187353,13.42373,0,126,0.05795399999999873,0.2335080000000005,0.2914619999999992,0,13.918460000000001,23.875964,4.759352,5.101792,4.236377000000001,0.07858798667234208,0.09000000795772302,11.346172820578163,False,4.420957211426213e-08,0.0018000443687263834,0.004500044607458009,0.024600002175110845,0.09000000795772302,-0.060000005305148665
535,5-skew-three-planes,skew-xy-minus-0.060-xz-plus-0.090-yz-plus-0.060,2.9644049999999993,4.267189999999999,9.871282,12.835687,0,126,0.010298000000000584,0.264641000000001,0.2749390000000016,0,12.331831999999999,21.650065,3.475076999999999,3.4233009999999986,2.9644049999999993,4.229998999999999,5.740347999999999,9.142613,13.372612,0,126,0.03612400000000093,0.18679700000000032,0.22292100000000126,0,14.132113999999998,23.832103,4.759808,4.70632,4.229998999999999,0.08589554401208975,0.09000000795772302,11.346172820578163,False,4.420957211426213e-08,0.0018000443687266054,0.005850044726823822,0.054600004827685254,0.09000000795772302,-0.060000005305148776
536,5-skew-three-planes,skew-xy-minus-0.060-xz-plus-0.090-yz-plus-0.090,2.955373,4.220507,9.826705,12.782078,0,126,0.03165899999999944,0.2019580000000012,0.23361700000000063,0,12.460185,21.612027,3.490138999999999,2.9963689999999996,2.955373,4.241916,5.707903999999999,9.07633,13.318246,0,126,0.015665000000000262,0.1141280000000009,0.12979300000000116,0,14.225454000000001,23.772634,4.795976,4.284656999999999,4.241916,0.09745477184245424,0.090000007957723,11.346172820578163,False,4.420957211426213e-08,0.0018000443687266054,0.008100044925766992,0.08460000748025957,0.090000007957723,-0.060000005305148776
537,5-skew-three-planes,skew-xy-minus-0.090-xz-minus-0.030-yz-minus-0.030,2.982399000000001,4.196543,9.906493,12.888892,0,144,0.04108200000000117,0.28416399999999875,0.3252459999999999,0,12.206014999999999,21.678575,2.982399000000001,3.839073000000001,3.9035100000000007,4.240175000000001,5.658443,9.186872,13.427047,0,144,0.08722800000000142,0.20770799999999845,0.29493599999999986,0,14.011302000000002,23.869548,4.240175000000001,5.1279520000000005,5.194766000000001,0.06992752535586205,0.09000000795772296,11.346172820578163,False,4.4209571892217525e-08,0.004050044567669442,0.0009000442891491378,-0.02730000241384267,-0.030000002652574256,-0.09000000795772296
538,5-skew-three-planes,skew-xy-minus-0.090-xz-minus-0.030-yz-minus-0.060,2.9990310000000004,4.077108000000001,9.888304,12.887335,0,144,0.06217200000000034,0.25578900000000004,0.3179610000000004,0,12.231793999999999,21.665045,2.9990310000000004,3.4359719999999996,3.8610620000000004,4.264543,5.5365079999999995,9.161389,13.425932,0,144,0.09170599999999851,0.17759700000000045,0.26930299999999896,0,13.981227,23.848914,4.264543,4.717885000000001,5.157947,0.07850548800510947,0.09000000795772296,11.346172820578163,False,4.4209571892217525e-08,0.004050044567669442,0.0022500444085149507,-0.05730000506641696,-0.03000000265257426,-0.09000000795772296
539,5-skew-three-planes,skew-xy-minus-0.090-xz-minus-0.030-yz-minus-0.090,2.9702340000000014,3.744281000000001,9.883047,12.853281,0,21,0.0725289999999994,0.25858500000000006,0.33111399999999946,0,12.214492000000002,21.669753999999998,3.016224000000001,2.9702340000000014,3.7979010000000013,4.2388580000000005,5.180820000000001,9.153333,13.392191,0,21,0.0660349999999994,0.19567200000000007,0.26170699999999947,0,13.948015000000002,23.851517,4.286241,4.2388580000000005,5.095901,0.09136355800926031,0.09000000795772296,11.346172820578163,False,4.4209571892217525e-08,0.004050044567669442,0.004500044607458009,-0.0873000077189913,-0.03000000265257426,-0.09000000795772296
540,5-skew-three-planes,skew-xy-minus-0.090-xz-minus-0.030-yz-plus-0.030,3.033405,3.6262810000000005,9.899341,12.932746,0,144,0.11068099999999959,0.24117999999999995,0.35186099999999954,0,12.117504,21.678663999999998,3.033405,3.8792489999999997,4.0056259999999995,4.292207999999999,5.044682999999999,9.180782,13.47299,0,144,0.09899700000000067,0.1945490000000003,0.293546000000001,0,13.871797,23.871443,4.292207999999999,5.1692029999999995,5.300222,0.07107642950403832,0.09000000795772296,11.346172820578163,False,4.4209571892217525e-08,0.004050044567669442,0.0009000442891491378,0.03270000289130592,-0.030000002652574256,-0.09000000795772296
541,5-skew-three-planes,skew-xy-minus-0.090-xz-minus-0.030-yz-plus-0.060,3.097862000000001,3.245928000000001,9.876902,12.974764,0,144,0.14890099999999862,0.20031700000000008,0.3492179999999987,0,12.068312,21.667999000000002,3.097862000000001,3.491784000000001,4.060748,4.365359,4.638017,9.152421,13.51778,0,144,0.10562799999999939,0.16087700000000105,0.26650500000000044,0,13.801265,23.855859000000002,4.365359,4.774151,5.363863,0.08054260800480703,0.09000000795772307,11.346172820578163,False,4.4209571892217525e-08,0.004050044567669664,0.0022500444085149507,0.06270000554388033,-0.03000000265257426,-0.09000000795772307
542,5-skew-three-planes,skew-xy-minus-0.090-xz-minus-0.030-yz-plus-0.090,2.8272009999999987,2.8272009999999987,9.878835,12.706036,0,0,0.14729100000000095,0.22271600000000014,0.3700070000000011,0,12.050154999999998,21.687243000000002,3.1516070000000003,3.022036999999999,4.080392,4.185655000000001,4.185655000000001,9.153126,13.338781,0,0,0.06411000000000122,0.20183399999999985,0.26594400000000107,0,13.763863999999998,23.875224000000003,4.42393,4.289662,5.387506,0.09398563623264405,0.09270000819645464,11.346172820578163,False,4.4209571892217525e-08,0.004050044567669664,0.004500044607458009,0.09270000819645464,-0.030000002652574263,-0.09000000795772307
543,5-skew-three-planes,skew-xy-minus-0.090-xz-minus-0.060-yz-minus-0.030,2.985264000000001,3.958500000000001,9.908456,12.89372,0,144,0.055600999999999345,0.2894609999999993,0.34506199999999865,0,12.174301999999999,21.686208999999998,2.985264000000001,3.811807,3.4716440000000013,4.2433119999999995,5.403155,9.189304,13.432616,0,144,0.06860800000000111,0.23110299999999917,0.2997110000000003,0,13.916899,23.877941999999997,4.2433119999999995,5.099856000000001,4.747767,0.07857510196527971,0.09000000795772285,11.346172820578163,False,4.4209571892217525e-08,0.004050044567669442,0.0022500444085149507,-0.02460000217511098,-0.060000005305148596,-0.09000000795772285
544,5-skew-three-planes,skew-xy-minus-0.090-xz-minus-0.060-yz-minus-0.060,2.988963,4.244588,9.881109,12.870072,0,144,0.044749999999998735,0.26212300000000077,0.3068729999999995,0,12.306105,21.66,2.988963,3.41357,3.428068999999999,4.255753,5.717116000000001,9.152412,13.408165,0,144,0.07774699999999868,0.18066600000000044,0.2584129999999991,0,14.123534000000001,23.842011,4.255753,4.696607,4.711551999999999,0.08584838076341587,0.09000000795772285,11.346172820578163,False,4.4209571892217525e-08,0.004050044567669442,0.0036000445278807636,-0.05460000482768528,-0.060000005305148596,-0.09000000795772285
545,5-skew-three-planes,skew-xy-minus-0.090-xz-minus-0.060-yz-minus-0.090,2.970237000000001,4.16465,9.853069,12.823306,0,21,0.05475299999999983,0.22990500000000047,0.2846580000000003,0,12.392932,21.63863,3.0063750000000002,2.970237000000001,3.380212,4.2485230000000005,5.640477000000001,9.112672,13.361195,0,21,0.07648300000000141,0.13820999999999906,0.21469300000000047,0,14.176381,23.809219,4.285552000000001,4.2485230000000005,4.673242,0.097361222011856,0.09000000795772285,11.346172820578163,False,4.4209571892217525e-08,0.004050044567669442,0.005850044726823822,-0.08460000748025961,-0.060000005305148596,-0.09000000795772285
546,5-skew-three-planes,skew-xy-minus-0.090-xz-minus-0.060-yz-plus-0.030,3.087656000000001,3.187100000000001,9.893293,12.980949,0,144,0.143597999999999,0.2277900000000006,0.3713879999999996,0,12.053745,21.685423,3.087656000000001,3.892983000000001,3.611325000000001,4.349268,4.569630999999999,9.174987,13.524255,0,144,0.08726699999999887,0.20406000000000013,0.291326999999999,0,13.787169,23.879557,4.349268,5.184501000000001,4.892531,0.0806104627585632,0.09000000795772285,11.346172820578163,False,4.4209571892217525e-08,0.004050044567669442,0.0022500444085149507,0.0354000031300376,-0.060000005305148596,-0.09000000795772285
547,5-skew-three-planes,skew-xy-minus-0.090-xz-minus-0.060-yz-plus-0.090,2.3924309999999984,2.3924309999999984,9.831174,12.223605,0,0,0.18836499999999923,0.1459450000000011,0.33431000000000033,0,12.0627,21.660130000000002,3.2892149999999987,3.086995,3.772549999999999,3.7142470000000003,3.7142470000000003,9.099506,12.813753,0,0,0.07125100000000018,0.1323059999999998,0.203557,0,13.806801000000002,23.84404,4.5727329999999995,4.362957,5.075113,0.1022311484995094,0.09540000843518633,11.346172820578163,False,4.4209571892217525e-08,0.004050044567669664,0.005850044726823822,0.09540000843518633,-0.0600000053051486,-0.09000000795772296
548,5-skew-three-planes,skew-xy-minus-0.090-xz-minus-0.090-yz-minus-0.030,2.974642000000001,3.534829,9.933212,12.907854,0,126,0.06634099999999954,0.3375439999999994,0.40388499999999894,0,12.125327,21.722698,2.9831730000000007,3.75582,2.974642000000001,4.231747,4.946396,9.216681,13.448428,0,126,0.0314350000000001,0.3081549999999993,0.3395899999999994,0,13.846464,23.917780999999998,4.240572,5.041357000000001,4.231747,0.09152300113779085,0.09000000795772291,11.346172820578163,False,4.4209571892217525e-08,0.004050044567669442,0.004500044607458009,-0.021900001936379296,-0.09000000795772291,-0.09000000795772285
549,5-skew-three-planes,skew-xy-minus-0.090-xz-minus-0.090-yz-minus-0.060,2.9390780000000003,3.9504420000000007,9.896849,12.835927,0,126,0.03425899999999871,0.3059320000000003,0.340190999999999,0,12.289333,21.68402,2.973225000000001,3.3634850000000007,2.9390780000000003,4.200876999999998,5.3973949999999995,9.173222,13.374099,0,126,0.03160100000000021,0.2514820000000011,0.2830830000000013,0,14.048411,23.871548,4.2361879999999985,4.64087,4.200876999999998,0.0974547718424541,0.09000000795772291,11.346172820578163,False,4.4209571892217525e-08,0.004050044567669442,0.005850044726823822,-0.051900004588953594,-0.09000000795772291,-0.09000000795772285
550,5-skew-three-planes,skew-xy-minus-0.090-xz-minus-0.090-yz-minus-0.090,2.9210459999999987,4.304613,9.839009,12.760055,0,126,0.0361779999999996,0.23209500000000105,0.26827300000000065,0,12.450471,21.62947,2.9978979999999993,2.950009999999999,2.9210459999999987,4.196689000000001,5.7887710000000006,9.099328,13.296017,0,126,0.04854100000000017,0.14784599999999948,0.19638699999999965,0,14.341733000000001,23.800812,4.276128,4.226993,4.196689000000001,0.10740493756933549,0.09000000795772291,11.346172820578163,False,4.4209571892217525e-08,0.004050044567669442,0.008100044925766992,-0.08190000724152793,-0.09000000795772291,-0.09000000795772285
551,5-skew-three-planes,skew-xy-minus-0.090-xz-minus-0.090-yz-plus-0.030,2.706612999999999,2.706612999999999,9.911552,12.618165,0,0,0.1401690000000002,0.276192,0.4163610000000002,0,12.017927,21.722881,3.1352209999999996,3.8764970000000005,3.126702,4.049500999999999,4.049500999999999,9.194043,13.243544,0,0,0.039150999999998604,0.2762090000000015,0.3153600000000001,0,13.7289,23.919282000000003,4.400176,5.16949,4.391354999999999,0.09414063853199356,0.09000000795772291,11.346172820578163,False,4.4209571892217525e-08,0.004050044567669442,0.004500044607458009,0.038100003368769286,-0.09000000795772291,-0.09000000795772285
552,5-skew-three-planes,skew-xy-minus-0.090-xz-minus-0.090-yz-plus-0.060,2.3282550000000004,2.3282550000000004,9.850705,12.17896,0,0,0.180140999999999,0.17990900000000032,0.3600499999999993,0,12.092858000000001,21.681459,3.279655,3.5423799999999996,3.2456250000000004,3.63875,3.63875,9.126362,12.765112,0,0,0.0481979999999993,0.18452100000000016,0.23271899999999945,0,13.814725,23.872869,4.556386,4.82971,4.521127,0.1023202459279278,0.09000000795772296,11.346172820578163,False,4.4209571892217525e-08,0.004050044567669664,0.005850044726823822,0.06810000602134371,-0.09000000795772291,-0.09000000795772296
553,5-skew-three-planes,skew-xy-minus-0.090-xz-minus-0.090-yz-plus-0.090,1.9717079999999996,1.9717079999999996,9.764984,11.736692,0,0,0.21502100000000013,0.056077999999999406,0.27109899999999953,0,12.040818,21.621064,3.460853,3.1663069999999998,3.384437,3.2547119999999996,3.2547119999999996,9.026184,12.280896,0,0,0.06416200000000138,0.047727000000000075,0.11188900000000146,0,13.764168999999999,23.800243000000002,4.758239,4.452247999999999,4.678984999999999,0.11399044202082513,0.09810000867391801,11.346172820578163,False,4.4209571892217525e-08,0.004050044567669664,0.008100044925766992,0.09810000867391801,-0.09000000795772292,-0.09000000795772296
554,5-skew-three-planes,skew-xy-minus-0.090-xz-plus-0.030-yz-minus-0.030,3.033405,3.6262810000000005,9.899341,12.932746,0,144,0.11068099999999959,0.24117999999999995,0.35186099999999954,0,12.117504,21.678663999999998,3.033405,3.8792500000000008,4.005625,4.292206999999999,5.044682,9.180783,13.47299,0,144,0.09899599999999964,0.19455100000000058,0.2935470000000002,0,13.871795,23.871444,4.292206999999999,5.169202,5.3002199999999995,0.07107642950403838,0.09000000795772296,11.346172820578163,False,4.4209571892217525e-08,0.004050044567669442,0.0009000442891491378,-0.03270000289130605,0.030000002652574326,-0.09000000795772296
555,5-skew-three-planes,skew-xy-minus-0.090-xz-plus-0.030-yz-minus-0.060,3.0978630000000003,3.2459310000000006,9.876901,12.974764,0,144,0.1489060000000002,0.20031299999999952,0.3492189999999997,0,12.068314,21.667998,3.0978630000000003,3.4917859999999994,4.060746999999999,4.365361,4.638020000000001,9.15242,13.517781,0,144,0.10563099999999892,0.16087399999999974,0.26650499999999866,0,13.801267,23.855857999999998,4.365361,4.774154000000001,5.363863,0.08054260800480698,0.09000000795772296,11.346172820578163,False,4.4209571892217525e-08,0.004050044567669442,0.0022500444085149507,-0.06270000554388033,0.030000002652574322,-0.09000000795772296
556,5-skew-three-planes,skew-xy-minus-0.090-xz-plus-0.030-yz-minus-0.090,2.8272260000000013,2.8272260000000013,9.87882,12.706046,0,0,0.14733600000000102,0.22267299999999857,0.3700089999999996,0,12.050175000000001,21.687227,3.1516270000000013,3.0220520000000004,4.080402000000001,4.185677999999999,4.185677999999999,9.153114,13.338792,0,0,0.06414999999999971,0.2017970000000009,0.2659470000000006,0,13.763879000000001,23.875211,4.423947,4.289672999999999,5.387513,0.09398563623264401,0.09270000819645467,11.346172820578163,False,4.4209571892217525e-08,0.004050044567669442,0.004500044607458009,-0.09270000819645467,0.030000002652574322,-0.09000000795772296
557,5-skew-three-planes,skew-xy-minus-0.090-xz-plus-0.030-yz-plus-0.030,2.982406000000001,4.196542000000001,9.906488,12.888894,0,144,0.041090000000000515,0.2841529999999999,0.3252430000000004,0,12.206021,21.678570999999998,2.982406000000001,3.8390760000000004,3.9035140000000013,4.240183,5.658440000000001,9.186867,13.42705,0,144,0.08723700000000001,0.20769600000000032,0.29493300000000033,0,14.011309,23.869543,4.240183,5.127955,5.19477,0.06992752535586204,0.09000000795772296,11.346172820578163,False,4.4209571892217525e-08,0.004050044567669442,0.0009000442891491378,0.02730000241384254,0.030000002652574326,-0.09000000795772296
558,5-skew-three-planes,skew-xy-minus-0.090-xz-plus-0.030-yz-plus-0.060,2.999035000000001,4.077106000000001,9.888302,12.887337,0,144,0.06217499999999987,0.25578400000000023,0.3179590000000001,0,12.231797,21.665042999999997,2.999035000000001,3.4359720000000014,3.8610629999999997,4.264547,5.536505999999999,9.161386,13.425933,0,144,0.09171199999999935,0.1775890000000011,0.26930100000000046,0,13.981231000000001,23.848911,4.264547,4.717886,5.157947999999999,0.07850548800510955,0.09000000795772307,11.346172820578163,False,4.4209571892217525e-08,0.004050044567669664,0.0022500444085149507,0.05730000506641695,0.030000002652574322,-0.09000000795772307
559,5-skew-three-planes,skew-xy-minus-0.090-xz-plus-0.030-yz-plus-0.090,2.970231,3.7442770000000003,9.883047,12.853278,0,21,0.07252699999999912,0.25858500000000006,0.3311119999999992,0,12.214492000000002,21.669753999999998,3.0162260000000014,2.970231,3.797898,4.238857000000001,5.180818,9.153331,13.392188,0,21,0.06604100000000024,0.19566499999999998,0.2617060000000002,0,13.948018,23.851515,4.286246,4.238857000000001,5.095901,0.09136355800926038,0.09000000795772307,11.346172820578163,False,4.4209571892217525e-08,0.004050044567669664,0.004500044607458009,0.08730000771899127,0.03000000265257432,-0.09000000795772307
560,5-skew-three-planes,skew-xy-minus-0.090-xz-plus-0.060-yz-minus-0.030,3.0876540000000006,3.1870949999999993,9.893295,12.980949,0,144,0.14358799999999938,0.22779799999999994,0.37138599999999933,0,12.053742000000002,21.685426,3.0876540000000006,3.892982,3.6113219999999995,4.349264,4.5696259999999995,9.174989,13.524253,0,144,0.08725899999999953,0.20406700000000022,0.29132599999999975,0,13.787166,23.879559999999998,4.349264,5.1845,4.892528,0.08061046275856332,0.09000000795772296,11.346172820578163,False,4.4209571892217525e-08,0.004050044567669442,0.0022500444085149507,-0.03540000313003774,0.060000005305148624,-0.09000000795772296
561,5-skew-three-planes,skew-xy-minus-0.090-xz-plus-0.060-yz-minus-0.090,2.392453999999999,2.392453999999999,9.831162,12.223616,0,0,0.18840700000000155,0.1459060000000001,0.33431300000000164,0,12.062706,21.660117,3.2892329999999994,3.087005999999999,3.772556,3.714270000000001,3.714270000000001,9.099495,12.813765,0,0,0.07129099999999866,0.1322700000000001,0.20356099999999877,0,13.806807000000001,23.844028,4.572749,4.362966,5.075118000000002,0.10223114849950943,0.09540000843518637,11.346172820578163,False,4.4209571892217525e-08,0.004050044567669442,0.005850044726823822,-0.09540000843518637,0.060000005305148624,-0.09000000795772296
562,5-skew-three-planes,skew-xy-minus-0.090-xz-plus-0.060-yz-plus-0.030,2.9852659999999993,3.958494,9.908455,12.893721,0,144,0.055593000000000004,0.2894629999999996,0.3450559999999996,0,12.174304,21.686208,2.9852659999999993,3.8118060000000007,3.4716439999999995,4.243316,5.403151000000001,9.189302,13.432618,0,144,0.06860899999999859,0.2310990000000004,0.299707999999999,0,13.916903,23.87794,4.243316,5.099856000000001,4.747768000000001,0.07857510196527977,0.09000000795772296,11.346172820578163,False,4.4209571892217525e-08,0.004050044567669442,0.0022500444085149507,0.024600002175110852,0.060000005305148624,-0.09000000795772296
563,5-skew-three-planes,skew-xy-minus-0.090-xz-plus-0.060-yz-plus-0.060,2.9889639999999993,4.244584999999999,9.881109,12.870073,0,144,0.0447570000000006,0.2621190000000002,0.3068760000000008,0,12.306104,21.66,2.9889639999999993,3.4135670000000005,3.4280670000000004,4.255756,5.717113999999999,9.152411,13.408167,0,144,0.0777549999999998,0.18066000000000138,0.25841500000000117,0,14.123535,23.842010000000002,4.255756,4.696605,4.711551,0.08584838076341601,0.09000000795772307,11.346172820578163,False,4.4209571892217525e-08,0.004050044567669664,0.0036000445278807636,0.05460000482768526,0.06000000530514862,-0.09000000795772307
564,5-skew-three-planes,skew-xy-minus-0.090-xz-plus-0.060-yz-plus-0.090,2.970236999999999,4.164648,9.853068,12.823305,0,21,0.05475999999999992,0.22989899999999963,0.28465899999999955,0,12.392931,21.638629,3.0063769999999987,2.970236999999999,3.380212,4.248524,5.640476,9.112669,13.361193,0,21,0.07648999999999972,0.13820100000000046,0.2146910000000002,0,14.176383999999999,23.809217,4.285556999999999,4.248524,4.673242999999999,0.0973612220118561,0.09000000795772307,11.346172820578163,False,4.4209571892217525e-08,0.004050044567669664,0.005850044726823822,0.08460000748025957,0.06000000530514862,-0.09000000795772307
565,5-skew-three-planes,skew-xy-minus-0.090-xz-plus-0.090-yz-minus-0.030,2.706589000000001,2.706589000000001,9.911567,12.618156,0,0,0.1401210000000006,0.27623700000000007,0.41635800000000067,0,12.017906000000002,21.722897,3.1351999999999993,3.8764889999999994,3.1266870000000004,4.049479,4.049479,9.194055,13.243534,0,0,0.03909299999999938,0.2762550000000008,0.3153480000000002,0,13.728882999999998,23.919294999999998,4.400157,5.169485,4.391342999999999,0.0941406385319937,0.09000000795772302,11.346172820578163,False,4.4209571892217525e-08,0.004050044567669442,0.004500044607458009,-0.03810000336876943,0.09000000795772302,-0.09000000795772296
566,5-skew-three-planes,skew-xy-minus-0.090-xz-plus-0.090-yz-minus-0.060,2.3282369999999997,2.3282369999999997,9.850712,12.178949,0,0,0.18010299999999901,0.17993799999999993,0.36004099999999895,0,12.092857,21.681466999999998,3.279644000000001,3.5423790000000004,3.2456189999999996,3.638733,3.638733,9.126367,12.7651,0,0,0.04815699999999978,0.18454900000000052,0.2327060000000003,0,13.814718000000001,23.872875,4.5563769999999995,4.829712000000001,4.521124,0.10232024592792784,0.09000000795772302,11.346172820578163,False,4.4209571892217525e-08,0.004050044567669442,0.005850044726823822,-0.06810000602134372,0.09000000795772302,-0.09000000795772296
567,5-skew-three-planes,skew-xy-minus-0.090-xz-plus-0.090-yz-minus-0.090,1.9717079999999996,1.9717079999999996,9.764991,11.736699,0,0,0.2150269999999992,0.056086000000000524,0.2711129999999997,0,12.040802000000001,21.621071,3.460844,3.1663060000000005,3.384423,3.2547099999999993,3.2547099999999993,9.026192,12.280902,0,0,0.06415799999999905,0.047741000000000255,0.1118989999999993,0,13.764152999999999,23.80025,4.758229999999999,4.452245,4.67897,0.11399044202082519,0.09810000867391806,11.346172820578163,False,4.4209571892217525e-08,0.004050044567669442,0.008100044925766992,-0.09810000867391806,0.09000000795772302,-0.09000000795772296
568,5-skew-three-planes,skew-xy-minus-0.090-xz-plus-0.090-yz-plus-0.030,2.9746569999999988,3.5348179999999996,9.933198,12.907855,0,126,0.06630000000000003,0.3375440000000012,0.4038440000000012,0,12.125353,21.722686000000003,2.9831949999999985,3.7558299999999996,2.9746569999999988,4.231762000000002,4.946381000000001,9.216667,13.448429,0,126,0.03139200000000031,0.30815699999999957,0.3395489999999999,0,13.846487999999999,23.917769,4.2405930000000005,5.041367000000001,4.231762000000002,0.09152300113779095,0.09000000795772302,11.346172820578163,False,4.4209571892217525e-08,0.004050044567669442,0.004500044607458009,0.021900001936379157,0.09000000795772302,-0.09000000795772296
569,5-skew-three-planes,skew-xy-minus-0.090-xz-plus-0.090-yz-plus-0.060,2.9391029999999994,3.9504420000000007,9.896825,12.835928,0,126,0.034259999999999735,0.3058960000000006,0.34015600000000035,0,12.289376,21.683998,2.97326,3.3635099999999998,2.9391029999999994,4.200897999999999,5.397390999999999,9.173201,13.374099,0,126,0.0316080000000003,0.2514479999999999,0.2830560000000002,0,14.048446999999998,23.871529000000002,4.236220999999999,4.640891999999999,4.200897999999999,0.09745477184245425,0.09000000795772307,11.346172820578163,False,4.4209571892217525e-08,0.004050044567669664,0.005850044726823822,0.051900004588953566,0.09000000795772302,-0.09000000795772307
570,5-skew-three-planes,skew-xy-minus-0.090-xz-plus-0.090-yz-plus-0.090,2.9210639999999994,4.304618999999999,9.83899,12.760054,0,126,0.03619799999999884,0.23205700000000107,0.2682549999999999,0,12.450482,21.629452,2.9979249999999986,2.9500329999999995,2.9210639999999994,4.196707,5.788776,9.099309,13.296016,0,126,0.04856100000000119,0.1478079999999995,0.19636900000000068,0,14.341759999999999,23.800794,4.276156,4.227015,4.196707,0.1074049375693356,0.09000000795772307,11.346172820578163,False,4.4209571892217525e-08,0.004050044567669664,0.008100044925766992,0.08190000724152788,0.090000007957723,-0.09000000795772307
571,5-skew-three-planes,skew-xy-plus-0.030-xz-minus-0.030-yz-minus-0.030,4.019183999999999,4.555783,9.768781,13.787965,0,21,0.13254700000000064,0.006550000000000722,0.13909700000000136,0,12.166466,21.524719,4.050556,4.019183999999999,4.040239999999999,5.284556,6.013890999999999,9.072395,14.356951,0,21,0.089557000000001,0.007338999999999984,0.09689600000000098,0,13.935979,23.737949999999998,5.3170280000000005,5.284556,5.306336999999999,0.03712705028855271,0.030900002732151585,11.346172820578163,False,4.4209571892217525e-08,0.0004500442493604595,0.0009000442891491378,-0.030900002732151585,-0.030000002652574305,0.030000002652574367
572,5-skew-three-planes,skew-xy-plus-0.030-xz-minus-0.030-yz-minus-0.060,3.5488789999999995,4.1225369999999995,9.82235,13.371229,0,21,0.12443900000000063,0.101661,0.22610000000000063,0,12.124457,21.587224,4.035626000000001,3.5488789999999995,3.994306,4.812664,5.563867,9.113662,13.926326,0,21,0.075291,0.08762899999999973,0.16291999999999973,0,13.891107,23.788807,5.3168489999999995,4.812664,5.274015,0.0525325682482107,0.06090000538472588,11.346172820578163,False,4.4209571892217525e-08,0.0004500442493604595,0.0022500444085149507,-0.06090000538472588,-0.03000000265257431,0.030000002652574367
573,5-skew-three-planes,skew-xy-plus-0.030-xz-minus-0.030-yz-minus-0.090,3.0046479999999995,3.6564359999999994,9.894724,12.899372,0,21,0.10379200000000033,0.23748699999999978,0.3412790000000001,0,12.128004,21.67363,4.016907,3.0046479999999995,3.9237920000000006,4.262808,5.077197,9.175668,13.438476,0,21,0.0862090000000002,0.1931919999999998,0.279401,0,13.889389,23.865932,5.312275,4.262808,5.215714,0.07107642950403838,0.09090000803730022,11.346172820578163,False,4.4209571892217525e-08,0.0004500442493604595,0.004500044607458009,-0.09090000803730022,-0.03000000265257431,0.030000002652574367
574,5-skew-three-planes,skew-xy-plus-0.030-xz-minus-0.030-yz-plus-0.030,3.973431999999999,5.103104,9.803523,13.776955,0,21,0.005967000000000056,0.1212440000000008,0.12721100000000085,0,12.316635,21.557082,3.983931,3.973431999999999,3.9736460000000005,5.2488220000000005,6.614798,9.096407,14.345229,0,21,0.006845000000000212,0.0841789999999989,0.0910239999999991,0,14.148911000000002,23.759329,5.259715,5.2488220000000005,5.24906,0.03639255217183112,0.030000002652574367,11.346172820578163,False,4.4209571892217525e-08,0.0004500442493604595,0.0009000442891491378,0.029100002572997,-0.030000002652574305,0.030000002652574367
575,5-skew-three-planes,skew-xy-plus-0.030-xz-minus-0.030-yz-plus-0.090,2.990530999999999,4.233357,9.893095,12.883626,0,21,0.021412999999999016,0.2739260000000012,0.29533900000000024,0,12.247932999999998,21.664856,3.922801999999999,2.990530999999999,3.8305439999999997,4.249189000000001,5.697822,9.172438,13.421627,0,21,0.06517200000000045,0.19712599999999902,0.2622979999999995,0,14.037500999999999,23.854765,5.2152840000000005,4.249189000000001,5.1197099999999995,0.06992752535586202,0.08910000787814572,11.346172820578163,False,4.4209571892217525e-08,0.00045004424936068155,0.004500044607458009,0.08910000787814572,-0.030000002652574312,0.030000002652574256
576,5-skew-three-planes,skew-xy-plus-0.030-xz-minus-0.060-yz-minus-0.030,3.5716,4.1092390000000005,9.823803,13.395403,0,126,0.12572399999999995,0.10323499999999974,0.2289589999999997,0,12.122010000000001,21.588798,4.0355550000000004,3.9620630000000006,3.5716,4.83563,5.549066,9.115747,13.951377,0,126,0.0768090000000008,0.09002500000000069,0.16683400000000148,0,13.884842,23.791025,5.316194999999999,5.240077999999999,4.83563,0.052544131232400926,0.06000000530514859,11.346172820578163,False,4.4209571892217525e-08,0.0004500442493604595,0.0022500444085149507,-0.03180000281172882,-0.06000000530514859,0.030000002652574367
577,5-skew-three-planes,skew-xy-plus-0.030-xz-minus-0.060-yz-minus-0.060,3.5622749999999996,3.73353,9.809618,13.371893,0,21,0.17206099999999935,0.06991100000000117,0.24197200000000052,0,12.112635000000001,21.584798,4.101803,3.5622749999999996,3.5997579999999996,4.835267,5.151490000000001,9.093015,13.928282,0,21,0.10114299999999865,0.055445999999999884,0.15658899999999853,0,13.853574,23.779362,5.394229000000001,4.835267,4.874145,0.064597086590737,0.061800005464303115,11.346172820578163,False,4.4209571892217525e-08,0.0004500442493604595,0.0036000445278807636,-0.061800005464303115,-0.06000000530514859,0.030000002652574367
578,5-skew-three-planes,skew-xy-plus-0.030-xz-minus-0.060-yz-minus-0.090,3.041563,3.2796819999999993,9.860113,12.901676,0,21,0.14655499999999932,0.1762340000000009,0.3227890000000002,0,12.09155,21.650818,4.116858000000001,3.041563,3.5589080000000006,4.30771,4.6743760000000005,9.134324,13.442034,0,21,0.08357700000000001,0.14468499999999906,0.22826199999999908,0,13.825403999999999,23.837346,5.42276,4.30771,4.844445,0.08061046275856332,0.09180000811687745,11.346172820578163,False,4.4209571892217525e-08,0.0004500442493604595,0.005850044726823822,-0.09180000811687745,-0.06000000530514859,0.030000002652574367
579,5-skew-three-planes,skew-xy-plus-0.030-xz-minus-0.060-yz-plus-0.030,3.515289000000001,4.666893,9.838581,13.35387,0,126,0.010025999999999868,0.18169699999999978,0.19172299999999964,0,12.291822000000002,21.598893,3.9569659999999995,3.9250819999999997,3.515289000000001,4.782293000000001,6.153552000000001,9.125385,13.907678,0,126,0.012547000000001418,0.1354829999999989,0.14803000000000033,0,14.069336999999999,23.795462999999998,5.240032000000001,5.206967000000001,4.782293000000001,0.05150617155127365,0.06000000530514859,11.346172820578163,False,4.4209571892217525e-08,0.0004500442493604595,0.0022500444085149507,0.02820000249341977,-0.06000000530514859,0.030000002652574367
580,5-skew-three-planes,skew-xy-plus-0.030-xz-minus-0.090-yz-minus-0.030,3.028882000000001,3.631756000000001,9.895233,12.924115,0,126,0.10868599999999873,0.236027,0.3447129999999987,0,12.121688,21.674512,4.019993000000001,3.883332000000001,3.028882000000001,4.287219,5.050074,9.176843,13.464062,0,126,0.09065000000000012,0.19281999999999933,0.28346999999999944,0,13.875319,23.867459,5.314802,5.173119,4.287219,0.07109921822084604,0.0900000079577229,11.346172820578163,False,4.4209571892217525e-08,0.0004500442493604595,0.004500044607458009,-0.03270000289130605,-0.0900000079577229,0.030000002652574367
581,5-skew-three-planes,skew-xy-plus-0.030-xz-minus-0.090-yz-minus-0.060,3.083525,3.2700879999999994,9.856755,12.94028,0,126,0.15089799999999975,0.1691439999999993,0.32004199999999905,0,12.087646,21.647683,4.122161999999999,3.5117969999999996,3.083525,4.350935,4.663539,9.131166,13.482101,0,126,0.08555600000000041,0.1390519999999995,0.22460799999999992,0,13.81955,23.834429,5.427949999999999,4.795280999999999,4.350935,0.08062302218664229,0.0900000079577229,11.346172820578163,False,4.4209571892217525e-08,0.0004500442493604595,0.005850044726823822,-0.06270000554388033,-0.0900000079577229,0.030000002652574367
582,5-skew-three-planes,skew-xy-plus-0.030-xz-minus-0.090-yz-minus-0.090,2.8795859999999998,2.8795859999999998,9.833761,12.713347,0,0,0.16177700000000073,0.147965000000001,0.30974200000000174,0,12.092321,21.641803000000003,4.218869,3.0667539999999995,3.1191619999999993,4.247866,4.247866,9.098677,13.346543,0,0,0.056093999999999866,0.12420400000000065,0.1802980000000005,0,13.810557000000001,23.820399000000002,5.538978,4.343776,4.398147999999999,0.09414063853199364,0.09270000819645467,11.346172820578163,False,4.4209571892217525e-08,0.0004500442493604595,0.00810004492576688,-0.09270000819645467,-0.0900000079577229,0.030000002652574367
583,5-skew-three-planes,skew-xy-plus-0.030-xz-minus-0.090-yz-plus-0.030,2.977588000000001,4.204041999999999,9.902678,12.880266,0,126,0.03185299999999991,0.2830680000000001,0.314921,0,12.213163,21.674717,3.9174869999999995,3.8428509999999996,2.977588000000001,4.234987,5.666043999999999,9.18314,13.418127,0,126,0.07690899999999878,0.20727600000000024,0.284184999999999,0,14.014482,23.865771000000002,5.209027000000001,5.131651,4.234987,0.06995068836664639,0.0900000079577229,11.346172820578163,False,4.4209571892217525e-08,0.0004500442493604595,0.004500044607458009,0.02730000241384254,-0.0900000079577229,0.030000002652574367
584,5-skew-three-planes,skew-xy-plus-0.030-xz-minus-0.090-yz-plus-0.060,2.9817099999999996,4.1062829999999995,9.871174,12.852884,0,126,0.04511999999999894,0.23867100000000008,0.283790999999999,0,12.252673999999999,21.647753,3.918595,3.453004,2.9817099999999996,4.247871,5.568154,9.142444,13.390315,0,126,0.057751999999998915,0.166188,0.22393999999999892,0,14.002204,23.829805999999998,5.218731,4.736751,4.247871,0.078587986672342,0.0900000079577229,11.346172820578163,False,4.4209571892217525e-08,0.00045004424936068155,0.005850044726823822,0.05730000506641695,-0.0900000079577229,0.030000002652574256
585,5-skew-three-planes,skew-xy-plus-0.030-xz-minus-0.090-yz-plus-0.090,2.978795,3.803227999999999,9.843042,12.821837,0,126,0.06441599999999958,0.2029350000000001,0.26735099999999967,0,12.261669000000001,21.629479,3.928388,3.010147999999999,2.978795,4.257932,5.253005,9.101363,13.359295,0,126,0.02104399999999984,0.14023800000000008,0.16128199999999993,0,14.003086,23.79916,5.241913,4.290504,4.257932,0.09152300113779088,0.09000000795772291,11.346172820578163,False,4.4209571892217525e-08,0.00045004424936068155,0.00810004492576688,0.08730000771899127,-0.09000000795772291,0.030000002652574256
586,5-skew-three-planes,skew-xy-plus-0.030-xz-plus-0.030-yz-minus-0.030,3.973431999999999,5.103104999999999,9.803523,13.776955,0,21,0.005967000000000056,0.1212440000000008,0.12721100000000085,0,12.316635,21.557082,3.983931,3.973431999999999,3.9736460000000005,5.2488220000000005,6.614799000000001,9.096407,14.345229,0,21,0.006846999999998715,0.08417799999999964,0.09102499999999836,0,14.148911000000002,23.759329,5.259715,5.2488220000000005,5.24906,0.036392552171831204,0.030000002652574388,11.346172820578163,False,4.4209571892217525e-08,0.0004500442493604595,0.0009000442891491378,-0.029100002572997122,0.030000002652574388,0.030000002652574367
587,5-skew-three-planes,skew-xy-plus-0.030-xz-plus-0.030-yz-minus-0.090,2.9905139999999992,4.23335,9.893109,12.883623,0,21,0.021409999999999485,0.27394800000000075,0.29535800000000023,0,12.247914,21.66487,3.9227849999999993,2.9905139999999992,3.8305279999999993,4.249172,5.6978159999999995,9.172452,13.421624,0,21,0.06516599999999961,0.19714899999999957,0.2623149999999992,0,14.037482,23.854778,5.215268,4.249172,5.119693,0.0699275253558621,0.08910000787814576,11.346172820578163,False,4.4209571892217525e-08,0.0004500442493604595,0.004500044607458009,-0.08910000787814576,0.030000002652574385,0.030000002652574367
588,5-skew-three-planes,skew-xy-plus-0.030-xz-plus-0.030-yz-plus-0.030,4.019183999999999,4.555783,9.768781,13.787965,0,21,0.13254399999999933,0.0065520000000010015,0.13909600000000033,0,12.166466,21.524719,4.050556,4.019183999999999,4.040239999999999,5.2845569999999995,6.013890999999999,9.072395,14.356952,0,21,0.08955399999999969,0.007341000000000264,0.09689499999999995,0,13.935979,23.737949999999998,5.3170280000000005,5.2845569999999995,5.306336999999999,0.03712705028855269,0.03090000273215146,11.346172820578163,False,4.4209571892217525e-08,0.0004500442493604595,0.0009000442891491378,0.03090000273215146,0.030000002652574388,0.030000002652574367
589,5-skew-three-planes,skew-xy-plus-0.030-xz-plus-0.030-yz-plus-0.060,3.5488809999999997,4.122539,9.822349,13.37123,0,21,0.1244379999999996,0.10166000000000075,0.22609800000000035,0,12.124457999999999,21.587223,4.035627,3.5488809999999997,3.994306999999999,4.812666,5.563869,9.11366,13.926326,0,21,0.07528899999999972,0.08762699999999946,0.16291599999999917,0,13.891109,23.788805,5.316851,4.812666,5.274017000000001,0.052532568248210676,0.06090000538472587,11.346172820578163,False,4.4209571892217525e-08,0.00045004424936068155,0.0022500444085149507,0.06090000538472587,0.030000002652574385,0.030000002652574256
590,5-skew-three-planes,skew-xy-plus-0.030-xz-plus-0.030-yz-plus-0.090,3.0046609999999987,3.656438999999999,9.894714,12.899375,0,21,0.10378899999999902,0.23747400000000063,0.34126299999999965,0,12.128018999999998,21.67362,4.016916999999999,3.0046609999999987,3.9238020000000002,4.262823000000001,5.0772010000000005,9.175657,13.43848,0,21,0.08621199999999973,0.1931750000000001,0.27938699999999983,0,13.889404,23.865921,5.312286,4.262823000000001,5.215725000000001,0.07107642950403835,0.09090000803730018,11.346172820578163,False,4.4209571892217525e-08,0.00045004424936068155,0.004500044607458009,0.09090000803730018,0.03000000265257438,0.030000002652574256
591,5-skew-three-planes,skew-xy-plus-0.030-xz-plus-0.060-yz-minus-0.030,3.515289000000001,4.666894000000001,9.838581,13.35387,0,126,0.010025000000000617,0.18169699999999978,0.1917220000000004,0,12.291822000000002,21.598893,3.9569659999999995,3.9250819999999997,3.515289000000001,4.7822949999999995,6.153554,9.125384,13.907679,0,126,0.01254800000000067,0.1354810000000004,0.14802900000000108,0,14.069337999999998,23.795462,5.240033,5.206968,4.7822949999999995,0.051506171551273724,0.060000005305148686,11.346172820578163,False,4.4209571892217525e-08,0.0004500442493604595,0.0022500444085149507,-0.028200002493419897,0.060000005305148686,0.030000002652574312
592,5-skew-three-planes,skew-xy-plus-0.030-xz-plus-0.060-yz-plus-0.030,3.5716019999999986,4.10924,9.823802,13.395404,0,126,0.12572200000000144,0.10323499999999974,0.2289570000000012,0,12.122011,21.588797,4.035556,3.962064999999999,3.5716019999999986,4.835631000000001,5.549067000000001,9.115746,13.951377,0,126,0.07680600000000126,0.09002499999999891,0.16683100000000017,0,13.884843000000002,23.791024,5.316196,5.240079,4.835631000000001,0.052544131232400926,0.060000005305148686,11.346172820578163,False,4.4209571892217525e-08,0.0004500442493604595,0.0022500444085149507,0.031800002811728685,0.060000005305148686,0.030000002652574312
593,5-skew-three-planes,skew-xy-plus-0.030-xz-plus-0.060-yz-plus-0.060,3.5622760000000007,3.733531000000001,9.809617,13.371893,0,21,0.17205799999999982,0.06991099999999939,0.2419689999999992,0,12.112636000000002,21.584798,4.101804000000001,3.5622760000000007,3.5997590000000006,4.835270000000001,5.151491,9.093013,13.928283,0,21,0.10114100000000015,0.055443999999999605,0.15658499999999975,0,13.853576,23.779359999999997,5.394231000000001,4.835270000000001,4.874147000000001,0.06459708659073699,0.061800005464303094,11.346172820578163,False,4.4209571892217525e-08,0.00045004424936068155,0.0036000445278807636,0.061800005464303094,0.06000000530514868,0.0300000026525742
594,5-skew-three-planes,skew-xy-plus-0.030-xz-plus-0.060-yz-plus-0.090,3.0415810000000008,3.279686,9.860099,12.90168,0,21,0.146548000000001,0.1762169999999994,0.3227650000000004,0,12.091569999999999,21.650805,4.116872000000001,3.0415810000000008,3.558922000000001,4.307729999999999,4.674382,9.134308,13.442038,0,21,0.08357799999999926,0.14466100000000104,0.2282390000000003,0,13.825425,23.837331,5.422775999999999,4.307729999999999,4.844460999999999,0.0806104627585633,0.09180000811687741,11.346172820578163,False,4.4209571892217525e-08,0.00045004424936068155,0.005850044726823822,0.09180000811687741,0.06000000530514868,0.0300000026525742
595,5-skew-three-planes,skew-xy-plus-0.030-xz-plus-0.090-yz-minus-0.030,2.9776050000000005,4.204047000000001,9.902664,12.880269,0,126,0.03185699999999869,0.2830460000000006,0.31490299999999927,0,12.213182999999999,21.674704,3.917504000000001,3.842867,2.9776050000000005,4.235004,5.666048,9.183126,13.41813,0,126,0.07691599999999887,0.20725200000000044,0.2841679999999993,0,14.014502000000002,23.865758,5.209043000000001,5.131667,4.235004,0.06995068836664647,0.09000000795772298,11.346172820578163,False,4.4209571892217525e-08,0.0004500442493604595,0.004500044607458009,-0.027300002413842665,0.09000000795772298,0.030000002652574367
596,5-skew-three-planes,skew-xy-plus-0.030-xz-plus-0.090-yz-minus-0.060,2.9817210000000003,4.106291000000001,9.871164,12.852885,0,126,0.045125000000000526,0.23865400000000037,0.2837790000000009,0,12.252686999999998,21.647744,3.918607999999999,3.453016,2.9817210000000003,4.247881,5.568161,9.142435,13.390316,0,126,0.05775500000000022,0.16617300000000057,0.2239280000000008,0,14.002215999999999,23.829798,5.218741999999999,4.736761999999999,4.247881,0.07858798667234207,0.09000000795772298,11.346172820578163,False,4.4209571892217525e-08,0.0004500442493604595,0.005850044726823822,-0.05730000506641696,0.09000000795772298,0.030000002652574367
597,5-skew-three-planes,skew-xy-plus-0.030-xz-plus-0.090-yz-minus-0.090,2.9787809999999997,3.8032310000000003,9.84305,12.821831,0,126,0.06442999999999977,0.2029399999999999,0.26736999999999966,0,12.261656,21.629486,3.928382000000001,3.010141000000001,2.9787809999999997,4.257916,5.253007,9.101373,13.359289,0,126,0.02105000000000068,0.14024999999999999,0.16130000000000067,0,14.00307,23.79917,5.241904,4.290493999999999,4.257916,0.09152300113779095,0.09000000795772298,11.346172820578163,False,4.4209571892217525e-08,0.0004500442493604595,0.008100044925766992,-0.0873000077189913,0.09000000795772298,0.030000002652574367
598,5-skew-three-planes,skew-xy-plus-0.030-xz-plus-0.090-yz-plus-0.030,3.0288959999999996,3.6317590000000006,9.895223,12.924119,0,126,0.10868300000000097,0.23601399999999906,0.34469700000000003,0,12.121702,21.674502,4.020003000000001,3.8833420000000007,3.0288959999999996,4.2872340000000015,5.050078000000001,9.176832,13.464066,0,126,0.09065400000000068,0.19280199999999859,0.28345599999999926,0,13.875335000000002,23.867448,5.314814,5.1731310000000015,4.2872340000000015,0.07109921822084607,0.09000000795772298,11.346172820578163,False,4.4209571892217525e-08,0.0004500442493604595,0.004500044607458009,0.03270000289130592,0.09000000795772298,0.030000002652574367
599,5-skew-three-planes,skew-xy-plus-0.030-xz-plus-0.090-yz-plus-0.060,3.083544,3.2700940000000003,9.85674,12.940284,0,126,0.15089199999999892,0.16912500000000108,0.320017,0,12.087667000000001,21.647669,4.122176,3.511813,3.083544,4.350955000000001,4.663545000000001,9.13115,13.482105,0,126,0.08555799999999891,0.13902700000000046,0.22458499999999937,0,13.819571999999999,23.834412999999998,5.427966,4.795297,4.350955000000001,0.08062302218664232,0.09000000795772298,11.346172820578163,False,4.4209571892217525e-08,0.00045004424936068155,0.005850044726823822,0.06270000554388033,0.09000000795772298,0.030000002652574256
600,5-skew-three-planes,skew-xy-plus-0.030-xz-plus-0.090-yz-plus-0.090,2.879568000000001,2.879568000000001,9.83376,12.713328,0,0,0.16173099999999963,0.1479859999999995,0.30971699999999913,0,12.092325,21.641803,4.218873,3.0667550000000006,3.1191639999999996,4.247847,4.247847,9.098675,13.346522,0,0,0.0560400000000012,0.12422699999999942,0.18026700000000062,0,13.810562000000001,23.820398,5.538983999999999,4.343780000000001,4.398152,0.09414063853199366,0.09270000819645464,11.346172820578163,False,4.4209571892217525e-08,0.00045004424936068155,0.008100044925766992,0.09270000819645464,0.09000000795772296,0.030000002652574256
601,5-skew-three-planes,skew-xy-plus-0.060-xz-minus-0.030-yz-minus-0.030,3.577281000000001,4.104686000000001,9.827542,13.404823,0,144,0.12342800000000054,0.10998799999999953,0.23341600000000007,0,12.119765,21.592554,3.577281000000001,3.958335,4.021519000000001,4.8417460000000005,5.544571000000001,9.11938,13.961126,0,144,0.07742799999999939,0.09516299999999944,0.17259099999999883,0,13.881034,23.794674999999998,4.8417460000000005,5.236454,5.301887000000001,0.052532568248210704,0.06000000530514867,11.346172820578163,False,4.4209571892217525e-08,0.0018000443687263834,0.0009000442891491378,-0.03180000281172882,-0.030000002652574315,0.06000000530514867
602,5-skew-three-planes,skew-xy-plus-0.060-xz-minus-0.030-yz-minus-0.060,3.5450859999999995,3.714055,9.826862,13.371948,0,21,0.15969299999999897,0.10194500000000062,0.2616379999999996,0,12.093918,21.602107,3.6202129999999997,3.5450859999999995,4.043229,4.8155090000000005,5.129314000000001,9.11282,13.928329,0,21,0.0912759999999988,0.0900780000000001,0.1813539999999989,0,13.834392000000001,23.799232,4.893365000000001,4.8155090000000005,5.33155,0.0645594578288243,0.061800005464303115,11.346172820578163,False,4.4209571892217525e-08,0.0018000443687263834,0.0022500444085149507,-0.061800005464303115,-0.03000000265257432,0.06000000530514867
603,5-skew-three-planes,skew-xy-plus-0.060-xz-minus-0.030-yz-minus-0.090,3.0241000000000007,3.2581559999999996,9.877708,12.901808,0,21,0.13764100000000035,0.2070489999999996,0.34468999999999994,0,12.072355,21.668552,3.6261530000000004,3.0241000000000007,4.005929999999999,4.285214,4.647584999999999,9.15694,13.442154,0,21,0.0679590000000001,0.1864100000000004,0.2543690000000005,0,13.805808999999998,23.860104,4.909689,4.285214,5.303279,0.08054260800480699,0.09180000811687745,11.346172820578163,False,4.4209571892217525e-08,0.0018000443687263834,0.004500044607458009,-0.09180000811687745,-0.03000000265257432,0.06000000530514867
604,5-skew-three-planes,skew-xy-plus-0.060-xz-minus-0.030-yz-plus-0.030,3.5219889999999996,4.660836999999999,9.841293,13.363282,0,144,0.001787000000000205,0.18987899999999946,0.19166599999999967,0,12.289369,21.601622,3.5219889999999996,3.9223800000000004,3.9440209999999993,4.789129000000001,6.1471540000000005,9.128286,13.917415,0,144,0.022085999999999828,0.13506199999999957,0.1571479999999994,0,14.066673000000002,23.798381,4.789129000000001,5.204075000000001,5.226529000000001,0.051494375495333235,0.06000000530514867,11.346172820578163,False,4.4209571892217525e-08,0.0018000443687263834,0.0009000442891491378,0.02820000249341977,-0.030000002652574315,0.06000000530514867
605,5-skew-three-planes,skew-xy-plus-0.060-xz-minus-0.030-yz-plus-0.090,2.993049000000001,4.086608,9.877293,12.870342,0,21,0.03774999999999906,0.2515400000000003,0.2892899999999994,0,12.230372000000001,21.653844,3.501365,2.993049000000001,3.8181080000000005,4.255485999999999,5.543367999999999,9.152952,13.408438,0,21,0.02635000000000076,0.19769100000000073,0.2240410000000015,0,13.978323999999999,23.840274,4.782516999999999,4.255485999999999,5.110484999999999,0.07850548800510945,0.08820000779856849,11.346172820578163,False,4.4209571892217525e-08,0.0018000443687266054,0.004500044607458009,0.08820000779856849,-0.030000002652574322,0.06000000530514856
606,5-skew-three-planes,skew-xy-plus-0.060-xz-minus-0.060-yz-minus-0.030,3.6032209999999996,3.675961000000001,9.838272,13.441493,0,126,0.15594200000000136,0.12103499999999912,0.2769770000000005,0,12.079193,21.613977,3.6126129999999996,3.9504470000000005,3.6032209999999996,4.873012000000001,5.085974,9.127426,14.000438,0,126,0.08518500000000095,0.11510299999999951,0.20028800000000047,0,13.819317000000002,23.814346999999998,4.8827370000000005,5.232697,4.873012000000001,0.064597086590737,0.06000000530514867,11.346172820578163,False,4.4209571892217525e-08,0.0018000443687263834,0.0022500444085149507,-0.03360000297088328,-0.0600000053051486,0.06000000530514867
607,5-skew-three-planes,skew-xy-plus-0.060-xz-minus-0.060-yz-minus-0.060,3.313886,3.313886,9.789568,13.103454,0,0,0.22468600000000016,0.02592099999999853,0.2506069999999987,0,12.142696,21.57813,3.7236600000000006,3.5901440000000004,3.6860420000000005,4.694469,4.694469,9.075091,13.76956,0,0,0.12611300000000014,0.028527999999999665,0.1546409999999998,0,13.878574999999998,23.775921,5.000916999999999,4.8628599999999995,4.961971,0.07509115443648369,0.06360000562345756,11.346172820578163,False,4.4209571892217525e-08,0.0018000443687263834,0.0036000445278807636,-0.06360000562345756,-0.0600000053051486,0.06000000530514867
608,5-skew-three-planes,skew-xy-plus-0.060-xz-minus-0.060-yz-minus-0.090,2.851557999999999,2.851557999999999,9.833443,12.685001,0,0,0.18763999999999825,0.12926300000000168,0.31690299999999993,0,12.13657,21.640277,3.7553579999999993,3.078443,3.670686,4.209341,4.209341,9.106613,13.315954,0,0,0.08018300000000167,0.11805699999999852,0.1982400000000002,0,13.871963000000001,23.827126,5.049935000000001,4.347283000000001,4.962178,0.08954297624209094,0.0936000082760319,11.346172820578163,False,4.4209571892217525e-08,0.0018000443687263834,0.005850044726823822,-0.0936000082760319,-0.0600000053051486,0.06000000530514867
609,5-skew-three-planes,skew-xy-plus-0.060-xz-minus-0.060-yz-plus-0.060,3.468572,4.676943,9.840676,13.309248,0,126,0.019424000000000774,0.19869800000000026,0.21812200000000104,0,12.425991999999999,21.610194,3.5060199999999995,3.480205999999999,3.468572,4.752242000000001,6.180726,9.110617,13.862859,0,126,0.02237199999999895,0.12887800000000027,0.15124999999999922,0,14.206168,23.790340999999998,4.790975000000001,4.764380000000001,4.752242000000001,0.07215733779879697,0.06000000530514861,11.346172820578163,False,4.4209571892217525e-08,0.0018000443687266054,0.0036000445278807636,0.05640000498683972,-0.06000000530514861,0.06000000530514856
610,5-skew-three-planes,skew-xy-plus-0.060-xz-minus-0.060-yz-plus-0.090,3.0054290000000012,4.377038000000001,9.843402,12.848831,0,21,0.020511000000000834,0.2176999999999989,0.23821099999999973,0,12.442198,21.621473,3.4961850000000005,3.0054290000000012,3.412021000000001,4.281126,5.8651230000000005,9.105291,13.386417,0,21,0.007464999999999833,0.14520999999999873,0.15267499999999856,0,14.213818999999999,23.794015,4.790002000000001,4.281126,4.702966,0.0858483807634159,0.08640000763941404,11.346172820578163,False,4.4209571892217525e-08,0.0018000443687266054,0.005850044726823822,0.08640000763941404,-0.06000000530514861,0.06000000530514856
611,5-skew-three-planes,skew-xy-plus-0.060-xz-minus-0.090-yz-minus-0.030,3.0815789999999996,3.1901600000000006,9.890782,12.972361,0,126,0.14247999999999905,0.2245910000000002,0.36707099999999926,0,12.055787,21.682886,3.62317,3.8954780000000007,3.0815789999999996,4.342518999999999,4.572355999999999,9.172847,13.515366,0,126,0.07964099999999874,0.20466800000000163,0.28430900000000037,0,13.788805999999997,23.87739,4.9043399999999995,5.186627,4.342518999999999,0.08062302218664232,0.09000000795772291,11.346172820578163,False,4.4209571892217525e-08,0.0018000443687263834,0.004500044607458009,-0.03540000313003774,-0.09000000795772291,0.06000000530514867
612,5-skew-three-planes,skew-xy-plus-0.060-xz-minus-0.090-yz-minus-0.060,2.8199199999999998,2.8199199999999998,9.836732,12.656652,0,0,0.1908960000000004,0.1327979999999993,0.3236939999999997,0,12.118068,21.644353,3.758178000000001,3.546564,3.1732370000000003,4.1730529999999995,4.1730529999999995,9.112119,13.285172,0,0,0.0848860000000009,0.12418899999999944,0.20907500000000034,0,13.844567999999999,23.833529,5.050856,4.831328000000001,4.443614,0.08958819451090667,0.09000000795772291,11.346172820578163,False,4.4209571892217525e-08,0.0018000443687263834,0.005850044726823822,-0.06540000578261203,-0.09000000795772291,0.06000000530514867
613,5-skew-three-planes,skew-xy-plus-0.060-xz-minus-0.090-yz-minus-0.090,2.4407429999999994,2.4407429999999994,9.786106,12.226849,0,0,0.21389000000000102,0.06565999999999939,0.2795500000000004,0,12.107952000000001,21.614843,3.9019499999999994,3.131838,3.2571820000000002,3.7705420000000007,3.7705420000000007,9.04664,12.817182,0,0,0.07278900000000021,0.05227700000000013,0.12506600000000034,0,13.858930999999998,23.790951,5.215484999999999,4.415611999999999,4.545733,0.1023202459279278,0.09540000843518637,11.346172820578163,False,4.4209571892217525e-08,0.0018000443687263834,0.008100044925766992,-0.09540000843518637,-0.09000000795772291,0.06000000530514867
614,5-skew-three-planes,skew-xy-plus-0.060-xz-minus-0.090-yz-plus-0.030,2.9788510000000006,3.9620440000000006,9.906276,12.885127,0,126,0.05024500000000032,0.28887600000000013,0.33912100000000045,0,12.176101000000001,21.684002,3.483129999999999,3.813967999999999,2.9788510000000006,4.2363669999999995,5.406542,9.187362,13.423729,0,126,0.057949999999999946,0.23352299999999993,0.29147299999999987,0,13.918447,23.875972,4.75934,5.101780999999999,4.2363669999999995,0.07858798667234203,0.09000000795772291,11.346172820578163,False,4.4209571892217525e-08,0.0018000443687263834,0.004500044607458009,0.024600002175110852,-0.09000000795772291,0.06000000530514867
615,5-skew-three-planes,skew-xy-plus-0.060-xz-minus-0.090-yz-plus-0.060,2.964417000000001,4.267187,9.871274,12.835691,0,126,0.010310000000000485,0.26462199999999925,0.27493199999999973,0,12.331845999999999,21.650058,3.475085,3.4233080000000005,2.964417000000001,4.230014000000001,5.740345000000001,9.142603,13.372617,0,126,0.03613599999999906,0.18677600000000005,0.2229119999999991,0,14.132129,23.832093999999998,4.759817,4.706330000000001,4.230014000000001,0.08589554401208963,0.09000000795772291,11.346172820578163,False,4.4209571892217525e-08,0.0018000443687266054,0.005850044726823822,0.05460000482768526,-0.09000000795772291,0.06000000530514856
616,5-skew-three-planes,skew-xy-plus-0.060-xz-minus-0.090-yz-plus-0.090,2.9554069999999992,4.220507999999999,9.826681,12.782088,0,126,0.03165399999999963,0.20192500000000102,0.23357900000000065,0,12.460211999999999,21.612005,3.490162999999999,2.9963939999999987,2.9554069999999992,4.241954999999999,5.707905,9.076302,13.318257,0,126,0.015689000000000064,0.11407400000000045,0.12976300000000052,0,14.225495,23.772607999999998,4.796004,4.284686000000001,4.241954999999999,0.09745477184245413,0.09000000795772292,11.346172820578163,False,4.4209571892217525e-08,0.0018000443687266054,0.008100044925766992,0.08460000748025957,-0.09000000795772292,0.06000000530514856
617,5-skew-three-planes,skew-xy-plus-0.060-xz-plus-0.030-yz-minus-0.030,3.5219889999999996,4.660836999999999,9.841293,13.363282,0,144,0.001787000000000205,0.18987899999999946,0.19166599999999967,0,12.289369,21.601622,3.5219889999999996,3.9223800000000004,3.9440209999999993,4.789129000000001,6.1471540000000005,9.128286,13.917415,0,144,0.022088000000000108,0.13506099999999854,0.15714899999999865,0,14.066673000000002,23.798381,4.789129000000001,5.204075000000001,5.226529000000001,0.05149437549533329,0.06000000530514867,11.346172820578163,False,4.4209571892217525e-08,0.0018000443687263834,0.0009000442891491378,-0.028200002493419894,0.030000002652574378,0.06000000530514867
618,5-skew-three-planes,skew-xy-plus-0.060-xz-plus-0.030-yz-minus-0.090,2.9930369999999993,4.086599999999999,9.877304,12.870341,0,21,0.037744,0.25155800000000106,0.28930200000000106,0,12.230355999999999,21.653855,3.5013509999999997,2.9930369999999993,3.8180949999999996,4.255476,5.543360999999999,9.152962,13.408438,0,21,0.026345999999998426,0.1977070000000012,0.2240529999999996,0,13.978311,23.840283,4.782503999999999,4.255476,5.110472999999999,0.07850548800510951,0.08820000779856853,11.346172820578163,False,4.4209571892217525e-08,0.0018000443687263834,0.004500044607458009,-0.08820000779856853,0.030000002652574374,0.06000000530514867
619,5-skew-three-planes,skew-xy-plus-0.060-xz-plus-0.030-yz-plus-0.030,3.577281000000001,4.104686000000001,9.827542,13.404823,0,144,0.12342600000000026,0.10998899999999878,0.23341499999999904,0,12.119765,21.592554,3.577281000000001,3.958335,4.021519000000001,4.8417460000000005,5.544571000000001,9.11938,13.961126,0,144,0.0774259999999991,0.09516400000000047,0.17258999999999958,0,13.881034,23.794674999999998,4.8417460000000005,5.236454,5.301887000000001,0.05253256824821069,0.06000000530514867,11.346172820578163,False,4.4209571892217525e-08,0.0018000443687263834,0.0009000442891491378,0.031800002811728685,0.030000002652574378,0.06000000530514867
620,5-skew-three-planes,skew-xy-plus-0.060-xz-plus-0.030-yz-plus-0.060,3.5450859999999995,3.714055,9.826862,13.371948,0,21,0.15969000000000122,0.10194599999999987,0.2616360000000011,0,12.093918,21.602107,3.6202129999999997,3.5450859999999995,4.043229,4.8155090000000005,5.129314000000001,9.11282,13.928329,0,21,0.09127299999999927,0.09007899999999935,0.18135199999999863,0,13.834393000000002,23.799232,4.893365000000001,4.8155090000000005,5.33155,0.06455945782882426,0.0618000054643031,11.346172820578163,False,4.4209571892217525e-08,0.0018000443687266054,0.0022500444085149507,0.0618000054643031,0.030000002652574374,0.06000000530514856
621,5-skew-three-planes,skew-xy-plus-0.060-xz-plus-0.030-yz-plus-0.090,3.024118999999999,3.2581629999999997,9.877693,12.901812,0,21,0.13763999999999932,0.2070280000000011,0.3446680000000004,0,12.072377,21.668537,3.62617,3.024118999999999,4.0059429999999985,4.285233,4.647591,9.156925,13.442158,0,21,0.06796399999999991,0.18638599999999883,0.25434999999999874,0,13.805830000000002,23.86009,4.909705000000001,4.285233,5.303292000000001,0.08054260800480695,0.09180000811687741,11.346172820578163,False,4.4209571892217525e-08,0.0018000443687266054,0.004500044607458009,0.09180000811687741,0.03000000265257437,0.06000000530514856
622,5-skew-three-planes,skew-xy-plus-0.060-xz-plus-0.060-yz-minus-0.060,3.468572,4.676943,9.840676,13.309248,0,126,0.019425000000000026,0.198697000000001,0.21812200000000104,0,12.425991999999999,21.610194,3.5060199999999995,3.480205999999999,3.468572,4.752242000000001,6.180726,9.110617,13.862859,0,126,0.02237199999999895,0.12887800000000027,0.15124999999999922,0,14.206168,23.790342,4.790975000000001,4.764380000000001,4.752242000000001,0.07215733779879704,0.06000000530514867,11.346172820578163,False,4.4209571892217525e-08,0.0018000443687263834,0.0036000445278807636,-0.05640000498683973,0.06000000530514867,0.06000000530514867
623,5-skew-three-planes,skew-xy-plus-0.060-xz-plus-0.060-yz-minus-0.090,3.0054290000000012,4.377037000000001,9.843402,12.848831,0,21,0.020511000000000834,0.2176999999999989,0.23821099999999973,0,12.442198,21.621473,3.4961850000000005,3.0054290000000012,3.412021000000001,4.281124999999999,5.8651219999999995,9.105292,13.386417,0,21,0.007462999999999553,0.14521200000000078,0.15267500000000034,0,14.213817999999998,23.794016,4.790001,4.281124999999999,4.702964999999999,0.08584838076341597,0.08640000763941406,11.346172820578163,False,4.4209571892217525e-08,0.0018000443687263834,0.005850044726823822,-0.08640000763941406,0.06000000530514867,0.06000000530514867
624,5-skew-three-planes,skew-xy-plus-0.060-xz-plus-0.060-yz-plus-0.030,3.603221999999999,3.675962,9.838271,13.441493,0,126,0.1559399999999993,0.12103500000000089,0.2769750000000002,0,12.079194,21.613976,3.612613999999999,3.950448999999999,3.603221999999999,4.873012000000001,5.085974,9.127426,14.000438,0,126,0.0851829999999989,0.11510400000000054,0.20028699999999944,0,13.819317000000002,23.814346999999998,4.8827359999999995,5.232697,4.873012000000001,0.064597086590737,0.06000000530514867,11.346172820578163,False,4.4209571892217525e-08,0.0018000443687263834,0.0022500444085149507,0.03360000297088315,0.06000000530514867,0.06000000530514867
625,5-skew-three-planes,skew-xy-plus-0.060-xz-plus-0.060-yz-plus-0.060,3.3139149999999997,3.3139149999999997,9.789659,13.103574,0,0,0.22486600000000045,0.025961000000000567,0.250827000000001,0,12.142578,21.578214000000003,3.7235499999999995,3.590047,3.6859330000000003,4.694501000000001,4.694501000000001,9.075192,13.769693,0,0,0.12631000000000014,0.02857599999999927,0.1548859999999994,0,13.878451,23.776015,5.000796000000001,4.862751000000001,4.961851000000001,0.07509115443648368,0.06360000562345756,11.346172820578163,False,4.4209571892217525e-08,0.0018000443687266054,0.0036000445278807636,0.06360000562345756,0.060000005305148665,0.06000000530514856
626,5-skew-three-planes,skew-xy-plus-0.060-xz-plus-0.060-yz-plus-0.090,2.8515610000000002,2.8515610000000002,9.833433,12.684994,0,0,0.18763099999999966,0.12925300000000028,0.31688399999999994,0,12.136584,21.640267,3.7553680000000007,3.078456000000001,3.6706960000000013,4.209344,4.209344,9.106602,13.315946,0,0,0.08017699999999905,0.11804400000000115,0.1982210000000002,0,13.871977,23.827115,5.049946,4.347296999999999,4.962188999999999,0.08954297624209091,0.09360000827603188,11.346172820578163,False,4.4209571892217525e-08,0.0018000443687266054,0.005850044726823822,0.09360000827603188,0.060000005305148665,0.06000000530514856
627,5-skew-three-planes,skew-xy-plus-0.060-xz-plus-0.090-yz-minus-0.030,2.9788629999999987,3.9620490000000004,9.906266,12.885129,0,126,0.050248000000001625,0.2888599999999997,0.3391080000000013,0,12.176117,21.683992,3.4831439999999994,3.813979999999999,2.9788629999999987,4.236377000000001,5.4065449999999995,9.187353,13.42373,0,126,0.05795299999999948,0.2335080000000005,0.29146099999999997,0,13.918460000000001,23.875964,4.759352,5.101791,4.236377000000001,0.07858798667234207,0.09000000795772296,11.346172820578163,False,4.4209571892217525e-08,0.0018000443687263834,0.004500044607458009,-0.024600002175110977,0.09000000795772296,0.06000000530514867
628,5-skew-three-planes,skew-xy-plus-0.060-xz-plus-0.090-yz-minus-0.060,2.9644049999999993,4.267190999999999,9.871282,12.835687,0,126,0.010296999999999557,0.264641000000001,0.27493800000000057,0,12.331831999999999,21.650065,3.475076999999999,3.4233009999999986,2.9644049999999993,4.229998999999999,5.740347999999999,9.142613,13.372612,0,126,0.036122999999999905,0.18679800000000135,0.22292100000000126,0,14.132113999999998,23.832103,4.759808,4.70632,4.229998999999999,0.0858955440120897,0.09000000795772296,11.346172820578163,False,4.4209571892217525e-08,0.0018000443687263834,0.005850044726823822,-0.054600004827685275,0.09000000795772296,0.06000000530514867
629,5-skew-three-planes,skew-xy-plus-0.060-xz-plus-0.090-yz-minus-0.090,2.955373,4.220507,9.826705,12.782078,0,126,0.03166099999999972,0.20195700000000016,0.23361799999999988,0,12.460185,21.612027,3.490138999999999,2.9963689999999996,2.955373,4.241916,5.707903999999999,9.07633,13.318246,0,126,0.01566700000000054,0.11412699999999987,0.1297940000000004,0,14.225453,23.772634,4.795976,4.284656999999999,4.241916,0.09745477184245421,0.09000000795772296,11.346172820578163,False,4.4209571892217525e-08,0.0018000443687263834,0.008100044925766992,-0.08460000748025961,0.09000000795772296,0.06000000530514867
630,5-skew-three-planes,skew-xy-plus-0.060-xz-plus-0.090-yz-plus-0.030,3.0815979999999996,3.1901670000000006,9.890768,12.972366,0,126,0.14248000000000083,0.2245709999999992,0.367051,0,12.055807,21.682872,3.623185000000001,3.895491,3.0815979999999996,4.342536000000001,4.572361000000001,9.172834,13.51537,0,126,0.07964699999999958,0.20464600000000033,0.2842929999999999,0,13.788825000000001,23.877378,4.904354,5.1866389999999996,4.342536000000001,0.08062302218664232,0.09000000795772296,11.346172820578163,False,4.4209571892217525e-08,0.0018000443687263834,0.004500044607458009,0.035400003130037605,0.09000000795772296,0.06000000530514867
631,5-skew-three-planes,skew-xy-plus-0.060-xz-plus-0.090-yz-plus-0.060,2.8199229999999993,2.8199229999999993,9.836722,12.656645,0,0,0.19088999999999956,0.13278700000000043,0.323677,0,12.118080999999998,21.644343,3.7581880000000005,3.5465739999999997,3.1732499999999995,4.1730540000000005,4.1730540000000005,9.112109,13.285163,0,0,0.0848829999999996,0.12417600000000029,0.20905899999999988,0,13.844580999999998,23.83352,5.050865999999999,4.8313369999999995,4.443626999999999,0.08958819451090667,0.09000000795772296,11.346172820578163,False,4.4209571892217525e-08,0.0018000443687266054,0.005850044726823822,0.06540000578261203,0.09000000795772296,0.06000000530514856
632,5-skew-three-planes,skew-xy-plus-0.060-xz-plus-0.090-yz-plus-0.090,2.440723,2.440723,9.786103,12.226826,0,0,0.21383600000000058,0.06568299999999994,0.2795190000000005,0,12.107971,21.614842000000003,3.901959999999999,3.1318409999999997,3.257185999999999,3.7705210000000005,3.7705210000000005,9.046636,12.817157,0,0,0.07272500000000015,0.05230399999999946,0.1250289999999996,0,13.858948999999999,23.790948999999998,5.215496,4.415617000000001,4.545738,0.10232024592792775,0.09540000843518633,11.346172820578163,False,4.4209571892217525e-08,0.0018000443687266054,0.008100044925766992,0.09540000843518633,0.09000000795772295,0.06000000530514856
633,5-skew-three-planes,skew-xy-plus-0.090-xz-minus-0.030-yz-minus-0.030,3.0334179999999993,3.626284,9.899331,12.932749,0,144,0.11068199999999884,0.24116500000000052,0.35184699999999935,0,12.117518,21.678654,3.0334179999999993,3.8792600000000004,4.005635,4.292221000000001,5.0446860000000004,9.180772,13.472993,0,144,0.09900299999999973,0.19453199999999882,0.29353499999999855,0,13.871811,23.871433,4.292221000000001,5.169214,5.300231,0.07107642950403838,0.09000000795772298,11.346172820578163,False,4.4209571892217525e-08,0.004050044567669442,0.0009000442891491378,-0.03270000289130605,-0.03000000265257433,0.09000000795772298
634,5-skew-three-planes,skew-xy-plus-0.090-xz-minus-0.030-yz-minus-0.060,3.0978819999999985,3.2459349999999993,9.876886,12.974768,0,144,0.14890499999999918,0.20029200000000102,0.3491970000000002,0,12.068333999999998,21.667984,3.0978819999999985,3.491800999999999,4.060761999999999,4.365381000000001,4.638026,9.152403,13.517784,0,144,0.10563900000000004,0.16084500000000013,0.26648400000000017,0,13.801289,23.855842,4.365381000000001,4.774171000000001,5.363879000000001,0.08054260800480699,0.09000000795772298,11.346172820578163,False,4.4209571892217525e-08,0.004050044567669442,0.0022500444085149507,-0.06270000554388035,-0.030000002652574333,0.09000000795772298
635,5-skew-three-planes,skew-xy-plus-0.090-xz-minus-0.030-yz-minus-0.090,2.8272049999999993,2.8272049999999993,9.878833,12.706038,0,0,0.14729999999999954,0.22270900000000005,0.3700089999999996,0,12.050156999999999,21.687241,3.1516140000000004,3.0220330000000004,4.080394,4.185658999999999,4.185658999999999,9.153123,13.338782,0,0,0.06412300000000037,0.20182300000000097,0.26594600000000135,0,13.763866,23.875221000000003,4.423938,4.289658999999999,5.387509,0.09398563623264403,0.09270000819645469,11.346172820578163,False,4.4209571892217525e-08,0.004050044567669442,0.004500044607458009,-0.09270000819645469,-0.030000002652574333,0.09000000795772298
636,5-skew-three-planes,skew-xy-plus-0.090-xz-minus-0.030-yz-plus-0.030,2.9824230000000007,4.196547000000001,9.906474,12.888897,0,144,0.041095000000000326,0.2841299999999993,0.32522499999999965,0,12.206040000000002,21.678556999999998,2.9824230000000007,3.839092000000001,3.90353,4.2402,5.658445,9.186852,13.427052,0,144,0.08724300000000085,0.2076709999999995,0.29491400000000034,0,14.01133,23.869529,4.2402,5.127972,5.194787,0.06992752535586205,0.09000000795772298,11.346172820578163,False,4.4209571892217525e-08,0.004050044567669442,0.0009000442891491378,0.027300002413842537,-0.03000000265257433,0.09000000795772298
637,5-skew-three-planes,skew-xy-plus-0.090-xz-minus-0.030-yz-plus-0.060,2.9990439999999996,4.077112,9.888294,12.887338,0,144,0.06217599999999912,0.25577200000000033,0.31794799999999945,0,12.231808,21.665036,2.9990439999999996,3.435981999999999,3.8610729999999993,4.264555,5.536510999999999,9.161379,13.425934,0,144,0.09171399999999963,0.17757800000000046,0.2692920000000001,0,13.98124,23.848905000000002,4.264555,4.717895,5.157957,0.07850548800510944,0.09000000795772287,11.346172820578163,False,4.4209571892217525e-08,0.004050044567669664,0.0022500444085149507,0.05730000506641695,-0.030000002652574333,0.09000000795772287
638,5-skew-three-planes,skew-xy-plus-0.090-xz-minus-0.030-yz-plus-0.090,2.9702230000000007,3.7442779999999996,9.883056,12.853279,0,21,0.07252299999999856,0.2586010000000005,0.3311239999999991,0,12.214476999999999,21.669763,3.0162119999999994,2.9702230000000007,3.7978900000000007,4.238847999999999,5.180819,9.153342,13.39219,0,21,0.06603000000000137,0.1956869999999995,0.26171700000000087,0,13.948001,23.851525000000002,4.286230999999999,4.238847999999999,5.095891,0.09136355800926027,0.09000000795772287,11.346172820578163,False,4.4209571892217525e-08,0.004050044567669664,0.004500044607458009,0.08730000771899125,-0.030000002652574336,0.09000000795772287
639,5-skew-three-planes,skew-xy-plus-0.090-xz-minus-0.060-yz-minus-0.030,3.0876719999999995,3.187101,9.893281,12.980953,0,144,0.14359199999999994,0.2277749999999994,0.37136699999999934,0,12.053762,21.685412,3.0876719999999995,3.892995000000001,3.6113370000000007,4.349283,4.569632,9.174975,13.524258,0,144,0.08726900000000093,0.2040419999999994,0.2913110000000003,0,13.787185999999998,23.879545999999998,4.349283,5.184513000000001,4.892543,0.08061046275856332,0.09000000795772298,11.346172820578163,False,4.4209571892217525e-08,0.004050044567669442,0.0022500444085149507,-0.03540000313003774,-0.06000000530514862,0.09000000795772298
640,5-skew-three-planes,skew-xy-plus-0.090-xz-minus-0.060-yz-minus-0.090,2.392436,2.392436,9.831168,12.223604,0,0,0.18837300000000035,0.14593200000000017,0.3343050000000005,0,12.062712,21.660124,3.2892279999999996,3.086995,3.772556,3.714252,3.714252,9.099499,12.813751,0,0,0.07126600000000138,0.13228799999999907,0.20355400000000046,0,13.806813,23.844034,4.572746,4.362958000000001,5.07512,0.10223114849950943,0.09540000843518637,11.346172820578163,False,4.4209571892217525e-08,0.004050044567669442,0.005850044726823822,-0.09540000843518637,-0.06000000530514862,0.09000000795772298
641,5-skew-three-planes,skew-xy-plus-0.090-xz-minus-0.060-yz-plus-0.030,2.985277999999999,3.958499999999999,9.908445,12.893723,0,144,0.055597999999999814,0.28944599999999987,0.3450439999999997,0,12.174319999999998,21.686199000000002,2.985277999999999,3.811817999999999,3.4716570000000004,4.2433260000000015,5.403154000000001,9.189293,13.432619,0,144,0.06861200000000167,0.23108499999999843,0.2996970000000001,0,13.916916,23.877932,4.2433260000000015,5.0998670000000015,4.7477800000000006,0.07857510196527977,0.09000000795772298,11.346172820578163,False,4.4209571892217525e-08,0.004050044567669442,0.0022500444085149507,0.024600002175110852,-0.06000000530514862,0.09000000795772298
642,5-skew-three-planes,skew-xy-plus-0.090-xz-minus-0.060-yz-plus-0.060,2.9889480000000006,4.244586,9.88112,12.870068,0,144,0.04474399999999967,0.262141999999999,0.30688599999999866,0,12.306087000000002,21.66001,2.9889480000000006,3.413557000000001,3.4280560000000015,4.255737999999999,5.717115999999999,9.152423,13.408161,0,144,0.07774200000000064,0.18068500000000043,0.2584270000000011,0,14.123517999999999,23.842022,4.255737999999999,4.696593,4.711539,0.0858483807634159,0.09000000795772287,11.346172820578163,False,4.4209571892217525e-08,0.004050044567669664,0.0036000445278807636,0.05460000482768526,-0.060000005305148624,0.09000000795772287
643,5-skew-three-planes,skew-xy-plus-0.090-xz-minus-0.060-yz-plus-0.090,2.9702090000000005,4.164645,9.853095,12.823304,0,21,0.05473699999999937,0.2299509999999998,0.28468799999999916,0,12.392914999999999,21.638654,3.00634,2.9702090000000005,3.380184,4.248493,5.640471,9.1127,13.361193,0,21,0.07646100000000011,0.138262000000001,0.2147230000000011,0,14.176338999999999,23.809245,4.285515,4.248493,4.673211,0.097361222011856,0.09000000795772287,11.346172820578163,False,4.4209571892217525e-08,0.004050044567669664,0.005850044726823822,0.08460000748025957,-0.060000005305148624,0.09000000795772287
644,5-skew-three-planes,skew-xy-plus-0.090-xz-minus-0.090-yz-minus-0.030,2.7065900000000003,2.7065900000000003,9.911566,12.618156,0,0,0.14012300000000089,0.2762349999999998,0.41635800000000067,0,12.017907000000001,21.722896,3.1352079999999987,3.8764899999999987,3.1266809999999996,4.049480000000001,4.049480000000001,9.194054,13.243534,0,0,0.039096000000000686,0.2762519999999995,0.3153480000000002,0,13.728883999999999,23.919294,4.400165000000001,5.169486000000001,4.391337,0.09414063853199366,0.09000000795772298,11.346172820578163,False,4.4209571892217525e-08,0.004050044567669442,0.004500044607458009,-0.038100003368769425,-0.09000000795772292,0.09000000795772298
645,5-skew-three-planes,skew-xy-plus-0.090-xz-minus-0.090-yz-minus-0.060,2.328239,2.328239,9.850709,12.178948,0,0,0.18010599999999855,0.17993200000000087,0.3600379999999994,0,12.092865000000002,21.681464,3.2796529999999997,3.542382,3.2456169999999993,3.6387339999999995,3.6387339999999995,9.126365,12.765099,0,0,0.04816300000000062,0.18454299999999968,0.2327060000000003,0,13.814720999999999,23.872873,4.556385000000001,4.829714000000001,4.521121000000001,0.10232024592792778,0.09000000795772298,11.346172820578163,False,4.4209571892217525e-08,0.004050044567669442,0.005850044726823822,-0.06810000602134371,-0.09000000795772292,0.09000000795772298
646,5-skew-three-planes,skew-xy-plus-0.090-xz-minus-0.090-yz-minus-0.090,1.9716950000000004,1.9716950000000004,9.765004,11.736699,0,0,0.21500999999999948,0.05611399999999911,0.2711239999999986,0,12.040789000000002,21.621084,3.460826000000001,3.1662930000000014,3.384416,3.254695999999999,3.254695999999999,9.026206,12.280902,0,0,0.06414000000000009,0.047771000000000896,0.11191100000000098,0,13.764138999999998,23.800264,4.75821,4.452230999999999,4.678962,0.11399044202082514,0.09810000867391805,11.346172820578163,False,4.4209571892217525e-08,0.004050044567669442,0.008100044925766992,-0.09810000867391805,-0.09000000795772292,0.09000000795772298
647,5-skew-three-planes,skew-xy-plus-0.090-xz-minus-0.090-yz-plus-0.030,2.974663999999999,3.5348179999999996,9.933198,12.907862,0,126,0.06629799999999975,0.33754500000000043,0.4038430000000002,0,12.125352,21.722686000000003,2.9831879999999984,3.7558299999999996,2.974663999999999,4.231767,4.9463799999999996,9.216668,13.448435,0,126,0.03139000000000003,0.30815899999999985,0.3395489999999999,0,13.846486999999998,23.91777,4.240586,5.041366,4.231767,0.0915230011377909,0.09000000795772298,11.346172820578163,False,4.4209571892217525e-08,0.004050044567669442,0.004500044607458009,0.021900001936379164,-0.09000000795772292,0.09000000795772298
648,5-skew-three-planes,skew-xy-plus-0.090-xz-minus-0.090-yz-plus-0.060,2.939110000000001,3.9504410000000014,9.896828,12.835938,0,126,0.034236999999999185,0.3059119999999993,0.3401489999999985,0,12.289353000000002,21.684001,2.9732460000000014,3.3635070000000002,2.939110000000001,4.2009050000000006,5.397388000000001,9.173205,13.37411,0,126,0.03158300000000125,0.25146599999999886,0.2830490000000001,0,14.048442999999999,23.871533,4.236206000000001,4.640889000000001,4.2009050000000006,0.09745477184245413,0.09000000795772292,11.346172820578163,False,4.4209571892217525e-08,0.004050044567669664,0.005850044726823822,0.05190000458895357,-0.09000000795772292,0.09000000795772287
649,5-skew-three-planes,skew-xy-plus-0.090-xz-minus-0.090-yz-plus-0.090,2.9210659999999997,4.304618,9.838996,12.760062,0,126,0.036164000000001195,0.23208299999999937,0.26824700000000057,0,12.450491000000001,21.629458,2.997911,2.9500270000000004,2.9210659999999997,4.196705,5.788772,9.09932,13.296025,0,126,0.0485319999999998,0.14783900000000116,0.19637100000000096,0,14.341748,23.800805,4.276135,4.227003999999999,4.196705,0.1074049375693355,0.09000000795772294,11.346172820578163,False,4.4209571892217525e-08,0.004050044567669664,0.008100044925766992,0.08190000724152789,-0.09000000795772294,0.09000000795772287
650,5-skew-three-planes,skew-xy-plus-0.090-xz-plus-0.030-yz-minus-0.030,2.9824230000000007,4.196547000000001,9.906474,12.888897,0,144,0.041095000000000326,0.2841299999999993,0.32522499999999965,0,12.206040000000002,21.678556999999998,2.9824230000000007,3.839092000000001,3.90353,4.240201000000001,5.658446,9.186852,13.427053,0,144,0.08724300000000085,0.2076709999999995,0.29491400000000034,0,14.01133,23.869529,4.240201000000001,5.127972,5.194787,0.06992752535586208,0.09000000795772298,11.346172820578163,False,4.4209571892217525e-08,0.004050044567669442,0.0009000442891491378,-0.027300002413842665,0.030000002652574364,0.09000000795772298
651,5-skew-three-planes,skew-xy-plus-0.090-xz-plus-0.030-yz-minus-0.060,2.9990439999999996,4.077112,9.888294,12.887338,0,144,0.06217800000000118,0.2557709999999993,0.3179490000000005,0,12.231808,21.665036,2.9990439999999996,3.435981999999999,3.8610729999999993,4.264555,5.536510999999999,9.161379,13.425934,0,144,0.09171399999999963,0.17757800000000046,0.2692920000000001,0,13.98124,23.848905000000002,4.264555,4.717895,5.157957,0.0785054880051095,0.09000000795772298,11.346172820578163,False,4.4209571892217525e-08,0.004050044567669442,0.0022500444085149507,-0.05730000506641696,0.03000000265257436,0.09000000795772298
652,5-skew-three-planes,skew-xy-plus-0.090-xz-plus-0.030-yz-minus-0.090,2.9702219999999997,3.7442769999999985,9.883057,12.853279,0,21,0.07252599999999987,0.2586010000000005,0.3311270000000004,0,12.214475999999998,21.669763000000003,3.0162109999999984,2.9702219999999997,3.7978889999999996,4.238847,5.180819,9.153342,13.392189,0,21,0.06603100000000062,0.1956869999999995,0.2617180000000001,0,13.948001,23.851525000000002,4.28623,4.238847,5.095891,0.09136355800926034,0.09000000795772298,11.346172820578163,False,4.4209571892217525e-08,0.004050044567669442,0.004500044607458009,-0.0873000077189913,0.03000000265257436,0.09000000795772298
653,5-skew-three-planes,skew-xy-plus-0.090-xz-plus-0.030-yz-plus-0.030,3.0334179999999993,3.626284,9.899331,12.932749,0,144,0.11067900000000108,0.24116599999999977,0.35184500000000085,0,12.117519000000001,21.678654,3.0334179999999993,3.8792600000000004,4.005635,4.292221000000001,5.0446860000000004,9.180772,13.472993,0,144,0.09900200000000048,0.19453199999999882,0.2935339999999993,0,13.871811,23.871433,4.292221000000001,5.169214,5.300232000000001,0.07107642950403836,0.09000000795772298,11.346172820578163,False,4.4209571892217525e-08,0.004050044567669442,0.0009000442891491378,0.03270000289130592,0.030000002652574364,0.09000000795772298
654,5-skew-three-planes,skew-xy-plus-0.090-xz-plus-0.030-yz-plus-0.060,3.0978819999999985,3.2459349999999993,9.876886,12.974768,0,144,0.14890199999999965,0.20029300000000028,0.3491949999999999,0,12.068335,21.667984,3.0978819999999985,3.491800999999999,4.060761999999999,4.365380999999999,4.638024999999999,9.152404,13.517785,0,144,0.10563699999999976,0.1608470000000004,0.26648400000000017,0,13.801289,23.855843,4.365380999999999,4.77417,5.363878999999999,0.08054260800480693,0.09000000795772287,11.346172820578163,False,4.4209571892217525e-08,0.004050044567669664,0.0022500444085149507,0.06270000554388033,0.03000000265257436,0.09000000795772287
655,5-skew-three-planes,skew-xy-plus-0.090-xz-plus-0.030-yz-plus-0.090,2.827209999999999,2.827209999999999,9.878818,12.706028,0,0,0.14729100000000095,0.22269200000000033,0.3699830000000013,0,12.050178999999998,21.687227,3.151629999999999,3.022053999999999,4.0804079999999985,4.185661,4.185661,9.15311,13.338771,0,0,0.06411699999999954,0.2018070000000005,0.26592400000000005,0,13.763886999999999,23.875208,4.423953000000001,4.289678,5.387522000000001,0.09398563623264397,0.09270000819645464,11.346172820578163,False,4.4209571892217525e-08,0.004050044567669664,0.004500044607458009,0.09270000819645464,0.030000002652574357,0.09000000795772287
656,5-skew-three-planes,skew-xy-plus-0.090-xz-plus-0.060-yz-minus-0.030,2.985277999999999,3.958499999999999,9.908445,12.893723,0,144,0.05559500000000028,0.2894470000000009,0.3450420000000012,0,12.174319999999998,21.686199000000002,2.985277999999999,3.811817999999999,3.4716570000000004,4.2433260000000015,5.403154000000001,9.189293,13.432619,0,144,0.06861100000000064,0.23108499999999843,0.2996959999999991,0,13.916916,23.877932,4.2433260000000015,5.0998670000000015,4.7477800000000006,0.07857510196527981,0.09000000795772298,11.346172820578163,False,4.4209571892217525e-08,0.004050044567669442,0.0022500444085149507,-0.024600002175110977,0.06000000530514866,0.09000000795772298
657,5-skew-three-planes,skew-xy-plus-0.090-xz-plus-0.060-yz-minus-0.060,2.9889480000000006,4.244586,9.88112,12.870068,0,144,0.04474399999999967,0.262141999999999,0.30688599999999866,0,12.306087000000002,21.66001,2.9889480000000006,3.4135560000000016,3.4280560000000015,4.255737999999999,5.717115999999999,9.152423,13.408161,0,144,0.07774200000000064,0.18068500000000043,0.2584270000000011,0,14.123517999999999,23.842022,4.255737999999999,4.696593,4.711539999999999,0.08584838076341597,0.09000000795772298,11.346172820578163,False,4.4209571892217525e-08,0.004050044567669442,0.0036000445278807636,-0.054600004827685275,0.06000000530514866,0.09000000795772298
658,5-skew-three-planes,skew-xy-plus-0.090-xz-plus-0.060-yz-minus-0.090,2.9702090000000005,4.164645,9.853095,12.823304,0,21,0.0547380000000004,0.2299509999999998,0.2846890000000002,0,12.392914999999999,21.638654,3.00634,2.9702090000000005,3.380184,4.248493,5.640471,9.1127,13.361193,0,21,0.07646100000000011,0.138262000000001,0.2147230000000011,0,14.176338999999999,23.809245,4.285515,4.248493,4.673211,0.09736122201185608,0.09000000795772298,11.346172820578163,False,4.4209571892217525e-08,0.004050044567669442,0.005850044726823822,-0.08460000748025961,0.06000000530514866,0.09000000795772298
659,5-skew-three-planes,skew-xy-plus-0.090-xz-plus-0.060-yz-plus-0.030,3.0876719999999995,3.187101,9.893281,12.980953,0,144,0.1435890000000004,0.22777699999999967,0.3713660000000001,0,12.053762,21.685412,3.0876719999999995,3.892995000000001,3.6113370000000007,4.349283,4.569632,9.174975,13.524258,0,144,0.08726599999999962,0.20404300000000042,0.29130900000000004,0,13.787185999999998,23.879545999999998,4.349283,5.184513000000001,4.892543,0.0806104627585633,0.09000000795772298,11.346172820578163,False,4.4209571892217525e-08,0.004050044567669442,0.0022500444085149507,0.035400003130037605,0.06000000530514866,0.09000000795772298
660,5-skew-three-planes,skew-xy-plus-0.090-xz-plus-0.060-yz-plus-0.090,2.392436,2.392436,9.831156,12.223592,0,0,0.18835200000000007,0.14592599999999933,0.3342779999999994,0,12.062729000000001,21.660113000000003,3.2892399999999995,3.0870119999999996,3.7725679999999997,3.714252,3.714252,9.099488,12.81374,0,0,0.07124799999999887,0.132282,0.20352999999999888,0,13.806828000000001,23.844023,4.572757000000001,4.362974000000001,5.075131000000001,0.10223114849950939,0.09540000843518633,11.346172820578163,False,4.4209571892217525e-08,0.004050044567669664,0.005850044726823822,0.09540000843518633,0.06000000530514865,0.09000000795772287
661,5-skew-three-planes,skew-xy-plus-0.090-xz-plus-0.090-yz-minus-0.030,2.9746550000000003,3.53482,9.933202,12.907857,0,126,0.06630499999999984,0.33754799999999996,0.4038529999999998,0,12.125345000000001,21.722689,2.983186,3.755827,2.9746550000000003,4.2317599999999995,4.946384999999999,9.216671,13.448431,0,126,0.03139599999999909,0.30816100000000013,0.3395569999999992,0,13.846482,23.917772,4.240584999999999,5.041364,4.2317599999999995,0.09152300113779092,0.09000000795772298,11.346172820578163,False,4.4209571892217525e-08,0.004050044567669442,0.004500044607458009,-0.021900001936379292,0.09000000795772295,0.09000000795772298
662,5-skew-three-planes,skew-xy-plus-0.090-xz-plus-0.090-yz-minus-0.060,2.9390859999999996,3.950441999999999,9.896843,12.835929,0,126,0.03425200000000039,0.3059270000000005,0.3401790000000009,0,12.289341,21.684014,2.9732329999999987,3.363491,2.9390859999999996,4.200884,5.3973949999999995,9.173216,13.3741,0,126,0.03159699999999965,0.25147600000000025,0.2830729999999999,0,14.048421000000001,23.871541999999998,4.236196,4.6408760000000004,4.200884,0.09745477184245419,0.09000000795772298,11.346172820578163,False,4.4209571892217525e-08,0.004050044567669442,0.005850044726823822,-0.051900004588953594,0.09000000795772295,0.09000000795772298
663,5-skew-three-planes,skew-xy-plus-0.090-xz-plus-0.090-yz-minus-0.090,2.9210460000000005,4.304619000000001,9.839008,12.760054,0,126,0.03617700000000035,0.23209499999999927,0.2682719999999996,0,12.450471,21.629469,2.9978990000000003,2.9500139999999995,2.9210460000000005,4.196689000000001,5.788778000000001,9.099328,13.296017,0,126,0.04854499999999895,0.14784500000000023,0.19638999999999918,0,14.341730000000002,23.800811,4.276128,4.226996,4.196689000000001,0.10740493756933553,0.09000000795772298,11.346172820578163,False,4.4209571892217525e-08,0.004050044567669442,0.00810004492576688,-0.08190000724152792,0.09000000795772295,0.09000000795772298
664,5-skew-three-planes,skew-xy-plus-0.090-xz-plus-0.090-yz-plus-0.030,2.7065920000000006,2.7065920000000006,9.911553,12.618145,0,0,0.14011100000000098,0.27622199999999886,0.41633299999999984,0,12.017926000000001,21.722883,3.1352200000000003,3.8765020000000003,3.1266999999999996,4.049480000000001,4.049480000000001,9.194042,13.243522,0,0,0.039084000000000785,0.27624099999999885,0.31532499999999963,0,13.728902000000001,23.919282,4.400177000000001,5.169498000000001,4.391356,0.09414063853199364,0.09000000795772298,11.346172820578163,False,4.4209571892217525e-08,0.004050044567669442,0.004500044607458009,0.038100003368769286,0.09000000795772295,0.09000000795772298
665,5-skew-three-planes,skew-xy-plus-0.090-xz-plus-0.090-yz-plus-0.060,2.3282380000000007,2.3282380000000007,9.8507,12.178938,0,0,0.1800859999999993,0.1799300000000006,0.3600159999999999,0,12.092877999999999,21.681455999999997,3.27966,3.5423919999999995,3.2456300000000002,3.638729999999999,3.638729999999999,9.126357,12.765087,0,0,0.04814499999999988,0.18454100000000118,0.23268600000000106,0,13.814731,23.872866000000002,4.556391999999999,4.829722,4.521132999999999,0.10232024592792775,0.09000000795772295,11.346172820578163,False,4.4209571892217525e-08,0.004050044567669664,0.005850044726823822,0.06810000602134371,0.09000000795772295,0.09000000795772287
666,5-skew-three-planes,skew-xy-plus-0.090-xz-plus-0.090-yz-plus-0.090,1.9717000000000002,1.9717000000000002,9.764985,11.736685,0,0,0.21499500000000005,0.056093999999999866,0.2710889999999999,0,12.040818000000002,21.621066,3.4608500000000006,3.1663110000000003,3.384435,3.2547010000000007,3.2547010000000007,9.026186,12.280887,0,0,0.06414000000000009,0.04774199999999951,0.11188199999999959,0,13.764169000000003,23.800246,4.758235000000001,4.452251,4.678982000000001,0.11399044202082509,0.09810000867391802,11.346172820578163,False,4.4209571892217525e-08,0.004050044567669664,0.00810004492576688,0.09810000867391802,0.09000000795772294,0.09000000795772287
667,6-stretch-all-three-axes,stretch-x-minus-0.020-y-minus-0.020-z-minus-0.020,4.388553999999999,5.756411,10.624185,15.012739,0,21,0.0,1.0000000010279564e-06,1.0000000010279564e-06,0,12.985873999999999,22.306674,4.388553999999999,4.388553999999999,4.388553999999999,5.6628240000000005,7.294566,9.931334,15.594158,0,21,0.0,9.999999992515995e-07,9.999999992515995e-07,0,14.803853,24.578014,5.6628240000000005,5.6628240000000005,5.6628240000000005,0.03429453244893862,0.019799957541127067,10.678927089345601,False,-0.019799957541127067,-0.019799957541127067,-0.019799957541127067,2.1268800597061615e-17,2.668828810681583e-34,-2.1268800597061615e-17
668,6-stretch-all-three-axes,stretch-x-minus-0.020-y-minus-0.020-z-minus-0.040,3.866466000000001,5.426491000000002,11.15392,15.020386,0,144,9.999999992515995e-07,0.32212200000000024,0.3221229999999995,0,12.890809,22.812697999999997,3.866466000000001,4.397576000000001,4.397576000000001,5.122752,6.954311000000002,10.468917,15.591669,0,144,1.0000000010279564e-06,0.3388429999999989,0.3388439999999999,0,14.709617,25.110841999999998,5.122752,5.673107,5.673107,0.04817378377259646,0.03919995925645853,10.460989801807939,False,-0.019799957541127067,-0.019799957541127067,-0.03919995925645853,1.5407748121277124e-17,5.86105247578449e-18,-2.1268800597061615e-17
669,6-stretch-all-three-axes,stretch-x-minus-0.020-y-minus-0.020-z-minus-0.060,3.330020000000001,5.100031000000001,11.696931,15.026951,0,144,0.0,0.644952,0.644952,0,12.732004,23.329606,3.330020000000001,4.424854,4.424854,4.5679479999999995,6.618145999999999,11.019831,15.587779,0,144,9.999999992515995e-07,0.6779580000000003,0.6779589999999995,0,14.643747000000001,25.65488,4.5679479999999995,5.702548,5.702548,0.06458569570935926,0.05819996093642227,10.243052514270275,False,-0.019799957541127067,-0.019799957541127067,-0.05819996093642227,3.4476469431812308e-18,1.7821153653880384e-17,-2.1268800597061615e-17
670,6-stretch-all-three-axes,stretch-x-minus-0.020-y-minus-0.020-z-minus-0.080,2.7787439999999997,4.778288999999999,12.253859,15.032603,0,144,2.9999999995311555e-06,0.9683880000000009,0.9683910000000004,0,12.780254000000001,23.858004,2.7787439999999997,4.472654,4.472654,3.997829000000001,6.287471,11.584736,15.582565,0,144,2.9999999995311555e-06,1.01727,1.0172729999999994,0,14.613206000000002,26.210776,3.997829000000001,5.753525,5.753525,0.08174540286589019,0.07679996258101834,10.025115226732607,False,-0.019799957541127067,-0.019799957541127067,-0.07679996258101834,-8.00774545058323e-18,2.9276546047644843e-17,-2.1268800597061615e-17
671,6-stretch-all-three-axes,stretch-x-minus-0.020-y-minus-0.020-z-plus-0.020,3.775691,5.28139,10.243829,14.01952,0,21,0.6408140000000007,0.0,0.6408140000000007,0,12.17095,21.967112999999998,4.7499579999999995,3.775691,3.775691,5.015093,6.790580000000002,9.570134,14.585227,0,21,0.6754869999999986,0.0,0.6754869999999986,0,14.114654999999999,24.220444999999998,6.024758,5.015093,5.015093,0.03452706902542961,0.020200045995638516,11.114801664420932,False,-0.019799957541127067,-0.019799957541127067,0.020200045995638516,-9.178371006082866e-18,3.044717160314448e-17,-2.1268800597061615e-17
672,6-stretch-all-three-axes,stretch-x-minus-0.020-y-minus-0.020-z-plus-0.040,3.490779999999999,5.061335999999999,10.069663,13.560443,0,21,0.958381000000001,0.0,0.958381000000001,0,11.586156999999998,21.810175,4.912564999999999,3.490779999999999,3.490779999999999,4.713215,6.556472000000001,9.406203,14.119418,0,21,1.0110019999999995,9.999999992515995e-07,1.0110029999999988,0,13.653262,24.055501999999997,6.186820000000001,4.713215,4.713215,0.04948454848875883,0.04080004781707314,11.3327389519586,False,-0.019799957541127067,-0.019799957541127067,0.04080004781707314,5.4279102337977996e-17,-3.301030174091638e-17,-2.1268800597061618e-17
673,6-stretch-all-three-axes,stretch-x-minus-0.020-y-minus-0.020-z-plus-0.060,3.2185299999999994,4.85163,9.905257,13.123787,0,21,1.2731520000000014,0.0,1.2731520000000014,0,11.241964999999999,21.661056000000002,5.063917,3.2185299999999994,3.2185299999999994,4.424204000000001,6.3329,9.252429,13.676633,0,21,1.3440529999999997,9.999999992515995e-07,1.344053999999999,0,13.223815000000002,23.898983,6.337162000000001,4.424204000000001,4.424204000000001,0.06784779124595222,0.0618000496738752,11.550676239496266,False,-0.019799957541127067,-0.019799957541127067,0.0618000496738752,6.849320631582727e-17,-4.7224405718765654e-17,-2.1268800597061618e-17
674,6-stretch-all-three-axes,stretch-x-minus-0.020-y-minus-0.020-z-plus-0.080,2.957768999999999,4.651479999999999,9.750006,12.707775,0,21,1.5844389999999997,1.0000000010279564e-06,1.5844400000000007,0,11.184978,21.519069000000002,5.2044869999999985,2.957768999999999,2.957768999999999,4.146845000000001,6.119005000000001,9.108187,13.255032,0,21,1.6738549999999996,9.999999992515995e-07,1.673855999999999,0,13.12787,23.750174,6.47639,4.146845000000001,4.146845000000001,0.08778567774901204,0.08320005156604482,11.768613527033931,False,-0.019799957541127067,-0.019799957541127067,0.08320005156604482,1.5982362806393085e-17,5.2864377906685294e-18,-2.1268800597061615e-17
675,6-stretch-all-three-axes,stretch-x-minus-0.020-y-minus-0.040-z-minus-0.020,3.866467,5.426491000000002,11.15392,15.020387,0,126,9.999999992515995e-07,0.32212200000000024,0.3221229999999995,0,12.890809,22.812697999999997,4.397576000000001,4.397576000000001,3.866467,5.122752,6.954311000000002,10.468917,15.591669,0,126,1.0000000010279564e-06,0.3388429999999989,0.3388439999999999,0,14.709617,25.110841999999998,5.673107,5.673107,5.122752,0.04817378377259646,0.03919995925645853,10.460989801807939,False,-0.019799957541127067,-0.03919995925645853,-0.019799957541127067,1.5407748121277124e-17,2.668828810681583e-34,-1.5407748121277124e-17
676,6-stretch-all-three-axes,stretch-x-minus-0.020-y-minus-0.040-z-minus-0.040,4.187557999999999,5.6718519999999994,11.372541,15.560099,0,126,0.34252200000000066,0.0,0.34252200000000066,0,13.221479,23.007569,4.187557999999999,4.720581000000001,4.187557999999999,5.461637999999999,7.214105000000002,10.678968,16.140606,0,126,0.36038199999999954,0.0,0.36038199999999954,0,15.041201,25.316364999999998,5.461637999999999,6.013406999999999,5.461637999999999,0.058866900122619435,0.03919995925645853,10.247500214015934,False,-0.019799957541127067,-0.03919995925645853,-0.03919995925645853,9.546695645492635e-18,5.86105247578449e-18,-1.5407748121277124e-17
677,6-stretch-all-three-axes,stretch-x-minus-0.020-y-minus-0.040-z-minus-0.060,3.640970000000001,5.333245,11.926756,15.567726,0,144,0.3642259999999986,0.32212700000000005,0.6863529999999987,0,13.013055,23.535487,3.640970000000001,4.7393979999999996,4.2047989999999995,4.896559,6.865141999999999,11.241364,16.137923,0,144,0.3833370000000009,0.33829700000000074,0.7216340000000017,0,14.952088,25.871996000000003,4.896559,6.033726999999999,5.480902999999998,0.0729102912992365,0.05819996093642227,10.034010626223937,False,-0.019799957541127067,-0.03919995925645853,-0.05819996093642227,-2.413405532603259e-18,1.7821153653880384e-17,-1.5407748121277124e-17
678,6-stretch-all-three-axes,stretch-x-minus-0.020-y-minus-0.040-z-minus-0.080,3.0795379999999994,4.999219,12.494934,15.574472,0,144,0.3873679999999986,0.6439650000000015,1.031333,0,13.065715,24.075026,3.0795379999999994,4.778596999999998,4.242806999999999,4.3162179999999974,6.521538999999999,11.817742,16.13396,0,144,0.40783700000000067,0.67577,1.0836070000000007,0,14.896496999999998,26.439551,4.3162179999999974,6.075435999999998,5.521967999999999,0.08846982184216413,0.07679996258101834,9.820521038431941,False,-0.019799957541127067,-0.03919995925645853,-0.07679996258101834,-1.386879792636772e-17,2.9276546047644843e-17,-1.5407748121277124e-17
679,6-stretch-all-three-axes,stretch-x-minus-0.020-y-minus-0.040-z-plus-0.020,3.272295999999999,4.9733789999999996,10.753733,14.026029,0,126,0.6795929999999988,0.28483500000000106,0.9644279999999998,0,11.902421,22.453331,4.777265,3.7983909999999987,3.272295999999999,4.4938780000000005,6.473265999999999,10.087453,14.581331,0,126,0.7164699999999993,0.29956100000000063,1.016031,0,13.91535,24.732455,6.053519999999999,5.040212,4.4938780000000005,0.048339600562730706,0.03919995925645853,10.887968977391937,False,-0.019799957541127067,-0.03919995925645853,0.020200045995638516,-1.5039423481867355e-17,3.044717160314448e-17,-1.5407748121277124e-17
680,6-stretch-all-three-axes,stretch-x-minus-0.020-y-minus-0.040-z-plus-0.040,2.996163000000001,4.763461000000001,10.570635,13.566798,0,126,1.015466,0.2677689999999995,1.2832349999999995,0,11.621607000000001,22.287436,4.948089000000001,3.519208000000001,2.996163000000001,4.2007639999999995,6.249705999999998,9.914433,14.115197,0,126,1.0713489999999997,0.2816200000000002,1.3529689999999999,0,13.692393000000001,24.558124,6.2238919999999975,4.744542999999998,4.2007639999999995,0.05994429936377518,0.04080004781707314,11.101458565183934,False,-0.019799957541127067,-0.03919995925645853,0.04080004781707314,4.8418049862193506e-17,-3.301030174091638e-17,-1.5407748121277127e-17
681,6-stretch-all-three-axes,stretch-x-minus-0.020-y-minus-0.040-z-plus-0.060,2.732341,4.563414999999999,10.397852,13.130193,0,126,1.3477770000000007,0.2516470000000002,1.5994240000000008,0,11.289886,22.129903,5.107218,3.251930999999999,2.732341,3.920134000000001,6.036141000000001,9.75216,13.672294,0,126,1.4229709999999987,0.2646890000000006,1.6876599999999993,0,13.259208999999998,24.392785,6.382066999999999,4.460985000000001,3.920134000000001,0.07581504642240804,0.0618000496738752,11.314948152975932,False,-0.019799957541127067,-0.03919995925645853,0.0618000496738752,6.263215384004278e-17,-4.7224405718765654e-17,-1.5407748121277127e-17
682,6-stretch-all-three-axes,stretch-x-minus-0.020-y-minus-0.040-z-plus-0.080,2.4796940000000003,4.372495000000001,10.234727,12.714421,0,126,1.6758199999999999,0.23639399999999888,1.9122139999999987,0,10.947626,21.979987,5.255135000000001,2.995514,2.4796940000000003,3.650841,5.831771,9.599952,13.250793,0,126,1.7705069999999994,0.24869400000000041,2.019201,0,12.877547999999999,24.235682,6.528687,4.188416,3.650841,0.09407934791935454,0.08320005156604482,11.52843774076793,False,-0.019799957541127067,-0.03919995925645853,0.08320005156604482,1.0121310330608596e-17,5.2864377906685294e-18,-1.5407748121277124e-17
683,6-stretch-all-three-axes,stretch-x-minus-0.020-y-minus-0.060-z-minus-0.020,3.330020000000001,5.100031000000001,11.696931,15.026951,0,126,9.999999992515995e-07,0.644952,0.6449529999999992,0,12.732004,23.329606,4.424854,4.424854,3.330020000000001,4.5679479999999995,6.618145999999999,11.019831,15.587779,0,126,9.999999992515995e-07,0.6779580000000003,0.6779589999999995,0,14.643747000000001,25.65488,5.702548,5.702548,4.5679479999999995,0.06458569570935926,0.05819996093642227,10.243052514270275,False,-0.019799957541127067,-0.05819996093642227,-0.019799957541127067,3.44764694318123e-18,2.668828810681583e-34,-3.4476469431812308e-18
684,6-stretch-all-three-axes,stretch-x-minus-0.020-y-minus-0.060-z-minus-0.040,3.640970000000001,5.333245,11.926756,15.567726,0,126,0.3642259999999986,0.32212700000000005,0.6863529999999987,0,13.013055,23.535487,4.2047989999999995,4.7393979999999996,3.640970000000001,4.896559,6.865141999999999,11.241364,16.137923,0,126,0.3833370000000009,0.33829700000000074,0.7216340000000017,0,14.952088,25.871996000000003,5.480902999999998,6.033726999999999,4.896559,0.0729102912992365,0.05819996093642227,10.034010626223937,False,-0.019799957541127067,-0.05819996093642227,-0.03919995925645853,-2.413405532603259e-18,5.86105247578449e-18,-3.4476469431812308e-18
685,6-stretch-all-three-axes,stretch-x-minus-0.020-y-minus-0.060-z-minus-0.060,3.9695980000000013,5.579926,12.1709,16.140498,0,126,0.7304340000000007,2.9999999995311555e-06,0.7304370000000002,0,13.383887000000001,23.753463,3.9695980000000013,5.0708839999999995,3.9695980000000013,5.243194000000001,7.125991999999998,11.477828,16.721022,0,126,0.7681919999999991,3.0000000013075123e-06,0.7681950000000004,0,15.272577,26.102085000000002,5.243194000000001,6.382150000000001,5.243194000000001,0.08465523743178913,0.05819996093642227,9.824968738177606,False,-0.019799957541127067,-0.05819996093642227,-0.05819996093642227,-1.4373506710699154e-17,1.7821153653880384e-17,-3.4476469431812308e-18
686,6-stretch-all-three-axes,stretch-x-minus-0.020-y-minus-0.060-z-minus-0.080,3.3974519999999995,5.232853,12.751235,16.148687,0,144,0.7774089999999987,0.32094500000000004,1.0983539999999987,0,13.357714,24.304899,3.3974519999999995,5.100349,3.997090000000002,4.651928,6.768649999999999,12.066722,16.71865,0,144,0.8179280000000002,0.33646500000000046,1.1543930000000007,0,15.191287999999998,26.682206,4.651928,6.413316,5.273484999999999,0.09837432604128646,0.07679996258101834,9.615926850131276,False,-0.019799957541127067,-0.05819996093642227,-0.07679996258101834,-2.5828899104463616e-17,2.9276546047644843e-17,-3.447646943181231e-18
687,6-stretch-all-three-axes,stretch-x-minus-0.020-y-minus-0.060-z-plus-0.020,2.7546149999999994,4.669202,11.27669,14.031305,0,126,0.7208109999999994,0.5693040000000007,1.2901150000000001,0,12.206649,22.950363000000003,4.822570999999998,3.8398149999999998,2.7546149999999994,3.9579400000000007,6.160451000000002,10.617928,14.575868,0,126,0.7601230000000001,0.5982969999999987,1.3584199999999989,0,14.037085000000001,25.255682,6.101172000000002,5.0849720000000005,3.9579400000000007,0.06470947094403896,0.05819996093642227,10.66113629036294,False,-0.019799957541127067,-0.05819996093642227,0.020200045995638516,-2.6999524659963248e-17,3.044717160314448e-17,-3.447646943181231e-18
688,6-stretch-all-three-axes,stretch-x-minus-0.020-y-minus-0.060-z-plus-0.040,2.4872690000000013,4.46959,11.084539,13.571808,0,126,1.0761140000000005,0.5346799999999998,1.6107940000000003,0,11.650831,22.775427,5.001560000000001,3.566505000000001,2.4872690000000013,3.673551,5.947583999999999,10.435751,14.109302,0,126,1.1355950000000004,0.5619239999999994,1.6975189999999998,0,13.723464,25.071896000000002,6.279722,4.795637000000001,3.673551,0.07378290908812804,0.05819996093642227,10.870178178409269,False,-0.019799957541127067,-0.05819996093642227,0.04080004781707314,3.645794868409761e-17,-3.301030174091638e-17,-3.4476469431812327e-18
689,6-stretch-all-three-axes,stretch-x-minus-0.020-y-minus-0.060-z-plus-0.060,2.2318929999999995,4.279355000000001,10.903295,13.135188,0,126,1.4270250000000004,0.5019749999999998,1.9290000000000003,0,11.185008,22.609423,5.168281,3.304378,2.2318929999999995,3.401294,5.744161999999999,10.264938,13.666232,0,126,1.5069400000000002,0.5275970000000001,2.0345370000000003,0,13.144998999999999,24.897725,6.445540999999999,4.5176739999999995,3.401294,0.08716948956673404,0.0618000496738752,11.079220066455601,False,-0.019799957541127067,-0.05819996093642227,0.0618000496738752,5.067205266194688e-17,-4.7224405718765654e-17,-3.447646943181234e-18
690,6-stretch-all-three-axes,stretch-x-minus-0.020-y-minus-0.060-z-plus-0.080,1.9874180000000017,4.097804,10.732202,12.71962,0,126,1.7728110000000008,0.47103999999999857,2.2438509999999994,0,10.596512000000002,22.451521,5.323424000000001,3.0524650000000015,1.9874180000000017,3.140078000000001,5.549439000000001,10.1047,13.244778,0,126,1.8732959999999999,0.4951629999999998,2.3684589999999996,0,12.535821,24.732294,6.59942,4.2500420000000005,3.140078000000001,0.10344816263338866,0.08320005156604482,11.288261954501934,False,-0.019799957541127067,-0.05819996093642227,0.08320005156604482,-1.838790847487299e-18,5.2864377906685294e-18,-3.4476469431812308e-18
691,6-stretch-all-three-axes,stretch-x-minus-0.020-y-minus-0.080-z-minus-0.020,2.7787439999999997,4.778288999999999,12.253859,15.032603,0,126,2.9999999995311555e-06,0.9683880000000009,0.9683910000000004,0,12.780254000000001,23.858004,4.472654,4.472654,2.7787439999999997,3.997829000000001,6.287471,11.584736,15.582565,0,126,2.9999999995311555e-06,1.01727,1.0172729999999994,0,14.613206000000002,26.210776,5.753525,5.753525,3.997829000000001,0.08174540286589019,0.07679996258101834,10.025115226732607,False,-0.019799957541127067,-0.07679996258101834,-0.019799957541127067,-8.007745450583232e-18,2.668828810681583e-34,8.00774545058323e-18
692,6-stretch-all-three-axes,stretch-x-minus-0.020-y-minus-0.080-z-minus-0.040,3.0795379999999994,4.999219,12.494934,15.574472,0,126,0.3873679999999986,0.6439650000000015,1.031333,0,13.065715,24.075026,4.242806999999999,4.778596999999998,3.0795379999999994,4.3162179999999974,6.521538999999999,11.817742,16.13396,0,126,0.40783700000000067,0.67577,1.0836070000000007,0,14.896496999999998,26.439551,5.521967999999999,6.075435999999998,4.3162179999999974,0.08846982184216413,0.07679996258101834,9.820521038431941,False,-0.019799957541127067,-0.07679996258101834,-0.03919995925645853,-1.386879792636772e-17,5.86105247578449e-18,8.00774545058323e-18
693,6-stretch-all-three-axes,stretch-x-minus-0.020-y-minus-0.080-z-minus-0.060,3.3974519999999995,5.232853,12.751235,16.148687,0,126,0.7774089999999987,0.32094500000000004,1.0983539999999987,0,13.357714,24.304899,3.997090000000002,5.100349,3.3974519999999995,4.651928,6.768649999999999,12.066722,16.71865,0,126,0.8179280000000002,0.33646500000000046,1.1543930000000007,0,15.191287999999998,26.682206,5.273484999999999,6.413316,4.651928,0.09837432604128646,0.07679996258101834,9.615926850131276,False,-0.019799957541127067,-0.07679996258101834,-0.05819996093642227,-2.5828899104463616e-17,1.7821153653880384e-17,8.00774545058323e-18
694,6-stretch-all-three-axes,stretch-x-minus-0.020-y-minus-0.080-z-minus-0.080,3.734489,5.480629,13.023761,16.75825,0,126,1.169822,0.0,1.169822,0,13.666371999999999,24.548483,3.734489,5.4398279999999986,3.734489,5.007147999999999,7.030230000000001,12.332581,17.339729,0,126,1.2299889999999998,0.0,1.2299889999999998,0,15.512770999999999,26.939507,5.007147999999999,6.769323999999999,5.007147999999999,0.1104015707475309,0.07679996258101834,9.411332661830613,False,-0.019799957541127067,-0.07679996258101834,-0.07679996258101834,-3.728429149822808e-17,2.9276546047644843e-17,8.00774545058323e-18
695,6-stretch-all-three-axes,stretch-x-minus-0.020-y-minus-0.080-z-plus-0.020,2.2220239999999993,4.370058,11.813447,14.035471,0,126,0.7646619999999995,0.8533720000000002,1.6180339999999998,0,12.206609,23.458714,4.888016,3.902094,2.2220239999999993,3.406438999999999,5.853351999999999,11.162404,14.568843,0,126,0.8066340000000007,0.8962479999999999,1.7028820000000007,0,14.050385,25.790707,6.169856999999999,5.151476000000001,3.406438999999999,0.08184323080928663,0.07679996258101834,10.43430360333394,False,-0.019799957541127067,-0.07679996258101834,0.020200045995638516,-3.8454917053727713e-17,3.044717160314448e-17,8.00774545058323e-18
696,6-stretch-all-three-axes,stretch-x-minus-0.020-y-minus-0.080-z-plus-0.040,1.9634280000000004,4.180866999999999,11.612216,13.575644,0,126,1.140604999999999,0.8007530000000003,1.9413579999999993,0,11.67116,23.27474,5.0749759999999995,3.6347780000000007,1.9634280000000004,3.1307460000000003,5.651309999999999,10.971052,14.101798,0,126,1.2040310000000005,0.8409800000000001,2.0450110000000006,0,13.743614999999998,25.597538999999998,6.35642,4.8686430000000005,3.1307460000000003,0.08919033845070724,0.07679996258101834,10.638897791634601,False,-0.019799957541127067,-0.07679996258101834,0.04080004781707314,2.5002556290333147e-17,-3.301030174091638e-17,8.007745450583229e-18
697,6-stretch-all-three-axes,stretch-x-minus-0.020-y-minus-0.080-z-plus-0.060,1.71645,4.000547000000001,11.422464,13.138914,0,126,1.5112490000000012,0.7510569999999994,2.2623060000000006,0,11.239699,23.100261,5.249221,3.3779070000000004,1.71645,2.86679,5.458130000000001,10.79168,13.65847,0,126,1.5963520000000013,0.788829999999999,2.3851820000000004,0,13.225963,25.414548,6.529764,4.596382,2.86679,0.10054610241461225,0.07679996258101834,10.843491979935267,False,-0.019799957541127067,-0.07679996258101834,0.0618000496738752,3.921666026818242e-17,-4.7224405718765654e-17,8.007745450583227e-18
698,6-stretch-all-three-axes,stretch-x-minus-0.020-y-minus-0.080-z-plus-0.080,1.4801649999999995,3.828448,11.24339,12.723555,0,126,1.8758389999999991,0.7040550000000003,2.5798939999999995,0,10.725261999999999,22.934392,5.411323000000001,3.130567000000001,1.4801649999999995,2.613607,5.2731200000000005,10.623427,13.237034,0,126,1.9826930000000003,0.7395549999999993,2.7222479999999996,0,12.665542000000002,25.240831,6.690629999999999,4.333743,2.613607,0.1149457313329589,0.08320005156604482,11.048086168235937,False,-0.019799957541127067,-0.07679996258101834,0.08320005156604482,-1.3294183241251761e-17,5.2864377906685294e-18,8.00774545058323e-18
699,6-stretch-all-three-axes,stretch-x-minus-0.020-y-plus-0.020-z-minus-0.020,3.775691,5.28139,10.243829,14.01952,0,21,0.6408140000000007,0.0,0.6408140000000007,0,12.17095,21.967112999999998,3.775691,3.775691,4.7499579999999995,5.015093,6.790580000000002,9.570134,14.585227,0,21,0.6754869999999986,0.0,0.6754869999999986,0,14.114654999999999,24.220444999999998,5.015093,5.015093,6.024758,0.03452706902542961,0.020200045995638516,11.114801664420932,False,-0.019799957541127067,0.020200045995638516,-0.019799957541127067,-9.178371006082864e-18,2.668828810681583e-34,9.178371006082866e-18
700,6-stretch-all-three-axes,stretch-x-minus-0.020-y-plus-0.020-z-minus-0.040,3.272295999999999,4.9733789999999996,10.753733,14.026029,0,144,0.6795929999999988,0.28483500000000106,0.9644279999999998,0,11.902421,22.453331,3.272295999999999,3.7983909999999987,4.777265,4.4938780000000005,6.473265999999999,10.087453,14.581331,0,144,0.7164699999999993,0.29956100000000063,1.016031,0,13.91535,24.732455,4.4938780000000005,5.040212,6.053519999999999,0.048339600562730706,0.03919995925645853,10.887968977391933,False,-0.019799957541127067,0.020200045995638516,-0.03919995925645853,-1.5039423481867355e-17,5.86105247578449e-18,9.178371006082866e-18
701,6-stretch-all-three-axes,stretch-x-minus-0.020-y-plus-0.020-z-minus-0.060,2.7546149999999994,4.669202,11.27669,14.031305,0,144,0.7208109999999994,0.5693040000000007,1.2901150000000001,0,12.206649,22.950363000000003,2.7546149999999994,3.8398149999999998,4.822570999999998,3.9579400000000007,6.160451000000002,10.617928,14.575868,0,144,0.7601230000000001,0.5982969999999987,1.3584199999999989,0,14.037085000000001,25.255682,3.9579400000000007,5.0849720000000005,6.101172000000002,0.06470947094403896,0.05819996093642227,10.661136290362935,False,-0.019799957541127067,0.020200045995638516,-0.05819996093642227,-2.6999524659963248e-17,1.7821153653880384e-17,9.178371006082866e-18
702,6-stretch-all-three-axes,stretch-x-minus-0.020-y-plus-0.020-z-minus-0.080,2.2220239999999993,4.370058,11.813447,14.035471,0,144,0.7646619999999995,0.8533720000000002,1.6180339999999998,0,12.206609,23.458714,2.2220239999999993,3.902094,4.888016,3.406438999999999,5.853351999999999,11.162404,14.568843,0,144,0.8066340000000007,0.8962479999999999,1.7028820000000007,0,14.050385,25.790707,3.406438999999999,5.151476000000001,6.169856999999999,0.08184323080928663,0.07679996258101834,10.434303603333934,False,-0.019799957541127067,0.020200045995638516,-0.07679996258101834,-3.845491705372771e-17,2.9276546047644843e-17,9.178371006082866e-18
703,6-stretch-all-three-axes,stretch-x-minus-0.020-y-plus-0.020-z-plus-0.020,3.2083249999999985,4.844215999999999,9.830882,13.039207,0,21,1.0000000010279564e-06,0.5698170000000005,0.5698180000000015,0,11.493495999999999,21.595082,4.1714269999999996,3.2083249999999985,4.1714269999999996,4.414382000000002,6.32601,9.173471,13.587853,0,21,9.999999992515995e-07,0.6006479999999996,0.6006489999999989,0,13.511028,23.828671,5.414738000000002,4.414382000000002,5.414738000000002,0.03475804993209858,0.020200045995638516,11.56846703847893,False,-0.019799957541127067,0.020200045995638516,0.020200045995638516,-3.962554260922734e-17,3.044717160314448e-17,9.178371006082866e-18
704,6-stretch-all-three-axes,stretch-x-minus-0.020-y-plus-0.020-z-plus-0.040,2.9453590000000016,4.64193,9.641547,12.586906,0,21,0.316533999999999,0.537274,0.853807999999999,0,10.969463000000001,21.423101,4.349919000000002,2.9453590000000016,3.9019570000000012,4.135124000000001,6.110422000000002,8.993049,13.128173,0,21,0.33431799999999967,0.5664299999999987,0.9007479999999983,0,12.99523,23.647937,5.594188000000001,4.135124000000001,5.1298590000000015,0.04964598753909324,0.04080004781707314,11.795299725507933,False,-0.019799957541127067,0.020200045995638516,0.04080004781707314,2.3831930734833515e-17,-3.301030174091638e-17,9.178371006082864e-18
705,6-stretch-all-three-axes,stretch-x-minus-0.020-y-plus-0.020-z-plus-0.060,2.694476,4.449205000000001,9.4627,12.157176,0,21,0.629861,0.5065030000000004,1.1363640000000004,0,10.639818,21.25984,4.51629,2.694476,3.643935000000001,3.868131,5.904607,8.82358,12.691711,0,21,0.6656839999999988,0.5341260000000005,1.1998099999999994,0,12.606466000000001,23.476579,5.7609770000000005,3.868131,4.856604000000001,0.06796562599248085,0.0618000496738752,12.02213241253693,False,-0.019799957541127067,0.020200045995638516,0.0618000496738752,3.804603471268279e-17,-4.7224405718765654e-17,9.178371006082862e-18
706,6-stretch-all-three-axes,stretch-x-minus-0.020-y-plus-0.020-z-plus-0.080,2.4546780000000012,4.265405000000001,9.293686,11.748364,0,21,0.9394749999999998,0.4773739999999993,1.4168489999999991,0,10.519627000000002,21.104336,4.671094,2.4546780000000012,3.3963160000000006,3.6123200000000004,5.707796,8.664373,12.276693,0,21,0.9935400000000003,0.5036059999999996,1.4971459999999999,0,12.470958999999999,23.313634999999998,5.915766000000001,3.6123200000000004,4.593878,0.0878767816743926,0.08320005156604482,12.248965099565924,False,-0.019799957541127067,0.020200045995638516,0.08320005156604482,-1.4464808796751393e-17,5.2864377906685294e-18,9.178371006082866e-18
707,6-stretch-all-three-axes,stretch-x-minus-0.020-y-plus-0.040-z-minus-0.020,3.490779999999999,5.061335999999999,10.069663,13.560443,0,21,0.95838,1.0000000010279564e-06,0.958381000000001,0,11.586156999999998,21.810175,3.490779999999999,3.490779999999999,4.912564999999999,4.713215,6.556472000000001,9.406203,14.119418,0,21,1.0110019999999995,9.999999992515995e-07,1.0110029999999988,0,13.653262,24.055501999999997,4.713215,4.713215,6.186820000000001,0.04948454848875883,0.04080004781707314,11.3327389519586,False,-0.019799957541127067,0.04080004781707314,-0.019799957541127067,5.427910233797799e-17,-1.2738610744416304e-33,-5.4279102337977996e-17
708,6-stretch-all-three-axes,stretch-x-minus-0.020-y-plus-0.040-z-minus-0.040,2.996163000000001,4.763461000000001,10.570635,13.566798,0,144,1.015466,0.2677689999999995,1.2832349999999995,0,11.621607000000001,22.287436,2.996163000000001,3.519208000000001,4.9480900000000005,4.2007639999999995,6.249705999999998,9.914433,14.115197,0,144,1.0713489999999997,0.2816200000000002,1.3529689999999999,0,13.692393000000001,24.558124,4.2007639999999995,4.744542999999998,6.2238919999999975,0.05994429936377518,0.04080004781707314,11.101458565183929,False,-0.019799957541127067,0.04080004781707314,-0.03919995925645853,4.8418049862193506e-17,5.861052475784488e-18,-5.4279102337977996e-17
709,6-stretch-all-three-axes,stretch-x-minus-0.020-y-plus-0.040-z-minus-0.060,2.4872690000000013,4.46959,11.084539,13.571808,0,144,1.0761140000000005,0.5346799999999998,1.6107940000000003,0,11.650831,22.775427,2.4872690000000013,3.566505000000001,5.001560000000001,3.673551,5.947583999999999,10.435751,14.109302,0,144,1.1355950000000004,0.5619239999999994,1.6975189999999998,0,13.723464,25.071896000000002,3.673551,4.795637000000001,6.279722,0.07378290908812804,0.05819996093642227,10.870178178409265,False,-0.019799957541127067,0.04080004781707314,-0.05819996093642227,3.645794868409761e-17,1.782115365388038e-17,-5.4279102337977996e-17
710,6-stretch-all-three-axes,stretch-x-minus-0.020-y-plus-0.040-z-minus-0.080,1.9634280000000004,4.180866999999999,11.612216,13.575644,0,144,1.140604999999999,0.8007530000000003,1.9413579999999993,0,11.67116,23.27474,1.9634280000000004,3.6347780000000007,5.0749759999999995,3.1307460000000003,5.651309999999999,10.971052,14.101798,0,144,1.2040310000000005,0.8409800000000001,2.0450110000000006,0,13.743614999999998,25.597538999999998,3.1307460000000003,4.8686430000000005,6.35642,0.08919033845070724,0.07679996258101834,10.638897791634601,False,-0.019799957541127067,0.04080004781707314,-0.07679996258101834,2.5002556290333147e-17,2.9276546047644843e-17,-5.4279102337977996e-17
711,6-stretch-all-three-axes,stretch-x-minus-0.020-y-plus-0.040-z-plus-0.020,2.9453590000000016,4.64193,9.641547,12.586906,0,21,0.316533999999999,0.537274,0.853807999999999,0,10.969463000000001,21.423101,3.9019570000000012,2.9453590000000016,4.349919000000002,4.135124000000001,6.110422000000002,8.993049,13.128173,0,21,0.33431799999999967,0.5664299999999987,0.9007479999999983,0,12.99523,23.647937,5.1298590000000015,4.135124000000001,5.594188000000001,0.04964598753909324,0.04080004781707314,11.795299725507933,False,-0.019799957541127067,0.04080004781707314,0.020200045995638516,2.3831930734833515e-17,3.044717160314448e-17,-5.4279102337977996e-17
712,6-stretch-all-three-axes,stretch-x-minus-0.020-y-plus-0.040-z-plus-0.040,2.6929610000000004,4.447889,9.44516,12.138121,0,21,1.0000000010279564e-06,0.8058479999999992,0.8058490000000003,0,10.700688999999999,21.244307,4.087540000000001,2.6929610000000004,4.087540000000001,3.8667479999999994,5.903480999999999,8.804957,12.671705,0,21,1.000000000139778e-06,0.8503129999999999,0.850314,0,12.663426,23.460044,5.317121,3.8667479999999994,5.317121,0.061002673075705,0.04080004781707314,12.026580112282595,False,-0.019799957541127067,0.04080004781707314,0.04080004781707314,8.728940407889437e-17,-3.301030174091638e-17,-5.4279102337977996e-17
713,6-stretch-all-three-axes,stretch-x-minus-0.020-y-plus-0.040-z-plus-0.060,2.452447000000001,4.263197,9.259578,11.712025,0,21,0.31311,0.7604849999999992,1.0735949999999992,0,10.388098000000001,21.074336,4.260604000000001,2.452447000000001,3.8360950000000003,3.610379,5.706023,8.628176,12.238555,0,21,0.3311110000000008,0.8026979999999995,1.1338090000000003,0,12.31805,23.281698,5.49128,3.610379,5.051131,0.07665460429875906,0.0618000496738752,12.25786049905726,False,-0.019799957541127067,0.04080004781707314,0.0618000496738752,1.0150350805674364e-16,-4.7224405718765654e-17,-5.4279102337977996e-17
714,6-stretch-all-three-axes,stretch-x-minus-0.020-y-plus-0.040-z-plus-0.080,2.222714999999999,4.087053999999998,9.084155,11.30687,0,21,0.6223540000000005,0.7175180000000001,1.3398720000000006,0,10.176626999999998,20.912482,4.421768999999999,2.222714999999999,3.594550999999999,3.3648830000000007,5.517208,8.462036,11.826919,0,21,0.6585220000000005,0.757649999999999,1.4161719999999995,0,12.122516,23.112164999999997,5.653043,3.3648830000000007,4.795118,0.09475722031116365,0.08320005156604482,12.489140885831924,False,-0.019799957541127067,0.04080004781707314,0.08320005156604482,4.8992664547309467e-17,5.286437790668528e-18,-5.4279102337977996e-17
715,6-stretch-all-three-axes,stretch-x-minus-0.020-y-plus-0.060-z-minus-0.020,3.218529,4.851629000000001,9.905258,13.123787,0,21,1.2731510000000004,9.999999992515995e-07,1.2731519999999996,0,11.241964,21.661057,3.218529,3.218529,5.063916000000001,4.424204000000001,6.3329,9.252429,13.676633,0,21,1.3440529999999997,9.999999992515995e-07,1.344053999999999,0,13.223815000000002,23.898983,4.424204000000001,4.424204000000001,6.337162000000001,0.06784779124595222,0.0618000496738752,11.550676239496266,False,-0.019799957541127067,0.0618000496738752,-0.019799957541127067,6.849320631582727e-17,-2.814605029951419e-33,-6.849320631582727e-17
716,6-stretch-all-three-axes,stretch-x-minus-0.020-y-plus-0.060-z-minus-0.040,2.732341,4.563414999999999,10.397852,13.130193,0,144,1.3477770000000007,0.2516470000000002,1.5994240000000008,0,11.289886,22.129903,2.732341,3.251930999999999,5.107218,3.920134000000001,6.036141000000001,9.75216,13.672294,0,144,1.4229709999999987,0.2646890000000006,1.6876599999999993,0,13.259208999999998,24.392785,3.920134000000001,4.460985000000001,6.382066999999999,0.07581504642240804,0.0618000496738752,11.314948152975928,False,-0.019799957541127067,0.0618000496738752,-0.03919995925645853,6.263215384004278e-17,5.861052475784487e-18,-6.849320631582727e-17
717,6-stretch-all-three-axes,stretch-x-minus-0.020-y-plus-0.060-z-minus-0.060,2.2318929999999995,4.279355000000001,10.903295,13.135188,0,144,1.4270250000000004,0.5019749999999998,1.9290000000000003,0,11.185008,22.609423,2.2318929999999995,3.304378,5.168281,3.401294,5.744161999999999,10.264938,13.666232,0,144,1.5069400000000002,0.5275970000000001,2.0345370000000003,0,13.144998999999999,24.897725,3.401294,4.5176739999999995,6.445540999999999,0.08716948956673404,0.0618000496738752,11.079220066455596,False,-0.019799957541127067,0.0618000496738752,-0.05819996093642227,5.067205266194688e-17,1.782115365388038e-17,-6.849320631582727e-17
718,6-stretch-all-three-axes,stretch-x-minus-0.020-y-plus-0.060-z-minus-0.080,1.71645,4.000547000000001,11.422464,13.138914,0,144,1.5112490000000012,0.7510569999999994,2.2623060000000006,0,11.239699,23.100261,1.71645,3.3779070000000004,5.249221,2.86679,5.458130000000001,10.79168,13.65847,0,144,1.5963520000000013,0.788829999999999,2.3851820000000004,0,13.225963,25.414548,2.86679,4.596382,6.529764,0.10054610241461225,0.07679996258101834,10.843491979935267,False,-0.019799957541127067,0.0618000496738752,-0.07679996258101834,3.921666026818242e-17,2.9276546047644843e-17,-6.849320631582727e-17
719,6-stretch-all-three-axes,stretch-x-minus-0.020-y-plus-0.060-z-plus-0.020,2.694476,4.449205000000001,9.4627,12.157176,0,21,0.629862000000001,0.5065019999999993,1.1363640000000004,0,10.639818,21.25984,3.643935000000001,2.694476,4.51629,3.868131,5.904607,8.82358,12.691711,0,21,0.6656839999999988,0.5341260000000005,1.1998099999999994,0,12.606466000000001,23.476579,4.856604000000001,3.868131,5.7609770000000005,0.06796562599248085,0.0618000496738752,12.02213241253693,False,-0.019799957541127067,0.0618000496738752,0.020200045995638516,3.8046034712682784e-17,3.044717160314448e-17,-6.849320631582727e-17
720,6-stretch-all-three-axes,stretch-x-minus-0.020-y-plus-0.060-z-plus-0.040,2.452447000000001,4.263197,9.259578,11.712025,0,21,0.31311,0.7604849999999992,1.0735949999999992,0,10.388098000000001,21.074336,3.8360950000000003,2.452447000000001,4.260604000000001,3.610379,5.706023,8.628176,12.238555,0,21,0.3311110000000008,0.8026979999999995,1.1338090000000003,0,12.31805,23.281698,5.051131,3.610379,5.49128,0.07665460429875906,0.0618000496738752,12.25786049905726,False,-0.019799957541127067,0.0618000496738752,0.04080004781707314,1.0150350805674364e-16,-3.301030174091638e-17,-6.849320631582727e-17
721,6-stretch-all-three-axes,stretch-x-minus-0.020-y-plus-0.060-z-plus-0.060,2.2220119999999994,4.0861329999999985,9.067583,11.289595,0,21,9.999999992515995e-07,1.0141990000000014,1.0142000000000007,0,10.224189,20.898009000000002,4.015402999999999,2.2220119999999994,4.015402999999999,3.3643470000000004,5.516533000000001,8.444462,11.808809,0,21,1.000000000139778e-06,1.071465,1.071466,0,12.079412,23.09677,5.232156,3.3643470000000004,5.232156,0.08961322780715646,0.0618000496738752,12.49358858557759,False,-0.019799957541127067,0.0618000496738752,0.0618000496738752,1.1571761203459292e-16,-4.7224405718765654e-17,-6.849320631582727e-17
722,6-stretch-all-three-axes,stretch-x-minus-0.020-y-plus-0.060-z-plus-0.080,2.002134,3.917339,8.886033,10.888167,0,21,0.3091039999999996,0.9579269999999998,1.2670309999999994,0,9.88265,20.730172,4.182422000000001,2.002134,3.7795640000000006,3.1289490000000004,5.335398999999999,8.271677,11.400626,0,21,0.32724200000000003,1.0124460000000006,1.3396880000000007,0,11.792939,22.921041000000002,5.400378999999999,3.1289490000000004,4.982474999999999,0.10551555827894006,0.08320005156604482,12.729316672097923,False,-0.019799957541127067,0.0618000496738752,0.08320005156604482,6.320676852515874e-17,5.286437790668526e-18,-6.849320631582727e-17
723,6-stretch-all-three-axes,stretch-x-minus-0.020-y-plus-0.080-z-minus-0.020,2.957768999999999,4.651479999999999,9.750006,12.707775,0,21,1.5844389999999997,1.0000000010279564e-06,1.5844400000000007,0,11.184978,21.519069000000002,2.957768999999999,2.957768999999999,5.2044869999999985,4.146845000000001,6.119005000000001,9.108187,13.255032,0,21,1.6738549999999996,9.999999992515995e-07,1.673855999999999,0,13.12787,23.750174,4.146845000000001,4.146845000000001,6.47639,0.08778567774901204,0.08320005156604482,11.768613527033931,False,-0.019799957541127067,0.08320005156604482,-0.019799957541127067,1.5982362806393085e-17,2.668828810681583e-34,-1.5982362806393085e-17
724,6-stretch-all-three-axes,stretch-x-minus-0.020-y-plus-0.080-z-minus-0.040,2.4796940000000003,4.372495000000001,10.234727,12.714421,0,144,1.6758199999999999,0.23639399999999888,1.9122139999999987,0,10.947626,21.979987,2.4796940000000003,2.995514,5.255135000000001,3.650841,5.831771,9.599952,13.250793,0,144,1.7705069999999994,0.24869400000000041,2.019201,0,12.877547999999999,24.235682,3.650841,4.188416,6.528687,0.09407934791935454,0.08320005156604482,11.52843774076793,False,-0.019799957541127067,0.08320005156604482,-0.03919995925645853,1.0121310330608596e-17,5.86105247578449e-18,-1.5982362806393085e-17
725,6-stretch-all-three-axes,stretch-x-minus-0.020-y-plus-0.080-z-minus-0.060,1.9874180000000017,4.097804,10.732202,12.71962,0,144,1.7728110000000008,0.47103999999999857,2.2438509999999994,0,10.596512000000002,22.451521,1.9874180000000017,3.0524650000000015,5.323423,3.140078000000001,5.549439000000001,10.1047,13.244778,0,144,1.8732959999999999,0.4951629999999998,2.3684589999999996,0,12.535821,24.732294,3.140078000000001,4.2500420000000005,6.59942,0.10344816263338866,0.08320005156604482,11.288261954501934,False,-0.019799957541127067,0.08320005156604482,-0.05819996093642227,-1.8387908474872986e-18,1.7821153653880384e-17,-1.5982362806393085e-17
726,6-stretch-all-three-axes,stretch-x-minus-0.020-y-plus-0.080-z-minus-0.080,1.4801640000000003,3.828448,11.24339,12.723554,0,144,1.8758389999999991,0.7040550000000003,2.5798939999999995,0,10.725261999999999,22.934392,1.4801640000000003,3.130567000000001,5.411323000000001,2.613607,5.2731200000000005,10.623427,13.237034,0,144,1.9826930000000003,0.7395549999999993,2.7222479999999996,0,12.665542000000002,25.240831,2.613607,4.333743,6.690629999999999,0.1149457313329589,0.08320005156604482,11.048086168235937,False,-0.019799957541127067,0.08320005156604482,-0.07679996258101834,-1.329418324125176e-17,2.9276546047644843e-17,-1.5982362806393085e-17
727,6-stretch-all-three-axes,stretch-x-minus-0.020-y-plus-0.080-z-plus-0.020,2.4546780000000012,4.265405000000001,9.293686,11.748364,0,21,0.9394749999999998,0.4773739999999993,1.4168489999999991,0,10.519627000000002,21.104336,3.3963160000000006,2.4546780000000012,4.671094,3.6123200000000004,5.707796,8.664373,12.276693,0,21,0.9935400000000003,0.5036059999999996,1.4971459999999999,0,12.470958999999999,23.313634999999998,4.593878,3.6123200000000004,5.915766000000001,0.0878767816743926,0.08320005156604482,12.248965099565929,False,-0.019799957541127067,0.08320005156604482,0.020200045995638516,-1.4464808796751393e-17,3.044717160314448e-17,-1.5982362806393085e-17
728,6-stretch-all-three-axes,stretch-x-minus-0.020-y-plus-0.080-z-plus-0.040,2.222716,4.087054999999999,9.084153,11.306869,0,21,0.6223540000000005,0.7175180000000001,1.3398720000000006,0,10.176628000000001,20.912481,3.594552,2.222716,4.421769999999999,3.3648830000000007,5.517208,8.462036,11.826919,0,21,0.6585220000000005,0.757649999999999,1.4161719999999995,0,12.122516,23.112164999999997,4.795118,3.3648830000000007,5.653043,0.09475722031116365,0.08320005156604482,12.489140885831924,False,-0.019799957541127067,0.08320005156604482,0.04080004781707314,4.8992664547309467e-17,-3.301030174091638e-17,-1.5982362806393088e-17
729,6-stretch-all-three-axes,stretch-x-minus-0.020-y-plus-0.080-z-plus-0.060,2.0021330000000006,3.917338000000001,8.886033,10.888166,0,21,0.30910300000000035,0.957927999999999,1.2670309999999994,0,9.88265,20.730173,3.7795630000000013,2.0021330000000006,4.182421,3.1289490000000004,5.335398999999999,8.271677,11.400626,0,21,0.32724200000000003,1.0124460000000006,1.3396880000000007,0,11.792939,22.921041000000002,4.982474999999999,3.1289490000000004,5.400378999999999,0.10551555827894005,0.08320005156604482,12.729316672097923,False,-0.019799957541127067,0.08320005156604482,0.0618000496738752,6.320676852515874e-17,-4.7224405718765654e-17,-1.5982362806393088e-17
730,6-stretch-all-three-axes,stretch-x-minus-0.020-y-plus-0.080-z-plus-0.080,1.791882000000001,3.755579000000001,8.698621,10.490503,0,21,1.000000000139778e-06,1.198020999999999,1.198021999999999,0,9.464905000000002,20.556646,3.9520420000000005,1.791882000000001,3.9520420000000005,2.9033929999999994,5.161616,8.09257,10.995963,0,21,2.000000000279556e-06,1.2673110000000003,1.2673130000000006,0,11.349723,22.739435,5.1566980000000004,2.9033929999999994,5.1566980000000004,0.11931695386580848,0.08320005156604482,12.969492458363927,False,-0.019799957541127067,0.08320005156604482,0.08320005156604482,1.0695925015724556e-17,5.2864377906685294e-18,-1.5982362806393085e-17
731,6-stretch-all-three-axes,stretch-x-minus-0.040-y-minus-0.020-z-minus-0.020,3.866467,5.426491000000002,11.15392,15.020387,0,21,9.999999992515995e-07,0.32212200000000024,0.3221229999999995,0,12.890809,22.812697999999997,4.397576000000001,3.866467,4.397576000000001,5.122752,6.954311000000002,10.468917,15.591669,0,21,1.0000000010279564e-06,0.3388429999999989,0.3388439999999999,0,14.709617,25.110841999999998,5.673107,5.122752,5.673107,0.04817378377259646,0.03919995925645853,10.460989801807939,False,-0.03919995925645853,-0.019799957541127067,-0.019799957541127067,2.1268800597061615e-17,-5.86105247578449e-18,-1.5407748121277124e-17
732,6-stretch-all-three-axes,stretch-x-minus-0.040-y-minus-0.020-z-minus-0.040,4.187557999999999,5.6718519999999994,11.372541,15.560099,0,21,0.34252200000000066,0.0,0.34252200000000066,0,13.221479,23.007569,4.187557999999999,4.187557999999999,4.720581000000001,5.461637999999999,7.214105000000002,10.678968,16.140606,0,21,0.36038199999999954,0.0,0.36038199999999954,0,15.041201,25.316364999999998,5.461637999999999,5.461637999999999,6.013406999999999,0.058866900122619435,0.03919995925645853,10.247500214015934,False,-0.03919995925645853,-0.019799957541127067,-0.03919995925645853,1.5407748121277124e-17,-3.550635439419521e-34,-1.5407748121277124e-17
733,6-stretch-all-three-axes,stretch-x-minus-0.040-y-minus-0.020-z-minus-0.060,3.640970000000001,5.333245,11.926756,15.567726,0,144,0.3642259999999986,0.32212700000000005,0.6863529999999987,0,13.013055,23.535487,3.640970000000001,4.2047989999999995,4.7393979999999996,4.896559,6.865141999999999,11.241364,16.137923,0,144,0.3833370000000009,0.33829700000000074,0.7216340000000017,0,14.952088,25.871996000000003,4.896559,5.480902999999998,6.033726999999999,0.0729102912992365,0.05819996093642227,10.034010626223937,False,-0.03919995925645853,-0.019799957541127067,-0.05819996093642227,3.4476469431812308e-18,1.1960101178095894e-17,-1.5407748121277124e-17
734,6-stretch-all-three-axes,stretch-x-minus-0.040-y-minus-0.020-z-minus-0.080,3.0795379999999994,4.999219,12.494934,15.574472,0,144,0.3873679999999986,0.6439650000000015,1.031333,0,13.065715,24.075026,3.0795379999999994,4.242806999999999,4.778596999999998,4.3162179999999974,6.521538999999999,11.817742,16.13396,0,144,0.40783700000000067,0.67577,1.0836070000000007,0,14.896496999999998,26.439551,4.3162179999999974,5.521967999999999,6.075435999999998,0.08846982184216413,0.07679996258101834,9.820521038431941,False,-0.03919995925645853,-0.019799957541127067,-0.07679996258101834,-8.00774545058323e-18,2.3415493571860356e-17,-1.5407748121277124e-17
735,6-stretch-all-three-axes,stretch-x-minus-0.040-y-minus-0.020-z-plus-0.020,3.272295999999999,4.9733789999999996,10.753733,14.026029,0,21,0.6795929999999988,0.28483500000000106,0.9644279999999998,0,11.902421,22.453331,4.777265,3.272295999999999,3.7983909999999987,4.4938780000000005,6.473265999999999,10.087453,14.581331,0,21,0.7164699999999993,0.29956100000000063,1.016031,0,13.91535,24.732455,6.053519999999999,4.4938780000000005,5.040212,0.048339600562730706,0.03919995925645853,10.887968977391937,False,-0.03919995925645853,-0.019799957541127067,0.020200045995638516,-9.178371006082866e-18,2.458611912735999e-17,-1.5407748121277124e-17
736,6-stretch-all-three-axes,stretch-x-minus-0.040-y-minus-0.020-z-plus-0.040,2.996163000000001,4.763461000000001,10.570635,13.566798,0,21,1.015466,0.2677689999999995,1.2832349999999995,0,11.621607000000001,22.287436,4.948089000000001,2.996163000000001,3.519208000000001,4.2007639999999995,6.249705999999998,9.914433,14.115197,0,21,1.0713489999999997,0.2816200000000002,1.3529689999999999,0,13.692393000000001,24.558124,6.2238919999999975,4.2007639999999995,4.744542999999998,0.05994429936377518,0.04080004781707314,11.101458565183934,False,-0.03919995925645853,-0.019799957541127067,0.04080004781707314,5.4279102337977996e-17,-3.887135421670087e-17,-1.5407748121277127e-17
737,6-stretch-all-three-axes,stretch-x-minus-0.040-y-minus-0.020-z-plus-0.060,2.732341999999999,4.563414999999999,10.397852,13.130194,0,21,1.3477770000000007,0.2516470000000002,1.5994240000000008,0,11.289886,22.129903,5.107218,2.732341999999999,3.251930999999999,3.920134000000001,6.036141000000001,9.75216,13.672294,0,21,1.4229709999999987,0.2646890000000006,1.6876599999999993,0,13.259208999999998,24.392785,6.382066999999999,3.920134000000001,4.460985000000001,0.07581504642240804,0.0618000496738752,11.314948152975932,False,-0.03919995925645853,-0.019799957541127067,0.0618000496738752,6.849320631582727e-17,-5.308545819455014e-17,-1.5407748121277127e-17
738,6-stretch-all-three-axes,stretch-x-minus-0.040-y-minus-0.020-z-plus-0.080,2.4796940000000003,4.372495000000001,10.234727,12.714421,0,21,1.6758199999999999,0.23639399999999888,1.9122139999999987,0,10.947626,21.979987,5.255135000000001,2.4796940000000003,2.995514,3.650841,5.831771,9.599952,13.250793,0,21,1.7705069999999994,0.24869400000000041,2.019201,0,12.877547999999999,24.235682,6.528687,3.650841,4.188416,0.09407934791935454,0.08320005156604482,11.52843774076793,False,-0.03919995925645853,-0.019799957541127067,0.08320005156604482,1.5982362806393085e-17,-5.746146851159604e-19,-1.5407748121277124e-17
739,6-stretch-all-three-axes,stretch-x-minus-0.040-y-minus-0.040-z-minus-0.020,4.187557999999999,5.6718519999999994,11.372541,15.560099,0,21,0.34252200000000066,0.0,0.34252200000000066,0,13.221479,23.007569,4.720581000000001,4.187557999999999,4.187557999999999,5.461637999999999,7.214105000000002,10.678968,16.140606,0,21,0.36038199999999954,0.0,0.36038199999999954,0,15.041201,25.316364999999998,6.013406999999999,5.461637999999999,5.461637999999999,0.058866900122619435,0.03919995925645853,10.247500214015934,False,-0.03919995925645853,-0.03919995925645853,-0.019799957541127067,1.5407748121277124e-17,-5.86105247578449e-18,-9.546695645492635e-18
740,6-stretch-all-three-axes,stretch-x-minus-0.040-y-minus-0.040-z-minus-0.040,4.5208410000000026,5.927829000000001,11.581779,16.10262,0,21,0.0,9.999999992515995e-07,9.999999992515995e-07,0,13.570011,23.192611,4.5208410000000026,4.5208410000000026,4.5208410000000026,5.813146,7.484884000000001,10.878843,16.691989,0,21,0.0,9.999999992515995e-07,9.999999992515995e-07,0,15.391328999999999,25.511626,5.813146,5.813146,5.813146,0.06789632108681608,0.03919995925645853,10.038367556587042,False,-0.03919995925645853,-0.03919995925645853,-0.03919995925645853,9.546695645492635e-18,-3.550635439419521e-34,-9.546695645492635e-18
741,6-stretch-all-three-axes,stretch-x-minus-0.040-y-minus-0.040-z-minus-0.060,3.964009000000001,5.576765999999999,12.147202,16.111211,0,144,4.000000000559112e-06,0.3431709999999999,0.34317500000000045,0,13.456444000000001,23.731821,3.964009000000001,4.5295619999999985,4.5295619999999985,5.237750999999999,7.122942999999999,11.452679,16.69043,0,144,1.999999998503199e-06,0.3604850000000006,0.3604869999999991,0,15.280676,26.079038,5.237750999999999,5.823277999999998,5.823277999999998,0.08037729196991582,0.05819996093642227,9.829234899158147,False,-0.03919995925645853,-0.03919995925645853,-0.05819996093642227,-2.413405532603259e-18,1.1960101178095894e-17,-9.546695645492635e-18
742,6-stretch-all-three-axes,stretch-x-minus-0.040-y-minus-0.040-z-minus-0.080,3.392427999999999,5.230198999999999,12.726637,16.119065,0,144,1.999999998503199e-06,0.686649000000001,0.6866509999999995,0,13.371673000000001,24.282452,3.392427999999999,4.558892,4.558892,4.6471969999999985,6.766216,12.04054,16.687737,0,144,2.000000000279556e-06,0.7207600000000003,0.7207620000000006,0,15.202031000000002,26.658196,4.6471969999999985,5.855015000000002,5.855015000000002,0.09471804402468326,0.07679996258101834,9.620102241729247,False,-0.03919995925645853,-0.03919995925645853,-0.07679996258101834,-1.386879792636772e-17,2.3415493571860356e-17,-9.546695645492635e-18
743,6-stretch-all-three-axes,stretch-x-minus-0.040-y-minus-0.040-z-plus-0.020,3.5698589999999992,5.198933999999998,10.989864,14.559723,0,21,1.0234649999999998,1.0000000010279564e-06,1.0234660000000009,0,12.153420999999998,22.665831,5.081374,3.5698589999999992,3.5698589999999992,4.808395000000001,6.712378000000001,10.316567,15.124962,0,21,1.0783959999999997,9.999999992515995e-07,1.078396999999999,0,14.231784000000001,24.9566,6.3731100000000005,4.808395000000001,4.808395000000001,0.05900267341097291,0.03919995925645853,10.66576552887373,False,-0.03919995925645853,-0.03919995925645853,0.020200045995638516,-1.5039423481867355e-17,2.458611912735999e-17,-9.546695645492635e-18
744,6-stretch-all-three-axes,stretch-x-minus-0.040-y-minus-0.040-z-plus-0.040,3.2823969999999996,4.97972,10.814895,14.097292,0,21,1.3604470000000006,9.999999992515995e-07,1.3604479999999999,0,12.015409000000002,22.508091,5.24343,3.2823969999999996,3.2823969999999996,4.503558,6.479083000000001,10.152405,14.655963,0,21,1.434546000000001,9.999999992515995e-07,1.4345470000000002,0,14.001572000000001,24.79083,6.5339040000000015,4.503558,4.503558,0.06883253237598826,0.04080004781707314,10.874898186302628,False,-0.03919995925645853,-0.03919995925645853,0.04080004781707314,4.8418049862193506e-17,-3.887135421670087e-17,-9.546695645492637e-18
745,6-stretch-all-three-axes,stretch-x-minus-0.040-y-minus-0.040-z-plus-0.060,3.0075160000000007,4.770750000000001,10.649852,13.657368,0,21,1.6940079999999984,0.0,1.6940079999999984,0,11.834643,22.358306,5.394315000000002,3.0075160000000007,3.0075160000000007,4.211511,6.256175000000001,9.998564,14.210075,0,21,1.7876139999999996,0.0,1.7876139999999996,0,13.658990000000001,24.633636,6.683061,4.211511,4.211511,0.08302120061231022,0.0618000496738752,11.084030843731524,False,-0.03919995925645853,-0.03919995925645853,0.0618000496738752,6.263215384004278e-17,-5.308545819455014e-17,-9.546695645492638e-18
746,6-stretch-all-three-axes,stretch-x-minus-0.040-y-minus-0.040-z-plus-0.080,2.7440689999999996,4.5712600000000005,10.494069,13.238138,0,21,2.0233500000000006,9.999999992515995e-07,2.023351,0,11.233381000000001,22.215730999999998,5.534448000000001,2.7440689999999996,2.7440689999999996,3.9311059999999998,6.042828999999999,9.854338,13.785444,0,21,2.136654,0.0,2.136654,0,13.171435999999998,24.484225000000002,6.821192999999999,3.9311059999999998,3.9311059999999998,0.09997760845313582,0.08320005156604482,11.293163501160421,False,-0.03919995925645853,-0.03919995925645853,0.08320005156604482,1.0121310330608596e-17,-5.746146851159604e-19,-9.546695645492635e-18
747,6-stretch-all-three-axes,stretch-x-minus-0.040-y-minus-0.060-z-minus-0.020,3.640970000000001,5.333245,11.926756,15.567726,0,126,0.3642259999999986,0.32212700000000005,0.6863529999999987,0,13.013055,23.535487,4.7393979999999996,4.2047989999999995,3.640970000000001,4.896559,6.865141999999999,11.241364,16.137923,0,126,0.3833370000000009,0.33829700000000074,0.7216340000000017,0,14.952088,25.871996000000003,6.033726999999999,5.480902999999998,4.896559,0.0729102912992365,0.05819996093642227,10.034010626223937,False,-0.03919995925645853,-0.05819996093642227,-0.019799957541127067,3.44764694318123e-18,-5.86105247578449e-18,2.413405532603259e-18
748,6-stretch-all-three-axes,stretch-x-minus-0.040-y-minus-0.060-z-minus-0.040,3.964009000000001,5.576765999999999,12.147202,16.111211,0,126,4.000000000559112e-06,0.3431709999999999,0.34317500000000045,0,13.456444000000001,23.731821,4.5295619999999985,4.5295619999999985,3.964009000000001,5.237750999999999,7.122942999999999,11.452679,16.69043,0,126,1.999999998503199e-06,0.3604850000000006,0.3604869999999991,0,15.280676,26.079038,5.823277999999998,5.823277999999998,5.237750999999999,0.08037729196991582,0.05819996093642227,9.829234899158147,False,-0.03919995925645853,-0.05819996093642227,-0.03919995925645853,-2.413405532603259e-18,-3.550635439419521e-34,2.413405532603259e-18
749,6-stretch-all-three-axes,stretch-x-minus-0.040-y-minus-0.060-z-minus-0.060,4.305194,5.8342649999999985,12.381467,16.686661,0,126,0.3655849999999994,1.0000000010279564e-06,0.3655860000000004,0,13.790316999999998,23.939722000000003,4.305194,4.872015000000001,4.305194,5.597388000000002,7.3951860000000025,11.678427,17.275815,0,126,0.38417300000000054,9.999999992515995e-07,0.3841739999999998,0,15.619068000000002,26.298541,5.597388000000002,6.183628000000002,5.597388000000002,0.0911652768970191,0.05819996093642227,9.624459172092353,False,-0.03919995925645853,-0.05819996093642227,-0.05819996093642227,-1.4373506710699154e-17,1.1960101178095894e-17,2.413405532603259e-18
750,6-stretch-all-three-axes,stretch-x-minus-0.040-y-minus-0.060-z-minus-0.080,3.7228350000000017,5.474408000000002,12.973078,16.695913,0,144,0.38949100000000136,0.34263399999999855,0.7321249999999999,0,13.68259,24.502327,3.7228350000000017,4.891485000000001,4.323832000000001,4.995932999999999,7.024486999999999,12.278749,17.274682,0,144,0.4094630000000006,0.35932799999999965,0.7687910000000002,0,15.516782000000001,26.890267,4.995932999999999,6.204815999999999,5.6183,0.10402935408409929,0.07679996258101834,9.419683445026555,False,-0.03919995925645853,-0.05819996093642227,-0.07679996258101834,-2.5828899104463616e-17,2.3415493571860356e-17,2.4134055326032586e-18
751,6-stretch-all-three-axes,stretch-x-minus-0.040-y-minus-0.060-z-plus-0.020,3.0421500000000012,4.883115000000002,11.523983,14.566133,0,126,1.086233,0.28367899999999935,1.3699119999999994,0,12.161031,23.173952,5.118347000000002,3.6014090000000003,3.0421500000000012,4.262255,6.387150999999999,10.858483,15.120738,0,126,1.144820000000001,0.2978299999999994,1.4426500000000004,0,14.265882000000001,25.491429,6.411742,4.843083,4.262255,0.07301995697708263,0.05819996093642227,10.443562080355527,False,-0.03919995925645853,-0.05819996093642227,0.020200045995638516,-2.6999524659963248e-17,2.458611912735999e-17,2.4134055326032586e-18
752,6-stretch-all-three-axes,stretch-x-minus-0.040-y-minus-0.060-z-plus-0.040,2.763555,4.6743890000000015,11.339934,14.103489,0,126,1.4425159999999995,0.2660929999999997,1.7086089999999992,0,12.035197,23.0073,5.288745000000002,3.319922,2.763555,3.9662679999999995,6.164759999999999,10.6851,14.651368,0,126,1.5214189999999999,0.27935700000000097,1.8007760000000008,0,13.969382000000001,25.316329,6.580909,4.544725,3.9662679999999995,0.08116967512922878,0.05819996093642227,10.648337807421324,False,-0.03919995925645853,-0.05819996093642227,0.04080004781707314,3.645794868409761e-17,-3.887135421670087e-17,2.413405532603257e-18
753,6-stretch-all-three-axes,stretch-x-minus-0.040-y-minus-0.060-z-plus-0.060,2.4971949999999996,4.475458999999999,11.166401,13.663596,0,126,1.794492,0.24948299999999968,2.0439749999999997,0,11.473661,22.849064,5.447340999999998,3.0502839999999996,2.4971949999999996,3.682671000000001,5.952189000000002,10.52268,14.205351,0,126,1.8940040000000007,0.2619239999999987,2.1559279999999994,0,13.440678,25.150287,6.7378219999999995,4.258368000000001,3.682671000000001,0.09350464372640821,0.0618000496738752,10.853113534487118,False,-0.03919995925645853,-0.05819996093642227,0.0618000496738752,5.067205266194688e-17,-5.308545819455014e-17,2.413405532603256e-18
754,6-stretch-all-three-axes,stretch-x-minus-0.040-y-minus-0.060-z-plus-0.080,2.2420100000000005,4.285569000000001,11.002614,13.244624,0,126,2.1413580000000003,0.2337739999999986,2.375131999999999,0,10.867104,22.698513,5.594835999999999,2.7914510000000003,2.2420100000000005,3.410404999999999,5.748675999999998,10.370392,13.780797,0,126,2.2616119999999995,0.24545500000000153,2.507067000000001,0,12.78766,24.992542,6.883314999999998,3.9829789999999985,3.410404999999999,0.10883988625178549,0.08320005156604482,11.057889261552914,False,-0.03919995925645853,-0.05819996093642227,0.08320005156604482,-1.838790847487299e-18,-5.746146851159604e-19,2.413405532603259e-18
755,6-stretch-all-three-axes,stretch-x-minus-0.040-y-minus-0.080-z-minus-0.020,3.0795379999999994,4.999219,12.494934,15.574472,0,126,0.3873679999999986,0.6439650000000015,1.031333,0,13.065715,24.075026,4.778596999999998,4.242806999999999,3.0795379999999994,4.3162179999999974,6.521538999999999,11.817742,16.13396,0,126,0.40783700000000067,0.67577,1.0836070000000007,0,14.896496999999998,26.439551,6.075435999999998,5.521967999999999,4.3162179999999974,0.08846982184216413,0.07679996258101834,9.820521038431941,False,-0.03919995925645853,-0.07679996258101834,-0.019799957541127067,-8.007745450583232e-18,-5.8610524757844905e-18,1.386879792636772e-17
756,6-stretch-all-three-axes,stretch-x-minus-0.040-y-minus-0.080-z-minus-0.040,3.392427999999999,5.230198999999999,12.726637,16.119065,0,126,1.999999998503199e-06,0.686649000000001,0.6866509999999995,0,13.371673000000001,24.282452,4.558892,4.558892,3.392427999999999,4.6471969999999985,6.766216,12.04054,16.687737,0,126,2.000000000279556e-06,0.7207600000000003,0.7207620000000006,0,15.202031000000002,26.658196,5.855015000000002,5.855015000000002,4.6471969999999985,0.09471804402468326,0.07679996258101834,9.620102241729247,False,-0.03919995925645853,-0.07679996258101834,-0.03919995925645853,-1.386879792636772e-17,-1.1254355216968464e-33,1.386879792636772e-17
757,6-stretch-all-three-axes,stretch-x-minus-0.040-y-minus-0.080-z-minus-0.060,3.7228350000000017,5.474408000000002,12.973078,16.695913,0,126,0.38949100000000136,0.34263399999999855,0.7321249999999999,0,13.68259,24.502327,4.323832000000001,4.891485000000001,3.7228350000000017,4.995932999999999,7.024486999999999,12.278749,17.274682,0,126,0.4094630000000006,0.35932799999999965,0.7687910000000002,0,15.516782000000001,26.890267,5.6183,6.204815999999999,4.995932999999999,0.10402935408409929,0.07679996258101834,9.419683445026555,False,-0.03919995925645853,-0.07679996258101834,-0.05819996093642227,-2.5828899104463616e-17,1.1960101178095894e-17,1.386879792636772e-17
758,6-stretch-all-three-axes,stretch-x-minus-0.040-y-minus-0.080-z-minus-0.080,4.072631000000001,5.733308000000001,13.235236,17.307867,0,126,0.7806379999999997,1.0000000010279564e-06,0.7806390000000007,0,14.007188,24.735233,4.072631000000001,5.242622000000001,4.072631000000001,5.3644870000000004,7.297757000000001,12.533293,17.89778,0,126,0.820074,1.0000000010279564e-06,0.820075000000001,0,15.852584,27.136229,5.3644870000000004,6.573571000000001,5.3644870000000004,0.11546906646630363,0.07679996258101834,9.219264648323861,False,-0.03919995925645853,-0.07679996258101834,-0.07679996258101834,-3.728429149822808e-17,2.3415493571860356e-17,1.386879792636772e-17
759,6-stretch-all-three-axes,stretch-x-minus-0.040-y-minus-0.080-z-plus-0.020,2.499594,4.572133000000001,12.071904,14.571498,0,126,1.1530620000000003,0.5660150000000002,1.7190770000000004,0,12.184321,23.693587,5.1753779999999985,3.6541189999999997,2.499594,3.7007510000000003,6.0675539999999994,11.414308,15.115059,0,126,1.215674,0.5937820000000009,1.8094560000000008,0,14.284674,26.038189000000003,6.471386999999998,4.899928000000001,3.7007510000000003,0.08856022197566885,0.07679996258101834,10.221358631837328,False,-0.03919995925645853,-0.07679996258101834,0.020200045995638516,-3.8454917053727713e-17,2.4586119127359988e-17,1.386879792636772e-17
760,6-stretch-all-three-axes,stretch-x-minus-0.040-y-minus-0.080-z-plus-0.040,2.2298349999999996,4.374127999999999,11.878723,14.108558,0,126,1.5298119999999997,0.5303590000000007,2.0601710000000004,0,11.740746999999999,23.517795,5.353957999999999,3.378748,2.2298349999999996,3.4134899999999995,5.856187,11.231726,14.645216,0,126,1.614001,0.5563319999999994,2.1703329999999994,0,13.764539999999998,25.853583,6.648683,4.608136,3.4134899999999995,0.09539137780758428,0.07679996258101834,10.421777428540022,False,-0.03919995925645853,-0.07679996258101834,0.04080004781707314,2.5002556290333147e-17,-3.887135421670087e-17,1.3868797926367719e-17
761,6-stretch-all-three-axes,stretch-x-minus-0.040-y-minus-0.080-z-plus-0.060,1.9720019999999998,4.185366999999999,11.696619,13.668621,0,126,1.9013240000000007,0.49669199999999947,2.398016,0,11.135710999999999,23.351075,5.520159000000001,3.1145049999999994,1.9720019999999998,3.138312000000001,5.654078,11.060666,14.198978,0,126,2.0073310000000006,0.5210069999999991,2.5283379999999998,0,13.141936,25.678708999999998,6.813235000000001,4.327621000000001,3.138312000000001,0.10608542405932715,0.07679996258101834,10.622196225242714,False,-0.03919995925645853,-0.07679996258101834,0.0618000496738752,3.921666026818242e-17,-5.3085458194550145e-17,1.3868797926367718e-17
762,6-stretch-all-three-axes,stretch-x-minus-0.040-y-minus-0.080-z-plus-0.080,1.7251010000000004,4.005185000000001,11.524795,13.249896,0,126,2.266755999999999,0.4648620000000001,2.731617999999999,0,10.590167,23.192549,5.6747700000000005,2.860387000000001,1.7251010000000004,2.8741939999999992,5.460512999999999,10.900296,13.77449,0,126,2.394666000000001,0.4876240000000003,2.882290000000001,0,12.548984999999998,25.51266,6.965886999999999,4.0573869999999985,2.8741939999999992,0.11982119862005364,0.08320005156604482,10.822615021945403,False,-0.03919995925645853,-0.07679996258101834,0.08320005156604482,-1.3294183241251761e-17,-5.746146851159612e-19,1.386879792636772e-17
763,6-stretch-all-three-axes,stretch-x-minus-0.040-y-plus-0.020-z-minus-0.020,3.272295999999999,4.9733789999999996,10.753733,14.026029,0,21,0.6795929999999988,0.28483500000000106,0.9644279999999998,0,11.902421,22.453331,3.7983909999999987,3.272295999999999,4.777265,4.4938780000000005,6.473265999999999,10.087453,14.581331,0,21,0.7164699999999993,0.29956100000000063,1.016031,0,13.91535,24.732455,5.040212,4.4938780000000005,6.053519999999999,0.048339600562730706,0.03919995925645853,10.887968977391933,False,-0.03919995925645853,0.020200045995638516,-0.019799957541127067,-9.178371006082864e-18,-5.86105247578449e-18,1.5039423481867355e-17
764,6-stretch-all-three-axes,stretch-x-minus-0.040-y-plus-0.020-z-minus-0.040,3.5698589999999992,5.198933999999998,10.989864,14.559723,0,21,1.0234649999999998,1.0000000010279564e-06,1.0234660000000009,0,12.153420999999998,22.665831,3.5698589999999992,3.5698589999999992,5.081374,4.808395000000001,6.712378000000001,10.316567,15.124962,0,21,1.0783959999999997,9.999999992515995e-07,1.078396999999999,0,14.231784000000001,24.9566,4.808395000000001,4.808395000000001,6.3731100000000005,0.05900267341097291,0.03919995925645853,10.66576552887373,False,-0.03919995925645853,0.020200045995638516,-0.03919995925645853,-1.5039423481867355e-17,-3.550635439419521e-34,1.5039423481867355e-17
765,6-stretch-all-three-axes,stretch-x-minus-0.040-y-plus-0.020-z-minus-0.060,3.0421500000000012,4.883115000000002,11.523983,14.566133,0,144,1.0862339999999993,0.2836780000000001,1.3699119999999994,0,12.161031,23.173952,3.0421500000000012,3.6014090000000003,5.118347000000002,4.262255,6.387150999999999,10.858483,15.120738,0,144,1.144820000000001,0.2978299999999994,1.4426500000000004,0,14.265882000000001,25.491429,4.262255,4.843083,6.411742,0.07301995697708263,0.05819996093642227,10.443562080355527,False,-0.03919995925645853,0.020200045995638516,-0.05819996093642227,-2.6999524659963248e-17,1.1960101178095894e-17,1.5039423481867355e-17
766,6-stretch-all-three-axes,stretch-x-minus-0.040-y-plus-0.020-z-minus-0.080,2.499594,4.572133000000001,12.071904,14.571498,0,144,1.1530620000000003,0.5660150000000002,1.7190770000000004,0,12.184321,23.693587,2.499594,3.6541189999999997,5.1753779999999985,3.7007510000000003,6.0675539999999994,11.414308,15.115059,0,144,1.215674,0.5937820000000009,1.8094560000000008,0,14.284674,26.038189000000003,3.7007510000000003,4.899928000000001,6.471386999999998,0.08856022197566885,0.07679996258101834,10.221358631837328,False,-0.03919995925645853,0.020200045995638516,-0.07679996258101834,-3.845491705372771e-17,2.3415493571860356e-17,1.5039423481867355e-17
767,6-stretch-all-three-axes,stretch-x-minus-0.040-y-plus-0.020-z-plus-0.020,2.7233970000000003,4.557333,10.320966,13.044363,0,21,0.0,0.8563890000000001,0.8563890000000001,0,11.453930999999999,22.061306000000002,4.212121999999999,2.7233970000000003,4.212121999999999,3.9118370000000002,6.031003,9.670538,13.582375,0,21,1.0000000010279564e-06,0.9022009999999998,0.9022020000000008,0,13.411718999999998,24.319753,5.458098,3.9118370000000002,5.458098,0.04850485050136565,0.03919995925645853,11.33237587442834,False,-0.03919995925645853,0.020200045995638516,0.020200045995638516,-3.962554260922734e-17,2.458611912735999e-17,1.5039423481867355e-17
768,6-stretch-all-three-axes,stretch-x-minus-0.040-y-plus-0.020-z-plus-0.040,2.4690720000000006,4.364788000000001,10.122708,12.59178,0,21,0.3349650000000004,0.8068859999999987,1.141850999999999,0,11.175947,21.880291999999997,4.398649000000001,2.4690720000000006,3.9481150000000014,3.6412150000000008,5.82563,9.481048,13.122263,0,21,0.3538270000000008,0.8501619999999992,1.203989,0,13.158282999999999,24.129575,5.645694000000001,3.6412150000000008,5.179227000000001,0.06007763781815473,0.04080004781707314,11.55457932294654,False,-0.03919995925645853,0.020200045995638516,0.04080004781707314,2.3831930734833515e-17,-3.887135421670087e-17,1.503942348186735e-17
769,6-stretch-all-three-axes,stretch-x-minus-0.040-y-plus-0.020-z-plus-0.060,2.2265490000000003,4.181402,9.935509,12.162058,0,21,0.6660360000000001,0.7600899999999999,1.426126,0,10.951908,21.708410999999998,4.572589000000001,2.2265490000000003,3.694904000000001,3.3825260000000004,5.6295280000000005,9.303115,12.685641,0,21,0.7039939999999998,0.8010359999999999,1.5050299999999996,0,12.949382000000002,23.949222,5.8201160000000005,3.3825260000000004,4.911255000000001,0.07592051635511551,0.0618000496738752,11.776782771464742,False,-0.03919995925645853,0.020200045995638516,0.0618000496738752,3.804603471268279e-17,-5.308545819455014e-17,1.503942348186735e-17
770,6-stretch-all-three-axes,stretch-x-minus-0.040-y-plus-0.020-z-plus-0.080,1.9946570000000001,4.006398000000001,9.758647,11.753304,0,21,0.9926709999999996,0.7157940000000007,1.7084650000000003,0,10.649941000000002,21.545018,4.7345109999999995,1.9946570000000001,3.451486000000001,3.134589,5.441883000000001,9.135997,12.270586,0,21,1.04988,0.7546169999999996,1.8044969999999996,0,12.574128000000002,23.778050999999998,5.98208,3.134589,4.653152,0.09416436292210784,0.08320005156604482,11.99898621998295,False,-0.03919995925645853,0.020200045995638516,0.08320005156604482,-1.4464808796751393e-17,-5.746146851159604e-19,1.5039423481867355e-17
771,6-stretch-all-three-axes,stretch-x-minus-0.040-y-plus-0.040-z-minus-0.020,2.996163000000001,4.763461000000001,10.570635,13.566798,0,21,1.015466,0.2677689999999995,1.2832349999999995,0,11.621607000000001,22.287436,3.519208000000001,2.996163000000001,4.9480900000000005,4.2007639999999995,6.249705999999998,9.914433,14.115197,0,21,1.0713489999999997,0.2816200000000002,1.3529689999999999,0,13.692393000000001,24.558124,4.744542999999998,4.2007639999999995,6.2238919999999975,0.05994429936377518,0.04080004781707314,11.101458565183929,False,-0.03919995925645853,0.04080004781707314,-0.019799957541127067,5.427910233797799e-17,-5.861052475784491e-18,-4.8418049862193506e-17
772,6-stretch-all-three-axes,stretch-x-minus-0.040-y-plus-0.040-z-minus-0.040,3.2823969999999996,4.97972,10.814895,14.097292,0,21,1.3604470000000006,9.999999992515995e-07,1.3604479999999999,0,12.015409000000002,22.508091,3.2823969999999996,3.2823969999999996,5.24343,4.503558,6.479083000000001,10.152405,14.655963,0,21,1.434546000000001,9.999999992515995e-07,1.4345470000000002,0,14.001572000000001,24.79083,4.503558,4.503558,6.5339040000000015,0.06883253237598826,0.04080004781707314,10.874898186302628,False,-0.03919995925645853,0.04080004781707314,-0.03919995925645853,4.8418049862193506e-17,-1.8958074994517408e-33,-4.8418049862193506e-17
773,6-stretch-all-three-axes,stretch-x-minus-0.040-y-plus-0.040-z-minus-0.060,2.763555,4.6743890000000015,11.339934,14.103489,0,144,1.4425159999999995,0.2660929999999997,1.7086089999999992,0,12.035198000000001,23.0073,2.763555,3.319922,5.288745000000002,3.9662679999999995,6.164759999999999,10.6851,14.651368,0,144,1.5214189999999999,0.27935700000000097,1.8007760000000008,0,13.969382000000001,25.316329,3.9662679999999995,4.544725,6.580909,0.08116967512922878,0.05819996093642227,10.648337807421324,False,-0.03919995925645853,0.04080004781707314,-0.05819996093642227,3.645794868409761e-17,1.1960101178095892e-17,-4.8418049862193506e-17
774,6-stretch-all-three-axes,stretch-x-minus-0.040-y-plus-0.040-z-minus-0.080,2.2298349999999996,4.374127999999999,11.878723,14.108558,0,144,1.5298110000000005,0.5303599999999999,2.0601710000000004,0,11.740746999999999,23.517795,2.2298349999999996,3.378748,5.353957999999999,3.4134899999999995,5.856187,11.231726,14.645216,0,144,1.614001,0.5563319999999994,2.1703329999999994,0,13.764539999999998,25.853583,3.4134899999999995,4.608136,6.648683,0.09539137780758428,0.07679996258101834,10.421777428540018,False,-0.03919995925645853,0.04080004781707314,-0.07679996258101834,2.5002556290333147e-17,2.3415493571860353e-17,-4.8418049862193506e-17
775,6-stretch-all-three-axes,stretch-x-minus-0.040-y-plus-0.040-z-plus-0.020,2.4690720000000006,4.364787,10.122708,12.59178,0,21,0.33496600000000143,0.8068859999999987,1.141852,0,11.175947,21.880291999999997,3.9481150000000014,2.4690720000000006,4.398649000000001,3.6412150000000008,5.82563,9.481048,13.122263,0,21,0.3538270000000008,0.8501619999999992,1.203989,0,13.158282999999999,24.129575,5.179227000000001,3.6412150000000008,5.645694000000001,0.06007763781815473,0.04080004781707314,11.55457932294654,False,-0.03919995925645853,0.04080004781707314,0.020200045995638516,2.3831930734833515e-17,2.4586119127359988e-17,-4.8418049862193506e-17
776,6-stretch-all-three-axes,stretch-x-minus-0.040-y-plus-0.040-z-plus-0.040,2.2252539999999996,4.18037,9.917407,12.142661,0,21,1.0000000010279564e-06,1.0770350000000004,1.0770360000000014,0,10.954785999999999,21.692288,4.141689999999999,2.2252539999999996,4.141689999999999,3.381411,5.628781,9.283907,12.665318,0,21,9.999999992515995e-07,1.1358549999999994,1.1358559999999986,0,12.894619000000002,23.93209,5.374572000000001,3.381411,5.374572000000001,0.06975617972236522,0.04080004781707314,11.781139701827847,False,-0.03919995925645853,0.04080004781707314,0.04080004781707314,8.728940407889437e-17,-3.887135421670087e-17,-4.8418049862193506e-17
777,6-stretch-all-three-axes,stretch-x-minus-0.040-y-plus-0.040-z-plus-0.060,1.9929679999999994,4.004712,9.723489,11.716457,0,21,0.33089300000000144,1.015739,1.3466320000000014,0,10.661779,21.51398,4.3222059999999995,1.9929679999999994,3.894945999999999,3.133255,5.440818,9.0987,12.231955,0,21,0.3499530000000002,1.0715379999999985,1.4214909999999987,0,12.630627000000002,23.745043,5.556256000000001,3.133255,5.1137630000000005,0.08378858423005431,0.0618000496738752,12.007700080709151,False,-0.03919995925645853,0.04080004781707314,0.0618000496738752,1.0150350805674364e-16,-5.3085458194550145e-17,-4.8418049862193506e-17
778,6-stretch-all-three-axes,stretch-x-minus-0.040-y-plus-0.040-z-plus-0.080,1.7711199999999998,3.837211,9.540234,11.311354,0,21,0.6572389999999997,0.957687,1.6149259999999996,0,10.452816,21.344136,4.490361999999999,1.7711199999999998,3.657465,2.895606000000001,5.2610220000000005,8.924664,11.82027,0,21,0.6954909999999996,1.0107,1.7061909999999996,0,12.428916999999998,23.567213000000002,5.725073999999999,2.895606000000001,4.862254999999999,0.10061575069628005,0.08320005156604482,12.234260459590455,False,-0.03919995925645853,0.04080004781707314,0.08320005156604482,4.8992664547309467e-17,-5.74614685115962e-19,-4.8418049862193506e-17
779,6-stretch-all-three-axes,stretch-x-minus-0.040-y-plus-0.060-z-minus-0.020,2.732341,4.563414999999999,10.397852,13.130193,0,21,1.3477770000000007,0.2516470000000002,1.5994240000000008,0,11.289886,22.129903,3.251930999999999,2.732341,5.107218,3.920134000000001,6.036141000000001,9.75216,13.672294,0,21,1.4229709999999987,0.2646890000000006,1.6876599999999993,0,13.259208999999998,24.392785,4.460985000000001,3.920134000000001,6.382066999999999,0.07581504642240804,0.0618000496738752,11.314948152975928,False,-0.03919995925645853,0.0618000496738752,-0.019799957541127067,6.849320631582727e-17,-5.861052475784493e-18,-6.263215384004278e-17
780,6-stretch-all-three-axes,stretch-x-minus-0.040-y-plus-0.060-z-minus-0.040,3.0075149999999997,4.770749,10.649853,13.657368,0,21,1.6940079999999984,1.0000000010279564e-06,1.6940089999999994,0,11.834641999999999,22.358307,3.0075149999999997,3.0075149999999997,5.394314000000001,4.211511,6.256175000000001,9.998564,14.210075,0,21,1.7876139999999996,0.0,1.7876139999999996,0,13.658990000000001,24.633636,4.211511,4.211511,6.683061,0.08302120061231022,0.0618000496738752,11.084030843731524,False,-0.03919995925645853,0.0618000496738752,-0.03919995925645853,6.263215384004278e-17,-3.4365514549615295e-33,-6.263215384004278e-17
781,6-stretch-all-three-axes,stretch-x-minus-0.040-y-plus-0.060-z-minus-0.060,2.4971949999999996,4.475458999999999,11.166401,13.663596,0,144,1.794492,0.24948299999999968,2.0439749999999997,0,11.473661,22.849064,2.4971949999999996,3.0502839999999996,5.447340999999998,3.682671000000001,5.952189000000002,10.52268,14.205351,0,144,1.8940040000000007,0.2619239999999987,2.1559279999999994,0,13.440678,25.150287,3.682671000000001,4.258368000000001,6.7378219999999995,0.09350464372640821,0.0618000496738752,10.853113534487118,False,-0.03919995925645853,0.0618000496738752,-0.05819996093642227,5.067205266194688e-17,1.196010117809589e-17,-6.263215384004278e-17
782,6-stretch-all-three-axes,stretch-x-minus-0.040-y-plus-0.060-z-minus-0.080,1.9720019999999998,4.185366999999999,11.696619,13.668621,0,144,1.9013240000000007,0.49669199999999947,2.398016,0,11.135710999999999,23.351075,1.9720019999999998,3.1145049999999994,5.520159000000001,3.138312000000001,5.654078,11.060666,14.198978,0,144,2.0073310000000006,0.5210069999999991,2.5283379999999998,0,13.141936,25.678708999999998,3.138312000000001,4.327621000000001,6.813235000000001,0.10608542405932715,0.07679996258101834,10.62219622524271,False,-0.03919995925645853,0.0618000496738752,-0.07679996258101834,3.921666026818242e-17,2.3415493571860353e-17,-6.263215384004278e-17
783,6-stretch-all-three-axes,stretch-x-minus-0.040-y-plus-0.060-z-plus-0.020,2.2265490000000003,4.181402,9.935509,12.162058,0,21,0.6660360000000001,0.7600899999999999,1.426126,0,10.951908,21.708410999999998,3.694904000000001,2.2265490000000003,4.572589000000001,3.3825260000000004,5.6295280000000005,9.303115,12.685641,0,21,0.7039939999999998,0.8010359999999999,1.5050299999999996,0,12.949382000000002,23.949222,4.911255000000001,3.3825260000000004,5.8201160000000005,0.07592051635511551,0.0618000496738752,11.776782771464742,False,-0.03919995925645853,0.0618000496738752,0.020200045995638516,3.8046034712682784e-17,2.4586119127359988e-17,-6.263215384004278e-17
784,6-stretch-all-three-axes,stretch-x-minus-0.040-y-plus-0.060-z-plus-0.040,1.9929679999999994,4.004712,9.723489,11.716457,0,21,0.33089300000000144,1.015739,1.3466320000000014,0,10.661779,21.51398,3.894945999999999,1.9929679999999994,4.3222059999999995,3.133255,5.440818,9.0987,12.231955,0,21,0.3499530000000002,1.0715379999999985,1.4214909999999987,0,12.630627000000002,23.745043,5.1137630000000005,3.133255,5.556256000000001,0.08378858423005431,0.0618000496738752,12.007700080709151,False,-0.03919995925645853,0.0618000496738752,0.04080004781707314,1.0150350805674364e-16,-3.887135421670087e-17,-6.263215384004278e-17
785,6-stretch-all-three-axes,stretch-x-minus-0.040-y-plus-0.060-z-plus-0.060,1.7705900000000003,3.8365209999999994,9.523196,11.293786,0,21,9.999999992515995e-07,1.2714200000000009,1.2714210000000001,0,10.444771000000001,21.329158,4.081586,1.7705900000000003,4.081586,2.8952899999999993,5.260667999999999,8.906586,11.801876,0,21,1.000000000139778e-06,1.3425840000000004,1.3425850000000006,0,12.353727,23.551283,5.302199,2.8952899999999993,5.302199,0.09578689411968055,0.0618000496738752,12.238617389953557,False,-0.03919995925645853,0.0618000496738752,0.0618000496738752,1.1571761203459292e-16,-5.3085458194550145e-17,-6.263215384004278e-17
786,6-stretch-all-three-axes,stretch-x-minus-0.040-y-plus-0.060-z-plus-0.080,1.5585839999999997,3.6761789999999994,9.333826,10.89241,0,21,0.32624099999999956,1.200171000000001,1.5264120000000005,0,10.126662999999999,21.153317,4.255507,1.5585839999999997,3.8496869999999994,2.667712999999999,5.088388999999999,8.725946,11.393659,0,21,0.34540799999999994,1.2678970000000005,1.6133050000000004,0,12.077288,23.367258,5.477378999999999,2.667712999999999,5.056905,0.11080673050854793,0.08320005156604482,12.469534699197965,False,-0.03919995925645853,0.0618000496738752,0.08320005156604482,6.320676852515874e-17,-5.746146851159635e-19,-6.263215384004278e-17
787,6-stretch-all-three-axes,stretch-x-minus-0.040-y-plus-0.080-z-minus-0.020,2.4796940000000003,4.372495000000001,10.234727,12.714421,0,21,1.6758199999999999,0.23639399999999888,1.9122139999999987,0,10.947626,21.979987,2.995515000000001,2.4796940000000003,5.255136,3.650841,5.831771,9.599952,13.250793,0,21,1.7705069999999994,0.24869400000000041,2.019201,0,12.877547999999999,24.235682,4.188416,3.650841,6.528687,0.09407934791935454,0.08320005156604482,11.52843774076793,False,-0.03919995925645853,0.08320005156604482,-0.019799957541127067,1.5982362806393085e-17,-5.86105247578449e-18,-1.0121310330608596e-17
788,6-stretch-all-three-axes,stretch-x-minus-0.040-y-plus-0.080-z-minus-0.040,2.7440689999999996,4.5712600000000005,10.494069,13.238138,0,21,2.0233500000000006,9.999999992515995e-07,2.023351,0,11.233381000000001,22.215730999999998,2.7440689999999996,2.7440689999999996,5.534448000000001,3.9311059999999998,6.042828999999999,9.854338,13.785444,0,21,2.136654,0.0,2.136654,0,13.171435999999998,24.484225000000002,3.9311059999999998,3.9311059999999998,6.821192999999999,0.09997760845313582,0.08320005156604482,11.293163501160421,False,-0.03919995925645853,0.08320005156604482,-0.03919995925645853,1.0121310330608596e-17,-3.550635439419521e-34,-1.0121310330608596e-17
789,6-stretch-all-three-axes,stretch-x-minus-0.040-y-plus-0.080-z-minus-0.060,2.2420100000000005,4.285569000000001,11.002614,13.244624,0,144,2.1413580000000003,0.2337739999999986,2.375131999999999,0,10.867104,22.698513,2.2420100000000005,2.7914510000000003,5.594835999999999,3.410404999999999,5.748675999999998,10.370392,13.780797,0,144,2.2616119999999995,0.24545500000000153,2.507067000000001,0,12.78766,24.992542,3.410404999999999,3.9829789999999985,6.883314999999998,0.10883988625178549,0.08320005156604482,11.057889261552914,False,-0.03919995925645853,0.08320005156604482,-0.05819996093642227,-1.8387908474872986e-18,1.1960101178095894e-17,-1.0121310330608596e-17
790,6-stretch-all-three-axes,stretch-x-minus-0.040-y-plus-0.080-z-minus-0.080,1.7251010000000004,4.005185000000001,11.524795,13.249896,0,144,2.266755999999999,0.4648620000000001,2.731617999999999,0,10.590167,23.192549999999997,1.7251010000000004,2.860387000000001,5.6747700000000005,2.8741939999999992,5.460512999999999,10.900296,13.77449,0,144,2.394666000000001,0.4876240000000003,2.882290000000001,0,12.548984999999998,25.51266,2.8741939999999992,4.0573869999999985,6.965886999999999,0.11982119862005364,0.08320005156604482,10.822615021945403,False,-0.03919995925645853,0.08320005156604482,-0.07679996258101834,-1.329418324125176e-17,2.3415493571860356e-17,-1.0121310330608596e-17
791,6-stretch-all-three-axes,stretch-x-minus-0.040-y-plus-0.080-z-plus-0.020,1.9946570000000001,4.006398000000001,9.758647,11.753304,0,21,0.9926709999999996,0.7157940000000007,1.7084650000000003,0,10.649941000000002,21.545018,3.451486000000001,1.9946570000000001,4.7345109999999995,3.134589,5.441883000000001,9.135997,12.270586,0,21,1.04988,0.7546169999999996,1.8044969999999996,0,12.574128000000002,23.778050999999998,4.653152,3.134589,5.98208,0.09416436292210784,0.08320005156604482,11.99898621998295,False,-0.03919995925645853,0.08320005156604482,0.020200045995638516,-1.4464808796751393e-17,2.458611912735999e-17,-1.0121310330608596e-17
792,6-stretch-all-three-axes,stretch-x-minus-0.040-y-plus-0.080-z-plus-0.040,1.7711199999999998,3.837211,9.540234,11.311354,0,21,0.6572389999999997,0.957687,1.6149259999999996,0,10.452816,21.344136,3.657465,1.7711199999999998,4.490361999999999,2.895606000000001,5.2610220000000005,8.924664,11.82027,0,21,0.6954909999999996,1.0107,1.7061909999999996,0,12.428916999999998,23.567213000000002,4.862254999999999,2.895606000000001,5.725073999999999,0.10061575069628005,0.08320005156604482,12.23426045959046,False,-0.03919995925645853,0.08320005156604482,0.04080004781707314,4.8992664547309467e-17,-3.887135421670087e-17,-1.0121310330608598e-17
793,6-stretch-all-three-axes,stretch-x-minus-0.040-y-plus-0.080-z-plus-0.060,1.5585839999999997,3.6761789999999994,9.333826,10.89241,0,21,0.32624099999999956,1.200171000000001,1.5264120000000005,0,10.126662999999999,21.153317,3.8496869999999994,1.5585839999999997,4.255507,2.667712999999999,5.088388999999999,8.725946,11.393659,0,21,0.34540799999999994,1.2678970000000005,1.6133050000000004,0,12.077288,23.367258,5.056905,2.667712999999999,5.477378999999999,0.11080673050854793,0.08320005156604482,12.46953469919797,False,-0.03919995925645853,0.08320005156604482,0.0618000496738752,6.320676852515874e-17,-5.308545819455014e-17,-1.01213103306086e-17
794,6-stretch-all-three-axes,stretch-x-minus-0.040-y-plus-0.080-z-plus-0.080,1.3561379999999996,3.5226729999999993,9.13865,10.494788,0,21,2.000000000279556e-06,1.4425590000000001,1.4425610000000004,0,9.677961999999999,20.971797000000002,4.028895,1.3561379999999996,4.028895,2.449922000000001,4.923299,8.539017,10.988939,0,21,1.000000000139778e-06,1.5254209999999997,1.5254219999999998,0,11.581739,23.177386,5.237955000000001,2.449922000000001,5.237955000000001,0.12402069975166663,0.08320005156604482,12.704808938805472,False,-0.03919995925645853,0.08320005156604482,0.08320005156604482,1.0695925015724556e-17,-5.746146851159604e-19,-1.0121310330608596e-17
795,6-stretch-all-three-axes,stretch-x-minus-0.060-y-minus-0.020-z-minus-0.020,3.330020000000001,5.100031000000001,11.696931,15.026951,0,21,9.999999992515995e-07,0.644952,0.6449529999999992,0,12.732004,23.329606,4.424854,3.330020000000001,4.424854,4.5679479999999995,6.618145999999999,11.019831,15.587779,0,21,9.999999992515995e-07,0.6779580000000003,0.6779589999999995,0,14.643747000000001,25.65488,5.702548,4.5679479999999995,5.702548,0.06458569570935926,0.05819996093642227,10.243052514270275,False,-0.05819996093642227,-0.019799957541127067,-0.019799957541127067,2.1268800597061615e-17,-1.7821153653880384e-17,-3.44764694318123e-18
796,6-stretch-all-three-axes,stretch-x-minus-0.060-y-minus-0.020-z-minus-0.040,3.640970000000001,5.333245,11.926756,15.567726,0,21,0.3642259999999986,0.32212700000000005,0.6863529999999987,0,13.013055,23.535487,4.2047989999999995,3.640970000000001,4.7393979999999996,4.896559,6.865141999999999,11.241364,16.137923,0,21,0.3833370000000009,0.33829700000000074,0.7216340000000017,0,14.952088,25.871996000000003,5.480902999999998,4.896559,6.033726999999999,0.0729102912992365,0.05819996093642227,10.034010626223937,False,-0.05819996093642227,-0.019799957541127067,-0.03919995925645853,1.5407748121277124e-17,-1.1960101178095895e-17,-3.44764694318123e-18
797,6-stretch-all-three-axes,stretch-x-minus-0.060-y-minus-0.020-z-minus-0.060,3.9695980000000013,5.579926,12.1709,16.140498,0,21,0.7304340000000007,2.9999999995311555e-06,0.7304370000000002,0,13.383887000000001,23.753463,3.9695980000000013,3.9695980000000013,5.0708839999999995,5.243194000000001,7.125991999999998,11.477828,16.721022,0,21,0.7681919999999991,3.0000000013075123e-06,0.7681950000000004,0,15.272577,26.102085000000002,5.243194000000001,5.243194000000001,6.382150000000001,0.08465523743178913,0.05819996093642227,9.824968738177606,False,-0.05819996093642227,-0.019799957541127067,-0.05819996093642227,3.4476469431812308e-18,-4.186208814925584e-34,-3.44764694318123e-18
798,6-stretch-all-three-axes,stretch-x-minus-0.060-y-minus-0.020-z-minus-0.080,3.3974519999999995,5.232853,12.751235,16.148687,0,144,0.7774089999999987,0.32094500000000004,1.0983539999999987,0,13.357714,24.304899,3.3974519999999995,3.997090000000002,5.100349,4.651928,6.768649999999999,12.066722,16.71865,0,144,0.8179280000000002,0.33646500000000046,1.1543930000000007,0,15.191287999999998,26.682206,4.651928,5.273484999999999,6.413316,0.09837432604128646,0.07679996258101834,9.615926850131276,False,-0.05819996093642227,-0.019799957541127067,-0.07679996258101834,-8.00774545058323e-18,1.145539239376446e-17,-3.4476469431812304e-18
799,6-stretch-all-three-axes,stretch-x-minus-0.060-y-minus-0.020-z-plus-0.020,2.7546149999999994,4.669202,11.27669,14.031305,0,21,0.7208109999999994,0.5693040000000007,1.2901150000000001,0,12.206649,22.950363000000003,4.822570999999998,2.7546149999999994,3.8398149999999998,3.9579400000000007,6.160451000000002,10.617928,14.575868,0,21,0.7601230000000001,0.5982969999999987,1.3584199999999989,0,14.037085000000001,25.255682,6.101172000000002,3.9579400000000007,5.0849720000000005,0.06470947094403896,0.05819996093642227,10.66113629036294,False,-0.05819996093642227,-0.019799957541127067,0.020200045995638516,-9.178371006082866e-18,1.2626017949264096e-17,-3.4476469431812304e-18
800,6-stretch-all-three-axes,stretch-x-minus-0.060-y-minus-0.020-z-plus-0.040,2.4872690000000013,4.46959,11.084539,13.571808,0,21,1.0761140000000005,0.5346799999999998,1.6107940000000003,0,11.650831,22.775427,5.001560000000001,2.4872690000000013,3.566505000000001,3.673551,5.947583999999999,10.435751,14.109302,0,21,1.1355950000000004,0.5619239999999994,1.6975189999999998,0,13.723464,25.071896000000002,6.279722,3.673551,4.795637000000001,0.07378290908812804,0.05819996093642227,10.870178178409269,False,-0.05819996093642227,-0.019799957541127067,0.04080004781707314,5.4279102337977996e-17,-5.083145539479676e-17,-3.447646943181232e-18
801,6-stretch-all-three-axes,stretch-x-minus-0.060-y-minus-0.020-z-plus-0.060,2.2318929999999995,4.279355000000001,10.903295,13.135188,0,21,1.4270250000000004,0.5019749999999998,1.9290000000000003,0,11.185008,22.609423,5.168281,2.2318929999999995,3.304378,3.401294,5.744161999999999,10.264938,13.666232,0,21,1.5069400000000002,0.5275970000000001,2.0345370000000003,0,13.144998999999999,24.897725,6.445540999999999,3.401294,4.5176739999999995,0.08716948956673404,0.0618000496738752,11.079220066455601,False,-0.05819996093642227,-0.019799957541127067,0.0618000496738752,6.849320631582727e-17,-6.504555937264604e-17,-3.447646943181233e-18
802,6-stretch-all-three-axes,stretch-x-minus-0.060-y-minus-0.020-z-plus-0.080,1.9874180000000017,4.097804,10.732202,12.71962,0,21,1.7728110000000008,0.47103999999999857,2.2438509999999994,0,10.596512000000002,22.451521,5.323424000000001,1.9874180000000017,3.0524650000000015,3.140078000000001,5.549439000000001,10.1047,13.244778,0,21,1.8732959999999999,0.4951629999999998,2.3684589999999996,0,12.535821,24.732294,6.59942,3.140078000000001,4.2500420000000005,0.10344816263338866,0.08320005156604482,11.288261954501934,False,-0.05819996093642227,-0.019799957541127067,0.08320005156604482,1.5982362806393085e-17,-1.2534715863211855e-17,-3.44764694318123e-18
803,6-stretch-all-three-axes,stretch-x-minus-0.060-y-minus-0.040-z-minus-0.020,3.640970000000001,5.333245,11.926756,15.567726,0,21,0.3642259999999986,0.32212700000000005,0.6863529999999987,0,13.013055,23.535487,4.7393979999999996,3.640970000000001,4.2047989999999995,4.896559,6.865141999999999,11.241364,16.137923,0,21,0.3833370000000009,0.33829700000000074,0.7216340000000017,0,14.952088,25.871996000000003,6.033726999999999,4.896559,5.480902999999998,0.0729102912992365,0.05819996093642227,10.034010626223937,False,-0.05819996093642227,-0.03919995925645853,-0.019799957541127067,1.5407748121277124e-17,-1.7821153653880384e-17,2.413405532603259e-18
804,6-stretch-all-three-axes,stretch-x-minus-0.060-y-minus-0.040-z-minus-0.040,3.964009000000001,5.576765999999999,12.147202,16.111211,0,21,4.000000000559112e-06,0.3431709999999999,0.34317500000000045,0,13.456444000000001,23.731821,4.5295619999999985,3.964009000000001,4.5295619999999985,5.237750999999999,7.122942999999999,11.452679,16.69043,0,21,1.999999998503199e-06,0.3604850000000006,0.3604869999999991,0,15.280676,26.079038,5.823277999999998,5.237750999999999,5.823277999999998,0.08037729196991582,0.05819996093642227,9.829234899158147,False,-0.05819996093642227,-0.03919995925645853,-0.03919995925645853,9.546695645492635e-18,-1.1960101178095895e-17,2.413405532603259e-18
805,6-stretch-all-three-axes,stretch-x-minus-0.060-y-minus-0.040-z-minus-0.060,4.305194,5.8342649999999985,12.381467,16.686661,0,21,0.3655849999999994,1.0000000010279564e-06,0.3655860000000004,0,13.790316999999998,23.939722000000003,4.305194,4.305194,4.872015000000001,5.597388000000002,7.3951860000000025,11.678427,17.275815,0,21,0.38417300000000054,9.999999992515995e-07,0.3841739999999998,0,15.619068000000002,26.298541,5.597388000000002,5.597388000000002,6.183628000000002,0.0911652768970191,0.05819996093642227,9.624459172092353,False,-0.05819996093642227,-0.03919995925645853,-0.05819996093642227,-2.413405532603259e-18,-4.186208814925584e-34,2.413405532603259e-18
806,6-stretch-all-three-axes,stretch-x-minus-0.060-y-minus-0.040-z-minus-0.080,3.7228350000000017,5.474408000000002,12.973078,16.695913,0,144,0.38949100000000136,0.34263399999999855,0.7321249999999999,0,13.68259,24.502327,3.7228350000000017,4.323832000000001,4.891485000000001,4.995932999999999,7.024486999999999,12.278749,17.274682,0,144,0.4094630000000006,0.35932799999999965,0.7687910000000002,0,15.516782000000001,26.890267,4.995932999999999,5.6183,6.204815999999999,0.10402935408409929,0.07679996258101834,9.419683445026555,False,-0.05819996093642227,-0.03919995925645853,-0.07679996258101834,-1.386879792636772e-17,1.145539239376446e-17,2.4134055326032586e-18
807,6-stretch-all-three-axes,stretch-x-minus-0.060-y-minus-0.040-z-plus-0.020,3.0421500000000012,4.883115000000002,11.523983,14.566133,0,21,1.086233,0.28367899999999935,1.3699119999999994,0,12.161031,23.173952,5.118347000000002,3.0421500000000012,3.6014090000000003,4.262255,6.387150999999999,10.858483,15.120738,0,21,1.144820000000001,0.2978299999999994,1.4426500000000004,0,14.265882000000001,25.491429,6.411742,4.262255,4.843083,0.07301995697708263,0.05819996093642227,10.443562080355527,False,-0.05819996093642227,-0.03919995925645853,0.020200045995638516,-1.5039423481867355e-17,1.2626017949264096e-17,2.4134055326032586e-18
808,6-stretch-all-three-axes,stretch-x-minus-0.060-y-minus-0.040-z-plus-0.040,2.763555,4.6743890000000015,11.339934,14.103489,0,21,1.4425159999999995,0.2660929999999997,1.7086089999999992,0,12.035198000000001,23.0073,5.288745000000002,2.763555,3.319922,3.9662679999999995,6.164759999999999,10.6851,14.651368,0,21,1.5214189999999999,0.27935700000000097,1.8007760000000008,0,13.969382000000001,25.316329,6.580909,3.9662679999999995,4.544725,0.08116967512922878,0.05819996093642227,10.648337807421324,False,-0.05819996093642227,-0.03919995925645853,0.04080004781707314,4.8418049862193506e-17,-5.083145539479676e-17,2.413405532603257e-18
809,6-stretch-all-three-axes,stretch-x-minus-0.060-y-minus-0.040-z-plus-0.060,2.4971949999999996,4.475458999999999,11.166401,13.663596,0,21,1.794492,0.24948299999999968,2.0439749999999997,0,11.473661,22.849064,5.447340999999998,2.4971949999999996,3.0502839999999996,3.682671000000001,5.952189000000002,10.52268,14.205351,0,21,1.8940040000000007,0.2619239999999987,2.1559279999999994,0,13.440678,25.150287,6.7378219999999995,3.682671000000001,4.258368000000001,0.09350464372640821,0.0618000496738752,10.853113534487118,False,-0.05819996093642227,-0.03919995925645853,0.0618000496738752,6.263215384004278e-17,-6.504555937264604e-17,2.413405532603256e-18
810,6-stretch-all-three-axes,stretch-x-minus-0.060-y-minus-0.040-z-plus-0.080,2.2420100000000005,4.285569000000001,11.002614,13.244624,0,21,2.1413580000000003,0.2337739999999986,2.375131999999999,0,10.867104,22.698513,5.594835999999999,2.2420100000000005,2.7914510000000003,3.410404999999999,5.748675999999998,10.370392,13.780797,0,21,2.2616119999999995,0.24545500000000153,2.507067000000001,0,12.78766,24.992542,6.883314999999998,3.410404999999999,3.9829789999999985,0.10883988625178549,0.08320005156604482,11.057889261552914,False,-0.05819996093642227,-0.03919995925645853,0.08320005156604482,1.0121310330608596e-17,-1.2534715863211855e-17,2.413405532603259e-18
811,6-stretch-all-three-axes,stretch-x-minus-0.060-y-minus-0.060-z-minus-0.020,3.9695980000000013,5.579926,12.1709,16.140498,0,21,0.7304340000000007,2.9999999995311555e-06,0.7304370000000002,0,13.383887000000001,23.753463,5.0708839999999995,3.9695980000000013,3.9695980000000013,5.243194000000001,7.125991999999998,11.477828,16.721022,0,21,0.7681919999999991,3.0000000013075123e-06,0.7681950000000004,0,15.272577,26.102085000000002,6.382150000000001,5.243194000000001,5.243194000000001,0.08465523743178913,0.05819996093642227,9.824968738177606,False,-0.05819996093642227,-0.05819996093642227,-0.019799957541127067,3.44764694318123e-18,-1.7821153653880384e-17,1.4373506710699154e-17
812,6-stretch-all-three-axes,stretch-x-minus-0.060-y-minus-0.060-z-minus-0.040,4.305194,5.8342649999999985,12.381467,16.686661,0,21,0.3655860000000004,1.0000000010279564e-06,0.36558700000000144,0,13.790316999999998,23.939722000000003,4.872015000000001,4.305194,4.305194,5.597388000000002,7.3951860000000025,11.678427,17.275815,0,21,0.38417300000000054,9.999999992515995e-07,0.3841739999999998,0,15.619068000000002,26.298541,6.183628000000002,5.597388000000002,5.597388000000002,0.0911652768970191,0.05819996093642227,9.624459172092347,False,-0.05819996093642227,-0.05819996093642227,-0.03919995925645853,-2.413405532603259e-18,-1.1960101178095895e-17,1.4373506710699154e-17
813,6-stretch-all-three-axes,stretch-x-minus-0.060-y-minus-0.060-z-minus-0.060,4.659193999999999,6.103109,12.605342,17.264536,0,21,0.0,2.000000000279556e-06,2.000000000279556e-06,0,14.139841999999998,24.137004,4.659193999999999,4.659193999999999,4.659193999999999,5.970468,7.67925,11.892785,17.863253,0,21,0.0,9.999999992515995e-07,9.999999992515995e-07,0,15.97327,26.506705,5.970468,5.970468,5.970468,0.10080528934040729,0.05819996093642227,9.423949606007092,False,-0.05819996093642227,-0.05819996093642227,-0.05819996093642227,-1.4373506710699154e-17,-4.186208814925584e-34,1.4373506710699154e-17
814,6-stretch-all-three-axes,stretch-x-minus-0.060-y-minus-0.060-z-minus-0.080,4.066024999999998,5.729722999999998,13.20912,17.275145,0,144,0.0,0.36575100000000127,0.36575100000000127,0,14.010651999999999,24.711511,4.066024999999998,4.667979999999998,4.667979999999998,5.358089,7.294373,12.505564,17.863653,0,144,9.999999992515995e-07,0.3837200000000003,0.38372099999999953,0,15.849174999999999,27.110909,5.358089,5.980839,5.980839,0.11257311028148762,0.07679996258101834,9.223440039921831,False,-0.05819996093642227,-0.05819996093642227,-0.07679996258101834,-2.5828899104463616e-17,1.145539239376446e-17,1.4373506710699154e-17
815,6-stretch-all-three-axes,stretch-x-minus-0.060-y-minus-0.060-z-plus-0.020,3.346748999999999,5.109525999999999,11.786473,15.133222,0,21,1.4547830000000008,2.000000000279556e-06,1.454785000000001,0,12.746845999999998,23.41046,5.429686999999998,3.346748999999999,3.346748999999999,4.583932000000001,6.6267260000000014,11.114946,15.698878,0,21,1.5324019999999994,2.9999999995311555e-06,1.532404999999999,0,14.576477,25.741096,6.738125,4.583932000000001,4.583932000000001,0.08474970657310896,0.05819996093642227,10.22598787034812,False,-0.05819996093642227,-0.05819996093642227,0.020200045995638516,-2.6999524659963248e-17,1.2626017949264096e-17,1.4373506710699154e-17
816,6-stretch-all-three-axes,stretch-x-minus-0.060-y-minus-0.060-z-plus-0.040,3.056600999999999,4.891361,11.610924,14.667525,0,21,1.8125499999999999,1.0000000010279564e-06,1.812551000000001,0,12.386945999999998,23.252318000000002,5.590934000000001,3.056600999999999,3.056600999999999,4.27595,6.394364000000001,10.950842,15.226792,0,21,1.9107120000000002,9.999999992515995e-07,1.9107129999999994,0,14.216877000000002,25.574979,6.897221,4.27595,4.27595,0.09186465483458592,0.05819996093642227,10.426497436433381,False,-0.05819996093642227,-0.05819996093642227,0.04080004781707314,3.645794868409761e-17,-5.083145539479676e-17,1.437350671069915e-17
817,6-stretch-all-three-axes,stretch-x-minus-0.060-y-minus-0.060-z-plus-0.060,2.7789889999999993,4.683252999999999,11.445455,14.224444,0,21,2.166148999999999,1.0000000010279564e-06,2.16615,0,11.768882,23.102454,5.7407699999999995,2.7789889999999993,2.7789889999999993,3.980749000000001,6.17221,10.797182,14.777931,0,21,2.2851719999999993,0.0,2.2851719999999993,0,13.742984,25.41769,7.044619000000001,3.980749000000001,3.980749000000001,0.10292578416361761,0.0618000496738752,10.627007002518639,False,-0.05819996093642227,-0.05819996093642227,0.0618000496738752,5.067205266194688e-17,-6.504555937264604e-17,1.437350671069915e-17
818,6-stretch-all-three-axes,stretch-x-minus-0.060-y-minus-0.060-z-plus-0.080,2.512841,4.484601,11.289341,13.802182,0,21,2.5145599999999995,2.000000000279556e-06,2.5145619999999997,0,11.144321000000001,22.959654,5.880047999999999,2.512841,2.512841,3.6971600000000002,5.959474999999999,10.653265,14.350425,0,21,2.6545820000000004,9.999999992515995e-07,2.6545829999999997,0,13.072314,25.268089,7.181141000000002,3.6971600000000002,3.6971600000000002,0.11703298460944536,0.08320005156604482,10.82751656860389,False,-0.05819996093642227,-0.05819996093642227,0.08320005156604482,-1.838790847487299e-18,-1.2534715863211855e-17,1.4373506710699154e-17
819,6-stretch-all-three-axes,stretch-x-minus-0.060-y-minus-0.080-z-minus-0.020,3.3974519999999995,5.232853,12.751235,16.148687,0,126,0.7774089999999987,0.32094500000000004,1.0983539999999987,0,13.357714,24.304899,5.100349,3.997090000000002,3.3974519999999995,4.651928,6.768649999999999,12.066722,16.71865,0,126,0.8179280000000002,0.33646500000000046,1.1543930000000007,0,15.191287999999998,26.682206,6.413316,5.273484999999999,4.651928,0.09837432604128646,0.07679996258101834,9.615926850131276,False,-0.05819996093642227,-0.07679996258101834,-0.019799957541127067,-8.007745450583232e-18,-1.7821153653880384e-17,2.5828899104463616e-17
820,6-stretch-all-three-axes,stretch-x-minus-0.060-y-minus-0.080-z-minus-0.040,3.7228350000000017,5.474408000000002,12.973078,16.695913,0,126,0.38949100000000136,0.34263399999999855,0.7321249999999999,0,13.68259,24.502327,4.891485000000001,4.323832000000001,3.7228350000000017,4.995932999999999,7.024486999999999,12.278749,17.274682,0,126,0.4094630000000006,0.35932799999999965,0.7687910000000002,0,15.516782000000001,26.890267,6.204815999999999,5.6183,4.995932999999999,0.10402935408409929,0.07679996258101834,9.419683445026552,False,-0.05819996093642227,-0.07679996258101834,-0.03919995925645853,-1.386879792636772e-17,-1.1960101178095895e-17,2.5828899104463616e-17
821,6-stretch-all-three-axes,stretch-x-minus-0.060-y-minus-0.080-z-minus-0.060,4.066024999999998,5.729722999999998,13.20912,17.275145,0,126,0.0,0.36575100000000127,0.36575100000000127,0,14.010651999999999,24.711511,4.667979999999998,4.667979999999998,4.066024999999998,5.358089,7.294373,12.505564,17.863653,0,126,9.999999992515995e-07,0.3837200000000003,0.38372099999999953,0,15.849174999999999,27.110909,5.980839,5.980839,5.358089,0.11257311028148763,0.07679996258101834,9.223440039921831,False,-0.05819996093642227,-0.07679996258101834,-0.05819996093642227,-2.5828899104463616e-17,-4.186208814925584e-34,2.5828899104463616e-17
822,6-stretch-all-three-axes,stretch-x-minus-0.060-y-minus-0.080-z-minus-0.080,4.429034,6.000272000000001,13.460354,17.889388,0,126,0.39042000000000066,0.0,0.39042000000000066,0,14.349849,24.933145000000003,4.429034,5.031480999999998,4.429034,5.740460000000001,7.579887999999999,12.748187,18.488647,0,126,0.4097830000000009,9.999999992515995e-07,0.40978400000000015,0,16.198487999999998,27.344952,5.740460000000001,6.363124000000001,5.740460000000001,0.12322217315845681,0.07679996258101834,9.027196634817114,False,-0.05819996093642227,-0.07679996258101834,-0.07679996258101834,-3.728429149822808e-17,1.145539239376446e-17,2.5828899104463616e-17
823,6-stretch-all-three-axes,stretch-x-minus-0.060-y-minus-0.080-z-plus-0.020,2.7936370000000004,4.785993000000001,12.346477,15.140114,0,126,1.545186000000001,0.28136199999999967,1.8265480000000007,0,12.693656,23.942168000000002,5.477214,3.3890849999999997,2.7936370000000004,4.0117259999999995,6.293765999999998,11.683125,15.694851,0,126,1.6281749999999988,0.2948250000000012,1.923,0,14.531295,26.300455,6.787535999999999,4.630236,4.0117259999999995,0.09845563246291605,0.07679996258101834,10.008413660340716,False,-0.05819996093642227,-0.07679996258101834,0.020200045995638516,-3.8454917053727713e-17,1.2626017949264096e-17,2.5828899104463616e-17
824,6-stretch-all-three-axes,stretch-x-minus-0.060-y-minus-0.080-z-plus-0.040,2.512416,4.57874,12.161745,14.674161,0,126,1.9232230000000001,0.2632639999999995,2.1864869999999996,0,12.03631,23.774999,5.646737000000002,3.105163000000001,2.512416,3.712586,6.072631999999999,11.509736,15.222322,0,126,2.0279890000000016,0.2758129999999994,2.303802000000001,0,14.039456000000001,26.124901,6.9548960000000015,4.328949999999999,3.712586,0.1046427905176575,0.07679996258101834,10.204657065445435,False,-0.05819996093642227,-0.07679996258101834,0.04080004781707314,2.5002556290333147e-17,-5.083145539479676e-17,2.5828899104463613e-17
825,6-stretch-all-three-axes,stretch-x-minus-0.060-y-minus-0.080-z-plus-0.060,2.243414999999999,4.381122000000001,11.987669,14.231084,0,126,2.296055000000001,0.24617600000000017,2.542231000000001,0,11.373090000000001,23.616458,5.804351999999998,2.8330509999999993,2.243414999999999,3.4258349999999993,5.861145999999998,11.347445,14.77328,0,126,2.4228520000000007,0.2578849999999999,2.6807370000000006,0,13.329411,25.958598000000002,7.110019000000001,4.039643,3.4258349999999993,0.11447583083402513,0.07679996258101834,10.400900470550154,False,-0.05819996093642227,-0.07679996258101834,0.0618000496738752,3.921666026818242e-17,-6.504555937264604e-17,2.5828899104463613e-17
826,6-stretch-all-three-axes,stretch-x-minus-0.060-y-minus-0.080-z-plus-0.080,1.985631999999999,4.192452999999999,11.823444,13.809076,0,126,2.6627449999999993,0.2300260000000005,2.8927709999999998,0,10.745337999999999,23.465668,5.950912000000001,2.5717599999999994,1.985631999999999,3.150488000000001,5.658599000000001,11.19535,14.345838,0,126,2.811662,0.2409409999999994,3.0526029999999995,0,12.656098000000002,25.800663999999998,7.253854000000002,3.761343,3.150488000000001,0.12730953729410618,0.08320005156604482,10.597143875654874,False,-0.05819996093642227,-0.07679996258101834,0.08320005156604482,-1.3294183241251761e-17,-1.2534715863211855e-17,2.5828899104463616e-17
827,6-stretch-all-three-axes,stretch-x-minus-0.060-y-plus-0.020-z-minus-0.020,2.7546149999999994,4.669202,11.27669,14.031305,0,21,0.7208109999999994,0.5693040000000007,1.2901150000000001,0,12.206649,22.950363000000003,3.8398149999999998,2.7546149999999994,4.822570999999998,3.9579400000000007,6.160451000000002,10.617928,14.575868,0,21,0.7601230000000001,0.5982969999999987,1.3584199999999989,0,14.037085000000001,25.255682,5.0849720000000005,3.9579400000000007,6.101172000000002,0.06470947094403898,0.05819996093642227,10.661136290362931,False,-0.05819996093642227,0.020200045995638516,-0.019799957541127067,-9.178371006082864e-18,-1.7821153653880384e-17,2.6999524659963248e-17
828,6-stretch-all-three-axes,stretch-x-minus-0.060-y-plus-0.020-z-minus-0.040,3.0421500000000012,4.883115000000002,11.523983,14.566133,0,21,1.0862339999999993,0.2836780000000001,1.3699119999999994,0,12.161031,23.173952,3.6014090000000003,3.0421500000000012,5.118347000000002,4.262255,6.387150999999999,10.858483,15.120738,0,21,1.144820000000001,0.2978299999999994,1.4426500000000004,0,14.265882000000001,25.491429,4.843083,4.262255,6.411742,0.07301995697708263,0.05819996093642227,10.443562080355527,False,-0.05819996093642227,0.020200045995638516,-0.03919995925645853,-1.5039423481867355e-17,-1.1960101178095895e-17,2.6999524659963248e-17
829,6-stretch-all-three-axes,stretch-x-minus-0.060-y-plus-0.020-z-minus-0.060,3.346748999999999,5.109525999999999,11.786473,15.133222,0,21,1.4547830000000008,2.000000000279556e-06,1.454785000000001,0,12.746845999999998,23.41046,3.346748999999999,3.346748999999999,5.429686999999998,4.583932000000001,6.6267260000000014,11.114946,15.698878,0,21,1.5324019999999994,2.9999999995311555e-06,1.532404999999999,0,14.576477,25.741096,4.583932000000001,4.583932000000001,6.738125,0.08474970657310896,0.05819996093642227,10.22598787034812,False,-0.05819996093642227,0.020200045995638516,-0.05819996093642227,-2.6999524659963248e-17,-4.186208814925584e-34,2.6999524659963248e-17
830,6-stretch-all-three-axes,stretch-x-minus-0.060-y-plus-0.020-z-minus-0.080,2.7936359999999993,4.785993000000001,12.346477,15.140113,0,144,1.545186000000001,0.28136199999999967,1.8265480000000007,0,12.693656,23.942168000000002,2.7936359999999993,3.3890849999999997,5.477214,4.0117259999999995,6.293765999999998,11.683125,15.694851,0,144,1.6281749999999988,0.2948250000000012,1.923,0,14.531295,26.300455,4.0117259999999995,4.630236,6.787535999999999,0.09845563246291605,0.07679996258101834,10.008413660340713,False,-0.05819996093642227,0.020200045995638516,-0.07679996258101834,-3.845491705372771e-17,1.145539239376446e-17,2.6999524659963248e-17
831,6-stretch-all-three-axes,stretch-x-minus-0.060-y-plus-0.020-z-plus-0.020,2.224208000000001,4.274572000000001,10.823958,13.048166,0,21,0.0,1.1441020000000002,1.1441020000000002,0,11.680393,22.538244,4.271103,2.224208000000001,4.271103,3.3944539999999996,5.740754000000001,10.180724,13.575178,0,21,9.999999992515995e-07,1.204675,1.2046759999999992,0,13.522401,24.822015999999998,5.520588,3.3944539999999996,5.520588,0.06483300987500812,0.05819996093642227,11.096284710377745,False,-0.05819996093642227,0.020200045995638516,0.020200045995638516,-3.962554260922734e-17,1.2626017949264096e-17,2.6999524659963248e-17
832,6-stretch-all-three-axes,stretch-x-minus-0.060-y-plus-0.020-z-plus-0.040,1.978530000000001,4.091886000000001,10.616715,12.595245,0,21,0.354533,1.0772129999999986,1.4317459999999986,0,11.41555,22.348159,4.465563000000001,1.978530000000001,4.012796000000002,3.132455,5.545712,9.982146,13.114601,0,21,0.3745710000000013,1.1344069999999995,1.5089780000000008,0,13.263872,24.622412,5.716170999999999,3.132455,5.247890999999999,0.07389127968239854,0.05819996093642227,11.313858920385155,False,-0.05819996093642227,0.020200045995638516,0.04080004781707314,2.3831930734833515e-17,-5.083145539479676e-17,2.6999524659963245e-17
833,6-stretch-all-three-axes,stretch-x-minus-0.060-y-plus-0.020-z-plus-0.060,1.744301,3.917864999999999,10.421115,12.165416,0,21,0.7044169999999994,1.0139890000000005,1.7184059999999999,0,11.151696999999999,22.16778,4.646898,1.744301,3.764512,2.88199,5.3593720000000005,9.795753,12.677743,0,21,0.744707,1.0680709999999998,1.8127779999999998,0,13.006105,24.433259,5.898036000000001,2.88199,4.985314000000001,0.08726123681750352,0.0618000496738752,11.53143313039256,False,-0.05819996093642227,0.020200045995638516,0.0618000496738752,3.804603471268279e-17,-6.504555937264604e-17,2.6999524659963245e-17
834,6-stretch-all-three-axes,stretch-x-minus-0.060-y-plus-0.020-z-plus-0.080,1.5204699999999995,3.7518410000000006,10.236369,11.756839,0,21,1.0490849999999998,0.9541590000000006,2.0032440000000005,0,10.708266000000002,21.99625,4.815758000000001,1.5204699999999995,3.5253320000000006,2.641997,5.181016,9.620706,12.262703,0,21,1.1097419999999998,1.0053800000000006,2.1151220000000004,0,12.715113999999998,24.253646,6.066976,2.641997,4.731878,0.10352548426266601,0.08320005156604482,11.749007340399967,False,-0.05819996093642227,0.020200045995638516,0.08320005156604482,-1.4464808796751393e-17,-1.2534715863211855e-17,2.6999524659963248e-17
835,6-stretch-all-three-axes,stretch-x-minus-0.060-y-plus-0.040-z-minus-0.020,2.4872690000000013,4.46959,11.084539,13.571808,0,21,1.0761140000000005,0.5346799999999998,1.6107940000000003,0,11.650831,22.775427,3.566505000000001,2.4872690000000013,5.001560000000001,3.673551,5.947583999999999,10.435751,14.109302,0,21,1.1355950000000004,0.5619239999999994,1.6975189999999998,0,13.723464,25.071896000000002,4.795637000000001,3.673551,6.279722,0.07378290908812804,0.05819996093642227,10.870178178409265,False,-0.05819996093642227,0.04080004781707314,-0.019799957541127067,5.427910233797799e-17,-1.7821153653880384e-17,-3.645794868409761e-17
836,6-stretch-all-three-axes,stretch-x-minus-0.060-y-plus-0.040-z-minus-0.040,2.763555,4.6743890000000015,11.339934,14.103489,0,21,1.4425159999999995,0.2660929999999997,1.7086089999999992,0,12.035197,23.0073,3.319922,2.763555,5.288745000000002,3.9662679999999995,6.164759999999999,10.6851,14.651368,0,21,1.5214189999999999,0.27935700000000097,1.8007760000000008,0,13.969382000000001,25.316329,4.544725,3.9662679999999995,6.580909,0.08116967512922878,0.05819996093642227,10.648337807421324,False,-0.05819996093642227,0.04080004781707314,-0.03919995925645853,4.8418049862193506e-17,-1.1960101178095897e-17,-3.645794868409761e-17
837,6-stretch-all-three-axes,stretch-x-minus-0.060-y-plus-0.040-z-minus-0.060,3.056600999999999,4.891361,11.610924,14.667525,0,21,1.8125499999999999,1.0000000010279564e-06,1.812551000000001,0,12.386945999999998,23.252318000000002,3.056600999999999,3.056600999999999,5.590934000000001,4.27595,6.394364000000001,10.950842,15.226792,0,21,1.9107120000000002,9.999999992515995e-07,1.9107129999999994,0,14.216877000000002,25.574979,4.27595,4.27595,6.897221,0.09186465483458592,0.05819996093642227,10.426497436433381,False,-0.05819996093642227,0.04080004781707314,-0.05819996093642227,3.645794868409761e-17,-1.959364837002347e-33,-3.645794868409761e-17
838,6-stretch-all-three-axes,stretch-x-minus-0.060-y-plus-0.040-z-minus-0.080,2.512416,4.57874,12.161745,14.674161,0,144,1.9232230000000001,0.2632639999999995,2.1864869999999996,0,12.03631,23.774999,2.512416,3.105163000000001,5.646737000000002,3.712586,6.072631999999999,11.509736,15.222322,0,144,2.0279890000000016,0.2758129999999994,2.303802000000001,0,14.039456000000001,26.124901,3.712586,4.328949999999999,6.9548960000000015,0.1046427905176575,0.07679996258101834,10.204657065445435,False,-0.05819996093642227,0.04080004781707314,-0.07679996258101834,2.5002556290333147e-17,1.1455392393764459e-17,-3.645794868409761e-17
839,6-stretch-all-three-axes,stretch-x-minus-0.060-y-plus-0.040-z-plus-0.020,1.978530000000001,4.091886000000001,10.616715,12.595245,0,21,0.354533,1.0772129999999986,1.4317459999999986,0,11.41555,22.348159,4.012796000000002,1.978530000000001,4.465563000000001,3.132455,5.545712,9.982146,13.114601,0,21,0.3745710000000013,1.1344069999999995,1.5089780000000008,0,13.263872,24.622412,5.247890999999999,3.132455,5.716170999999999,0.07389127968239854,0.05819996093642227,11.313858920385155,False,-0.05819996093642227,0.04080004781707314,0.020200045995638516,2.3831930734833515e-17,1.2626017949264094e-17,-3.645794868409761e-17
840,6-stretch-all-three-axes,stretch-x-minus-0.060-y-plus-0.040-z-plus-0.040,1.7432859999999994,3.9171060000000004,10.402464,12.14575,0,21,0.0,1.3496769999999998,1.3496769999999998,0,11.170733,22.151077,4.2141210000000004,1.7432859999999994,4.2141210000000004,2.8811970000000002,5.359000999999999,9.775973,12.65717,0,21,9.999999992515995e-07,1.4227670000000003,1.4227679999999996,0,13.025058999999999,24.415533,5.451065999999999,2.8811970000000002,5.451065999999999,0.08195439742168803,0.05819996093642227,11.535699291373101,False,-0.05819996093642227,0.04080004781707314,0.04080004781707314,8.728940407889437e-17,-5.083145539479676e-17,-3.645794868409761e-17
841,6-stretch-all-three-axes,stretch-x-minus-0.060-y-plus-0.040-z-plus-0.060,1.5192489999999985,3.7506569999999986,10.200183,11.719432,0,21,0.3497489999999992,1.2720840000000013,1.6218330000000005,0,10.924839999999998,21.964124,4.401938999999999,1.5192489999999985,3.972159999999999,2.6412049999999994,5.180645999999999,9.582344,12.223549,0,21,0.3699710000000005,1.3413850000000007,1.7113560000000012,0,12.784359999999998,24.219534000000003,5.640084,2.6412049999999994,5.195500999999998,0.09418665242256981,0.0618000496738752,11.757539662361046,False,-0.05819996093642227,0.04080004781707314,0.0618000496738752,1.0150350805674364e-16,-6.504555937264604e-17,-3.645794868409761e-17
842,6-stretch-all-three-axes,stretch-x-minus-0.060-y-plus-0.040-z-plus-0.080,1.305356999999999,3.591887,10.009085,11.314442,0,21,0.69421,1.1986110000000014,1.8928210000000014,0,10.682433999999999,21.786299,4.576841999999999,1.305356999999999,3.738785,2.4114079999999998,5.009945,9.400441,11.811849,0,21,0.7347470000000005,1.264412,1.9991590000000006,0,12.545959,24.033436000000002,5.815707999999999,2.4114079999999998,4.948537999999999,0.10942635850410563,0.08320005156604482,11.979380033348988,False,-0.05819996093642227,0.04080004781707314,0.08320005156604482,4.8992664547309467e-17,-1.2534715863211856e-17,-3.645794868409761e-17
843,6-stretch-all-three-axes,stretch-x-minus-0.060-y-plus-0.060-z-minus-0.020,2.2318929999999995,4.279355000000001,10.903295,13.135188,0,21,1.4270250000000004,0.5019749999999998,1.9290000000000003,0,11.185008,22.609423,3.304378,2.2318929999999995,5.168281,3.401294,5.744161999999999,10.264938,13.666232,0,21,1.5069400000000002,0.5275970000000001,2.0345370000000003,0,13.144998999999999,24.897725,4.5176739999999995,3.401294,6.445540999999999,0.08716948956673404,0.0618000496738752,11.079220066455596,False,-0.05819996093642227,0.0618000496738752,-0.019799957541127067,6.849320631582727e-17,-1.7821153653880387e-17,-5.067205266194688e-17
844,6-stretch-all-three-axes,stretch-x-minus-0.060-y-plus-0.060-z-minus-0.040,2.4971949999999996,4.475458999999999,11.166401,13.663596,0,21,1.794492,0.24948299999999968,2.0439749999999997,0,11.473661,22.849064,3.0502839999999996,2.4971949999999996,5.447340999999998,3.682671000000001,5.952189000000002,10.52268,14.205351,0,21,1.8940040000000007,0.2619239999999987,2.1559279999999994,0,13.440678,25.150287,4.258368000000001,3.682671000000001,6.7378219999999995,0.09350464372640821,0.0618000496738752,10.853113534487118,False,-0.05819996093642227,0.0618000496738752,-0.03919995925645853,6.263215384004278e-17,-1.1960101178095898e-17,-5.067205266194688e-17
845,6-stretch-all-three-axes,stretch-x-minus-0.060-y-plus-0.060-z-minus-0.060,2.7789889999999993,4.683252999999999,11.445455,14.224444,0,21,2.166148999999999,1.0000000010279564e-06,2.16615,0,11.768883,23.102454,2.7789889999999993,2.7789889999999993,5.7407710000000005,3.980749000000001,6.17221,10.797182,14.777931,0,21,2.2851719999999993,0.0,2.2851719999999993,0,13.742984,25.41769,3.980749000000001,3.980749000000001,7.044619000000001,0.10292578416361761,0.0618000496738752,10.627007002518639,False,-0.05819996093642227,0.0618000496738752,-0.05819996093642227,5.067205266194688e-17,-3.500108792512136e-33,-5.067205266194688e-17
846,6-stretch-all-three-axes,stretch-x-minus-0.060-y-plus-0.060-z-minus-0.080,2.243414999999999,4.381122000000001,11.987669,14.231084,0,144,2.296055000000001,0.24617600000000017,2.542231000000001,0,11.373090000000001,23.616458,2.243414999999999,2.8330509999999993,5.804351999999998,3.4258349999999993,5.861145999999998,11.347445,14.77328,0,144,2.4228520000000007,0.2578849999999999,2.6807370000000006,0,13.329411,25.958598000000002,3.4258349999999993,4.039643,7.110019000000001,0.11447583083402513,0.07679996258101834,10.400900470550154,False,-0.05819996093642227,0.0618000496738752,-0.07679996258101834,3.921666026818242e-17,1.1455392393764458e-17,-5.067205266194688e-17
847,6-stretch-all-three-axes,stretch-x-minus-0.060-y-plus-0.060-z-plus-0.020,1.744299999999999,3.917864999999999,10.421115,12.165415,0,21,0.7044180000000004,1.0139890000000005,1.718407000000001,0,11.151696999999999,22.167780999999998,3.764512,1.744299999999999,4.646898,2.88199,5.3593720000000005,9.795753,12.677743,0,21,0.744707,1.0680709999999998,1.8127779999999998,0,13.006105,24.433259,4.985314000000001,2.88199,5.898036000000001,0.08726123681750352,0.0618000496738752,11.53143313039256,False,-0.05819996093642227,0.0618000496738752,0.020200045995638516,3.8046034712682784e-17,1.2626017949264093e-17,-5.067205266194688e-17
848,6-stretch-all-three-axes,stretch-x-minus-0.060-y-plus-0.060-z-plus-0.040,1.5192489999999985,3.7506569999999986,10.200183,11.719432,0,21,0.3497489999999992,1.2720840000000013,1.6218330000000005,0,10.924839999999998,21.964124,3.972159999999999,1.5192489999999985,4.401938999999999,2.6412049999999994,5.180645999999999,9.582344,12.223549,0,21,0.3699710000000005,1.3413850000000007,1.7113560000000012,0,12.784359999999998,24.219534000000003,5.195500999999998,2.6412049999999994,5.640084,0.09418665242256981,0.0618000496738752,11.757539662361046,False,-0.05819996093642227,0.0618000496738752,0.04080004781707314,1.0150350805674364e-16,-5.083145539479677e-17,-5.067205266194688e-17
849,6-stretch-all-three-axes,stretch-x-minus-0.060-y-plus-0.060-z-plus-0.060,1.3051440000000003,3.5914280000000005,9.991557,11.296701,0,21,9.999999992515995e-07,1.5304780000000004,1.5304789999999997,0,10.691005,21.770804,4.165920999999999,1.3051440000000003,4.165920999999999,2.4114060000000013,5.009917,9.381865,11.793271,0,21,1.000000000139778e-06,1.6155599999999994,1.6155609999999996,0,12.559004,24.016992000000002,5.391115000000001,2.4114060000000013,5.391115000000001,0.10500346533514007,0.0618000496738752,11.983646194329525,False,-0.05819996093642227,0.0618000496738752,0.0618000496738752,1.1571761203459292e-16,-6.504555937264604e-17,-5.067205266194688e-17
850,6-stretch-all-three-axes,stretch-x-minus-0.060-y-plus-0.060-z-plus-0.080,1.1009589999999996,3.4395260000000007,9.794409,10.895368,0,21,0.34439700000000073,1.443949,1.7883460000000007,0,10.372418000000001,21.587145,4.3464659999999995,1.1009589999999996,3.938001,2.191559,4.846518,9.193412,11.384971,0,21,0.3646940000000001,1.5249010000000007,1.8895950000000008,0,12.326078999999998,23.824856,5.572982999999999,2.191559,5.150238999999999,0.11886433516108622,0.08320005156604482,12.209752726298008,False,-0.05819996093642227,0.0618000496738752,0.08320005156604482,6.320676852515874e-17,-1.2534715863211858e-17,-5.067205266194688e-17
851,6-stretch-all-three-axes,stretch-x-minus-0.060-y-plus-0.080-z-minus-0.020,1.9874180000000017,4.097804,10.732202,12.71962,0,21,1.7728110000000008,0.47103999999999857,2.2438509999999994,0,10.596512000000002,22.451521,3.0524650000000015,1.9874180000000017,5.323424000000001,3.140078000000001,5.549439000000001,10.1047,13.244778,0,21,1.8732959999999999,0.4951629999999998,2.3684589999999996,0,12.535821,24.732294,4.2500420000000005,3.140078000000001,6.59942,0.10344816263338867,0.08320005156604482,11.288261954501934,False,-0.05819996093642227,0.08320005156604482,-0.019799957541127067,1.5982362806393085e-17,-1.7821153653880384e-17,1.838790847487299e-18
852,6-stretch-all-three-axes,stretch-x-minus-0.060-y-plus-0.080-z-minus-0.040,2.2420100000000005,4.285569000000001,11.002614,13.244624,0,21,2.1413580000000003,0.2337739999999986,2.375131999999999,0,10.867104,22.698513,2.7914510000000003,2.2420100000000005,5.594835999999999,3.410404999999999,5.748675999999998,10.370392,13.780797,0,21,2.2616119999999995,0.24545500000000153,2.507067000000001,0,12.78766,24.992542,3.9829789999999985,3.410404999999999,6.883314999999998,0.10883988625178549,0.08320005156604482,11.057889261552909,False,-0.05819996093642227,0.08320005156604482,-0.03919995925645853,1.0121310330608596e-17,-1.1960101178095895e-17,1.838790847487299e-18
853,6-stretch-all-three-axes,stretch-x-minus-0.060-y-plus-0.080-z-minus-0.060,2.512841,4.484601,11.289341,13.802182,0,21,2.5145599999999995,2.000000000279556e-06,2.5145619999999997,0,11.144321000000001,22.959654,2.512841,2.512841,5.880047999999999,3.6971600000000002,5.959474999999999,10.653265,14.350425,0,21,2.6545820000000004,9.999999992515995e-07,2.6545829999999997,0,13.072314,25.268089,3.6971600000000002,3.6971600000000002,7.181141000000002,0.11703298460944536,0.08320005156604482,10.82751656860389,False,-0.05819996093642227,0.08320005156604482,-0.05819996093642227,-1.8387908474872986e-18,-4.186208814925584e-34,1.838790847487299e-18
854,6-stretch-all-three-axes,stretch-x-minus-0.060-y-plus-0.080-z-minus-0.080,1.985631999999999,4.192452999999999,11.823444,13.809076,0,144,2.6627449999999993,0.2300260000000005,2.8927709999999998,0,10.745339,23.465668,1.985631999999999,2.5717599999999994,5.950912000000001,3.150488000000001,5.658599000000001,11.19535,14.345838,0,144,2.811662,0.2409409999999994,3.0526029999999995,0,12.656098000000002,25.800663999999998,3.150488000000001,3.761343,7.253854000000002,0.12730953729410618,0.08320005156604482,10.597143875654874,False,-0.05819996093642227,0.08320005156604482,-0.07679996258101834,-1.329418324125176e-17,1.145539239376446e-17,1.8387908474872986e-18
855,6-stretch-all-three-axes,stretch-x-minus-0.060-y-plus-0.080-z-plus-0.020,1.5204699999999995,3.7518410000000006,10.236369,11.756839,0,21,1.0490860000000009,0.9541579999999996,2.0032440000000005,0,10.708266000000002,21.99625,3.5253320000000006,1.5204699999999995,4.815758000000001,2.641997,5.181016,9.620706,12.262703,0,21,1.1097419999999998,1.0053800000000006,2.1151220000000004,0,12.715113999999998,24.253646,4.731878,2.641997,6.066976,0.10352548426266601,0.08320005156604482,11.749007340399972,False,-0.05819996093642227,0.08320005156604482,0.020200045995638516,-1.4464808796751393e-17,1.2626017949264096e-17,1.8387908474872986e-18
856,6-stretch-all-three-axes,stretch-x-minus-0.060-y-plus-0.080-z-plus-0.040,1.305358,3.591887,10.009084,11.314442,0,21,0.69421,1.1986109999999996,1.8928209999999996,0,10.682433999999999,21.786298000000002,3.738786000000001,1.305358,4.576842000000001,2.4114079999999998,5.009945,9.400441,11.811849,0,21,0.7347470000000005,1.264412,1.9991590000000006,0,12.545959,24.033436000000002,4.948537999999999,2.4114079999999998,5.815707999999999,0.10942635850410563,0.08320005156604482,11.979380033348988,False,-0.05819996093642227,0.08320005156604482,0.04080004781707314,4.8992664547309467e-17,-5.083145539479676e-17,1.838790847487297e-18
857,6-stretch-all-three-axes,stretch-x-minus-0.060-y-plus-0.080-z-plus-0.060,1.1009589999999996,3.4395260000000007,9.794409,10.895368,0,21,0.34439700000000073,1.443949,1.7883460000000007,0,10.372418000000001,21.587145,3.938001,1.1009589999999996,4.3464670000000005,2.191559,4.846518,9.193412,11.384971,0,21,0.3646940000000001,1.5249010000000007,1.8895950000000008,0,12.326078999999998,23.824856,5.150238999999999,2.191559,5.572982999999999,0.11886433516108622,0.08320005156604482,12.209752726298008,False,-0.05819996093642227,0.08320005156604482,0.0618000496738752,6.320676852515874e-17,-6.504555937264604e-17,1.838790847487296e-18
858,6-stretch-all-three-axes,stretch-x-minus-0.060-y-plus-0.080-z-plus-0.080,0.9062669999999997,3.2943060000000006,9.591476,10.497743,0,21,1.000000000139778e-06,1.689374,1.689375,0,9.89751,21.397658,4.123645,0.9062669999999997,4.123645,1.9814360000000004,4.6901530000000005,8.998724,10.98016,0,21,2.9999999995311555e-06,1.7859229999999995,1.785925999999999,0,11.820332,23.626768,5.337801000000001,1.9814360000000004,5.337801000000001,0.13126969419552295,0.08320005156604482,12.440125419247027,False,-0.05819996093642227,0.08320005156604482,0.08320005156604482,1.0695925015724556e-17,-1.2534715863211855e-17,1.838790847487299e-18
859,6-stretch-all-three-axes,stretch-x-minus-0.080-y-minus-0.020-z-minus-0.020,2.7787439999999997,4.778288999999999,12.253859,15.032603,0,21,2.9999999995311555e-06,0.9683880000000009,0.9683910000000004,0,12.780254000000001,23.858004,4.472654,2.7787439999999997,4.472654,3.997829000000001,6.287471,11.584736,15.582565,0,21,2.9999999995311555e-06,1.01727,1.0172729999999994,0,14.613206000000002,26.210776,5.753525,3.997829000000001,5.753525,0.08174540286589019,0.07679996258101834,10.025115226732607,False,-0.07679996258101834,-0.019799957541127067,-0.019799957541127067,2.1268800597061615e-17,-2.9276546047644843e-17,8.007745450583232e-18
860,6-stretch-all-three-axes,stretch-x-minus-0.080-y-minus-0.020-z-minus-0.040,3.079537,4.999218000000001,12.494935,15.574472,0,21,0.3873679999999986,0.6439660000000007,1.0313339999999993,0,13.065714000000002,24.075027,4.242806,3.079537,4.7785959999999985,4.3162179999999974,6.521538999999999,11.817742,16.13396,0,21,0.40783700000000067,0.67577,1.0836070000000007,0,14.896496999999998,26.439551,5.521967999999999,4.3162179999999974,6.075435999999998,0.08846982184216413,0.07679996258101834,9.820521038431941,False,-0.07679996258101834,-0.019799957541127067,-0.03919995925645853,1.5407748121277124e-17,-2.3415493571860356e-17,8.007745450583232e-18
861,6-stretch-all-three-axes,stretch-x-minus-0.080-y-minus-0.020-z-minus-0.060,3.3974519999999995,5.232853,12.751235,16.148687,0,21,0.7774089999999987,0.32094500000000004,1.0983539999999987,0,13.357714,24.304899,3.997090000000002,3.3974519999999995,5.100349,4.651928,6.768649999999999,12.066722,16.71865,0,21,0.8179280000000002,0.33646500000000046,1.1543930000000007,0,15.191287999999998,26.682206,5.273484999999999,4.651928,6.413316,0.09837432604128646,0.07679996258101834,9.615926850131276,False,-0.07679996258101834,-0.019799957541127067,-0.05819996093642227,3.4476469431812308e-18,-1.1455392393764462e-17,8.007745450583232e-18
862,6-stretch-all-three-axes,stretch-x-minus-0.080-y-minus-0.020-z-minus-0.080,3.734490000000001,5.480629999999998,13.023761,16.758251,0,21,1.169822,0.0,1.169822,0,13.666373,24.548483,3.734490000000001,3.734490000000001,5.4398279999999986,5.007147999999999,7.030230000000001,12.332581,17.339729,0,21,1.2299889999999998,0.0,1.2299889999999998,0,15.512770999999999,26.939507,5.007147999999999,5.007147999999999,6.769323999999999,0.1104015707475309,0.07679996258101834,9.411332661830613,False,-0.07679996258101834,-0.019799957541127067,-0.07679996258101834,-8.00774545058323e-18,-9.514889787831346e-34,8.007745450583232e-18
863,6-stretch-all-three-axes,stretch-x-minus-0.080-y-minus-0.020-z-plus-0.020,2.2220239999999993,4.370058,11.813447,14.035471,0,21,0.7646619999999995,0.8533720000000002,1.6180339999999998,0,12.206609,23.458714,4.888016,2.2220239999999993,3.902094,3.406438999999999,5.853351999999999,11.162404,14.568843,0,21,0.8066340000000007,0.8962479999999999,1.7028820000000007,0,14.050385,25.790707,6.169856999999999,3.406438999999999,5.151476000000001,0.08184323080928663,0.07679996258101834,10.43430360333394,False,-0.07679996258101834,-0.019799957541127067,0.020200045995638516,-9.178371006082866e-18,1.1706255554996334e-18,8.007745450583232e-18
864,6-stretch-all-three-axes,stretch-x-minus-0.080-y-minus-0.020-z-plus-0.040,1.9634280000000004,4.180866999999999,11.612216,13.575644,0,21,1.140604999999999,0.8007530000000003,1.9413579999999993,0,11.67116,23.27474,5.0749759999999995,1.9634280000000004,3.6347780000000007,3.1307460000000003,5.651309999999999,10.971052,14.101798,0,21,1.2040310000000005,0.8409800000000001,2.0450110000000006,0,13.743614999999998,25.597538999999998,6.35642,3.1307460000000003,4.8686430000000005,0.08919033845070724,0.07679996258101834,10.638897791634601,False,-0.07679996258101834,-0.019799957541127067,0.04080004781707314,5.4279102337977996e-17,-6.228684778856123e-17,8.00774545058323e-18
865,6-stretch-all-three-axes,stretch-x-minus-0.080-y-minus-0.020-z-plus-0.060,1.71645,4.000547000000001,11.422464,13.138914,0,21,1.5112490000000012,0.7510569999999994,2.2623060000000006,0,11.239699,23.100261,5.249221,1.71645,3.3779070000000004,2.86679,5.458130000000001,10.79168,13.65847,0,21,1.5963520000000013,0.788829999999999,2.3851820000000004,0,13.225963,25.414548,6.529764,2.86679,4.596382,0.10054610241461225,0.07679996258101834,10.843491979935267,False,-0.07679996258101834,-0.019799957541127067,0.0618000496738752,6.849320631582727e-17,-7.65009517664105e-17,8.007745450583229e-18
866,6-stretch-all-three-axes,stretch-x-minus-0.080-y-minus-0.020-z-plus-0.080,1.4801640000000003,3.828448,11.24339,12.723554,0,21,1.8758389999999991,0.7040550000000003,2.5798939999999995,0,10.725261999999999,22.934392,5.411323000000001,1.4801640000000003,3.130567000000001,2.613607,5.2731200000000005,10.623427,13.237034,0,21,1.9826930000000003,0.7395549999999993,2.7222479999999996,0,12.665542000000002,25.240831,6.690629999999999,2.613607,4.333743,0.1149457313329589,0.08320005156604482,11.048086168235937,False,-0.07679996258101834,-0.019799957541127067,0.08320005156604482,1.5982362806393085e-17,-2.3990108256976317e-17,8.007745450583232e-18
867,6-stretch-all-three-axes,stretch-x-minus-0.080-y-minus-0.040-z-minus-0.020,3.079537,4.999218000000001,12.494935,15.574472,0,21,0.3873679999999986,0.6439660000000007,1.0313339999999993,0,13.065714000000002,24.075027,4.7785959999999985,3.079537,4.242806,4.3162179999999974,6.521538999999999,11.817742,16.13396,0,21,0.40783700000000067,0.67577,1.0836070000000007,0,14.896496999999998,26.439551,6.075435999999998,4.3162179999999974,5.521967999999999,0.08846982184216413,0.07679996258101834,9.820521038431941,False,-0.07679996258101834,-0.03919995925645853,-0.019799957541127067,1.5407748121277124e-17,-2.9276546047644843e-17,1.386879792636772e-17
868,6-stretch-all-three-axes,stretch-x-minus-0.080-y-minus-0.040-z-minus-0.040,3.392427999999999,5.230198999999999,12.726637,16.119065,0,21,2.9999999995311555e-06,0.6866479999999999,0.6866509999999995,0,13.371673000000001,24.282452,4.558892,3.392427999999999,4.558892,4.6471969999999985,6.766216,12.04054,16.687737,0,21,2.000000000279556e-06,0.7207600000000003,0.7207620000000006,0,15.202031000000002,26.658196,5.855015000000002,4.6471969999999985,5.855015000000002,0.09471804402468326,0.07679996258101834,9.620102241729247,False,-0.07679996258101834,-0.03919995925645853,-0.03919995925645853,9.546695645492635e-18,-2.3415493571860356e-17,1.386879792636772e-17
869,6-stretch-all-three-axes,stretch-x-minus-0.080-y-minus-0.040-z-minus-0.060,3.7228350000000017,5.474408000000002,12.973078,16.695913,0,21,0.38949100000000136,0.34263399999999855,0.7321249999999999,0,13.68259,24.502327,4.323832000000001,3.7228350000000017,4.891485000000001,4.995932999999999,7.024486999999999,12.278749,17.274682,0,21,0.4094630000000006,0.35932799999999965,0.7687910000000002,0,15.516782000000001,26.890267,5.6183,4.995932999999999,6.204815999999999,0.10402935408409929,0.07679996258101834,9.419683445026555,False,-0.07679996258101834,-0.03919995925645853,-0.05819996093642227,-2.413405532603259e-18,-1.1455392393764462e-17,1.386879792636772e-17
870,6-stretch-all-three-axes,stretch-x-minus-0.080-y-minus-0.040-z-minus-0.080,4.072631000000001,5.733308000000001,13.235236,17.307867,0,21,0.7806379999999997,1.0000000010279564e-06,0.7806390000000007,0,14.007188,24.735233,4.072631000000001,4.072631000000001,5.242622000000001,5.3644870000000004,7.297757000000001,12.533293,17.89778,0,21,0.820074,1.0000000010279564e-06,0.820075000000001,0,15.852584,27.136229,5.3644870000000004,5.3644870000000004,6.573571000000001,0.11546906646630363,0.07679996258101834,9.219264648323861,False,-0.07679996258101834,-0.03919995925645853,-0.07679996258101834,-1.386879792636772e-17,-9.514889787831346e-34,1.386879792636772e-17
871,6-stretch-all-three-axes,stretch-x-minus-0.080-y-minus-0.040-z-plus-0.020,2.499594,4.572133000000001,12.071904,14.571498,0,21,1.1530620000000003,0.5660150000000002,1.7190770000000004,0,12.184321,23.693587,5.1753779999999985,2.499594,3.6541189999999997,3.7007510000000003,6.0675539999999994,11.414308,15.115059,0,21,1.215674,0.5937820000000009,1.8094560000000008,0,14.284674,26.038189000000003,6.471386999999998,3.7007510000000003,4.899928000000001,0.08856022197566885,0.07679996258101834,10.221358631837328,False,-0.07679996258101834,-0.03919995925645853,0.020200045995638516,-1.5039423481867355e-17,1.1706255554996334e-18,1.386879792636772e-17
872,6-stretch-all-three-axes,stretch-x-minus-0.080-y-minus-0.040-z-plus-0.040,2.2298349999999996,4.374127999999999,11.878723,14.108558,0,21,1.5298110000000005,0.5303599999999999,2.0601710000000004,0,11.740746999999999,23.517795,5.353957999999999,2.2298349999999996,3.378748,3.4134899999999995,5.856187,11.231726,14.645216,0,21,1.614001,0.5563319999999994,2.1703329999999994,0,13.764539999999998,25.853583,6.648683,3.4134899999999995,4.608136,0.09539137780758428,0.07679996258101834,10.421777428540022,False,-0.07679996258101834,-0.03919995925645853,0.04080004781707314,4.8418049862193506e-17,-6.228684778856123e-17,1.3868797926367719e-17
873,6-stretch-all-three-axes,stretch-x-minus-0.080-y-minus-0.040-z-plus-0.060,1.9720010000000006,4.185366999999999,11.696619,13.66862,0,21,1.9013240000000007,0.49669199999999947,2.398016,0,11.135710999999999,23.351075,5.520159000000001,1.9720010000000006,3.1145049999999994,3.138312000000001,5.654078,11.060666,14.198978,0,21,2.0073310000000006,0.5210069999999991,2.5283379999999998,0,13.141936,25.678708999999998,6.813235000000001,3.138312000000001,4.327621000000001,0.10608542405932715,0.07679996258101834,10.622196225242714,False,-0.07679996258101834,-0.03919995925645853,0.0618000496738752,6.263215384004278e-17,-7.65009517664105e-17,1.3868797926367718e-17
874,6-stretch-all-three-axes,stretch-x-minus-0.080-y-minus-0.040-z-plus-0.080,1.7251010000000004,4.005185000000001,11.524795,13.249896,0,21,2.266755999999999,0.4648620000000001,2.731617999999999,0,10.590167,23.192549999999997,5.6747700000000005,1.7251010000000004,2.860387000000001,2.8741939999999992,5.460512999999999,10.900296,13.77449,0,21,2.394666000000001,0.4876240000000003,2.882290000000001,0,12.548984999999998,25.51266,6.965886999999999,2.8741939999999992,4.0573869999999985,0.11982119862005364,0.08320005156604482,10.822615021945403,False,-0.07679996258101834,-0.03919995925645853,0.08320005156604482,1.0121310330608596e-17,-2.3990108256976317e-17,1.386879792636772e-17
875,6-stretch-all-three-axes,stretch-x-minus-0.080-y-minus-0.060-z-minus-0.020,3.3974519999999995,5.232853,12.751235,16.148687,0,21,0.7774089999999987,0.32094500000000004,1.0983539999999987,0,13.357714,24.304899,5.100349,3.3974519999999995,3.997090000000002,4.651928,6.768649999999999,12.066722,16.71865,0,21,0.8179280000000002,0.33646500000000046,1.1543930000000007,0,15.191287999999998,26.682206,6.413316,4.651928,5.273484999999999,0.09837432604128646,0.07679996258101834,9.615926850131276,False,-0.07679996258101834,-0.05819996093642227,-0.019799957541127067,3.44764694318123e-18,-2.9276546047644843e-17,2.5828899104463616e-17
876,6-stretch-all-three-axes,stretch-x-minus-0.080-y-minus-0.060-z-minus-0.040,3.7228350000000017,5.474408000000002,12.973078,16.695913,0,21,0.38949100000000136,0.34263399999999855,0.7321249999999999,0,13.68259,24.502327,4.891485000000001,3.7228350000000017,4.323832000000001,4.995932999999999,7.024486999999999,12.278749,17.274682,0,21,0.4094630000000006,0.35932799999999965,0.7687910000000002,0,15.516782000000001,26.890267,6.204815999999999,4.995932999999999,5.6183,0.10402935408409929,0.07679996258101834,9.419683445026552,False,-0.07679996258101834,-0.05819996093642227,-0.03919995925645853,-2.413405532603259e-18,-2.3415493571860356e-17,2.5828899104463616e-17
877,6-stretch-all-three-axes,stretch-x-minus-0.080-y-minus-0.060-z-minus-0.060,4.066024999999998,5.729722999999998,13.20912,17.275145,0,21,1.0000000010279564e-06,0.36575000000000024,0.36575100000000127,0,14.010651999999999,24.711511,4.667979999999998,4.066024999999998,4.667979999999998,5.358089,7.294373,12.505564,17.863653,0,21,9.999999992515995e-07,0.3837200000000003,0.38372099999999953,0,15.849174999999999,27.110909,5.980839,5.358089,5.980839,0.11257311028148763,0.07679996258101834,9.223440039921831,False,-0.07679996258101834,-0.05819996093642227,-0.05819996093642227,-1.4373506710699154e-17,-1.1455392393764462e-17,2.5828899104463616e-17
878,6-stretch-all-three-axes,stretch-x-minus-0.080-y-minus-0.060-z-minus-0.080,4.429034,6.000272000000001,13.460354,17.889388,0,21,0.3904189999999996,1.0000000010279564e-06,0.39042000000000066,0,14.349849,24.933145000000003,4.429034,4.429034,5.031480999999998,5.740460000000001,7.579887999999999,12.748187,18.488647,0,21,0.4097830000000009,9.999999992515995e-07,0.40978400000000015,0,16.198487999999998,27.344952,5.740460000000001,5.740460000000001,6.363124000000001,0.12322217315845681,0.07679996258101834,9.027196634817114,False,-0.07679996258101834,-0.05819996093642227,-0.07679996258101834,-2.5828899104463616e-17,-9.514889787831346e-34,2.5828899104463616e-17
879,6-stretch-all-three-axes,stretch-x-minus-0.080-y-minus-0.060-z-plus-0.020,2.7936359999999993,4.785993000000001,12.346477,15.140113,0,21,1.545186000000001,0.28136199999999967,1.8265480000000007,0,12.693656,23.942168000000002,5.477214,2.7936359999999993,3.3890849999999997,4.0117259999999995,6.293765999999998,11.683125,15.694851,0,21,1.6281749999999988,0.2948250000000012,1.923,0,14.531295,26.300455,6.787535999999999,4.0117259999999995,4.630236,0.09845563246291605,0.07679996258101834,10.008413660340716,False,-0.07679996258101834,-0.05819996093642227,0.020200045995638516,-2.6999524659963248e-17,1.1706255554996334e-18,2.5828899104463616e-17
880,6-stretch-all-three-axes,stretch-x-minus-0.080-y-minus-0.060-z-plus-0.040,2.512416,4.57874,12.161745,14.674161,0,21,1.9232230000000001,0.2632639999999995,2.1864869999999996,0,12.03631,23.774999,5.646737000000002,2.512416,3.105163000000001,3.712586,6.072631999999999,11.509736,15.222322,0,21,2.0279890000000016,0.2758129999999994,2.303802000000001,0,14.039456000000001,26.124901,6.9548960000000015,3.712586,4.328949999999999,0.1046427905176575,0.07679996258101834,10.204657065445435,False,-0.07679996258101834,-0.05819996093642227,0.04080004781707314,3.645794868409761e-17,-6.228684778856123e-17,2.5828899104463613e-17
881,6-stretch-all-three-axes,stretch-x-minus-0.080-y-minus-0.060-z-plus-0.060,2.243414999999999,4.381122000000001,11.987669,14.231084,0,21,2.296055000000001,0.24617600000000017,2.542231000000001,0,11.373090000000001,23.616458,5.804351999999998,2.243414999999999,2.8330509999999993,3.4258349999999993,5.861145999999998,11.347445,14.77328,0,21,2.4228520000000007,0.2578849999999999,2.6807370000000006,0,13.329411,25.958598000000002,7.110019000000001,3.4258349999999993,4.039643,0.11447583083402513,0.07679996258101834,10.400900470550154,False,-0.07679996258101834,-0.05819996093642227,0.0618000496738752,5.067205266194688e-17,-7.65009517664105e-17,2.5828899104463613e-17
882,6-stretch-all-three-axes,stretch-x-minus-0.080-y-minus-0.060-z-plus-0.080,1.985631999999999,4.192452999999999,11.823444,13.809076,0,21,2.6627449999999993,0.2300260000000005,2.8927709999999998,0,10.745339,23.465668,5.950912999999998,1.985631999999999,2.5717599999999994,3.150488000000001,5.658599000000001,11.19535,14.345838,0,21,2.811662,0.2409409999999994,3.0526029999999995,0,12.656098000000002,25.800663999999998,7.253854000000002,3.150488000000001,3.761343,0.12730953729410618,0.08320005156604482,10.597143875654874,False,-0.07679996258101834,-0.05819996093642227,0.08320005156604482,-1.838790847487299e-18,-2.3990108256976317e-17,2.5828899104463616e-17
883,6-stretch-all-three-axes,stretch-x-minus-0.080-y-minus-0.080-z-minus-0.020,3.734489,5.480629999999998,13.023761,16.75825,0,21,1.169822,0.0,1.169822,0,13.666371999999999,24.548483,5.4398279999999986,3.734489,3.734489,5.007147999999999,7.030230000000001,12.332581,17.339729,0,21,1.2299889999999998,0.0,1.2299889999999998,0,15.512770999999999,26.939507,6.769323999999999,5.007147999999999,5.007147999999999,0.1104015707475309,0.07679996258101834,9.411332661830608,False,-0.07679996258101834,-0.07679996258101834,-0.019799957541127067,-8.007745450583232e-18,-2.9276546047644843e-17,3.728429149822808e-17
884,6-stretch-all-three-axes,stretch-x-minus-0.080-y-minus-0.080-z-minus-0.040,4.072631000000001,5.733308000000001,13.235236,17.307867,0,21,0.7806379999999997,1.0000000010279564e-06,0.7806390000000007,0,14.007188,24.735233,5.242622000000001,4.072631000000001,4.072631000000001,5.3644870000000004,7.297757000000001,12.533293,17.89778,0,21,0.820074,1.0000000010279564e-06,0.820075000000001,0,15.852584,27.136229,6.573571000000001,5.3644870000000004,5.3644870000000004,0.11546906646630363,0.07679996258101834,9.219264648323861,False,-0.07679996258101834,-0.07679996258101834,-0.03919995925645853,-1.386879792636772e-17,-2.3415493571860356e-17,3.728429149822808e-17
885,6-stretch-all-three-axes,stretch-x-minus-0.080-y-minus-0.080-z-minus-0.060,4.429034,6.000272000000001,13.460354,17.889388,0,21,0.3904189999999996,1.0000000010279564e-06,0.39042000000000066,0,14.349849,24.933145000000003,5.031480999999998,4.429034,4.429034,5.740460000000001,7.579887999999999,12.748187,18.488647,0,21,0.4097830000000009,9.999999992515995e-07,0.40978400000000015,0,16.198487999999998,27.344952,6.363124000000001,5.740460000000001,5.740460000000001,0.12322217315845681,0.07679996258101834,9.027196634817114,False,-0.07679996258101834,-0.07679996258101834,-0.05819996093642227,-2.5828899104463616e-17,-1.1455392393764462e-17,3.728429149822808e-17
886,6-stretch-all-three-axes,stretch-x-minus-0.080-y-minus-0.080-z-minus-0.080,4.805636,6.2830259999999996,13.700108,18.505744,0,21,0.0,1.0000000010279564e-06,1.0000000010279564e-06,0,14.7016,25.142891,4.805636,4.805636,4.805636,6.137054999999998,7.878207999999999,12.978301,19.115356,0,21,0.0,9.999999992515995e-07,9.999999992515995e-07,0,16.558763999999996,27.566368,6.137054999999998,6.137054999999998,6.137054999999998,0.13302143720971238,0.07679996258101834,8.83512862131037,False,-0.07679996258101834,-0.07679996258101834,-0.07679996258101834,-3.728429149822808e-17,-9.514889787831346e-34,3.728429149822808e-17
887,6-stretch-all-three-axes,stretch-x-minus-0.080-y-minus-0.080-z-plus-0.020,3.1060730000000003,5.012979000000001,12.638212,15.744285,0,21,1.9410530000000001,3.999999998782755e-06,1.941056999999999,0,12.965129000000001,24.205579999999998,5.795452000000001,3.1060730000000003,3.1060730000000003,4.3413450000000005,6.533443999999999,11.969943,16.311288,0,21,2.044195,4.000000000559112e-06,2.0441990000000008,0,14.829469,26.578669,7.120266000000001,4.3413450000000005,4.3413450000000005,0.11047402573961695,0.07679996258101834,9.795468688844103,False,-0.07679996258101834,-0.07679996258101834,0.020200045995638516,-3.8454917053727713e-17,1.1706255554996334e-18,3.728429149822808e-17
888,6-stretch-all-three-axes,stretch-x-minus-0.080-y-minus-0.080-z-plus-0.040,2.8130570000000006,4.795976,12.46238,15.275437,0,21,2.320997,3.999999998782755e-06,2.321000999999999,0,12.339754,24.047518,5.955263000000002,2.8130570000000006,2.8130570000000006,4.0299689999999995,6.302024999999999,11.806264,15.836233,0,21,2.446206,2.000000000279556e-06,2.4462080000000004,0,14.34923,26.412724,7.276984999999998,4.0299689999999995,4.0299689999999995,0.11602203414337765,0.07679996258101834,9.987536702350853,False,-0.07679996258101834,-0.07679996258101834,0.04080004781707314,2.5002556290333147e-17,-6.228684778856123e-17,3.728429149822808e-17
889,6-stretch-all-three-axes,stretch-x-minus-0.080-y-minus-0.080-z-plus-0.060,2.532584999999999,4.589019,12.296716,14.829301,0,21,2.695715999999999,4.000000000559112e-06,2.6957199999999997,0,11.658812999999999,23.89759,6.103722999999999,2.532584999999999,2.532584999999999,3.7313460000000003,6.080679999999999,11.653137,15.384483,0,21,2.843261,2.9999999995311555e-06,2.8432639999999996,0,13.621675000000002,26.255496,7.422107000000002,3.7313460000000003,3.7313460000000003,0.12496285305875934,0.07679996258101834,10.1796047158576,False,-0.07679996258101834,-0.07679996258101834,0.0618000496738752,3.921666026818242e-17,-7.65009517664105e-17,3.728429149822808e-17
890,6-stretch-all-three-axes,stretch-x-minus-0.080-y-minus-0.080-z-plus-0.080,2.2636160000000007,4.391398000000002,12.140479,14.404095,0,21,3.0641870000000004,1.999999998503199e-06,3.064188999999999,0,11.013614,23.754962,6.241508,2.2636160000000007,2.2636160000000007,3.4444160000000004,5.868656999999999,11.509781,14.954197,0,21,3.2341359999999995,1.0000000010279564e-06,3.2341370000000005,0,12.931246999999999,26.106136,7.556370000000001,3.4444160000000004,3.4444160000000004,0.13681636263796867,0.08320005156604482,10.371672729364347,False,-0.07679996258101834,-0.07679996258101834,0.08320005156604482,-1.3294183241251761e-17,-2.3990108256976317e-17,3.728429149822808e-17
891,6-stretch-all-three-axes,stretch-x-minus-0.080-y-plus-0.020-z-minus-0.020,2.2220239999999993,4.370058,11.813447,14.035471,0,21,0.7646619999999995,0.8533720000000002,1.6180339999999998,0,12.206609,23.458714,3.902094,2.2220239999999993,4.888016,3.406438999999999,5.853351999999999,11.162404,14.568843,0,21,0.8066340000000007,0.8962479999999999,1.7028820000000007,0,14.050385,25.790707,5.151476000000001,3.406438999999999,6.169856999999999,0.08184323080928663,0.07679996258101834,10.434303603333934,False,-0.07679996258101834,0.020200045995638516,-0.019799957541127067,-9.178371006082864e-18,-2.9276546047644843e-17,3.8454917053727713e-17
892,6-stretch-all-three-axes,stretch-x-minus-0.080-y-plus-0.020-z-minus-0.040,2.499594,4.572133000000001,12.071904,14.571498,0,21,1.1530620000000003,0.5660150000000002,1.7190770000000004,0,12.184321,23.693587,3.6541189999999997,2.499594,5.1753779999999985,3.7007510000000003,6.0675539999999994,11.414308,15.115059,0,21,1.215674,0.5937820000000009,1.8094560000000008,0,14.284674,26.038189000000003,4.899928000000001,3.7007510000000003,6.471386999999998,0.08856022197566885,0.07679996258101834,10.221358631837328,False,-0.07679996258101834,0.020200045995638516,-0.03919995925645853,-1.5039423481867355e-17,-2.3415493571860356e-17,3.8454917053727713e-17
893,6-stretch-all-three-axes,stretch-x-minus-0.080-y-plus-0.020-z-minus-0.060,2.7936359999999993,4.785993000000001,12.346477,15.140113,0,21,1.545185,0.2813630000000007,1.8265480000000007,0,12.693656,23.942168000000002,3.3890849999999997,2.7936359999999993,5.477214,4.0117259999999995,6.293765999999998,11.683125,15.694851,0,21,1.6281749999999988,0.2948250000000012,1.923,0,14.531295,26.300455,4.630236,4.0117259999999995,6.787535999999999,0.09845563246291605,0.07679996258101834,10.008413660340716,False,-0.07679996258101834,0.020200045995638516,-0.05819996093642227,-2.6999524659963248e-17,-1.1455392393764462e-17,3.8454917053727713e-17
894,6-stretch-all-three-axes,stretch-x-minus-0.080-y-plus-0.020-z-minus-0.080,3.1060740000000013,5.012979000000001,12.638212,15.744286,0,21,1.9410530000000001,3.999999998782755e-06,1.941056999999999,0,12.965129000000001,24.205579999999998,3.1060740000000013,3.1060740000000013,5.795452000000001,4.3413450000000005,6.533443999999999,11.969943,16.311288,0,21,2.044195,4.000000000559112e-06,2.0441990000000008,0,14.829469,26.578669,4.3413450000000005,4.3413450000000005,7.120266000000001,0.11047402573961695,0.07679996258101834,9.795468688844103,False,-0.07679996258101834,0.020200045995638516,-0.07679996258101834,-3.845491705372771e-17,-9.514889787831346e-34,3.8454917053727713e-17
895,6-stretch-all-three-axes,stretch-x-minus-0.080-y-plus-0.020-z-plus-0.020,1.7099590000000013,3.997003000000001,11.340732,13.050691,0,21,9.999999992515995e-07,1.4332379999999993,1.4332389999999986,0,11.720536,23.02662,4.350514,1.7099590000000013,4.350514,2.8613090000000003,5.456419,10.70496,13.566269,0,21,9.999999992515995e-07,1.5084330000000001,1.5084339999999994,0,13.579759,25.336304,5.6043759999999985,2.8613090000000003,5.6043759999999985,0.0819409419575931,0.07679996258101834,10.860193546327157,False,-0.07679996258101834,0.020200045995638516,0.020200045995638516,-3.962554260922734e-17,1.1706255554996334e-18,3.8454917053727713e-17
896,6-stretch-all-three-axes,stretch-x-minus-0.080-y-plus-0.020-z-plus-0.040,1.4728589999999997,3.824192,11.124533,12.597392,0,21,0.37532500000000013,1.3486139999999995,1.7239389999999997,0,11.470589,22.827606,4.552671,1.4728589999999997,4.097907000000001,2.607806,5.271747000000001,10.497359,13.105165,0,21,0.3966650000000005,1.4195719999999987,1.8162369999999992,0,13.337512,25.127419,5.807668,2.607806,5.337869000000001,0.08928000903084175,0.07679996258101834,11.07313851782377,False,-0.07679996258101834,0.020200045995638516,0.04080004781707314,2.3831930734833515e-17,-6.228684778856123e-17,3.8454917053727713e-17
897,6-stretch-all-three-axes,stretch-x-minus-0.080-y-plus-0.020-z-plus-0.060,1.246887000000001,3.6595750000000002,10.920546,12.167433,0,21,0.7451810000000005,1.268618,2.0137990000000006,0,11.21832,22.63877,4.7411259999999995,1.246887000000001,3.854578,2.36548,5.095212,10.302553,12.668033,0,21,0.7880360000000017,1.3356839999999988,2.1237200000000005,0,13.092227999999999,24.929527999999998,5.996701999999999,2.36548,5.080698,0.10062565403695607,0.07679996258101834,11.286083489320381,False,-0.07679996258101834,0.020200045995638516,0.0618000496738752,3.804603471268279e-17,-7.65009517664105e-17,3.8454917053727713e-17
898,6-stretch-all-three-axes,stretch-x-minus-0.080-y-plus-0.020-z-plus-0.080,1.0310449999999989,3.502497,10.727937,11.758982,0,21,1.1089699999999993,1.1929220000000011,2.3018920000000005,0,10.719815,22.459294,4.916675999999999,1.0310449999999989,3.619655999999999,2.133338,4.926140999999999,10.119638,12.252976,0,21,1.1734160000000005,1.2563949999999995,2.429811,0,12.723799000000001,24.741712,6.172358000000001,2.133338,4.831955000000001,0.11501532372368582,0.08320005156604482,11.499028460816993,False,-0.07679996258101834,0.020200045995638516,0.08320005156604482,-1.4464808796751393e-17,-2.3990108256976317e-17,3.8454917053727713e-17
899,6-stretch-all-three-axes,stretch-x-minus-0.080-y-plus-0.040-z-minus-0.020,1.9634280000000004,4.180866999999999,11.612216,13.575644,0,21,1.140604999999999,0.8007530000000003,1.9413579999999993,0,11.67116,23.27474,3.6347780000000007,1.9634280000000004,5.0749759999999995,3.1307460000000003,5.651309999999999,10.971052,14.101798,0,21,1.2040310000000005,0.8409800000000001,2.0450110000000006,0,13.743614999999998,25.597538999999998,4.8686430000000005,3.1307460000000003,6.35642,0.08919033845070726,0.07679996258101834,10.638897791634601,False,-0.07679996258101834,0.04080004781707314,-0.019799957541127067,5.427910233797799e-17,-2.927654604764485e-17,-2.5002556290333147e-17
900,6-stretch-all-three-axes,stretch-x-minus-0.080-y-plus-0.040-z-minus-0.040,2.2298349999999996,4.374127999999999,11.878723,14.108558,0,21,1.5298119999999997,0.5303590000000007,2.0601710000000004,0,11.740746999999999,23.517795,3.378748,2.2298349999999996,5.353957999999999,3.4134899999999995,5.856187,11.231726,14.645216,0,21,1.614001,0.5563319999999994,2.1703329999999994,0,13.764539999999998,25.853583,4.608136,3.4134899999999995,6.648683,0.09539137780758428,0.07679996258101834,10.421777428540018,False,-0.07679996258101834,0.04080004781707314,-0.03919995925645853,4.8418049862193506e-17,-2.341549357186036e-17,-2.5002556290333147e-17
901,6-stretch-all-three-axes,stretch-x-minus-0.080-y-plus-0.040-z-minus-0.060,2.512416,4.57874,12.161745,14.674161,0,21,1.9232230000000001,0.2632639999999995,2.1864869999999996,0,12.03631,23.774999,3.105163000000001,2.512416,5.646737000000002,3.712586,6.072631999999999,11.509736,15.222322,0,21,2.0279890000000016,0.2758129999999994,2.303802000000001,0,14.039456000000001,26.124901,4.328949999999999,3.712586,6.9548960000000015,0.1046427905176575,0.07679996258101834,10.204657065445435,False,-0.07679996258101834,0.04080004781707314,-0.05819996093642227,3.645794868409761e-17,-1.1455392393764465e-17,-2.5002556290333147e-17
902,6-stretch-all-three-axes,stretch-x-minus-0.080-y-plus-0.040-z-minus-0.080,2.8130570000000006,4.795976,12.46238,15.275437,0,21,2.320997,3.999999998782755e-06,2.321000999999999,0,12.339754,24.047518,2.8130570000000006,2.8130570000000006,5.955263000000002,4.0299689999999995,6.302024999999999,11.806264,15.836233,0,21,2.446206,2.000000000279556e-06,2.4462080000000004,0,14.34923,26.412724,4.0299689999999995,4.0299689999999995,7.276984999999998,0.11602203414337765,0.07679996258101834,9.987536702350848,False,-0.07679996258101834,0.04080004781707314,-0.07679996258101834,2.5002556290333147e-17,-4.032976889802712e-33,-2.5002556290333147e-17
903,6-stretch-all-three-axes,stretch-x-minus-0.080-y-plus-0.040-z-plus-0.020,1.4728589999999997,3.824192,11.124533,12.597392,0,21,0.37532500000000013,1.3486139999999995,1.7239389999999997,0,11.470590000000001,22.827606,4.097907000000001,1.4728589999999997,4.552671,2.607806,5.271747000000001,10.497359,13.105165,0,21,0.3966650000000005,1.4195719999999987,1.8162369999999992,0,13.337512,25.127419,5.337869000000001,2.607806,5.807668,0.08928000903084175,0.07679996258101834,11.07313851782377,False,-0.07679996258101834,0.04080004781707314,0.020200045995638516,2.3831930734833515e-17,1.1706255554996303e-18,-2.5002556290333147e-17
904,6-stretch-all-three-axes,stretch-x-minus-0.080-y-plus-0.040-z-plus-0.040,1.2461179999999992,3.6590749999999996,10.901379,12.147497,0,21,9.999999992515995e-07,1.6242870000000007,1.624288,0,11.239559999999999,22.621508,4.306777,1.2461179999999992,4.306777,2.3649650000000015,5.095204000000001,10.282236,12.647201,0,21,9.999999992515995e-07,1.711627,1.7116279999999993,0,13.113467000000002,24.911233,5.548603,2.3649650000000015,5.548603,0.09605999196437988,0.07679996258101834,11.290258880918357,False,-0.07679996258101834,0.04080004781707314,0.04080004781707314,8.728940407889437e-17,-6.228684778856123e-17,-2.500255629033315e-17
905,6-stretch-all-three-axes,stretch-x-minus-0.080-y-plus-0.040-z-plus-0.060,1.0302610000000012,3.5017910000000008,10.690762,11.721023,0,21,0.3697620000000015,1.5300719999999988,1.8998340000000002,0,11.003898,22.426035,4.501547,1.0302610000000012,4.069613,2.133040000000001,4.926451,10.080257,12.213297,0,21,0.3912500000000012,1.6128509999999991,2.0041010000000004,0,12.883562999999999,24.706477,5.744638,2.133040000000001,5.298301,0.10668703901606191,0.07679996258101834,11.50737924401294,False,-0.07679996258101834,0.04080004781707314,0.0618000496738752,1.0150350805674364e-16,-7.65009517664105e-17,-2.500255629033315e-17
906,6-stretch-all-three-axes,stretch-x-minus-0.080-y-plus-0.040-z-plus-0.080,0.8242980000000006,3.351733000000001,10.491857,11.316155,0,21,0.7334330000000016,1.4408839999999987,2.1743170000000003,0,10.767745999999999,22.240353,4.682976,0.8242980000000006,3.8403280000000013,1.9110359999999993,4.764837999999999,9.890544,11.80158,0,21,0.7764729999999993,1.5194740000000007,2.295947,0,12.651404000000001,24.512265,5.926824,1.9110359999999993,5.055871,0.12035417207107442,0.08320005156604482,11.72449960710752,False,-0.07679996258101834,0.04080004781707314,0.08320005156604482,4.8992664547309467e-17,-2.399010825697632e-17,-2.5002556290333147e-17
907,6-stretch-all-three-axes,stretch-x-minus-0.080-y-plus-0.060-z-minus-0.020,1.71645,4.000547000000001,11.422464,13.138914,0,21,1.5112500000000004,0.7510560000000002,2.2623060000000006,0,11.239700000000001,23.100261,3.3779070000000004,1.71645,5.249221,2.86679,5.458130000000001,10.79168,13.65847,0,21,1.5963520000000013,0.788829999999999,2.3851820000000004,0,13.225963,25.414548,4.596382,2.86679,6.529764,0.10054610241461226,0.07679996258101834,10.843491979935267,False,-0.07679996258101834,0.0618000496738752,-0.019799957541127067,6.849320631582727e-17,-2.927654604764485e-17,-3.921666026818242e-17
908,6-stretch-all-three-axes,stretch-x-minus-0.080-y-plus-0.060-z-minus-0.040,1.9720010000000006,4.185366999999999,11.696619,13.66862,0,21,1.9013240000000007,0.49669199999999947,2.398016,0,11.135710999999999,23.351075,3.1145049999999994,1.9720010000000006,5.520159000000001,3.138312000000001,5.654078,11.060666,14.198978,0,21,2.0073310000000006,0.5210069999999991,2.5283379999999998,0,13.141936,25.678708999999998,4.327621000000001,3.138312000000001,6.813235000000001,0.10608542405932715,0.07679996258101834,10.62219622524271,False,-0.07679996258101834,0.0618000496738752,-0.03919995925645853,6.263215384004278e-17,-2.341549357186036e-17,-3.921666026818242e-17
909,6-stretch-all-three-axes,stretch-x-minus-0.080-y-plus-0.060-z-minus-0.060,2.243414999999999,4.381122000000001,11.987669,14.231084,0,21,2.296055000000001,0.24617600000000017,2.542231000000001,0,11.373090000000001,23.616458,2.8330509999999993,2.243414999999999,5.804351999999998,3.4258349999999993,5.861145999999998,11.347445,14.77328,0,21,2.4228520000000007,0.2578849999999999,2.6807370000000006,0,13.329411,25.958598000000002,4.039643,3.4258349999999993,7.110019000000001,0.11447583083402513,0.07679996258101834,10.400900470550154,False,-0.07679996258101834,0.0618000496738752,-0.05819996093642227,5.067205266194688e-17,-1.1455392393764465e-17,-3.921666026818242e-17
910,6-stretch-all-three-axes,stretch-x-minus-0.080-y-plus-0.060-z-minus-0.080,2.532584999999999,4.589019,12.296716,14.829301,0,21,2.695715,4.000000000559112e-06,2.6957190000000004,0,11.658812999999999,23.89759,2.532584999999999,2.532584999999999,6.103724,3.7313460000000003,6.080679999999999,11.653137,15.384483,0,21,2.843261,2.9999999995311555e-06,2.8432639999999996,0,13.621675000000002,26.255496,3.7313460000000003,3.7313460000000003,7.422107000000002,0.12496285305875934,0.07679996258101834,10.179604715857595,False,-0.07679996258101834,0.0618000496738752,-0.07679996258101834,3.921666026818242e-17,-4.032976889802712e-33,-3.921666026818242e-17
911,6-stretch-all-three-axes,stretch-x-minus-0.080-y-plus-0.060-z-plus-0.020,1.2468869999999992,3.6595750000000002,10.920545,12.167432,0,21,0.7451800000000013,1.268618,2.0137980000000013,0,11.218321,22.63877,3.8545789999999993,1.2468869999999992,4.741126999999999,2.36548,5.095212,10.302553,12.668033,0,21,0.7880360000000017,1.3356839999999988,2.1237200000000005,0,13.092227999999999,24.929527999999998,5.080698,2.36548,5.996701999999999,0.10062565403695607,0.07679996258101834,11.286083489320381,False,-0.07679996258101834,0.0618000496738752,0.020200045995638516,3.8046034712682784e-17,1.1706255554996303e-18,-3.921666026818242e-17
912,6-stretch-all-three-axes,stretch-x-minus-0.080-y-plus-0.060-z-plus-0.040,1.0302610000000012,3.5017910000000008,10.690762,11.721023,0,21,0.3697620000000015,1.5300719999999988,1.8998340000000002,0,11.003898,22.426035,4.069613,1.0302610000000012,4.501547,2.133040000000001,4.926451,10.080257,12.213297,0,21,0.3912500000000012,1.6128509999999991,2.0041010000000004,0,12.883562999999999,24.706477,5.298301,2.133040000000001,5.744638,0.10668703901606191,0.07679996258101834,11.50737924401294,False,-0.07679996258101834,0.0618000496738752,0.04080004781707314,1.0150350805674364e-16,-6.228684778856123e-17,-3.921666026818242e-17
913,6-stretch-all-three-axes,stretch-x-minus-0.080-y-plus-0.060-z-plus-0.060,0.8242810000000009,3.3514930000000014,10.473854,11.298135,0,21,0.0,1.7920629999999989,1.7920629999999989,0,10.783467000000002,22.224355,4.270159000000001,0.8242810000000009,4.270159000000001,1.911251,4.765126,9.871487,11.782738,0,21,9.999999992515995e-07,1.8911880000000005,1.8911889999999998,0,12.667575999999999,24.495317999999997,5.500764,1.911251,5.500764,0.11634743887096399,0.07679996258101834,11.728674998705497,False,-0.07679996258101834,0.0618000496738752,0.0618000496738752,1.1571761203459292e-16,-7.65009517664105e-17,-3.921666026818242e-17
914,6-stretch-all-three-axes,stretch-x-minus-0.080-y-plus-0.060-z-plus-0.080,0.6279599999999999,3.2081540000000004,10.268955,10.896915,0,21,0.36364400000000074,1.689971,2.0536150000000006,0,10.559762999999998,22.032637,4.457053999999999,0.6279599999999999,4.046156999999999,1.6991150000000008,4.610651000000001,9.675319,11.374434,0,21,0.38518099999999933,1.7842830000000003,2.1694639999999996,0,12.446326999999998,24.294922,5.689,1.6991150000000008,5.264234,0.12899507344364658,0.08320005156604482,11.949970753398047,False,-0.07679996258101834,0.0618000496738752,0.08320005156604482,6.320676852515874e-17,-2.399010825697632e-17,-3.921666026818242e-17
915,6-stretch-all-three-axes,stretch-x-minus-0.080-y-plus-0.080-z-minus-0.020,1.4801640000000003,3.828448,11.24339,12.723554,0,21,1.8758389999999991,0.7040550000000003,2.5798939999999995,0,10.725261999999999,22.934392,3.130567000000001,1.4801640000000003,5.411323000000001,2.613607,5.2731200000000005,10.623427,13.237034,0,21,1.9826930000000003,0.7395549999999993,2.7222479999999996,0,12.665542000000002,25.240831,4.333743,2.613607,6.690629999999999,0.1149457313329589,0.08320005156604482,11.048086168235937,False,-0.07679996258101834,0.08320005156604482,-0.019799957541127067,1.5982362806393085e-17,-2.9276546047644843e-17,1.3294183241251761e-17
916,6-stretch-all-three-axes,stretch-x-minus-0.080-y-plus-0.080-z-minus-0.040,1.7251010000000004,4.005185000000001,11.524795,13.249896,0,21,2.266755999999999,0.4648620000000001,2.731617999999999,0,10.590167,23.192549,2.860387000000001,1.7251010000000004,5.6747700000000005,2.8741939999999992,5.460512999999999,10.900296,13.77449,0,21,2.394666000000001,0.4876240000000003,2.882290000000001,0,12.548984999999998,25.51266,4.0573869999999985,2.8741939999999992,6.965886999999999,0.11982119862005364,0.08320005156604482,10.822615021945403,False,-0.07679996258101834,0.08320005156604482,-0.03919995925645853,1.0121310330608596e-17,-2.3415493571860356e-17,1.3294183241251761e-17
917,6-stretch-all-three-axes,stretch-x-minus-0.080-y-plus-0.080-z-minus-0.060,1.985631999999999,4.192452999999999,11.823444,13.809076,0,21,2.6627449999999993,0.2300260000000005,2.8927709999999998,0,10.745339,23.465668,2.5717599999999994,1.985631999999999,5.950912000000001,3.150488000000001,5.658599000000001,11.19535,14.345838,0,21,2.811662,0.2409409999999994,3.0526029999999995,0,12.656098000000002,25.800663999999998,3.761343,3.150488000000001,7.253854000000002,0.12730953729410618,0.08320005156604482,10.597143875654874,False,-0.07679996258101834,0.08320005156604482,-0.05819996093642227,-1.8387908474872986e-18,-1.1455392393764462e-17,1.3294183241251761e-17
918,6-stretch-all-three-axes,stretch-x-minus-0.080-y-plus-0.080-z-minus-0.080,2.2636149999999997,4.391397999999999,12.14048,14.404095,0,21,3.0641870000000004,2.9999999995311555e-06,3.06419,0,11.013613,23.754963,2.2636149999999997,2.2636149999999997,6.241506999999999,3.4444160000000004,5.868656999999999,11.509781,14.954197,0,21,3.2341359999999995,1.0000000010279564e-06,3.2341370000000005,0,12.931246999999999,26.106136,3.4444160000000004,3.4444160000000004,7.556370000000001,0.13681636263796867,0.08320005156604482,10.371672729364347,False,-0.07679996258101834,0.08320005156604482,-0.07679996258101834,-1.329418324125176e-17,-9.514889787831346e-34,1.3294183241251761e-17
919,6-stretch-all-three-axes,stretch-x-minus-0.080-y-plus-0.080-z-plus-0.020,1.031046,3.502498000000001,10.727936,11.758982,0,21,1.1089700000000011,1.1929219999999994,2.3018920000000005,0,10.719815,22.459294,3.619656000000001,1.031046,4.916676000000001,2.133338,4.926140999999999,10.119638,12.252976,0,21,1.1734160000000005,1.2563949999999995,2.429811,0,12.723799000000001,24.741712,4.831955000000001,2.133338,6.172358000000001,0.11501532372368582,0.08320005156604482,11.499028460816998,False,-0.07679996258101834,0.08320005156604482,0.020200045995638516,-1.4464808796751393e-17,1.1706255554996334e-18,1.3294183241251761e-17
920,6-stretch-all-three-axes,stretch-x-minus-0.080-y-plus-0.080-z-plus-0.040,0.8242979999999989,3.351732,10.491858,11.316156,0,21,0.7334329999999998,1.4408840000000005,2.1743170000000003,0,10.767745999999999,22.240353,3.8403279999999995,0.8242979999999989,4.682976,1.9110359999999993,4.764837999999999,9.890544,11.80158,0,21,0.7764729999999993,1.5194740000000007,2.295947,0,12.651404000000001,24.512265,5.055871,1.9110359999999993,5.926824,0.12035417207107442,0.08320005156604482,11.724499607107523,False,-0.07679996258101834,0.08320005156604482,0.04080004781707314,4.8992664547309467e-17,-6.228684778856123e-17,1.329418324125176e-17
921,6-stretch-all-three-axes,stretch-x-minus-0.080-y-plus-0.080-z-plus-0.060,0.6279599999999999,3.2081529999999994,10.268955,10.896915,0,21,0.3636429999999997,1.689972000000001,2.0536150000000006,0,10.559762000000001,22.032637,4.046156999999999,0.6279599999999999,4.457053999999999,1.6991150000000008,4.610651000000001,9.675319,11.374434,0,21,0.38518099999999933,1.7842830000000003,2.1694639999999996,0,12.446326999999998,24.294922,5.264234,1.6991150000000008,5.689,0.12899507344364658,0.08320005156604482,11.949970753398052,False,-0.07679996258101834,0.08320005156604482,0.0618000496738752,6.320676852515874e-17,-7.65009517664105e-17,1.3294183241251758e-17
922,6-stretch-all-three-axes,stretch-x-minus-0.080-y-plus-0.080-z-plus-0.080,0.44105799999999995,3.071166,10.058334,10.499392,0,21,2.000000000279556e-06,1.9392840000000007,1.939286000000001,0,10.123827,21.835407,4.237999,0.44105799999999995,4.237999,1.4966339999999985,4.46298,9.472981,10.969615,0,21,1.000000000139778e-06,2.0497890000000005,2.0497900000000007,0,12.065902999999999,24.088880000000003,5.458013999999999,1.4966339999999985,5.458013999999999,0.14050883037599754,0.08320005156604482,12.175441899688582,False,-0.07679996258101834,0.08320005156604482,0.08320005156604482,1.0695925015724556e-17,-2.3990108256976317e-17,1.3294183241251761e-17
923,6-stretch-all-three-axes,stretch-x-plus-0.020-y-minus-0.020-z-minus-0.020,3.775691,5.28139,10.243829,14.01952,0,126,0.6408140000000007,0.0,0.6408140000000007,0,12.17095,21.967112999999998,3.775691,4.7499579999999995,3.775691,5.015093,6.790580000000002,9.570134,14.585227,0,126,0.6754869999999986,0.0,0.6754869999999986,0,14.114654999999999,24.220444999999998,5.015093,6.024758,5.015093,0.03452706902542961,0.020200045995638516,11.114801664420932,False,0.020200045995638516,-0.019799957541127067,-0.019799957541127067,2.1268800597061615e-17,-3.044717160314448e-17,9.178371006082864e-18
924,6-stretch-all-three-axes,stretch-x-plus-0.020-y-minus-0.020-z-minus-0.040,3.272295999999999,4.9733789999999996,10.753733,14.026029,0,144,0.6795929999999988,0.28483500000000106,0.9644279999999998,0,11.902421,22.453331,3.272295999999999,4.777265,3.7983909999999987,4.4938780000000005,6.473265999999999,10.087453,14.581331,0,144,0.7164699999999993,0.29956100000000063,1.016031,0,13.91535,24.732455,4.4938780000000005,6.053519999999999,5.040212,0.048339600562730706,0.03919995925645853,10.887968977391933,False,0.020200045995638516,-0.019799957541127067,-0.03919995925645853,1.5407748121277124e-17,-2.4586119127359988e-17,9.178371006082864e-18
925,6-stretch-all-three-axes,stretch-x-plus-0.020-y-minus-0.020-z-minus-0.060,2.7546149999999994,4.669202,11.27669,14.031305,0,144,0.7208100000000002,0.5693040000000007,1.2901140000000009,0,12.206649,22.950363000000003,2.7546149999999994,4.822570999999998,3.8398149999999998,3.9579400000000007,6.160451000000002,10.617928,14.575868,0,144,0.7601230000000001,0.5982969999999987,1.3584199999999989,0,14.037085000000001,25.255682,3.9579400000000007,6.101172000000002,5.0849720000000005,0.06470947094403896,0.05819996093642227,10.661136290362935,False,0.020200045995638516,-0.019799957541127067,-0.05819996093642227,3.4476469431812308e-18,-1.2626017949264094e-17,9.178371006082864e-18
926,6-stretch-all-three-axes,stretch-x-plus-0.020-y-minus-0.020-z-minus-0.080,2.2220239999999993,4.370058,11.813447,14.035471,0,144,0.7646619999999995,0.8533720000000002,1.6180339999999998,0,12.206609,23.458714,2.2220239999999993,4.888016,3.902094,3.406438999999999,5.853351999999999,11.162404,14.568843,0,144,0.8066340000000007,0.8962479999999999,1.7028820000000007,0,14.050385,25.790707,3.406438999999999,6.169856999999999,5.151476000000001,0.08184323080928663,0.07679996258101834,10.434303603333934,False,0.020200045995638516,-0.019799957541127067,-0.07679996258101834,-8.00774545058323e-18,-1.1706255554996332e-18,9.178371006082864e-18
927,6-stretch-all-three-axes,stretch-x-plus-0.020-y-minus-0.020-z-plus-0.020,3.2083249999999985,4.844215999999999,9.830882,13.039207,0,126,1.0000000010279564e-06,0.5698170000000005,0.5698180000000015,0,11.493495999999999,21.595082,4.1714269999999996,4.1714269999999996,3.2083249999999985,4.414382000000002,6.32601,9.173471,13.587853,0,126,9.999999992515995e-07,0.6006479999999996,0.6006489999999989,0,13.511028,23.828671,5.414738000000002,5.414738000000002,4.414382000000002,0.03475804993209858,0.020200045995638516,11.56846703847893,False,0.020200045995638516,-0.019799957541127067,0.020200045995638516,-9.178371006082866e-18,1.09389088829366e-33,9.178371006082864e-18
928,6-stretch-all-three-axes,stretch-x-plus-0.020-y-minus-0.020-z-plus-0.040,2.9453580000000006,4.64193,9.641547,12.586905,0,126,0.316533999999999,0.537274,0.853807999999999,0,10.969463000000001,21.423101,4.349919000000002,3.901956,2.9453580000000006,4.135124000000001,6.110422000000002,8.993049,13.128173,0,126,0.33431799999999967,0.5664299999999987,0.9007479999999983,0,12.99523,23.647937,5.594188000000001,5.1298590000000015,4.135124000000001,0.04964598753909324,0.04080004781707314,11.795299725507933,False,0.020200045995638516,-0.019799957541127067,0.04080004781707314,5.4279102337977996e-17,-6.345747334406085e-17,9.178371006082862e-18
929,6-stretch-all-three-axes,stretch-x-plus-0.020-y-minus-0.020-z-plus-0.060,2.694476,4.449205000000001,9.4627,12.157176,0,126,0.629861,0.5065030000000004,1.1363640000000004,0,10.639818,21.25984,4.51629,3.643935000000001,2.694476,3.868131,5.904607,8.82358,12.691711,0,126,0.6656839999999988,0.5341260000000005,1.1998099999999994,0,12.606466000000001,23.476579,5.7609770000000005,4.856604000000001,3.868131,0.06796562599248085,0.0618000496738752,12.02213241253693,False,0.020200045995638516,-0.019799957541127067,0.0618000496738752,6.849320631582727e-17,-7.767157732191013e-17,9.178371006082861e-18
930,6-stretch-all-three-axes,stretch-x-plus-0.020-y-minus-0.020-z-plus-0.080,2.4546780000000012,4.265405000000001,9.293686,11.748364,0,126,0.9394749999999998,0.4773739999999993,1.4168489999999991,0,10.519627000000002,21.104336,4.671094,3.3963160000000006,2.4546780000000012,3.6123200000000004,5.707796,8.664373,12.276693,0,126,0.9935400000000003,0.5036059999999996,1.4971459999999999,0,12.470958999999999,23.313634999999998,5.915766000000001,4.593878,3.6123200000000004,0.0878767816743926,0.08320005156604482,12.248965099565924,False,0.020200045995638516,-0.019799957541127067,0.08320005156604482,1.5982362806393085e-17,-2.516073381247595e-17,9.178371006082864e-18
931,6-stretch-all-three-axes,stretch-x-plus-0.020-y-minus-0.040-z-minus-0.020,3.272295999999999,4.9733789999999996,10.753733,14.026029,0,126,0.6795929999999988,0.28483500000000106,0.9644279999999998,0,11.902421,22.453331,3.7983909999999987,4.777265,3.272295999999999,4.4938780000000005,6.473265999999999,10.087453,14.581331,0,126,0.7164699999999993,0.29956100000000063,1.016031,0,13.91535,24.732455,5.040212,6.053519999999999,4.4938780000000005,0.048339600562730706,0.03919995925645853,10.887968977391933,False,0.020200045995638516,-0.03919995925645853,-0.019799957541127067,1.5407748121277124e-17,-3.044717160314448e-17,1.5039423481867355e-17
932,6-stretch-all-three-axes,stretch-x-plus-0.020-y-minus-0.040-z-minus-0.040,3.5698589999999992,5.198933999999998,10.989864,14.559723,0,126,1.0234649999999998,1.0000000010279564e-06,1.0234660000000009,0,12.153420999999998,22.665831,3.5698589999999992,5.081374,3.5698589999999992,4.808395000000001,6.712378000000001,10.316567,15.124962,0,126,1.0783959999999997,9.999999992515995e-07,1.078396999999999,0,14.231784000000001,24.9566,4.808395000000001,6.3731100000000005,4.808395000000001,0.05900267341097291,0.03919995925645853,10.66576552887373,False,0.020200045995638516,-0.03919995925645853,-0.03919995925645853,9.546695645492635e-18,-2.4586119127359988e-17,1.5039423481867355e-17
933,6-stretch-all-three-axes,stretch-x-plus-0.020-y-minus-0.040-z-minus-0.060,3.0421500000000012,4.883114000000001,11.523983,14.566133,0,144,1.086233,0.28367899999999935,1.3699119999999994,0,12.161030000000002,23.173952,3.0421500000000012,5.118347000000002,3.6014100000000013,4.262255,6.387150999999999,10.858483,15.120738,0,144,1.144820000000001,0.2978299999999994,1.4426500000000004,0,14.265882000000001,25.491429,4.262255,6.411742,4.843083,0.07301995697708263,0.05819996093642227,10.443562080355527,False,0.020200045995638516,-0.03919995925645853,-0.05819996093642227,-2.413405532603259e-18,-1.2626017949264094e-17,1.5039423481867355e-17
934,6-stretch-all-three-axes,stretch-x-plus-0.020-y-minus-0.040-z-minus-0.080,2.499594,4.572132,12.071904,14.571498,0,144,1.1530620000000003,0.5660150000000002,1.7190770000000004,0,12.184321,23.693587,2.499594,5.1753779999999985,3.6541189999999997,3.7007510000000003,6.0675539999999994,11.414308,15.115059,0,144,1.215674,0.5937820000000009,1.8094560000000008,0,14.284674,26.038189000000003,3.7007510000000003,6.471386999999998,4.899928000000001,0.08856022197566885,0.07679996258101834,10.221358631837328,False,0.020200045995638516,-0.03919995925645853,-0.07679996258101834,-1.386879792636772e-17,-1.1706255554996332e-18,1.5039423481867355e-17
935,6-stretch-all-three-axes,stretch-x-plus-0.020-y-minus-0.040-z-plus-0.020,2.7233970000000003,4.557333,10.320966,13.044363,0,126,0.0,0.8563890000000001,0.8563890000000001,0,11.453930999999999,22.061306000000002,4.212121999999999,4.212121999999999,2.7233970000000003,3.9118370000000002,6.031003,9.670538,13.582375,0,126,1.0000000010279564e-06,0.9022009999999998,0.9022020000000008,0,13.411718999999998,24.319753,5.458098,5.458098,3.9118370000000002,0.04850485050136565,0.03919995925645853,11.33237587442834,False,0.020200045995638516,-0.03919995925645853,0.020200045995638516,-1.5039423481867355e-17,1.09389088829366e-33,1.5039423481867355e-17
936,6-stretch-all-three-axes,stretch-x-plus-0.020-y-minus-0.040-z-plus-0.040,2.4690720000000006,4.364788000000001,10.122708,12.59178,0,126,0.33496600000000143,0.8068859999999987,1.141852,0,11.175947,21.880291999999997,4.398649000000001,3.9481150000000014,2.4690720000000006,3.6412150000000008,5.82563,9.481048,13.122263,0,126,0.3538270000000008,0.8501619999999992,1.203989,0,13.158282999999999,24.129575,5.645694000000001,5.179227000000001,3.6412150000000008,0.06007763781815473,0.04080004781707314,11.55457932294654,False,0.020200045995638516,-0.03919995925645853,0.04080004781707314,4.8418049862193506e-17,-6.345747334406085e-17,1.503942348186735e-17
937,6-stretch-all-three-axes,stretch-x-plus-0.020-y-minus-0.040-z-plus-0.060,2.2265490000000003,4.181402,9.935509,12.162058,0,126,0.6660360000000001,0.7600899999999999,1.426126,0,10.951908,21.708410999999998,4.572589000000001,3.694904000000001,2.2265490000000003,3.3825260000000004,5.6295280000000005,9.303115,12.685641,0,126,0.7039939999999998,0.8010359999999999,1.5050299999999996,0,12.949382000000002,23.949222,5.8201160000000005,4.911255000000001,3.3825260000000004,0.07592051635511551,0.0618000496738752,11.776782771464742,False,0.020200045995638516,-0.03919995925645853,0.0618000496738752,6.263215384004278e-17,-7.767157732191013e-17,1.503942348186735e-17
938,6-stretch-all-three-axes,stretch-x-plus-0.020-y-minus-0.040-z-plus-0.080,1.9946570000000001,4.006398000000001,9.758647,11.753304,0,126,0.9926709999999996,0.7157940000000007,1.7084650000000003,0,10.649941000000002,21.545018,4.7345109999999995,3.451486000000001,1.9946570000000001,3.134589,5.441883000000001,9.135997,12.270586,0,126,1.04988,0.7546169999999996,1.8044969999999996,0,12.574128000000002,23.778050999999998,5.98208,4.653152,3.134589,0.09416436292210784,0.08320005156604482,11.99898621998295,False,0.020200045995638516,-0.03919995925645853,0.08320005156604482,1.0121310330608596e-17,-2.516073381247595e-17,1.5039423481867355e-17
939,6-stretch-all-three-axes,stretch-x-plus-0.020-y-minus-0.060-z-minus-0.020,2.7546149999999994,4.669202,11.27669,14.031305,0,126,0.7208109999999994,0.5693040000000007,1.2901150000000001,0,12.206649,22.950363000000003,3.8398149999999998,4.822570999999998,2.7546149999999994,3.9579400000000007,6.160451000000002,10.617928,14.575868,0,126,0.7601230000000001,0.5982969999999987,1.3584199999999989,0,14.037085000000001,25.255682,5.0849720000000005,6.101172000000002,3.9579400000000007,0.06470947094403898,0.05819996093642227,10.661136290362931,False,0.020200045995638516,-0.05819996093642227,-0.019799957541127067,3.44764694318123e-18,-3.044717160314448e-17,2.6999524659963248e-17
940,6-stretch-all-three-axes,stretch-x-plus-0.020-y-minus-0.060-z-minus-0.040,3.0421500000000012,4.883115000000002,11.523983,14.566133,0,126,1.086233,0.28367899999999935,1.3699119999999994,0,12.161031,23.173952,3.6014090000000003,5.118347000000002,3.0421500000000012,4.262255,6.387150999999999,10.858483,15.120738,0,126,1.144820000000001,0.2978299999999994,1.4426500000000004,0,14.265882000000001,25.491429,4.843083,6.411742,4.262255,0.07301995697708263,0.05819996093642227,10.443562080355527,False,0.020200045995638516,-0.05819996093642227,-0.03919995925645853,-2.413405532603259e-18,-2.4586119127359988e-17,2.6999524659963248e-17
941,6-stretch-all-three-axes,stretch-x-plus-0.020-y-minus-0.060-z-minus-0.060,3.346748999999999,5.109525999999999,11.786473,15.133222,0,126,1.4547830000000008,2.000000000279556e-06,1.454785000000001,0,12.746845,23.41046,3.346748999999999,5.429686999999998,3.346748999999999,4.583932000000001,6.6267260000000014,11.114946,15.698878,0,126,1.5324019999999994,2.9999999995311555e-06,1.532404999999999,0,14.576477,25.741096,4.583932000000001,6.738125,4.583932000000001,0.08474970657310896,0.05819996093642227,10.22598787034812,False,0.020200045995638516,-0.05819996093642227,-0.05819996093642227,-1.4373506710699154e-17,-1.2626017949264094e-17,2.6999524659963248e-17
942,6-stretch-all-three-axes,stretch-x-plus-0.020-y-minus-0.060-z-minus-0.080,2.7936359999999993,4.785993000000001,12.346477,15.140113,0,144,1.545186000000001,0.28136199999999967,1.8265480000000007,0,12.693656,23.942168000000002,2.7936359999999993,5.477214,3.3890849999999997,4.0117259999999995,6.293765999999998,11.683125,15.694851,0,144,1.6281749999999988,0.2948250000000012,1.923,0,14.531295,26.300455,4.0117259999999995,6.787535999999999,4.630236,0.09845563246291605,0.07679996258101834,10.008413660340713,False,0.020200045995638516,-0.05819996093642227,-0.07679996258101834,-2.5828899104463616e-17,-1.1706255554996332e-18,2.6999524659963248e-17
943,6-stretch-all-three-axes,stretch-x-plus-0.020-y-minus-0.060-z-plus-0.020,2.224209,4.274573,10.823957,13.048166,0,126,0.0,1.144101000000001,1.144101000000001,0,11.680392999999999,22.538243,4.271103999999999,4.271103999999999,2.224209,3.3944539999999996,5.740754000000001,10.180724,13.575178,0,126,9.999999992515995e-07,1.204675,1.2046759999999992,0,13.522401,24.822015999999998,5.520588,5.520588,3.3944539999999996,0.06483300987500812,0.05819996093642227,11.096284710377745,False,0.020200045995638516,-0.05819996093642227,0.020200045995638516,-2.6999524659963248e-17,1.09389088829366e-33,2.6999524659963248e-17
944,6-stretch-all-three-axes,stretch-x-plus-0.020-y-minus-0.060-z-plus-0.040,1.978530000000001,4.091886000000001,10.616715,12.595245,0,126,0.35453399999999924,1.0772119999999994,1.4317459999999986,0,11.415551,22.348159,4.465563000000001,4.012796000000002,1.978530000000001,3.132455,5.545712,9.982146,13.114601,0,126,0.3745710000000013,1.1344069999999995,1.5089780000000008,0,13.263872,24.622412,5.716170999999999,5.247890999999999,3.132455,0.07389127968239854,0.05819996093642227,11.313858920385155,False,0.020200045995638516,-0.05819996093642227,0.04080004781707314,3.645794868409761e-17,-6.345747334406085e-17,2.6999524659963245e-17
945,6-stretch-all-three-axes,stretch-x-plus-0.020-y-minus-0.060-z-plus-0.060,1.744299999999999,3.917864999999999,10.421115,12.165415,0,126,0.7044180000000004,1.0139890000000005,1.718407000000001,0,11.151696999999999,22.167780999999998,4.646898,3.764512,1.744299999999999,2.88199,5.3593720000000005,9.795753,12.677743,0,126,0.744707,1.0680709999999998,1.8127779999999998,0,13.006105,24.433259,5.898036000000001,4.985314000000001,2.88199,0.08726123681750352,0.0618000496738752,11.53143313039256,False,0.020200045995638516,-0.05819996093642227,0.0618000496738752,5.067205266194688e-17,-7.767157732191013e-17,2.6999524659963245e-17
946,6-stretch-all-three-axes,stretch-x-plus-0.020-y-minus-0.060-z-plus-0.080,1.5204699999999995,3.7518410000000006,10.236369,11.756839,0,126,1.0490860000000009,0.9541579999999996,2.0032440000000005,0,10.708266000000002,21.99625,4.815758000000001,3.5253320000000006,1.5204699999999995,2.641997,5.181016,9.620706,12.262703,0,126,1.1097419999999998,1.0053800000000006,2.1151220000000004,0,12.715113999999998,24.253646,6.066976,4.731878,2.641997,0.10352548426266601,0.08320005156604482,11.749007340399967,False,0.020200045995638516,-0.05819996093642227,0.08320005156604482,-1.838790847487299e-18,-2.516073381247595e-17,2.6999524659963248e-17
947,6-stretch-all-three-axes,stretch-x-plus-0.020-y-minus-0.080-z-minus-0.020,2.2220239999999993,4.370058,11.813447,14.035471,0,126,0.7646619999999995,0.8533720000000002,1.6180339999999998,0,12.206609,23.458714,3.902094,4.888016,2.2220239999999993,3.406438999999999,5.853351999999999,11.162404,14.568843,0,126,0.8066340000000007,0.8962479999999999,1.7028820000000007,0,14.050385,25.790707,5.151476000000001,6.169856999999999,3.406438999999999,0.08184323080928663,0.07679996258101834,10.434303603333934,False,0.020200045995638516,-0.07679996258101834,-0.019799957541127067,-8.007745450583232e-18,-3.044717160314448e-17,3.845491705372771e-17
948,6-stretch-all-three-axes,stretch-x-plus-0.020-y-minus-0.080-z-minus-0.040,2.499594,4.572133000000001,12.071904,14.571498,0,126,1.1530609999999992,0.5660150000000002,1.7190759999999994,0,12.184321,23.693587,3.6541189999999997,5.1753779999999985,2.499594,3.7007510000000003,6.0675539999999994,11.414308,15.115059,0,126,1.215674,0.5937820000000009,1.8094560000000008,0,14.284674,26.038189000000003,4.899928000000001,6.471386999999998,3.7007510000000003,0.08856022197566885,0.07679996258101834,10.221358631837328,False,0.020200045995638516,-0.07679996258101834,-0.03919995925645853,-1.386879792636772e-17,-2.4586119127359988e-17,3.845491705372771e-17
949,6-stretch-all-three-axes,stretch-x-plus-0.020-y-minus-0.080-z-minus-0.060,2.7936359999999993,4.785993000000001,12.346477,15.140113,0,126,1.545186000000001,0.28136199999999967,1.8265480000000007,0,12.693656,23.942168000000002,3.3890849999999997,5.477214,2.7936359999999993,4.0117259999999995,6.293765999999998,11.683125,15.694851,0,126,1.6281749999999988,0.2948250000000012,1.923,0,14.531295,26.300455,4.630236,6.787535999999999,4.0117259999999995,0.09845563246291605,0.07679996258101834,10.008413660340716,False,0.020200045995638516,-0.07679996258101834,-0.05819996093642227,-2.5828899104463616e-17,-1.2626017949264094e-17,3.845491705372771e-17
950,6-stretch-all-three-axes,stretch-x-plus-0.020-y-minus-0.080-z-minus-0.080,3.1060730000000003,5.012979000000001,12.638212,15.744285,0,126,1.9410530000000001,3.999999998782755e-06,1.941056999999999,0,12.965129000000001,24.205579999999998,3.1060730000000003,5.795452000000001,3.1060730000000003,4.3413450000000005,6.533443999999999,11.969943,16.311288,0,126,2.044195,4.000000000559112e-06,2.0441990000000008,0,14.829469,26.578669,4.3413450000000005,7.120266000000001,4.3413450000000005,0.11047402573961695,0.07679996258101834,9.795468688844103,False,0.020200045995638516,-0.07679996258101834,-0.07679996258101834,-3.728429149822808e-17,-1.1706255554996332e-18,3.845491705372771e-17
951,6-stretch-all-three-axes,stretch-x-plus-0.020-y-minus-0.080-z-plus-0.020,1.7099590000000013,3.997003000000001,11.340732,13.050691,0,126,0.0,1.4332379999999993,1.4332379999999993,0,11.720537,23.02662,4.3505150000000015,4.3505150000000015,1.7099590000000013,2.8613090000000003,5.456419,10.70496,13.566269,0,126,9.999999992515995e-07,1.5084330000000001,1.5084339999999994,0,13.579759,25.336304,5.6043759999999985,5.6043759999999985,2.8613090000000003,0.0819409419575931,0.07679996258101834,10.860193546327157,False,0.020200045995638516,-0.07679996258101834,0.020200045995638516,-3.8454917053727713e-17,1.09389088829366e-33,3.845491705372771e-17
952,6-stretch-all-three-axes,stretch-x-plus-0.020-y-minus-0.080-z-plus-0.040,1.4728589999999997,3.824192,11.124533,12.597392,0,126,0.3753240000000009,1.3486149999999988,1.7239389999999997,0,11.470589,22.827606,4.552671,4.097907000000001,1.4728589999999997,2.607806,5.271747000000001,10.497359,13.105165,0,126,0.3966650000000005,1.4195719999999987,1.8162369999999992,0,13.337512,25.127419,5.807668,5.337869000000001,2.607806,0.08928000903084175,0.07679996258101834,11.07313851782377,False,0.020200045995638516,-0.07679996258101834,0.04080004781707314,2.5002556290333147e-17,-6.345747334406085e-17,3.845491705372771e-17
953,6-stretch-all-three-axes,stretch-x-plus-0.020-y-minus-0.080-z-plus-0.060,1.246887000000001,3.6595750000000002,10.920546,12.167433,0,126,0.7451810000000005,1.268618,2.0137990000000006,0,11.21832,22.63877,4.7411259999999995,3.854578,1.246887000000001,2.36548,5.095212,10.302553,12.668033,0,126,0.7880360000000017,1.3356839999999988,2.1237200000000005,0,13.092227999999999,24.929527999999998,5.996701999999999,5.080698,2.36548,0.10062565403695607,0.07679996258101834,11.286083489320381,False,0.020200045995638516,-0.07679996258101834,0.0618000496738752,3.921666026818242e-17,-7.767157732191013e-17,3.845491705372771e-17
954,6-stretch-all-three-axes,stretch-x-plus-0.020-y-minus-0.080-z-plus-0.080,1.031046,3.502498000000001,10.727936,11.758982,0,126,1.1089700000000011,1.1929219999999994,2.3018920000000005,0,10.719815,22.459294,4.916676000000001,3.619657,1.031046,2.133338,4.926140999999999,10.119638,12.252976,0,126,1.1734160000000005,1.2563949999999995,2.429811,0,12.723799000000001,24.741712,6.172358000000001,4.831955000000001,2.133338,0.11501532372368582,0.08320005156604482,11.499028460816993,False,0.020200045995638516,-0.07679996258101834,0.08320005156604482,-1.3294183241251761e-17,-2.516073381247595e-17,3.845491705372771e-17
955,6-stretch-all-three-axes,stretch-x-plus-0.020-y-plus-0.020-z-minus-0.020,3.2083249999999985,4.844215999999999,9.830882,13.039207,0,144,1.0000000010279564e-06,0.5698170000000005,0.5698180000000015,0,11.493495999999999,21.595082,3.2083249999999985,4.1714269999999996,4.1714269999999996,4.414382000000002,6.32601,9.173471,13.587853,0,144,9.999999992515995e-07,0.6006479999999996,0.6006489999999989,0,13.511028,23.828671,4.414382000000002,5.414738000000002,5.414738000000002,0.03475804993209858,0.020200045995638516,11.56846703847893,False,0.020200045995638516,0.020200045995638516,-0.019799957541127067,-9.178371006082864e-18,-3.044717160314448e-17,3.962554260922734e-17
956,6-stretch-all-three-axes,stretch-x-plus-0.020-y-plus-0.020-z-minus-0.040,2.7233970000000003,4.557333,10.320966,13.044363,0,144,0.0,0.8563890000000001,0.8563890000000001,0,11.453930999999999,22.061306000000002,2.7233970000000003,4.212121999999999,4.212121999999999,3.9118370000000002,6.031003,9.670538,13.582375,0,144,1.0000000010279564e-06,0.9022009999999998,0.9022020000000008,0,13.411718999999998,24.319753,3.9118370000000002,5.458098,5.458098,0.04850485050136565,0.03919995925645853,11.332375874428335,False,0.020200045995638516,0.020200045995638516,-0.03919995925645853,-1.5039423481867355e-17,-2.4586119127359988e-17,3.962554260922734e-17
957,6-stretch-all-three-axes,stretch-x-plus-0.020-y-plus-0.020-z-minus-0.060,2.224209,4.274573,10.823957,13.048166,0,144,9.999999992515995e-07,1.144101000000001,1.1441020000000002,0,11.680392999999999,22.538243,2.224209,4.271103999999999,4.271103999999999,3.3944539999999996,5.740754000000001,10.180724,13.575178,0,144,9.999999992515995e-07,1.204675,1.2046759999999992,0,13.522401,24.822015999999998,3.3944539999999996,5.520588,5.520588,0.06483300987500812,0.05819996093642227,11.096284710377745,False,0.020200045995638516,0.020200045995638516,-0.05819996093642227,-2.6999524659963248e-17,-1.2626017949264094e-17,3.962554260922734e-17
958,6-stretch-all-three-axes,stretch-x-plus-0.020-y-plus-0.020-z-minus-0.080,1.7099590000000013,3.997003000000001,11.340732,13.050691,0,144,0.0,1.4332379999999993,1.4332379999999993,0,11.720537,23.02662,1.7099590000000013,4.3505150000000015,4.3505150000000015,2.8613090000000003,5.456419,10.70496,13.566269,0,144,9.999999992515995e-07,1.5084330000000001,1.5084339999999994,0,13.579759,25.336304,2.8613090000000003,5.6043759999999985,5.6043759999999985,0.0819409419575931,0.07679996258101834,10.860193546327157,False,0.020200045995638516,0.020200045995638516,-0.07679996258101834,-3.845491705372771e-17,-1.1706255554996332e-18,3.962554260922734e-17
959,6-stretch-all-three-axes,stretch-x-plus-0.020-y-plus-0.020-z-plus-0.020,4.1373940000000005,5.426013000000001,8.886911,13.024305,0,21,0.0,9.999999992515995e-07,9.999999992515995e-07,0,11.779081,20.692641000000002,4.1373940000000005,4.1373940000000005,4.1373940000000005,5.377599999999999,6.925778999999999,8.215953,13.593553,0,21,0.0,1.0000000010279564e-06,1.0000000010279564e-06,0,13.601805,22.877695000000003,5.377599999999999,5.377599999999999,5.377599999999999,0.034987505979674156,0.020200045995638516,12.040649366580112,False,0.020200045995638516,0.020200045995638516,0.020200045995638516,-3.962554260922734e-17,1.09389088829366e-33,3.962554260922734e-17
960,6-stretch-all-three-axes,stretch-x-plus-0.020-y-plus-0.020-z-plus-0.040,3.857458000000001,5.204742000000001,8.715093,12.572551,0,21,0.2827350000000006,9.999999992515995e-07,0.2827359999999999,0,11.448182,20.538448,4.299411000000001,3.857458000000001,3.857458000000001,5.081204,6.690284999999999,8.053393,13.134597,0,21,0.2986430000000002,9.999999992515995e-07,0.29864399999999947,0,13.269902000000002,22.715626999999998,5.540345,5.081204,5.081204,0.04980690331999448,0.04080004781707314,12.2767405306307,False,0.020200045995638516,0.020200045995638516,0.04080004781707314,2.3831930734833515e-17,-6.345747334406085e-17,3.962554260922734e-17
961,6-stretch-all-three-axes,stretch-x-plus-0.020-y-plus-0.020-z-plus-0.060,3.590269000000001,4.994002,8.552679,12.142948,0,21,0.563485,9.999999992515995e-07,0.5634859999999993,0,10.940246,20.391758,4.450306000000001,3.590269000000001,3.590269000000001,4.797826000000001,6.465622,7.900632,12.698458,0,21,0.5956079999999995,1.000000000139778e-06,0.5956089999999996,0,12.915056000000002,22.561663,5.691488,4.797826000000001,4.797826000000001,0.06808325679743343,0.0618000496738752,12.51283169468129,False,0.020200045995638516,0.020200045995638516,0.0618000496738752,3.804603471268279e-17,-7.767157732191013e-17,3.962554260922734e-17
962,6-stretch-all-three-axes,stretch-x-plus-0.020-y-plus-0.020-z-plus-0.080,3.3347130000000007,4.792921,8.399087,11.7338,0,21,0.8418000000000001,9.999999992515995e-07,0.8418009999999994,0,10.410988000000001,20.252051,4.59056,3.3347130000000007,3.3347130000000007,4.5262780000000005,6.25087,7.757041,12.283319,0,21,0.8904209999999999,1.000000000139778e-06,0.890422,0,12.352788,22.415233,5.831589999999999,4.5262780000000005,4.5262780000000005,0.08796779124795814,0.08320005156604482,12.74892285873188,False,0.020200045995638516,0.020200045995638516,0.08320005156604482,-1.4464808796751393e-17,-2.516073381247595e-17,3.962554260922734e-17
963,6-stretch-all-three-axes,stretch-x-plus-0.020-y-plus-0.040-z-minus-0.020,2.9453580000000006,4.64193,9.641547,12.586905,0,144,0.316533999999999,0.537274,0.853807999999999,0,10.969463000000001,21.423101,2.9453580000000006,3.901956,4.349919000000002,4.135124000000001,6.110422000000002,8.993049,13.128173,0,144,0.33431799999999967,0.5664299999999987,0.9007479999999983,0,12.99523,23.647937,4.135124000000001,5.1298590000000015,5.594188000000001,0.04964598753909324,0.04080004781707314,11.795299725507933,False,0.020200045995638516,0.04080004781707314,-0.019799957541127067,5.427910233797799e-17,-3.044717160314448e-17,-2.3831930734833515e-17
964,6-stretch-all-three-axes,stretch-x-plus-0.020-y-plus-0.040-z-minus-0.040,2.4690720000000006,4.364787,10.122708,12.59178,0,144,0.33496600000000143,0.8068859999999987,1.141852,0,11.175947,21.880291999999997,2.4690720000000006,3.9481150000000014,4.398649000000001,3.6412150000000008,5.82563,9.481048,13.122263,0,144,0.3538270000000008,0.8501619999999992,1.203989,0,13.158282999999999,24.129575,3.6412150000000008,5.179227000000001,5.645694000000001,0.06007763781815473,0.04080004781707314,11.55457932294654,False,0.020200045995638516,0.04080004781707314,-0.03919995925645853,4.8418049862193506e-17,-2.458611912735999e-17,-2.3831930734833515e-17
965,6-stretch-all-three-axes,stretch-x-plus-0.020-y-plus-0.040-z-minus-0.060,1.978530000000001,4.091886000000001,10.616715,12.595245,0,144,0.354533,1.0772129999999986,1.4317459999999986,0,11.415551,22.348159,1.978530000000001,4.012796000000002,4.465563000000001,3.132455,5.545712,9.982146,13.114601,0,144,0.3745710000000013,1.1344069999999995,1.5089780000000008,0,13.263872,24.622412,3.132455,5.247890999999999,5.716170999999999,0.07389127968239854,0.05819996093642227,11.313858920385155,False,0.020200045995638516,0.04080004781707314,-0.05819996093642227,3.645794868409761e-17,-1.2626017949264097e-17,-2.3831930734833515e-17
966,6-stretch-all-three-axes,stretch-x-plus-0.020-y-plus-0.040-z-minus-0.080,1.4728589999999997,3.824192,11.124533,12.597392,0,144,0.37532500000000013,1.3486139999999995,1.7239389999999997,0,11.470589,22.827606,1.4728589999999997,4.097907000000001,4.552671,2.607806,5.271747000000001,10.497359,13.105165,0,144,0.3966650000000005,1.4195719999999987,1.8162369999999992,0,13.337512,25.127419,2.607806,5.337869000000001,5.807668,0.08928000903084175,0.07679996258101834,11.07313851782377,False,0.020200045995638516,0.04080004781707314,-0.07679996258101834,2.5002556290333147e-17,-1.1706255554996363e-18,-2.3831930734833515e-17
967,6-stretch-all-three-axes,stretch-x-plus-0.020-y-plus-0.040-z-plus-0.020,3.857458000000001,5.204742000000001,8.715093,12.572551,0,21,0.2827350000000006,9.999999992515995e-07,0.2827359999999999,0,11.448182,20.538448,3.857458000000001,3.857458000000001,4.299411000000001,5.081204,6.690284999999999,8.053393,13.134597,0,21,0.2986430000000002,9.999999992515995e-07,0.29864399999999947,0,13.269902000000002,22.715626999999998,5.081204,5.081204,5.540345,0.04980690331999449,0.04080004781707314,12.276740530630706,False,0.020200045995638516,0.04080004781707314,0.020200045995638516,2.3831930734833515e-17,-1.9875970227259173e-33,-2.3831930734833515e-17
968,6-stretch-all-three-axes,stretch-x-plus-0.020-y-plus-0.040-z-plus-0.040,3.5881310000000006,4.992108,8.536252,12.124383,0,21,9.999999992515995e-07,0.26722,0.26722099999999926,0,10.965292,20.377395999999997,4.026678,3.5881310000000006,4.026678,4.7957279999999995,6.463731999999999,7.883206,12.678934,0,21,1.000000000139778e-06,0.28231300000000026,0.2823140000000004,0,12.940918999999997,22.54636,5.251865,4.7957279999999995,5.251865,0.06113370315936064,0.04080004781707314,12.51746093319209,False,0.020200045995638516,0.04080004781707314,0.04080004781707314,8.728940407889437e-17,-6.345747334406087e-17,-2.3831930734833518e-17
969,6-stretch-all-three-axes,stretch-x-plus-0.020-y-plus-0.040-z-plus-0.060,3.33141,4.789674,8.367124,11.698534,0,21,0.28046300000000013,0.25253700000000023,0.5330000000000004,0,10.463413,20.224229,4.1844529999999995,3.33141,3.7662379999999995,4.5230570000000005,6.247661999999999,7.723154,12.246211,0,21,0.29662899999999937,0.2668980000000003,0.5635269999999997,0,12.407221999999997,22.385599,5.410514999999999,4.5230570000000005,4.975878000000001,0.07675892065287793,0.0618000496738752,12.758181335753475,False,0.020200045995638516,0.04080004781707314,0.0618000496738752,1.0150350805674364e-16,-7.767157732191014e-17,-2.3831930734833518e-17
970,6-stretch-all-three-axes,stretch-x-plus-0.020-y-plus-0.040-z-plus-0.080,3.086012,4.596578000000001,8.207139,11.293151,0,21,0.5582760000000002,0.23862399999999973,0.7968999999999999,0,9.959534,20.078253,4.331201,3.086012,3.516852,4.261923,6.04118,7.572632,11.834555,0,21,0.5908439999999997,0.25228499999999965,0.8431289999999994,0,11.870586000000003,22.232642,5.557723,4.261923,4.711157000000001,0.09484162767842971,0.08320005156604482,12.998901738314862,False,0.020200045995638516,0.04080004781707314,0.08320005156604482,4.8992664547309467e-17,-2.5160733812475952e-17,-2.3831930734833515e-17
971,6-stretch-all-three-axes,stretch-x-plus-0.020-y-plus-0.060-z-minus-0.020,2.694476,4.449205000000001,9.4627,12.157176,0,144,0.629862000000001,0.5065019999999993,1.1363640000000004,0,10.639818,21.25984,2.694476,3.643935000000001,4.516291000000001,3.868131,5.904607,8.82358,12.691711,0,144,0.6656839999999988,0.5341260000000005,1.1998099999999994,0,12.606466000000001,23.476579,3.868131,4.856604000000001,5.7609770000000005,0.06796562599248085,0.0618000496738752,12.02213241253693,False,0.020200045995638516,0.0618000496738752,-0.019799957541127067,6.849320631582727e-17,-3.044717160314448e-17,-3.804603471268279e-17
972,6-stretch-all-three-axes,stretch-x-plus-0.020-y-plus-0.060-z-minus-0.040,2.2265490000000003,4.181402,9.935509,12.162058,0,144,0.6660360000000001,0.7600899999999999,1.426126,0,10.951908,21.708410999999998,2.2265490000000003,3.694904000000001,4.572589000000001,3.3825260000000004,5.6295280000000005,9.303115,12.685641,0,144,0.7039939999999998,0.8010359999999999,1.5050299999999996,0,12.949382000000002,23.949222,3.3825260000000004,4.911255000000001,5.8201160000000005,0.07592051635511551,0.0618000496738752,11.776782771464742,False,0.020200045995638516,0.0618000496738752,-0.03919995925645853,6.263215384004278e-17,-2.458611912735999e-17,-3.804603471268279e-17
973,6-stretch-all-three-axes,stretch-x-plus-0.020-y-plus-0.060-z-minus-0.060,1.744301,3.917864999999999,10.421115,12.165416,0,144,0.7044169999999994,1.0139890000000005,1.7184059999999999,0,11.151696999999999,22.16778,1.744301,3.764512,4.646898,2.88199,5.3593720000000005,9.795753,12.677743,0,144,0.744707,1.0680709999999998,1.8127779999999998,0,13.006105,24.433259,2.88199,4.985314000000001,5.898036000000001,0.08726123681750352,0.0618000496738752,11.53143313039256,False,0.020200045995638516,0.0618000496738752,-0.05819996093642227,5.067205266194688e-17,-1.2626017949264097e-17,-3.804603471268279e-17
974,6-stretch-all-three-axes,stretch-x-plus-0.020-y-plus-0.060-z-minus-0.080,1.246887000000001,3.6595750000000002,10.920546,12.167433,0,144,0.7451810000000005,1.268618,2.0137990000000006,0,11.21832,22.63877,1.246887000000001,3.854578,4.7411259999999995,2.36548,5.095212,10.302553,12.668033,0,144,0.7880360000000017,1.3356839999999988,2.1237200000000005,0,13.092227999999999,24.929527999999998,2.36548,5.080698,5.996701999999999,0.10062565403695606,0.07679996258101834,11.286083489320381,False,0.020200045995638516,0.0618000496738752,-0.07679996258101834,3.921666026818242e-17,-1.1706255554996363e-18,-3.804603471268279e-17
975,6-stretch-all-three-axes,stretch-x-plus-0.020-y-plus-0.060-z-plus-0.020,3.590269000000001,4.994002,8.552679,12.142948,0,21,0.5634859999999993,0.0,0.5634859999999993,0,10.940247000000001,20.391757,3.590269000000001,3.590269000000001,4.450306000000001,4.797826000000001,6.465622,7.900632,12.698458,0,21,0.5956079999999995,1.000000000139778e-06,0.5956089999999996,0,12.915056000000002,22.561663,4.797826000000001,4.797826000000001,5.691488,0.06808325679743343,0.0618000496738752,12.512831694681296,False,0.020200045995638516,0.0618000496738752,0.020200045995638516,3.8046034712682784e-17,-1.9875970227259173e-33,-3.804603471268279e-17
976,6-stretch-all-three-axes,stretch-x-plus-0.020-y-plus-0.060-z-plus-0.040,3.33141,4.789674,8.367124,11.698534,0,21,0.2804639999999994,0.252536000000001,0.5330000000000004,0,10.463413,20.224229,3.7662379999999995,3.33141,4.1844529999999995,4.5230570000000005,6.247661999999999,7.723154,12.246211,0,21,0.29662899999999937,0.2668980000000003,0.5635269999999997,0,12.407221999999997,22.385599,4.975878000000001,4.5230570000000005,5.410514999999999,0.07675892065287791,0.0618000496738752,12.758181335753475,False,0.020200045995638516,0.0618000496738752,0.04080004781707314,1.0150350805674364e-16,-6.345747334406087e-17,-3.804603471268279e-17
977,6-stretch-all-three-axes,stretch-x-plus-0.020-y-plus-0.060-z-plus-0.060,3.084873,4.595197000000001,8.191583,11.276456,0,21,0.0,0.5041419999999999,0.5041419999999999,0,9.986262000000002,20.064779,3.930366000000001,3.084873,3.930366000000001,4.260826000000001,6.039840000000001,7.556143,11.816969,0,21,1.000000000139778e-06,0.5332109999999997,0.5332119999999998,0,11.898444000000001,22.2183,5.141529000000001,4.260826000000001,5.141529000000001,0.08970247564929741,0.0618000496738752,13.003530976825656,False,0.020200045995638516,0.0618000496738752,0.0618000496738752,1.1571761203459292e-16,-7.767157732191014e-17,-3.804603471268279e-17
978,6-stretch-all-three-axes,stretch-x-plus-0.020-y-plus-0.060-z-plus-0.080,2.8494090000000014,4.409779,8.025469,10.874878,0,21,0.2776019999999999,0.47679599999999933,0.7543979999999992,0,9.507449,19.912875,4.08323,2.8494090000000014,3.6869300000000003,4.009866000000001,5.8413070000000005,7.398978,11.408844,0,21,0.29396600000000017,0.5044819999999994,0.7984479999999996,0,11.387055,22.05917,5.295408,4.009866000000001,4.883335000000001,0.10559136602256773,0.08320005156604482,13.24888061789784,False,0.020200045995638516,0.0618000496738752,0.08320005156604482,6.320676852515874e-17,-2.5160733812475952e-17,-3.804603471268279e-17
979,6-stretch-all-three-axes,stretch-x-plus-0.020-y-plus-0.080-z-minus-0.020,2.4546780000000012,4.265405000000001,9.293686,11.748364,0,144,0.9394749999999998,0.4773739999999993,1.4168489999999991,0,10.519627000000002,21.104336,2.4546780000000012,3.3963160000000006,4.671094,3.6123200000000004,5.707796,8.664373,12.276693,0,144,0.9935400000000003,0.5036059999999996,1.4971459999999999,0,12.470958999999999,23.313634999999998,3.6123200000000004,4.593878,5.915766000000001,0.0878767816743926,0.08320005156604482,12.248965099565924,False,0.020200045995638516,0.08320005156604482,-0.019799957541127067,1.5982362806393085e-17,-3.044717160314448e-17,1.4464808796751393e-17
980,6-stretch-all-three-axes,stretch-x-plus-0.020-y-plus-0.080-z-minus-0.040,1.9946570000000001,4.006397999999999,9.758646,11.753303,0,144,0.9926700000000004,0.715795,1.7084650000000003,0,10.649941,21.545018,1.9946570000000001,3.451485999999999,4.7345109999999995,3.134589,5.441883000000001,9.135997,12.270586,0,144,1.04988,0.7546169999999996,1.8044969999999996,0,12.574128000000002,23.778050999999998,3.134589,4.653152,5.98208,0.09416436292210784,0.08320005156604482,11.99898621998295,False,0.020200045995638516,0.08320005156604482,-0.03919995925645853,1.0121310330608596e-17,-2.4586119127359988e-17,1.4464808796751393e-17
981,6-stretch-all-three-axes,stretch-x-plus-0.020-y-plus-0.080-z-minus-0.060,1.5204699999999995,3.7518399999999996,10.236369,11.756839,0,144,1.049085999999999,0.9541590000000006,2.0032449999999997,0,10.708266000000002,21.99625,1.5204699999999995,3.5253320000000006,4.815758000000001,2.641997,5.181016,9.620706,12.262703,0,144,1.1097419999999998,1.0053800000000006,2.1151220000000004,0,12.715113999999998,24.253646,2.641997,4.731878,6.066976,0.10352548426266601,0.08320005156604482,11.749007340399972,False,0.020200045995638516,0.08320005156604482,-0.05819996093642227,-1.8387908474872986e-18,-1.2626017949264094e-17,1.4464808796751393e-17
982,6-stretch-all-three-axes,stretch-x-plus-0.020-y-plus-0.080-z-minus-0.080,1.0310449999999989,3.502497,10.727937,11.758982,0,144,1.108969,1.1929230000000004,2.3018920000000005,0,10.719814,22.459295,1.0310449999999989,3.619655999999999,4.916675999999999,2.133338,4.926140999999999,10.119638,12.252976,0,144,1.1734160000000005,1.2563949999999995,2.429811,0,12.723799000000001,24.741712,2.133338,4.831955000000001,6.172358000000001,0.11501532372368582,0.08320005156604482,11.499028460816993,False,0.020200045995638516,0.08320005156604482,-0.07679996258101834,-1.329418324125176e-17,-1.1706255554996332e-18,1.4464808796751393e-17
983,6-stretch-all-three-axes,stretch-x-plus-0.020-y-plus-0.080-z-plus-0.020,3.3347130000000007,4.792921,8.399087,11.7338,0,21,0.8418000000000001,9.999999992515995e-07,0.8418009999999994,0,10.410988000000001,20.252051,3.3347130000000007,3.3347130000000007,4.59056,4.5262780000000005,6.25087,7.757041,12.283319,0,21,0.8904209999999999,1.000000000139778e-06,0.890422,0,12.352788,22.415233,4.5262780000000005,4.5262780000000005,5.831589999999999,0.08796779124795814,0.08320005156604482,12.74892285873188,False,0.020200045995638516,0.08320005156604482,0.020200045995638516,-1.4464808796751393e-17,1.09389088829366e-33,1.4464808796751393e-17
984,6-stretch-all-three-axes,stretch-x-plus-0.020-y-plus-0.080-z-plus-0.040,3.086012,4.596577,8.207139,11.293151,0,21,0.5582750000000001,0.23862499999999986,0.7968999999999999,0,9.959532999999999,20.078253,3.516852,3.086012,4.331201,4.261923,6.04118,7.572632,11.834555,0,21,0.5908439999999997,0.25228499999999965,0.8431289999999994,0,11.870586000000003,22.232642,4.711157000000001,4.261923,5.557723,0.09484162767842971,0.08320005156604482,12.998901738314862,False,0.020200045995638516,0.08320005156604482,0.04080004781707314,4.8992664547309467e-17,-6.345747334406085e-17,1.446480879675139e-17
985,6-stretch-all-three-axes,stretch-x-plus-0.020-y-plus-0.080-z-plus-0.060,2.8494090000000014,4.409779,8.025469,10.874878,0,21,0.2776019999999999,0.47679599999999933,0.7543979999999992,0,9.507449,19.912875,3.6869300000000003,2.8494090000000014,4.08323,4.009866000000001,5.8413070000000005,7.398978,11.408844,0,21,0.29396600000000017,0.5044819999999994,0.7984479999999996,0,11.387055,22.05917,4.883335000000001,4.009866000000001,5.295408,0.10559136602256773,0.08320005156604482,13.24888061789784,False,0.020200045995638516,0.08320005156604482,0.0618000496738752,6.320676852515874e-17,-7.767157732191013e-17,1.446480879675139e-17
986,6-stretch-all-three-axes,stretch-x-plus-0.020-y-plus-0.080-z-plus-0.080,2.6237320000000004,4.231723000000001,7.853496,10.477228,0,21,1.000000000139778e-06,0.7141269999999995,0.7141279999999997,0,9.053592000000002,19.755329,3.8453800000000005,2.6237320000000004,3.8453800000000005,3.7688639999999998,5.650396,7.235477,11.004341,0,21,1.000000000139778e-06,0.756151,0.7561520000000002,0,10.900818000000001,21.894195,5.043364999999999,3.7688639999999998,5.043364999999999,0.11938399817149259,0.08320005156604482,13.498859497480817,False,0.020200045995638516,0.08320005156604482,0.08320005156604482,1.0695925015724556e-17,-2.516073381247595e-17,1.4464808796751393e-17
987,6-stretch-all-three-axes,stretch-x-plus-0.040-y-minus-0.020-z-minus-0.020,3.490779999999999,5.061335999999999,10.069663,13.560443,0,126,0.958381000000001,0.0,0.958381000000001,0,11.586156999999998,21.810175,3.490779999999999,4.912564999999999,3.490779999999999,4.713215,6.556472000000001,9.406203,14.119418,0,126,1.0110019999999995,9.999999992515995e-07,1.0110029999999988,0,13.653262,24.055501999999997,4.713215,6.186820000000001,4.713215,0.04948454848875883,0.04080004781707314,11.3327389519586,False,0.04080004781707314,-0.019799957541127067,-0.019799957541127067,2.1268800597061612e-17,3.301030174091638e-17,-5.427910233797799e-17
988,6-stretch-all-three-axes,stretch-x-plus-0.040-y-minus-0.020-z-minus-0.040,2.996163000000001,4.763461000000001,10.570635,13.566798,0,144,1.015466,0.2677689999999995,1.2832349999999995,0,11.621607000000001,22.287436,2.996163000000001,4.9480900000000005,3.519208000000001,4.2007639999999995,6.249705999999998,9.914433,14.115197,0,144,1.0713489999999997,0.2816200000000002,1.3529689999999999,0,13.692393000000001,24.558124,4.2007639999999995,6.2238919999999975,4.744542999999998,0.05994429936377518,0.04080004781707314,11.101458565183929,False,0.04080004781707314,-0.019799957541127067,-0.03919995925645853,1.5407748121277124e-17,3.8871354216700866e-17,-5.427910233797799e-17
989,6-stretch-all-three-axes,stretch-x-plus-0.040-y-minus-0.020-z-minus-0.060,2.4872690000000013,4.46959,11.084539,13.571808,0,144,1.0761140000000005,0.5346799999999998,1.6107940000000003,0,11.650831,22.775427,2.4872690000000013,5.001560000000001,3.566505000000001,3.673551,5.947583999999999,10.435751,14.109302,0,144,1.1355950000000004,0.5619239999999994,1.6975189999999998,0,13.723464,25.071896000000002,3.673551,6.279722,4.795637000000001,0.07378290908812804,0.05819996093642227,10.870178178409265,False,0.04080004781707314,-0.019799957541127067,-0.05819996093642227,3.4476469431812293e-18,5.083145539479676e-17,-5.427910233797799e-17
990,6-stretch-all-three-axes,stretch-x-plus-0.040-y-minus-0.020-z-minus-0.080,1.9634280000000004,4.180866999999999,11.612216,13.575644,0,144,1.140604999999999,0.8007530000000003,1.9413579999999993,0,11.67116,23.27474,1.9634280000000004,5.0749759999999995,3.6347780000000007,3.1307460000000003,5.651309999999999,10.971052,14.101798,0,144,1.2040310000000005,0.8409800000000001,2.0450110000000006,0,13.743614999999998,25.597538999999998,3.1307460000000003,6.35642,4.8686430000000005,0.08919033845070724,0.07679996258101834,10.638897791634601,False,0.04080004781707314,-0.019799957541127067,-0.07679996258101834,-8.007745450583232e-18,6.228684778856123e-17,-5.427910233797799e-17
991,6-stretch-all-three-axes,stretch-x-plus-0.040-y-minus-0.020-z-plus-0.020,2.9453580000000006,4.64193,9.641547,12.586905,0,126,0.316535,0.537274,0.853809,0,10.969463000000001,21.423101,3.901956,4.349919000000002,2.9453580000000006,4.135124000000001,6.110422000000002,8.993049,13.128173,0,126,0.33431799999999967,0.5664299999999987,0.9007479999999983,0,12.99523,23.647937,5.1298590000000015,5.594188000000001,4.135124000000001,0.04964598753909324,0.04080004781707314,11.795299725507933,False,0.04080004781707314,-0.019799957541127067,0.020200045995638516,-9.178371006082867e-18,6.345747334406085e-17,-5.427910233797799e-17
992,6-stretch-all-three-axes,stretch-x-plus-0.040-y-minus-0.020-z-plus-0.040,2.6929610000000004,4.447889,9.445159,12.13812,0,126,9.999999992515995e-07,0.805848000000001,0.8058490000000003,0,10.700689,21.244306,4.087539999999999,4.087539999999999,2.6929610000000004,3.8667479999999994,5.903480999999999,8.804957,12.671705,0,126,1.000000000139778e-06,0.8503129999999999,0.850314,0,12.663426,23.460044,5.317121,5.317121,3.8667479999999994,0.061002673075705,0.04080004781707314,12.026580112282595,False,0.04080004781707314,-0.019799957541127067,0.04080004781707314,5.427910233797799e-17,-1.0408000828351506e-33,-5.427910233797799e-17
993,6-stretch-all-three-axes,stretch-x-plus-0.040-y-minus-0.020-z-plus-0.060,2.452447000000001,4.263197,9.259578,11.712025,0,126,0.31311,0.7604849999999992,1.0735949999999992,0,10.388099000000002,21.074336,4.260605,3.8360950000000003,2.452447000000001,3.610379,5.706023,8.628176,12.238555,0,126,0.3311110000000008,0.8026979999999995,1.1338090000000003,0,12.31805,23.281698,5.49128,5.051131,3.610379,0.07665460429875906,0.0618000496738752,12.25786049905726,False,0.04080004781707314,-0.019799957541127067,0.0618000496738752,6.849320631582727e-17,-1.4214103977849273e-17,-5.427910233797799e-17
994,6-stretch-all-three-axes,stretch-x-plus-0.040-y-minus-0.020-z-plus-0.080,2.222716,4.087054,9.084154,11.30687,0,126,0.6223539999999996,0.7175180000000001,1.3398719999999997,0,10.176628,20.912481,4.42177,3.594552,2.222716,3.3648830000000007,5.517208,8.462036,11.826919,0,126,0.6585220000000005,0.757649999999999,1.4161719999999995,0,12.122516,23.112164999999997,5.653043,4.795118,3.3648830000000007,0.09475722031116365,0.08320005156604482,12.489140885831924,False,0.04080004781707314,-0.019799957541127067,0.08320005156604482,1.5982362806393085e-17,3.8296739531584905e-17,-5.427910233797799e-17
995,6-stretch-all-three-axes,stretch-x-plus-0.040-y-minus-0.040-z-minus-0.020,2.996163000000001,4.763461000000001,10.570635,13.566798,0,126,1.015466,0.2677689999999995,1.2832349999999995,0,11.621607000000001,22.287436,3.5192070000000015,4.948089000000001,2.996163000000001,4.2007639999999995,6.249705999999998,9.914433,14.115197,0,126,1.0713489999999997,0.2816200000000002,1.3529689999999999,0,13.692393000000001,24.558124,4.744542999999998,6.2238919999999975,4.2007639999999995,0.05994429936377518,0.04080004781707314,11.101458565183929,False,0.04080004781707314,-0.03919995925645853,-0.019799957541127067,1.5407748121277124e-17,3.301030174091638e-17,-4.8418049862193506e-17
996,6-stretch-all-three-axes,stretch-x-plus-0.040-y-minus-0.040-z-minus-0.040,3.2823969999999996,4.97972,10.814895,14.097292,0,126,1.3604470000000006,9.999999992515995e-07,1.3604479999999999,0,12.015409000000002,22.508091,3.2823969999999996,5.24343,3.2823969999999996,4.503558,6.479083000000001,10.152405,14.655963,0,126,1.434546000000001,9.999999992515995e-07,1.4345470000000002,0,14.001572000000001,24.79083,4.503558,6.5339040000000015,4.503558,0.06883253237598826,0.04080004781707314,10.874898186302628,False,0.04080004781707314,-0.03919995925645853,-0.03919995925645853,9.546695645492634e-18,3.8871354216700866e-17,-4.8418049862193506e-17
997,6-stretch-all-three-axes,stretch-x-plus-0.040-y-minus-0.040-z-minus-0.060,2.763555,4.6743890000000015,11.339934,14.103489,0,144,1.4425159999999995,0.2660929999999997,1.7086089999999992,0,12.035198000000001,23.0073,2.763555,5.288745000000002,3.319922,3.9662679999999995,6.164759999999999,10.6851,14.651368,0,144,1.5214189999999999,0.27935700000000097,1.8007760000000008,0,13.969382000000001,25.316329,3.9662679999999995,6.580909,4.544725,0.08116967512922878,0.05819996093642227,10.648337807421324,False,0.04080004781707314,-0.03919995925645853,-0.05819996093642227,-2.4134055326032605e-18,5.083145539479676e-17,-4.8418049862193506e-17
998,6-stretch-all-three-axes,stretch-x-plus-0.040-y-minus-0.040-z-minus-0.080,2.2298349999999996,4.374127999999999,11.878723,14.108558,0,144,1.5298110000000005,0.5303599999999999,2.0601710000000004,0,11.740746999999999,23.517795,2.2298349999999996,5.353957999999999,3.378748,3.4134899999999995,5.856187,11.231726,14.645216,0,144,1.614001,0.5563319999999994,2.1703329999999994,0,13.764539999999998,25.853583,3.4134899999999995,6.648683,4.608136,0.09539137780758428,0.07679996258101834,10.421777428540018,False,0.04080004781707314,-0.03919995925645853,-0.07679996258101834,-1.3868797926367722e-17,6.228684778856123e-17,-4.8418049862193506e-17
999,6-stretch-all-three-axes,stretch-x-plus-0.040-y-minus-0.040-z-plus-0.020,2.4690720000000006,4.364787,10.122708,12.59178,0,126,0.33496600000000143,0.8068859999999987,1.141852,0,11.175947,21.880291999999997,3.9481150000000014,4.398649000000001,2.4690720000000006,3.6412150000000008,5.82563,9.481048,13.122263,0,126,0.3538270000000008,0.8501619999999992,1.203989,0,13.158282999999999,24.129575,5.179227000000001,5.645694000000001,3.6412150000000008,0.06007763781815473,0.04080004781707314,11.55457932294654,False,0.04080004781707314,-0.03919995925645853,0.020200045995638516,-1.5039423481867358e-17,6.345747334406085e-17,-4.8418049862193506e-17
1000,6-stretch-all-three-axes,stretch-x-plus-0.040-y-minus-0.040-z-plus-0.040,2.2252539999999996,4.18037,9.917407,12.142661,0,126,1.0000000010279564e-06,1.0770350000000004,1.0770360000000014,0,10.954785999999999,21.692288,4.141689999999999,4.141689999999999,2.2252539999999996,3.381411,5.628781,9.283907,12.665318,0,126,9.999999992515995e-07,1.1358549999999994,1.1358559999999986,0,12.894619000000002,23.93209,5.374572000000001,5.374572000000001,3.381411,0.06975617972236522,0.04080004781707314,11.781139701827847,False,0.04080004781707314,-0.03919995925645853,0.04080004781707314,4.8418049862193506e-17,-1.0408000828351506e-33,-4.8418049862193506e-17
1001,6-stretch-all-three-axes,stretch-x-plus-0.040-y-minus-0.040-z-plus-0.060,1.9929679999999994,4.004712,9.723489,11.716457,0,126,0.33089300000000144,1.015739,1.3466320000000014,0,10.661779,21.51398,4.3222059999999995,3.894945,1.9929679999999994,3.133255,5.440818,9.0987,12.231955,0,126,0.3499530000000002,1.0715379999999985,1.4214909999999987,0,12.630627000000002,23.745043,5.556256000000001,5.1137630000000005,3.133255,0.08378858423005431,0.0618000496738752,12.007700080709151,False,0.04080004781707314,-0.03919995925645853,0.0618000496738752,6.263215384004278e-17,-1.4214103977849273e-17,-4.8418049862193506e-17
1002,6-stretch-all-three-axes,stretch-x-plus-0.040-y-minus-0.040-z-plus-0.080,1.7711199999999998,3.837211,9.540234,11.311354,0,126,0.6572389999999997,0.957687,1.6149259999999996,0,10.452816,21.344136,4.490361999999999,3.657465,1.7711199999999998,2.895606000000001,5.2610220000000005,8.924664,11.82027,0,126,0.6954909999999996,1.0107,1.7061909999999996,0,12.428916999999998,23.567213000000002,5.725073999999999,4.862254999999999,2.895606000000001,0.10061575069628005,0.08320005156604482,12.234260459590455,False,0.04080004781707314,-0.03919995925645853,0.08320005156604482,1.0121310330608595e-17,3.8296739531584905e-17,-4.8418049862193506e-17
1003,6-stretch-all-three-axes,stretch-x-plus-0.040-y-minus-0.060-z-minus-0.020,2.4872690000000013,4.46959,11.084539,13.571808,0,126,1.0761140000000005,0.5346799999999998,1.6107940000000003,0,11.650831,22.775427,3.566505000000001,5.001560000000001,2.4872690000000013,3.673551,5.947583999999999,10.435751,14.109302,0,126,1.1355950000000004,0.5619239999999994,1.6975189999999998,0,13.723464,25.071896000000002,4.795637000000001,6.279722,3.673551,0.07378290908812804,0.05819996093642227,10.870178178409265,False,0.04080004781707314,-0.05819996093642227,-0.019799957541127067,3.4476469431812285e-18,3.301030174091638e-17,-3.645794868409761e-17
1004,6-stretch-all-three-axes,stretch-x-plus-0.040-y-minus-0.060-z-minus-0.040,2.763555,4.6743890000000015,11.339934,14.103489,0,126,1.4425159999999995,0.2660929999999997,1.7086089999999992,0,12.035198000000001,23.0073,3.319922,5.288745000000002,2.763555,3.9662679999999995,6.164759999999999,10.6851,14.651368,0,126,1.5214189999999999,0.27935700000000097,1.8007760000000008,0,13.969382000000001,25.316329,4.544725,6.580909,3.9662679999999995,0.08116967512922878,0.05819996093642227,10.648337807421324,False,0.04080004781707314,-0.05819996093642227,-0.03919995925645853,-2.4134055326032605e-18,3.8871354216700866e-17,-3.645794868409761e-17
1005,6-stretch-all-three-axes,stretch-x-plus-0.040-y-minus-0.060-z-minus-0.060,3.056600999999999,4.891361,11.610924,14.667525,0,126,1.8125499999999999,1.0000000010279564e-06,1.812551000000001,0,12.386945999999998,23.252318000000002,3.056600999999999,5.590934000000001,3.056600999999999,4.27595,6.394364000000001,10.950842,15.226792,0,126,1.9107120000000002,9.999999992515995e-07,1.9107129999999994,0,14.216877000000002,25.574979,4.27595,6.897221,4.27595,0.09186465483458592,0.05819996093642227,10.426497436433381,False,0.04080004781707314,-0.05819996093642227,-0.05819996093642227,-1.4373506710699154e-17,5.083145539479676e-17,-3.645794868409761e-17
1006,6-stretch-all-three-axes,stretch-x-plus-0.040-y-minus-0.060-z-minus-0.080,2.512416,4.57874,12.161745,14.674161,0,144,1.9232230000000001,0.2632639999999995,2.1864869999999996,0,12.03631,23.774999,2.512416,5.646737000000002,3.105163000000001,3.712586,6.072631999999999,11.509736,15.222322,0,144,2.0279890000000016,0.2758129999999994,2.303802000000001,0,14.039456000000001,26.124901,3.712586,6.9548960000000015,4.328949999999999,0.1046427905176575,0.07679996258101834,10.204657065445435,False,0.04080004781707314,-0.05819996093642227,-0.07679996258101834,-2.5828899104463616e-17,6.228684778856123e-17,-3.645794868409761e-17
1007,6-stretch-all-three-axes,stretch-x-plus-0.040-y-minus-0.060-z-plus-0.020,1.978530000000001,4.091886000000001,10.616715,12.595245,0,126,0.354533,1.0772129999999986,1.4317459999999986,0,11.41555,22.348159,4.012796000000002,4.465562,1.978530000000001,3.132455,5.545712,9.982146,13.114601,0,126,0.3745710000000013,1.1344069999999995,1.5089780000000008,0,13.263872,24.622412,5.247890999999999,5.716170999999999,3.132455,0.07389127968239854,0.05819996093642227,11.313858920385155,False,0.04080004781707314,-0.05819996093642227,0.020200045995638516,-2.699952465996325e-17,6.345747334406085e-17,-3.645794868409761e-17
1008,6-stretch-all-three-axes,stretch-x-plus-0.040-y-minus-0.060-z-plus-0.040,1.7432859999999994,3.9171060000000004,10.402464,12.14575,0,126,0.0,1.3496769999999998,1.3496769999999998,0,11.170733,22.151077,4.2141210000000004,4.2141210000000004,1.7432859999999994,2.8811970000000002,5.359000999999999,9.775973,12.65717,0,126,9.999999992515995e-07,1.4227670000000003,1.4227679999999996,0,13.025058999999999,24.415533,5.451065999999999,5.451065999999999,2.8811970000000002,0.08195439742168803,0.05819996093642227,11.535699291373101,False,0.04080004781707314,-0.05819996093642227,0.04080004781707314,3.645794868409761e-17,-1.0408000828351506e-33,-3.645794868409761e-17
1009,6-stretch-all-three-axes,stretch-x-plus-0.040-y-minus-0.060-z-plus-0.060,1.5192489999999985,3.7506569999999986,10.200183,11.719432,0,126,0.3497489999999992,1.2720840000000013,1.6218330000000005,0,10.924839999999998,21.964124,4.401938999999999,3.972159999999999,1.5192489999999985,2.6412049999999994,5.180645999999999,9.582344,12.223549,0,126,0.3699710000000005,1.3413850000000007,1.7113560000000012,0,12.784359999999998,24.219534000000003,5.640084,5.195500999999998,2.6412049999999994,0.09418665242256981,0.0618000496738752,11.757539662361046,False,0.04080004781707314,-0.05819996093642227,0.0618000496738752,5.067205266194688e-17,-1.4214103977849273e-17,-3.645794868409761e-17
1010,6-stretch-all-three-axes,stretch-x-plus-0.040-y-minus-0.060-z-plus-0.080,1.305358,3.591887,10.009084,11.314442,0,126,0.69421,1.1986109999999996,1.8928209999999996,0,10.682433999999999,21.786298000000002,4.576842000000001,3.738786000000001,1.305358,2.4114079999999998,5.009945,9.400441,11.811849,0,126,0.7347470000000005,1.264412,1.9991590000000006,0,12.545959,24.033436000000002,5.815707999999999,4.948537999999999,2.4114079999999998,0.10942635850410563,0.08320005156604482,11.979380033348988,False,0.04080004781707314,-0.05819996093642227,0.08320005156604482,-1.8387908474873006e-18,3.8296739531584905e-17,-3.645794868409761e-17
1011,6-stretch-all-three-axes,stretch-x-plus-0.040-y-minus-0.080-z-minus-0.020,1.9634280000000004,4.180866999999999,11.612216,13.575644,0,126,1.140604999999999,0.8007530000000003,1.9413579999999993,0,11.67116,23.27474,3.6347780000000007,5.0749759999999995,1.9634280000000004,3.1307460000000003,5.651309999999999,10.971052,14.101798,0,126,1.2040310000000005,0.8409800000000001,2.0450110000000006,0,13.743614999999998,25.597538999999998,4.8686430000000005,6.35642,3.1307460000000003,0.08919033845070726,0.07679996258101834,10.638897791634601,False,0.04080004781707314,-0.07679996258101834,-0.019799957541127067,-8.007745450583232e-18,3.301030174091638e-17,-2.5002556290333147e-17
1012,6-stretch-all-three-axes,stretch-x-plus-0.040-y-minus-0.080-z-minus-0.040,2.2298349999999996,4.374127999999999,11.878723,14.108558,0,126,1.5298110000000005,0.5303599999999999,2.0601710000000004,0,11.740746999999999,23.517795,3.378748,5.353957999999999,2.2298349999999996,3.4134899999999995,5.856187,11.231726,14.645216,0,126,1.614001,0.5563319999999994,2.1703329999999994,0,13.764539999999998,25.853583,4.608136,6.648683,3.4134899999999995,0.09539137780758428,0.07679996258101834,10.421777428540018,False,0.04080004781707314,-0.07679996258101834,-0.03919995925645853,-1.386879792636772e-17,3.8871354216700866e-17,-2.5002556290333147e-17
1013,6-stretch-all-three-axes,stretch-x-plus-0.040-y-minus-0.080-z-minus-0.060,2.5124169999999992,4.578740999999999,12.161744,14.674161,0,126,1.9232240000000012,0.26326300000000025,2.1864870000000014,0,12.036311,23.774998,3.1051640000000003,5.646737,2.5124169999999992,3.712586,6.072631999999999,11.509736,15.222322,0,126,2.0279890000000016,0.2758129999999994,2.303802000000001,0,14.039456000000001,26.124901,4.328949999999999,6.9548960000000015,3.712586,0.1046427905176575,0.07679996258101834,10.204657065445435,False,0.04080004781707314,-0.07679996258101834,-0.05819996093642227,-2.5828899104463616e-17,5.083145539479676e-17,-2.5002556290333147e-17
1014,6-stretch-all-three-axes,stretch-x-plus-0.040-y-minus-0.080-z-minus-0.080,2.8130570000000006,4.795976,12.46238,15.275437,0,126,2.320997,3.999999998782755e-06,2.321000999999999,0,12.339754,24.047518,2.8130570000000006,5.955263000000002,2.8130570000000006,4.0299689999999995,6.302024999999999,11.806264,15.836233,0,126,2.446206,2.000000000279556e-06,2.4462080000000004,0,14.34923,26.412724,4.0299689999999995,7.276984999999998,4.0299689999999995,0.11602203414337765,0.07679996258101834,9.987536702350848,False,0.04080004781707314,-0.07679996258101834,-0.07679996258101834,-3.728429149822808e-17,6.228684778856123e-17,-2.5002556290333147e-17
1015,6-stretch-all-three-axes,stretch-x-plus-0.040-y-minus-0.080-z-plus-0.020,1.4728589999999997,3.824192,11.124533,12.597392,0,126,0.3753240000000009,1.3486149999999988,1.7239389999999997,0,11.470589,22.827606,4.097907000000001,4.552671,1.4728589999999997,2.607806,5.271747000000001,10.497359,13.105165,0,126,0.3966650000000005,1.4195719999999987,1.8162369999999992,0,13.337512,25.127419,5.337869000000001,5.807668,2.607806,0.08928000903084175,0.07679996258101834,11.07313851782377,False,0.04080004781707314,-0.07679996258101834,0.020200045995638516,-3.8454917053727713e-17,6.345747334406085e-17,-2.5002556290333147e-17
1016,6-stretch-all-three-axes,stretch-x-plus-0.040-y-minus-0.080-z-plus-0.040,1.2461179999999992,3.659075999999999,10.901379,12.147497,0,126,0.0,1.6242870000000007,1.6242870000000007,0,11.239559999999999,22.621508,4.306777,4.306777,1.2461179999999992,2.3649650000000015,5.095204000000001,10.282236,12.647201,0,126,9.999999992515995e-07,1.711627,1.7116279999999993,0,13.113467000000002,24.911233,5.548603,5.548603,2.3649650000000015,0.09605999196437988,0.07679996258101834,11.290258880918357,False,0.04080004781707314,-0.07679996258101834,0.04080004781707314,2.5002556290333147e-17,-1.0408000828351506e-33,-2.500255629033315e-17
1017,6-stretch-all-three-axes,stretch-x-plus-0.040-y-minus-0.080-z-plus-0.060,1.0302610000000012,3.5017910000000008,10.690762,11.721023,0,126,0.3697620000000015,1.5300719999999988,1.8998340000000002,0,11.003897000000002,22.426035,4.501547,4.069613,1.0302610000000012,2.133040000000001,4.926451,10.080257,12.213297,0,126,0.3912500000000012,1.6128509999999991,2.0041010000000004,0,12.883562999999999,24.706477,5.744638,5.298301,2.133040000000001,0.10668703901606191,0.07679996258101834,11.50737924401294,False,0.04080004781707314,-0.07679996258101834,0.0618000496738752,3.921666026818242e-17,-1.4214103977849273e-17,-2.500255629033315e-17
1018,6-stretch-all-three-axes,stretch-x-plus-0.040-y-minus-0.080-z-plus-0.080,0.8242980000000006,3.351733000000001,10.491857,11.316155,0,126,0.7334330000000016,1.4408839999999987,2.1743170000000003,0,10.767745999999999,22.240353,4.682976,3.8403280000000013,0.8242980000000006,1.9110359999999993,4.764837999999999,9.890544,11.80158,0,126,0.7764729999999993,1.5194740000000007,2.295947,0,12.651404000000001,24.512265,5.926824,5.055871,1.9110359999999993,0.12035417207107442,0.08320005156604482,11.72449960710752,False,0.04080004781707314,-0.07679996258101834,0.08320005156604482,-1.3294183241251761e-17,3.8296739531584905e-17,-2.5002556290333147e-17
1019,6-stretch-all-three-axes,stretch-x-plus-0.040-y-plus-0.020-z-minus-0.020,2.945359,4.641931,9.641546,12.586905,0,144,0.31653400000000076,0.537274,0.8538080000000008,0,10.969463,21.423099999999998,2.945359,4.349920000000001,3.9019569999999995,4.135124000000001,6.110422000000002,8.993049,13.128173,0,144,0.33431799999999967,0.5664299999999987,0.9007479999999983,0,12.99523,23.647937,4.135124000000001,5.594188000000001,5.1298590000000015,0.04964598753909324,0.04080004781707314,11.795299725507933,False,0.04080004781707314,0.020200045995638516,-0.019799957541127067,-9.178371006082867e-18,3.301030174091638e-17,-2.3831930734833515e-17
1020,6-stretch-all-three-axes,stretch-x-plus-0.040-y-plus-0.020-z-minus-0.040,2.4690720000000006,4.364787,10.122708,12.59178,0,144,0.33496600000000143,0.8068859999999987,1.141852,0,11.175947,21.880291999999997,2.4690720000000006,4.398649000000001,3.9481150000000014,3.6412150000000008,5.82563,9.481048,13.122263,0,144,0.3538270000000008,0.8501619999999992,1.203989,0,13.158282999999999,24.129575,3.6412150000000008,5.645694000000001,5.179227000000001,0.06007763781815473,0.04080004781707314,11.55457932294654,False,0.04080004781707314,0.020200045995638516,-0.03919995925645853,-1.5039423481867358e-17,3.8871354216700866e-17,-2.3831930734833515e-17
1021,6-stretch-all-three-axes,stretch-x-plus-0.040-y-plus-0.020-z-minus-0.060,1.978530000000001,4.091886000000001,10.616715,12.595245,0,144,0.354533,1.0772129999999986,1.4317459999999986,0,11.41555,22.348159,1.978530000000001,4.465563000000001,4.012796000000002,3.132455,5.545712,9.982146,13.114601,0,144,0.3745710000000013,1.1344069999999995,1.5089780000000008,0,13.263872,24.622412,3.132455,5.716170999999999,5.247890999999999,0.07389127968239854,0.05819996093642227,11.313858920385155,False,0.04080004781707314,0.020200045995638516,-0.05819996093642227,-2.699952465996325e-17,5.083145539479676e-17,-2.3831930734833515e-17
1022,6-stretch-all-three-axes,stretch-x-plus-0.040-y-plus-0.020-z-minus-0.080,1.4728589999999997,3.824192,11.124533,12.597392,0,144,0.37532500000000013,1.3486139999999995,1.7239389999999997,0,11.470589,22.827606,1.4728589999999997,4.552671,4.097907000000001,2.607806,5.271747000000001,10.497359,13.105165,0,144,0.3966650000000005,1.4195719999999987,1.8162369999999992,0,13.337512,25.127419,2.607806,5.807668,5.337869000000001,0.08928000903084175,0.07679996258101834,11.07313851782377,False,0.04080004781707314,0.020200045995638516,-0.07679996258101834,-3.8454917053727713e-17,6.228684778856123e-17,-2.3831930734833515e-17
1023,6-stretch-all-three-axes,stretch-x-plus-0.040-y-plus-0.020-z-plus-0.020,3.857458000000001,5.204742000000001,8.715093,12.572551,0,126,0.2827350000000006,9.999999992515995e-07,0.2827359999999999,0,11.448182,20.538448,3.857458000000001,4.299411000000001,3.857458000000001,5.081204,6.690284999999999,8.053393,13.134597,0,126,0.2986430000000002,9.999999992515995e-07,0.29864399999999947,0,13.269902000000002,22.715626999999998,5.081204,5.540345,5.081204,0.04980690331999449,0.04080004781707314,12.276740530630706,False,0.04080004781707314,0.020200045995638516,0.020200045995638516,-3.962554260922735e-17,6.345747334406085e-17,-2.3831930734833515e-17
1024,6-stretch-all-three-axes,stretch-x-plus-0.040-y-plus-0.020-z-plus-0.040,3.5881310000000006,4.992108,8.536252,12.124383,0,126,9.999999992515995e-07,0.26722,0.26722099999999926,0,10.965292,20.377395999999997,4.026678,4.026678,3.5881310000000006,4.7957279999999995,6.463731999999999,7.883206,12.678934,0,126,1.000000000139778e-06,0.28231300000000026,0.2823140000000004,0,12.940918999999997,22.54636,5.251865,5.251865,4.7957279999999995,0.06113370315936064,0.04080004781707314,12.51746093319209,False,0.04080004781707314,0.020200045995638516,0.04080004781707314,2.383193073483351e-17,-1.0408000828351506e-33,-2.3831930734833518e-17
1025,6-stretch-all-three-axes,stretch-x-plus-0.040-y-plus-0.020-z-plus-0.060,3.33141,4.789674,8.367124,11.698534,0,126,0.2804639999999994,0.252536000000001,0.5330000000000004,0,10.463413,20.224229,4.1844529999999995,3.7662379999999995,3.33141,4.5230570000000005,6.247661999999999,7.723154,12.246211,0,126,0.29662899999999937,0.2668980000000003,0.5635269999999997,0,12.407221999999997,22.385599,5.410514999999999,4.975878000000001,4.5230570000000005,0.07675892065287793,0.0618000496738752,12.758181335753475,False,0.04080004781707314,0.020200045995638516,0.0618000496738752,3.8046034712682784e-17,-1.4214103977849273e-17,-2.3831930734833518e-17
1026,6-stretch-all-three-axes,stretch-x-plus-0.040-y-plus-0.020-z-plus-0.080,3.086012,4.596577,8.207139,11.293151,0,126,0.5582750000000001,0.23862499999999986,0.7968999999999999,0,9.959532999999999,20.078253,4.331201,3.516852,3.086012,4.261923,6.04118,7.572632,11.834555,0,126,0.5908439999999997,0.25228499999999965,0.8431289999999994,0,11.870586000000003,22.232642,5.557723,4.711157000000001,4.261923,0.09484162767842971,0.08320005156604482,12.998901738314862,False,0.04080004781707314,0.020200045995638516,0.08320005156604482,-1.4464808796751396e-17,3.8296739531584905e-17,-2.3831930734833515e-17
1027,6-stretch-all-three-axes,stretch-x-plus-0.040-y-plus-0.040-z-minus-0.020,2.6929610000000004,4.447889999999999,9.445159,12.13812,0,144,9.999999992515995e-07,0.805848000000001,0.8058490000000003,0,10.700689,21.244306,2.6929610000000004,4.087539999999999,4.087539999999999,3.8667479999999994,5.903480999999999,8.804957,12.671705,0,144,1.000000000139778e-06,0.8503129999999999,0.850314,0,12.663426,23.460044,3.8667479999999994,5.317121,5.317121,0.061002673075705,0.04080004781707314,12.026580112282595,False,0.04080004781707314,0.04080004781707314,-0.019799957541127067,5.427910233797799e-17,3.301030174091638e-17,-8.728940407889437e-17
1028,6-stretch-all-three-axes,stretch-x-plus-0.040-y-plus-0.040-z-minus-0.040,2.2252539999999996,4.18037,9.917407,12.142661,0,144,1.0000000010279564e-06,1.0770350000000004,1.0770360000000014,0,10.954785999999999,21.692288,2.2252539999999996,4.141689999999999,4.141689999999999,3.381411,5.628781,9.283907,12.665318,0,144,9.999999992515995e-07,1.1358549999999994,1.1358559999999986,0,12.894619000000002,23.93209,3.381411,5.374572000000001,5.374572000000001,0.06975617972236522,0.04080004781707314,11.781139701827847,False,0.04080004781707314,0.04080004781707314,-0.03919995925645853,4.8418049862193506e-17,3.8871354216700866e-17,-8.728940407889437e-17
1029,6-stretch-all-three-axes,stretch-x-plus-0.040-y-plus-0.040-z-minus-0.060,1.7432859999999994,3.9171060000000004,10.402464,12.14575,0,144,0.0,1.3496769999999998,1.3496769999999998,0,11.170733,22.151077,1.7432859999999994,4.2141210000000004,4.2141210000000004,2.8811970000000002,5.359000999999999,9.775973,12.65717,0,144,9.999999992515995e-07,1.4227670000000003,1.4227679999999996,0,13.025058999999999,24.415533,2.8811970000000002,5.451065999999999,5.451065999999999,0.08195439742168803,0.05819996093642227,11.535699291373101,False,0.04080004781707314,0.04080004781707314,-0.05819996093642227,3.645794868409761e-17,5.083145539479676e-17,-8.728940407889437e-17
1030,6-stretch-all-three-axes,stretch-x-plus-0.040-y-plus-0.040-z-minus-0.080,1.2461179999999992,3.659075999999999,10.901379,12.147497,0,144,0.0,1.6242870000000007,1.6242870000000007,0,11.239559999999999,22.621508,1.2461179999999992,4.306777,4.306777,2.3649650000000015,5.095204000000001,10.282236,12.647201,0,144,9.999999992515995e-07,1.711627,1.7116279999999993,0,13.113467000000002,24.911233,2.3649650000000015,5.548603,5.548603,0.09605999196437988,0.07679996258101834,11.290258880918357,False,0.04080004781707314,0.04080004781707314,-0.07679996258101834,2.5002556290333147e-17,6.228684778856123e-17,-8.728940407889437e-17
1031,6-stretch-all-three-axes,stretch-x-plus-0.040-y-plus-0.040-z-plus-0.020,3.5881310000000006,4.992108,8.536252,12.124383,0,144,9.999999992515995e-07,0.26722,0.26722099999999926,0,10.965292,20.377395999999997,3.5881310000000006,4.026678,4.026678,4.7957279999999995,6.463731999999999,7.883206,12.678934,0,144,1.000000000139778e-06,0.28231300000000026,0.2823140000000004,0,12.940918999999997,22.54636,4.7957279999999995,5.251865,5.251865,0.06113370315936064,0.04080004781707314,12.51746093319209,False,0.04080004781707314,0.04080004781707314,0.020200045995638516,2.3831930734833515e-17,6.345747334406085e-17,-8.728940407889437e-17
1032,6-stretch-all-three-axes,stretch-x-plus-0.040-y-plus-0.040-z-plus-0.040,4.010528000000001,5.266737000000001,8.098747,12.109275,0,13,0.0,2.000000000279556e-06,2.000000000279556e-06,0,10.737642000000001,19.957872000000002,4.01633,4.01633,4.01633,5.240301,6.747105,7.439467,12.679768,0,21,0.0,9.999999992515995e-07,9.999999992515995e-07,0,12.69651,22.103986,5.240301,5.240301,5.240301,0.07066775577041033,0.04080004781707314,12.762901343646833,False,0.04080004781707314,0.04080004781707314,0.04080004781707314,8.728940407889437e-17,-1.0408000828351506e-33,-8.728940407889437e-17
1033,6-stretch-all-three-axes,stretch-x-plus-0.040-y-plus-0.040-z-plus-0.060,3.751645000000001,5.055686000000001,7.937627,11.689272,0,21,0.26546100000000017,1.000000000139778e-06,0.2654620000000003,0,10.243648,19.812974,4.166346999999999,3.751645000000001,3.751645000000001,4.959612,6.522031,7.287575,12.247187,0,21,0.28083800000000014,0.0,0.28083800000000014,0,12.170154,21.951914000000002,5.391104,4.959612,4.959612,0.08454900320786964,0.0618000496738752,13.008341754101581,False,0.04080004781707314,0.04080004781707314,0.0618000496738752,1.0150350805674364e-16,-1.4214103977849273e-17,-8.728940407889437e-17
1034,6-stretch-all-three-axes,stretch-x-plus-0.040-y-plus-0.040-z-plus-0.080,3.4986040000000003,4.854398,7.78519,11.283794,0,21,0.5288029999999999,1.000000000139778e-06,0.528804,0,9.749212,19.674703,4.305747,3.4986040000000003,3.4986040000000003,4.690753999999999,6.30695,7.144751,11.835505,0,21,0.5597810000000001,1.000000000139778e-06,0.5597820000000002,0,11.642455000000002,21.807081,5.530864,4.690753999999999,4.690753999999999,0.10124987103371257,0.08320005156604482,13.253782164556332,False,0.04080004781707314,0.04080004781707314,0.08320005156604482,4.8992664547309467e-17,3.8296739531584905e-17,-8.728940407889437e-17
1035,6-stretch-all-three-axes,stretch-x-plus-0.040-y-plus-0.060-z-minus-0.020,2.452447000000001,4.263197,9.259578,11.712025,0,144,0.31311,0.7604849999999992,1.0735949999999992,0,10.388098000000001,21.074336,2.452447000000001,3.8360950000000003,4.260604000000001,3.610379,5.706023,8.628176,12.238555,0,144,0.3311110000000008,0.8026979999999995,1.1338090000000003,0,12.31805,23.281698,3.610379,5.051131,5.49128,0.07665460429875906,0.0618000496738752,12.25786049905726,False,0.04080004781707314,0.0618000496738752,-0.019799957541127067,6.849320631582727e-17,3.301030174091638e-17,-1.0150350805674364e-16
1036,6-stretch-all-three-axes,stretch-x-plus-0.040-y-plus-0.060-z-minus-0.040,1.9929679999999994,4.004712,9.723489,11.716457,0,144,0.33089300000000144,1.015739,1.3466320000000014,0,10.661779,21.51398,1.9929679999999994,3.894945,4.3222059999999995,3.133255,5.440818,9.0987,12.231955,0,144,0.3499530000000002,1.0715379999999985,1.4214909999999987,0,12.630627000000002,23.745043,3.133255,5.1137630000000005,5.556256000000001,0.08378858423005431,0.0618000496738752,12.007700080709151,False,0.04080004781707314,0.0618000496738752,-0.03919995925645853,6.263215384004278e-17,3.8871354216700866e-17,-1.0150350805674364e-16
1037,6-stretch-all-three-axes,stretch-x-plus-0.040-y-plus-0.060-z-minus-0.060,1.5192489999999985,3.7506569999999986,10.200183,11.719432,0,144,0.3497489999999992,1.2720840000000013,1.6218330000000005,0,10.924839999999998,21.964124,1.5192489999999985,3.972159999999999,4.401938999999999,2.6412049999999994,5.180645999999999,9.582344,12.223549,0,144,0.3699710000000005,1.3413850000000007,1.7113560000000012,0,12.784359999999998,24.219534000000003,2.6412049999999994,5.195500999999998,5.640084,0.09418665242256981,0.0618000496738752,11.757539662361046,False,0.04080004781707314,0.0618000496738752,-0.05819996093642227,5.067205266194688e-17,5.083145539479676e-17,-1.0150350805674364e-16
1038,6-stretch-all-three-axes,stretch-x-plus-0.040-y-plus-0.060-z-minus-0.080,1.0302610000000012,3.5017910000000008,10.690762,11.721023,0,144,0.3697620000000015,1.5300719999999988,1.8998340000000002,0,11.003898,22.426035,1.0302610000000012,4.069613,4.501547,2.133040000000001,4.926451,10.080257,12.213297,0,144,0.3912500000000012,1.6128509999999991,2.0041010000000004,0,12.883562999999999,24.706477,2.133040000000001,5.298301,5.744638,0.10668703901606191,0.07679996258101834,11.50737924401294,False,0.04080004781707314,0.0618000496738752,-0.07679996258101834,3.921666026818242e-17,6.228684778856123e-17,-1.0150350805674364e-16
1039,6-stretch-all-three-axes,stretch-x-plus-0.040-y-plus-0.060-z-plus-0.020,3.33141,4.789674,8.367124,11.698534,0,144,0.2804639999999994,0.252536000000001,0.5330000000000004,0,10.463413,20.224229,3.33141,3.7662379999999995,4.1844529999999995,4.5230570000000005,6.247661999999999,7.723154,12.246211,0,144,0.29662899999999937,0.2668980000000003,0.5635269999999997,0,12.407221999999997,22.385599,4.5230570000000005,4.975878000000001,5.410514999999999,0.07675892065287793,0.0618000496738752,12.758181335753475,False,0.04080004781707314,0.0618000496738752,0.020200045995638516,3.8046034712682784e-17,6.345747334406085e-17,-1.0150350805674364e-16
1040,6-stretch-all-three-axes,stretch-x-plus-0.040-y-plus-0.060-z-plus-0.040,3.751645000000001,5.055686000000001,7.937627,11.689272,0,21,0.26546100000000017,1.000000000139778e-06,0.2654620000000003,0,10.243648,19.812974,3.751645000000001,3.751645000000001,4.166346999999999,4.959612,6.522031,7.287575,12.247187,0,21,0.28083800000000014,0.0,0.28083800000000014,0,12.170154,21.951914000000002,4.959612,4.959612,5.391104,0.08454900320786964,0.0618000496738752,13.008341754101581,False,0.04080004781707314,0.0618000496738752,0.04080004781707314,1.0150350805674364e-16,-1.0408000828351506e-33,-1.0150350805674364e-16
1041,6-stretch-all-three-axes,stretch-x-plus-0.040-y-plus-0.060-z-plus-0.060,3.4971739999999993,4.852722999999999,7.770144,11.267318,0,21,1.000000000139778e-06,0.25126000000000026,0.2512610000000004,0,9.772429999999998,19.661864,3.908054,3.4971739999999993,3.908054,4.68937,6.305294999999999,7.128774,11.818144,0,21,1.000000000139778e-06,0.26590999999999987,0.265911,0,11.666709,21.793346,5.117428,4.68937,5.117428,0.09645276658169188,0.0618000496738752,13.258502172449687,False,0.04080004781707314,0.0618000496738752,0.0618000496738752,1.1571761203459292e-16,-1.4214103977849273e-17,-1.0150350805674364e-16
1042,6-stretch-all-three-axes,stretch-x-plus-0.040-y-plus-0.060-z-plus-0.080,3.2541420000000008,4.659249,7.611598,10.86574,0,21,0.26310699999999976,0.2378,0.5009069999999998,0,9.301148999999999,19.517714,4.053669,3.2541420000000008,3.6609989999999994,4.430725,6.0982709999999996,6.97934,11.410065,0,21,0.2786690000000007,0.2517619999999994,0.5304310000000001,0,11.162341999999999,21.642394,5.263922,4.430725,4.855126000000001,0.11138284707333268,0.08320005156604482,13.5086625907978,False,0.04080004781707314,0.0618000496738752,0.08320005156604482,6.320676852515874e-17,3.8296739531584905e-17,-1.0150350805674364e-16
1043,6-stretch-all-three-axes,stretch-x-plus-0.040-y-plus-0.080-z-minus-0.020,2.222716,4.087054,9.084154,11.30687,0,144,0.6223539999999996,0.7175180000000001,1.3398719999999997,0,10.176628,20.912481,2.222716,3.594552,4.42177,3.3648830000000007,5.517208,8.462036,11.826919,0,144,0.6585220000000005,0.757649999999999,1.4161719999999995,0,12.122516,23.112164999999997,3.3648830000000007,4.795118,5.653043,0.09475722031116367,0.08320005156604482,12.489140885831924,False,0.04080004781707314,0.08320005156604482,-0.019799957541127067,1.5982362806393082e-17,3.301030174091638e-17,-4.8992664547309467e-17
1044,6-stretch-all-three-axes,stretch-x-plus-0.040-y-plus-0.080-z-minus-0.040,1.7711199999999998,3.837211,9.540234,11.311354,0,144,0.6572389999999997,0.957687,1.6149259999999996,0,10.452816,21.344136,1.7711199999999998,3.657465,4.490361999999999,2.895606000000001,5.2610220000000005,8.924664,11.82027,0,144,0.6954909999999996,1.0107,1.7061909999999996,0,12.428916999999998,23.567213000000002,2.895606000000001,4.862254999999999,5.725073999999999,0.10061575069628005,0.08320005156604482,12.23426045959046,False,0.04080004781707314,0.08320005156604482,-0.03919995925645853,1.0121310330608595e-17,3.8871354216700866e-17,-4.8992664547309467e-17
1045,6-stretch-all-three-axes,stretch-x-plus-0.040-y-plus-0.080-z-minus-0.060,1.305358,3.591887,10.009084,11.314442,0,144,0.69421,1.1986109999999996,1.8928209999999996,0,10.682433999999999,21.786298000000002,1.305358,3.738786000000001,4.576843,2.4114079999999998,5.009945,9.400441,11.811849,0,144,0.7347470000000005,1.264412,1.9991590000000006,0,12.545959,24.033436000000002,2.4114079999999998,4.948537999999999,5.815707999999999,0.10942635850410563,0.08320005156604482,11.979380033348994,False,0.04080004781707314,0.08320005156604482,-0.05819996093642227,-1.8387908474873e-18,5.083145539479676e-17,-4.8992664547309467e-17
1046,6-stretch-all-three-axes,stretch-x-plus-0.040-y-plus-0.080-z-minus-0.080,0.8242980000000006,3.351733000000001,10.491857,11.316155,0,144,0.7334340000000008,1.4408829999999995,2.1743170000000003,0,10.767745999999999,22.240352,0.8242980000000006,3.8403280000000013,4.682976,1.9110359999999993,4.764837999999999,9.890544,11.80158,0,144,0.7764729999999993,1.5194740000000007,2.295947,0,12.651404000000001,24.512265,1.9110359999999993,5.055871,5.926824,0.12035417207107442,0.08320005156604482,11.724499607107523,False,0.04080004781707314,0.08320005156604482,-0.07679996258101834,-1.3294183241251761e-17,6.228684778856123e-17,-4.8992664547309467e-17
1047,6-stretch-all-three-axes,stretch-x-plus-0.040-y-plus-0.080-z-plus-0.020,3.086012,4.596577,8.207139,11.293151,0,144,0.5582750000000001,0.23862499999999986,0.7968999999999999,0,9.959532999999999,20.078253,3.086012,3.516852,4.331201,4.261923,6.04118,7.572632,11.834555,0,144,0.5908439999999997,0.25228499999999965,0.8431289999999994,0,11.870586000000003,22.232642,4.261923,4.711157000000001,5.557723,0.09484162767842971,0.08320005156604482,12.998901738314862,False,0.04080004781707314,0.08320005156604482,0.020200045995638516,-1.4464808796751396e-17,6.345747334406085e-17,-4.8992664547309467e-17
1048,6-stretch-all-three-axes,stretch-x-plus-0.040-y-plus-0.080-z-plus-0.040,3.4986040000000003,4.854398,7.78519,11.283794,0,21,0.5288029999999999,1.000000000139778e-06,0.528804,0,9.749212,19.674703,3.4986040000000003,3.4986040000000003,4.305747,4.690753999999999,6.30695,7.144751,11.835505,0,21,0.5597810000000001,1.000000000139778e-06,0.5597820000000002,0,11.642455000000002,21.807081,4.690753999999999,4.690753999999999,5.530864,0.10124987103371257,0.08320005156604482,13.253782164556332,False,0.04080004781707314,0.08320005156604482,0.04080004781707314,4.899266454730946e-17,-1.0408000828351506e-33,-4.8992664547309467e-17
1049,6-stretch-all-three-axes,stretch-x-plus-0.040-y-plus-0.080-z-plus-0.060,3.2541420000000008,4.659249,7.611598,10.86574,0,21,0.26310699999999976,0.2378,0.5009069999999998,0,9.301148999999999,19.517714,3.6609989999999994,3.2541420000000008,4.053669,4.430725,6.0982709999999996,6.97934,11.410065,0,21,0.2786690000000007,0.2517619999999994,0.5304310000000001,0,11.162341999999999,21.642394,4.855126000000001,4.430725,5.263922,0.11138284707333268,0.08320005156604482,13.5086625907978,False,0.04080004781707314,0.08320005156604482,0.0618000496738752,6.320676852515874e-17,-1.4214103977849273e-17,-4.8992664547309467e-17
1050,6-stretch-all-three-axes,stretch-x-plus-0.040-y-plus-0.080-z-plus-0.080,3.020902999999999,4.4732769999999995,7.447212,10.468115,0,21,1.000000000139778e-06,0.47446900000000003,0.47447000000000017,0,8.852977,19.367967,3.8123259999999988,3.020902999999999,3.8123259999999988,4.182072,5.898992,6.823573,11.005645,0,21,0.0,0.5026549999999999,0.5026549999999999,0,10.681289,21.485619999999997,5.007875,4.182072,5.007875,0.12453570196156799,0.08320005156604482,13.763543017039268,False,0.04080004781707314,0.08320005156604482,0.08320005156604482,1.0695925015724554e-17,3.8296739531584905e-17,-4.8992664547309467e-17
1051,6-stretch-all-three-axes,stretch-x-plus-0.060-y-minus-0.020-z-minus-0.020,3.218529,4.851629000000001,9.905258,13.123787,0,126,1.2731510000000004,9.999999992515995e-07,1.2731519999999996,0,11.241964,21.661057,3.218529,5.063916000000001,3.218529,4.424204000000001,6.3329,9.252429,13.676633,0,126,1.3440529999999997,9.999999992515995e-07,1.344053999999999,0,13.223815000000002,23.898983,4.424204000000001,6.337162000000001,4.424204000000001,0.06784779124595222,0.0618000496738752,11.550676239496266,False,0.0618000496738752,-0.019799957541127067,-0.019799957541127067,2.1268800597061612e-17,4.7224405718765654e-17,-6.849320631582727e-17
1052,6-stretch-all-three-axes,stretch-x-plus-0.060-y-minus-0.020-z-minus-0.040,2.732343,4.563416,10.397851,13.130194,0,144,1.347776999999999,0.2516470000000002,1.599423999999999,0,11.289887,22.129903,2.732343,5.107219000000001,3.251933000000001,3.920134000000001,6.036141000000001,9.75216,13.672294,0,144,1.4229709999999987,0.2646890000000006,1.6876599999999993,0,13.259208999999998,24.392785,3.920134000000001,6.382066999999999,4.460985000000001,0.07581504642240804,0.0618000496738752,11.314948152975928,False,0.0618000496738752,-0.019799957541127067,-0.03919995925645853,1.540774812127712e-17,5.308545819455014e-17,-6.849320631582727e-17
1053,6-stretch-all-three-axes,stretch-x-plus-0.060-y-minus-0.020-z-minus-0.060,2.2318929999999995,4.279355000000001,10.903295,13.135188,0,144,1.4270250000000004,0.5019749999999998,1.9290000000000003,0,11.185008,22.609423,2.2318929999999995,5.168281,3.304378,3.401294,5.744161999999999,10.264938,13.666232,0,144,1.5069400000000002,0.5275970000000001,2.0345370000000003,0,13.144998999999999,24.897725,3.401294,6.445540999999999,4.5176739999999995,0.08716948956673404,0.0618000496738752,11.079220066455596,False,0.0618000496738752,-0.019799957541127067,-0.05819996093642227,3.4476469431812277e-18,6.504555937264603e-17,-6.849320631582727e-17
1054,6-stretch-all-three-axes,stretch-x-plus-0.060-y-minus-0.020-z-minus-0.080,1.71645,4.000547000000001,11.422464,13.138914,0,144,1.5112489999999994,0.7510560000000002,2.2623049999999996,0,11.239700000000001,23.100261,1.71645,5.249221,3.3779070000000004,2.86679,5.458130000000001,10.79168,13.65847,0,144,1.5963520000000013,0.788829999999999,2.3851820000000004,0,13.225963,25.414548,2.86679,6.529764,4.596382,0.10054610241461225,0.07679996258101834,10.843491979935267,False,0.0618000496738752,-0.019799957541127067,-0.07679996258101834,-8.007745450583233e-18,7.65009517664105e-17,-6.849320631582727e-17
1055,6-stretch-all-three-axes,stretch-x-plus-0.060-y-minus-0.020-z-plus-0.020,2.694476,4.449205000000001,9.4627,12.157176,0,126,0.629861,0.5065030000000004,1.1363640000000004,0,10.639818,21.25984,3.643935000000001,4.51629,2.694476,3.868131,5.904607,8.82358,12.691711,0,126,0.6656839999999988,0.5341260000000005,1.1998099999999994,0,12.606466000000001,23.476579,4.856604000000001,5.7609770000000005,3.868131,0.06796562599248085,0.0618000496738752,12.02213241253693,False,0.0618000496738752,-0.019799957541127067,0.020200045995638516,-9.178371006082869e-18,7.767157732191013e-17,-6.849320631582727e-17
1056,6-stretch-all-three-axes,stretch-x-plus-0.060-y-minus-0.020-z-plus-0.040,2.452447000000001,4.263197,9.259578,11.712025,0,126,0.31311,0.7604849999999992,1.0735949999999992,0,10.388098000000001,21.074336,3.8360950000000003,4.260604000000001,2.452447000000001,3.610379,5.706023,8.628176,12.238555,0,126,0.3311110000000008,0.8026979999999995,1.1338090000000003,0,12.31805,23.281698,5.051131,5.49128,3.610379,0.07665460429875906,0.0618000496738752,12.25786049905726,False,0.0618000496738752,-0.019799957541127067,0.04080004781707314,5.427910233797799e-17,1.4214103977849273e-17,-6.849320631582727e-17
1057,6-stretch-all-three-axes,stretch-x-plus-0.060-y-minus-0.020-z-plus-0.060,2.2220119999999994,4.0861329999999985,9.067583,11.289595,0,126,9.999999992515995e-07,1.0141990000000014,1.0142000000000007,0,10.224189,20.898009000000002,4.015402999999999,4.015402999999999,2.2220119999999994,3.3643470000000004,5.516533000000001,8.444462,11.808809,0,126,1.000000000139778e-06,1.071465,1.071466,0,12.079412,23.09677,5.232156,5.232156,3.3643470000000004,0.08961322780715646,0.0618000496738752,12.49358858557759,False,0.0618000496738752,-0.019799957541127067,0.0618000496738752,6.849320631582727e-17,-4.319365315666321e-34,-6.849320631582727e-17
1058,6-stretch-all-three-axes,stretch-x-plus-0.060-y-minus-0.020-z-plus-0.080,2.002134,3.917339,8.886032,10.888166,0,126,0.3091040000000005,0.9579269999999998,1.2670310000000002,0,9.882649999999998,20.730172,4.182421999999999,3.7795640000000006,2.002134,3.1289490000000004,5.335398999999999,8.271677,11.400626,0,126,0.32724200000000003,1.0124460000000006,1.3396880000000007,0,11.792939,22.921041000000002,5.400378999999999,4.982474999999999,3.1289490000000004,0.10551555827894006,0.08320005156604482,12.729316672097923,False,0.0618000496738752,-0.019799957541127067,0.08320005156604482,1.5982362806393082e-17,5.251084350943418e-17,-6.849320631582727e-17
1059,6-stretch-all-three-axes,stretch-x-plus-0.060-y-minus-0.040-z-minus-0.020,2.732341999999999,4.563414999999999,10.397852,13.130194,0,126,1.3477770000000007,0.2516470000000002,1.5994240000000008,0,11.289886,22.129903,3.251932,5.107218,2.732341999999999,3.920134000000001,6.036141000000001,9.75216,13.672294,0,126,1.4229709999999987,0.2646890000000006,1.6876599999999993,0,13.259208999999998,24.392785,4.460985000000001,6.382066999999999,3.920134000000001,0.07581504642240804,0.0618000496738752,11.314948152975928,False,0.0618000496738752,-0.03919995925645853,-0.019799957541127067,1.540774812127712e-17,4.7224405718765654e-17,-6.263215384004278e-17
1060,6-stretch-all-three-axes,stretch-x-plus-0.060-y-minus-0.040-z-minus-0.040,3.0075160000000007,4.770750000000001,10.649852,13.657368,0,126,1.6940079999999984,0.0,1.6940079999999984,0,11.834643,22.358306,3.0075160000000007,5.394315000000002,3.0075160000000007,4.211511,6.256175000000001,9.998564,14.210075,0,126,1.7876139999999996,0.0,1.7876139999999996,0,13.658990000000001,24.633636,4.211511,6.683061,4.211511,0.08302120061231022,0.0618000496738752,11.084030843731524,False,0.0618000496738752,-0.03919995925645853,-0.03919995925645853,9.546695645492634e-18,5.308545819455014e-17,-6.263215384004278e-17
1061,6-stretch-all-three-axes,stretch-x-plus-0.060-y-minus-0.040-z-minus-0.060,2.4971949999999996,4.475458999999999,11.166401,13.663596,0,144,1.794492,0.24948299999999968,2.0439749999999997,0,11.473661,22.849064,2.4971949999999996,5.447340999999998,3.0502839999999996,3.682671000000001,5.952189000000002,10.52268,14.205351,0,144,1.8940040000000007,0.2619239999999987,2.1559279999999994,0,13.440678,25.150287,3.682671000000001,6.7378219999999995,4.258368000000001,0.09350464372640821,0.0618000496738752,10.853113534487118,False,0.0618000496738752,-0.03919995925645853,-0.05819996093642227,-2.4134055326032613e-18,6.504555937264603e-17,-6.263215384004278e-17
1062,6-stretch-all-three-axes,stretch-x-plus-0.060-y-minus-0.040-z-minus-0.080,1.9720010000000006,4.185366999999999,11.696619,13.66862,0,144,1.9013240000000007,0.49669199999999947,2.398016,0,11.135710999999999,23.351075,1.9720010000000006,5.520159000000001,3.1145049999999994,3.138312000000001,5.654078,11.060666,14.198978,0,144,2.0073310000000006,0.5210069999999991,2.5283379999999998,0,13.141936,25.678708999999998,3.138312000000001,6.813235000000001,4.327621000000001,0.10608542405932715,0.07679996258101834,10.62219622524271,False,0.0618000496738752,-0.03919995925645853,-0.07679996258101834,-1.3868797926367722e-17,7.65009517664105e-17,-6.263215384004278e-17
1063,6-stretch-all-three-axes,stretch-x-plus-0.060-y-minus-0.040-z-plus-0.020,2.2265490000000003,4.181402,9.935509,12.162058,0,126,0.6660360000000001,0.7600899999999999,1.426126,0,10.951908,21.708410999999998,3.694904000000001,4.572589000000001,2.2265490000000003,3.3825260000000004,5.6295280000000005,9.303115,12.685641,0,126,0.7039939999999998,0.8010359999999999,1.5050299999999996,0,12.949382000000002,23.949222,4.911255000000001,5.8201160000000005,3.3825260000000004,0.07592051635511551,0.0618000496738752,11.776782771464742,False,0.0618000496738752,-0.03919995925645853,0.020200045995638516,-1.5039423481867358e-17,7.767157732191013e-17,-6.263215384004278e-17
1064,6-stretch-all-three-axes,stretch-x-plus-0.060-y-minus-0.040-z-plus-0.040,1.9929679999999994,4.004712,9.723489,11.716457,0,126,0.33089300000000144,1.015739,1.3466320000000014,0,10.661779,21.51398,3.894945999999999,4.3222059999999995,1.9929679999999994,3.133255,5.440818,9.0987,12.231955,0,126,0.3499530000000002,1.0715379999999985,1.4214909999999987,0,12.630627000000002,23.745043,5.1137630000000005,5.556256000000001,3.133255,0.08378858423005431,0.0618000496738752,12.007700080709151,False,0.0618000496738752,-0.03919995925645853,0.04080004781707314,4.84180498621935e-17,1.4214103977849273e-17,-6.263215384004278e-17
1065,6-stretch-all-three-axes,stretch-x-plus-0.060-y-minus-0.040-z-plus-0.060,1.7705900000000003,3.8365220000000004,9.523196,11.293786,0,126,1.0000000010279564e-06,1.2714189999999999,1.2714200000000009,0,10.444771999999999,21.329158,4.081586,4.081586,1.7705900000000003,2.8952899999999993,5.260667999999999,8.906586,11.801876,0,126,1.000000000139778e-06,1.3425840000000004,1.3425850000000006,0,12.353727,23.551283,5.302199,5.302199,2.8952899999999993,0.09578689411968055,0.0618000496738752,12.238617389953557,False,0.0618000496738752,-0.03919995925645853,0.0618000496738752,6.263215384004278e-17,-4.319365315666321e-34,-6.263215384004278e-17
1066,6-stretch-all-three-axes,stretch-x-plus-0.060-y-minus-0.040-z-plus-0.080,1.5585839999999997,3.6761789999999994,9.333826,10.89241,0,126,0.3262419999999988,1.200171000000001,1.5264129999999998,0,10.126662999999999,21.153317,4.255507,3.8496869999999994,1.5585839999999997,2.667712999999999,5.088388999999999,8.725946,11.393659,0,126,0.34540799999999994,1.2678970000000005,1.6133050000000004,0,12.077288,23.367258,5.477378999999999,5.056905,2.667712999999999,0.11080673050854793,0.08320005156604482,12.469534699197965,False,0.0618000496738752,-0.03919995925645853,0.08320005156604482,1.0121310330608593e-17,5.251084350943418e-17,-6.263215384004278e-17
1067,6-stretch-all-three-axes,stretch-x-plus-0.060-y-minus-0.060-z-minus-0.020,2.2318929999999995,4.279355000000001,10.903295,13.135188,0,126,1.4270250000000004,0.5019749999999998,1.9290000000000003,0,11.185008,22.609423,3.304378,5.168281,2.2318929999999995,3.401294,5.744161999999999,10.264938,13.666232,0,126,1.5069400000000002,0.5275970000000001,2.0345370000000003,0,13.144998999999999,24.897725,4.5176739999999995,6.445540999999999,3.401294,0.08716948956673404,0.0618000496738752,11.079220066455596,False,0.0618000496738752,-0.05819996093642227,-0.019799957541127067,3.447646943181227e-18,4.7224405718765654e-17,-5.067205266194688e-17
1068,6-stretch-all-three-axes,stretch-x-plus-0.060-y-minus-0.060-z-minus-0.040,2.4971949999999996,4.475458999999999,11.166401,13.663596,0,126,1.794492,0.24948299999999968,2.0439749999999997,0,11.473661,22.849064,3.0502839999999996,5.447340999999998,2.4971949999999996,3.682671000000001,5.952189000000002,10.52268,14.205351,0,126,1.8940040000000007,0.2619239999999987,2.1559279999999994,0,13.440678,25.150287,4.258368000000001,6.7378219999999995,3.682671000000001,0.09350464372640821,0.0618000496738752,10.853113534487118,False,0.0618000496738752,-0.05819996093642227,-0.03919995925645853,-2.413405532603262e-18,5.308545819455014e-17,-5.067205266194688e-17
1069,6-stretch-all-three-axes,stretch-x-plus-0.060-y-minus-0.060-z-minus-0.060,2.7789889999999993,4.683252999999999,11.445455,14.224444,0,126,2.166148999999999,1.0000000010279564e-06,2.16615,0,11.768883,23.102454,2.7789889999999993,5.7407710000000005,2.7789889999999993,3.980749000000001,6.17221,10.797182,14.777931,0,126,2.2851719999999993,0.0,2.2851719999999993,0,13.742984,25.41769,3.980749000000001,7.044619000000001,3.980749000000001,0.10292578416361761,0.0618000496738752,10.627007002518639,False,0.0618000496738752,-0.05819996093642227,-0.05819996093642227,-1.4373506710699157e-17,6.504555937264603e-17,-5.067205266194688e-17
1070,6-stretch-all-three-axes,stretch-x-plus-0.060-y-minus-0.060-z-minus-0.080,2.243414999999999,4.381122000000001,11.987669,14.231084,0,144,2.296054,0.24617600000000017,2.54223,0,11.373090000000001,23.616458,2.243414999999999,5.804351999999998,2.8330520000000003,3.4258349999999993,5.861145999999998,11.347445,14.77328,0,144,2.4228520000000007,0.2578849999999999,2.6807370000000006,0,13.329411,25.958598000000002,3.4258349999999993,7.110019000000001,4.039643,0.11447583083402513,0.07679996258101834,10.400900470550154,False,0.0618000496738752,-0.05819996093642227,-0.07679996258101834,-2.582889910446362e-17,7.65009517664105e-17,-5.067205266194688e-17
1071,6-stretch-all-three-axes,stretch-x-plus-0.060-y-minus-0.060-z-plus-0.020,1.744299999999999,3.917864,10.421115,12.165415,0,126,0.7044170000000012,1.0139899999999997,1.718407000000001,0,11.151696999999999,22.167780999999998,3.764512,4.646898,1.744299999999999,2.88199,5.3593720000000005,9.795753,12.677743,0,126,0.744707,1.0680709999999998,1.8127779999999998,0,13.006105,24.433259,4.985314000000001,5.898036000000001,2.88199,0.08726123681750352,0.0618000496738752,11.53143313039256,False,0.0618000496738752,-0.05819996093642227,0.020200045995638516,-2.699952465996325e-17,7.767157732191013e-17,-5.067205266194688e-17
1072,6-stretch-all-three-axes,stretch-x-plus-0.060-y-minus-0.060-z-plus-0.040,1.5192490000000003,3.7506570000000004,10.200184,11.719433,0,126,0.349749000000001,1.2720839999999995,1.6218330000000005,0,10.92484,21.964123999999998,3.9721600000000006,4.4019390000000005,1.5192490000000003,2.6412049999999994,5.180645999999999,9.582344,12.223549,0,126,0.3699710000000005,1.3413850000000007,1.7113560000000012,0,12.784359999999998,24.219534000000003,5.195500999999998,5.640084,2.6412049999999994,0.09418665242256981,0.0618000496738752,11.757539662361046,False,0.0618000496738752,-0.05819996093642227,0.04080004781707314,3.645794868409761e-17,1.4214103977849273e-17,-5.067205266194688e-17
1073,6-stretch-all-three-axes,stretch-x-plus-0.060-y-minus-0.060-z-plus-0.060,1.305143000000001,3.5914270000000013,9.991558,11.296701,0,126,9.999999992515995e-07,1.5304789999999997,1.530479999999999,0,10.691004000000001,21.770805,4.16592,4.16592,1.305143000000001,2.4114060000000013,5.009917,9.381865,11.793271,0,126,1.000000000139778e-06,1.6155599999999994,1.6155609999999996,0,12.559004,24.016992000000002,5.391115000000001,5.391115000000001,2.4114060000000013,0.10500346533514007,0.0618000496738752,11.983646194329525,False,0.0618000496738752,-0.05819996093642227,0.0618000496738752,5.067205266194688e-17,-4.319365315666321e-34,-5.067205266194688e-17
1074,6-stretch-all-three-axes,stretch-x-plus-0.060-y-minus-0.060-z-plus-0.080,1.1009589999999996,3.4395260000000007,9.794409,10.895368,0,126,0.34439700000000073,1.443949,1.7883460000000007,0,10.372417,21.587145,4.3464659999999995,3.938001,1.1009589999999996,2.191559,4.846518,9.193412,11.384971,0,126,0.3646940000000001,1.5249010000000007,1.8895950000000008,0,12.326078999999998,23.824856,5.572982999999999,5.150238999999999,2.191559,0.11886433516108622,0.08320005156604482,12.209752726298008,False,0.0618000496738752,-0.05819996093642227,0.08320005156604482,-1.838790847487302e-18,5.251084350943418e-17,-5.067205266194688e-17
1075,6-stretch-all-three-axes,stretch-x-plus-0.060-y-minus-0.080-z-minus-0.020,1.71645,4.000547000000001,11.422464,13.138914,0,126,1.5112489999999994,0.7510560000000002,2.2623049999999996,0,11.239700000000001,23.100261,3.3779070000000004,5.249221,1.71645,2.86679,5.458130000000001,10.79168,13.65847,0,126,1.5963520000000013,0.788829999999999,2.3851820000000004,0,13.225963,25.414548,4.596382,6.529764,2.86679,0.10054610241461226,0.07679996258101834,10.843491979935267,False,0.0618000496738752,-0.07679996258101834,-0.019799957541127067,-8.007745450583235e-18,4.7224405718765654e-17,-3.921666026818242e-17
1076,6-stretch-all-three-axes,stretch-x-plus-0.060-y-minus-0.080-z-minus-0.040,1.9720019999999998,4.185366999999999,11.696619,13.668621,0,126,1.9013240000000007,0.49669199999999947,2.398016,0,11.135710999999999,23.351075,3.1145049999999994,5.520159000000001,1.9720019999999998,3.138312000000001,5.654078,11.060666,14.198978,0,126,2.0073310000000006,0.5210069999999991,2.5283379999999998,0,13.141936,25.678708999999998,4.327621000000001,6.813235000000001,3.138312000000001,0.10608542405932715,0.07679996258101834,10.62219622524271,False,0.0618000496738752,-0.07679996258101834,-0.03919995925645853,-1.3868797926367724e-17,5.308545819455014e-17,-3.921666026818242e-17
1077,6-stretch-all-three-axes,stretch-x-plus-0.060-y-minus-0.080-z-minus-0.060,2.243414999999999,4.381122000000001,11.987669,14.231084,0,126,2.296055000000001,0.24617600000000017,2.542231000000001,0,11.373090000000001,23.616458,2.8330509999999993,5.804351999999998,2.243414999999999,3.4258349999999993,5.861145999999998,11.347445,14.77328,0,126,2.4228520000000007,0.2578849999999999,2.6807370000000006,0,13.329411,25.958598000000002,4.039643,7.110019000000001,3.4258349999999993,0.11447583083402513,0.07679996258101834,10.400900470550154,False,0.0618000496738752,-0.07679996258101834,-0.05819996093642227,-2.582889910446362e-17,6.504555937264603e-17,-3.921666026818242e-17
1078,6-stretch-all-three-axes,stretch-x-plus-0.060-y-minus-0.080-z-minus-0.080,2.532584999999999,4.589019,12.296716,14.829301,0,126,2.695715999999999,4.000000000559112e-06,2.6957199999999997,0,11.658812999999999,23.89759,2.532584999999999,6.103722999999999,2.532584999999999,3.7313460000000003,6.080679999999999,11.653137,15.384483,0,126,2.843261,2.9999999995311555e-06,2.8432639999999996,0,13.621675000000002,26.255496,3.7313460000000003,7.422107000000002,3.7313460000000003,0.12496285305875934,0.07679996258101834,10.179604715857595,False,0.0618000496738752,-0.07679996258101834,-0.07679996258101834,-3.728429149822808e-17,7.65009517664105e-17,-3.921666026818242e-17
1079,6-stretch-all-three-axes,stretch-x-plus-0.060-y-minus-0.080-z-plus-0.020,1.246887000000001,3.6595750000000002,10.920546,12.167433,0,126,0.7451799999999995,1.268618,2.0137979999999995,0,11.218321000000001,22.63877,3.8545789999999993,4.7411259999999995,1.246887000000001,2.36548,5.095212,10.302553,12.668033,0,126,0.7880360000000017,1.3356839999999988,2.1237200000000005,0,13.092227999999999,24.929527999999998,5.080698,5.996701999999999,2.36548,0.10062565403695607,0.07679996258101834,11.286083489320381,False,0.0618000496738752,-0.07679996258101834,0.020200045995638516,-3.8454917053727713e-17,7.767157732191013e-17,-3.921666026818242e-17
1080,6-stretch-all-three-axes,stretch-x-plus-0.060-y-minus-0.080-z-plus-0.040,1.0302610000000012,3.5017910000000008,10.690762,11.721023,0,126,0.3697620000000015,1.5300719999999988,1.8998340000000002,0,11.003898,22.426035,4.069613,4.501547,1.0302610000000012,2.133040000000001,4.926451,10.080257,12.213297,0,126,0.3912500000000012,1.6128509999999991,2.0041010000000004,0,12.883562999999999,24.706477,5.298301,5.744638,2.133040000000001,0.10668703901606191,0.07679996258101834,11.50737924401294,False,0.0618000496738752,-0.07679996258101834,0.04080004781707314,2.5002556290333144e-17,1.4214103977849273e-17,-3.921666026818242e-17
1081,6-stretch-all-three-axes,stretch-x-plus-0.060-y-minus-0.080-z-plus-0.060,0.8242810000000009,3.3514930000000014,10.473854,11.298135,0,126,0.0,1.7920629999999989,1.7920629999999989,0,10.783467000000002,22.224355,4.270159000000001,4.270159000000001,0.8242810000000009,1.911251,4.765126,9.871487,11.782738,0,126,9.999999992515995e-07,1.8911880000000005,1.8911889999999998,0,12.667575999999999,24.495317999999997,5.500764,5.500764,1.911251,0.11634743887096399,0.07679996258101834,11.728674998705497,False,0.0618000496738752,-0.07679996258101834,0.0618000496738752,3.921666026818242e-17,-4.319365315666321e-34,-3.921666026818242e-17
1082,6-stretch-all-three-axes,stretch-x-plus-0.060-y-minus-0.080-z-plus-0.080,0.6279599999999999,3.2081529999999994,10.268955,10.896915,0,126,0.3636429999999997,1.689972000000001,2.0536150000000006,0,10.559762000000001,22.032637,4.457053999999999,4.046156999999999,0.6279599999999999,1.6991150000000008,4.610651000000001,9.675319,11.374434,0,126,0.38518099999999933,1.7842830000000003,2.1694639999999996,0,12.446326999999998,24.294922,5.689,5.264234,1.6991150000000008,0.12899507344364658,0.08320005156604482,11.949970753398047,False,0.0618000496738752,-0.07679996258101834,0.08320005156604482,-1.3294183241251764e-17,5.251084350943418e-17,-3.921666026818242e-17
1083,6-stretch-all-three-axes,stretch-x-plus-0.060-y-plus-0.020-z-minus-0.020,2.694476,4.449205000000001,9.4627,12.157176,0,144,0.629861,0.5065030000000004,1.1363640000000004,0,10.639818,21.25984,2.694476,4.51629,3.643935000000001,3.868131,5.904607,8.82358,12.691711,0,144,0.6656839999999988,0.5341260000000005,1.1998099999999994,0,12.606466000000001,23.476579,3.868131,5.7609770000000005,4.856604000000001,0.06796562599248085,0.0618000496738752,12.02213241253693,False,0.0618000496738752,0.020200045995638516,-0.019799957541127067,-9.178371006082867e-18,4.7224405718765654e-17,-3.8046034712682784e-17
1084,6-stretch-all-three-axes,stretch-x-plus-0.060-y-plus-0.020-z-minus-0.040,2.2265490000000003,4.181402,9.935509,12.162058,0,144,0.6660360000000001,0.7600899999999999,1.426126,0,10.951908,21.708410999999998,2.2265490000000003,4.572589000000001,3.694904000000001,3.3825260000000004,5.6295280000000005,9.303115,12.685641,0,144,0.7039939999999998,0.8010359999999999,1.5050299999999996,0,12.949382000000002,23.949222,3.3825260000000004,5.8201160000000005,4.911255000000001,0.07592051635511551,0.0618000496738752,11.776782771464742,False,0.0618000496738752,0.020200045995638516,-0.03919995925645853,-1.5039423481867358e-17,5.308545819455014e-17,-3.8046034712682784e-17
1085,6-stretch-all-three-axes,stretch-x-plus-0.060-y-plus-0.020-z-minus-0.060,1.744299999999999,3.917864999999999,10.421115,12.165415,0,144,0.7044180000000004,1.0139890000000005,1.718407000000001,0,11.151696999999999,22.167780999999998,1.744299999999999,4.646898,3.764512,2.88199,5.3593720000000005,9.795753,12.677743,0,144,0.744707,1.0680709999999998,1.8127779999999998,0,13.006105,24.433259,2.88199,5.898036000000001,4.985314000000001,0.08726123681750352,0.0618000496738752,11.53143313039256,False,0.0618000496738752,0.020200045995638516,-0.05819996093642227,-2.699952465996325e-17,6.504555937264603e-17,-3.8046034712682784e-17
1086,6-stretch-all-three-axes,stretch-x-plus-0.060-y-plus-0.020-z-minus-0.080,1.246887000000001,3.6595750000000002,10.920546,12.167433,0,144,0.7451810000000005,1.268618,2.0137990000000006,0,11.21832,22.63877,1.246887000000001,4.7411259999999995,3.854578,2.36548,5.095212,10.302553,12.668033,0,144,0.7880360000000017,1.3356839999999988,2.1237200000000005,0,13.092227999999999,24.929527999999998,2.36548,5.996701999999999,5.080698,0.10062565403695606,0.07679996258101834,11.286083489320381,False,0.0618000496738752,0.020200045995638516,-0.07679996258101834,-3.8454917053727713e-17,7.65009517664105e-17,-3.8046034712682784e-17
1087,6-stretch-all-three-axes,stretch-x-plus-0.060-y-plus-0.020-z-plus-0.020,3.5902700000000003,4.994002999999999,8.552678,12.142948,0,126,0.5634860000000002,0.0,0.5634860000000002,0,10.940247,20.391757,3.5902700000000003,4.4503070000000005,3.5902700000000003,4.797826000000001,6.465622,7.900632,12.698458,0,126,0.5956079999999995,1.000000000139778e-06,0.5956089999999996,0,12.915056000000002,22.561663,4.797826000000001,5.691488,4.797826000000001,0.06808325679743343,0.0618000496738752,12.512831694681296,False,0.0618000496738752,0.020200045995638516,0.020200045995638516,-3.962554260922735e-17,7.767157732191013e-17,-3.8046034712682784e-17
1088,6-stretch-all-three-axes,stretch-x-plus-0.060-y-plus-0.020-z-plus-0.040,3.33141,4.789674,8.367124,11.698534,0,126,0.2804639999999994,0.252536000000001,0.5330000000000004,0,10.463413,20.224229,3.7662379999999995,4.1844529999999995,3.33141,4.5230570000000005,6.247661999999999,7.723154,12.246211,0,126,0.29662899999999937,0.2668980000000003,0.5635269999999997,0,12.407221999999997,22.385599,4.975878000000001,5.410514999999999,4.5230570000000005,0.07675892065287791,0.0618000496738752,12.758181335753475,False,0.0618000496738752,0.020200045995638516,0.04080004781707314,2.383193073483351e-17,1.4214103977849273e-17,-3.8046034712682784e-17
1089,6-stretch-all-three-axes,stretch-x-plus-0.060-y-plus-0.020-z-plus-0.060,3.084873,4.595197000000001,8.191583,11.276456,0,126,0.0,0.5041419999999999,0.5041419999999999,0,9.986262000000002,20.064779,3.930366000000001,3.930366000000001,3.084873,4.260826000000001,6.039840000000001,7.556143,11.816969,0,126,1.000000000139778e-06,0.5332109999999997,0.5332119999999998,0,11.898444000000001,22.2183,5.141529000000001,5.141529000000001,4.260826000000001,0.08970247564929741,0.0618000496738752,13.003530976825656,False,0.0618000496738752,0.020200045995638516,0.0618000496738752,3.8046034712682784e-17,-4.319365315666321e-34,-3.8046034712682784e-17
1090,6-stretch-all-three-axes,stretch-x-plus-0.060-y-plus-0.020-z-plus-0.080,2.8494090000000014,4.409779,8.025469,10.874878,0,126,0.2776019999999999,0.47679599999999933,0.7543979999999992,0,9.507449,19.912875,4.08323,3.6869300000000003,2.8494090000000014,4.009866000000001,5.8413070000000005,7.398978,11.408844,0,126,0.29396600000000017,0.5044819999999994,0.7984479999999996,0,11.387055,22.05917,5.295408,4.883335000000001,4.009866000000001,0.10559136602256773,0.08320005156604482,13.24888061789784,False,0.0618000496738752,0.020200045995638516,0.08320005156604482,-1.4464808796751396e-17,5.251084350943418e-17,-3.8046034712682784e-17
1091,6-stretch-all-three-axes,stretch-x-plus-0.060-y-plus-0.040-z-minus-0.020,2.452447000000001,4.263197,9.259578,11.712025,0,144,0.31311,0.7604849999999992,1.0735949999999992,0,10.388098000000001,21.074336,2.452447000000001,4.260604000000001,3.8360950000000003,3.610379,5.706023,8.628176,12.238555,0,144,0.3311110000000008,0.8026979999999995,1.1338090000000003,0,12.31805,23.281698,3.610379,5.49128,5.051131,0.07665460429875906,0.0618000496738752,12.25786049905726,False,0.0618000496738752,0.04080004781707314,-0.019799957541127067,5.427910233797799e-17,4.7224405718765654e-17,-1.0150350805674364e-16
1092,6-stretch-all-three-axes,stretch-x-plus-0.060-y-plus-0.040-z-minus-0.040,1.9929679999999994,4.004712,9.723489,11.716457,0,144,0.33089300000000144,1.015739,1.3466320000000014,0,10.661779,21.51398,1.9929679999999994,4.3222059999999995,3.894945,3.133255,5.440818,9.0987,12.231955,0,144,0.3499530000000002,1.0715379999999985,1.4214909999999987,0,12.630627000000002,23.745043,3.133255,5.556256000000001,5.1137630000000005,0.08378858423005431,0.0618000496738752,12.007700080709151,False,0.0618000496738752,0.04080004781707314,-0.03919995925645853,4.8418049862193506e-17,5.308545819455014e-17,-1.0150350805674364e-16
1093,6-stretch-all-three-axes,stretch-x-plus-0.060-y-plus-0.040-z-minus-0.060,1.5192489999999985,3.7506569999999986,10.200183,11.719432,0,144,0.3497489999999992,1.2720840000000013,1.6218330000000005,0,10.924839999999998,21.964124,1.5192489999999985,4.401938999999999,3.972159999999999,2.6412049999999994,5.180645999999999,9.582344,12.223549,0,144,0.3699710000000005,1.3413850000000007,1.7113560000000012,0,12.784359999999998,24.219534000000003,2.6412049999999994,5.640084,5.195500999999998,0.09418665242256981,0.0618000496738752,11.757539662361046,False,0.0618000496738752,0.04080004781707314,-0.05819996093642227,3.645794868409761e-17,6.504555937264603e-17,-1.0150350805674364e-16
1094,6-stretch-all-three-axes,stretch-x-plus-0.060-y-plus-0.040-z-minus-0.080,1.0302610000000012,3.5017910000000008,10.690762,11.721023,0,144,0.3697620000000015,1.5300719999999988,1.8998340000000002,0,11.003898,22.426035,1.0302610000000012,4.501547,4.069613,2.133040000000001,4.926451,10.080257,12.213297,0,144,0.3912500000000012,1.6128509999999991,2.0041010000000004,0,12.883562999999999,24.706477,2.133040000000001,5.744638,5.298301,0.10668703901606191,0.07679996258101834,11.50737924401294,False,0.0618000496738752,0.04080004781707314,-0.07679996258101834,2.5002556290333147e-17,7.65009517664105e-17,-1.0150350805674364e-16
1095,6-stretch-all-three-axes,stretch-x-plus-0.060-y-plus-0.040-z-plus-0.020,3.33141,4.789674,8.367124,11.698534,0,144,0.28046300000000013,0.25253700000000023,0.5330000000000004,0,10.463413,20.224229,3.33141,4.1844529999999995,3.7662379999999995,4.5230570000000005,6.247661999999999,7.723154,12.246211,0,144,0.29662899999999937,0.2668980000000003,0.5635269999999997,0,12.407221999999997,22.385599,4.5230570000000005,5.410514999999999,4.975878000000001,0.07675892065287793,0.0618000496738752,12.758181335753475,False,0.0618000496738752,0.04080004781707314,0.020200045995638516,2.3831930734833515e-17,7.767157732191013e-17,-1.0150350805674364e-16
1096,6-stretch-all-three-axes,stretch-x-plus-0.060-y-plus-0.040-z-plus-0.040,3.751645000000001,5.055686000000001,7.937627,11.689272,0,126,0.26546100000000017,1.000000000139778e-06,0.2654620000000003,0,10.243648,19.812974,3.751645000000001,4.166346999999999,3.751645000000001,4.959612,6.522031,7.287575,12.247187,0,126,0.28083800000000014,0.0,0.28083800000000014,0,12.170154,21.951914000000002,4.959612,5.391104,4.959612,0.08454900320786964,0.0618000496738752,13.008341754101581,False,0.0618000496738752,0.04080004781707314,0.04080004781707314,8.728940407889437e-17,1.4214103977849273e-17,-1.0150350805674364e-16
1097,6-stretch-all-three-axes,stretch-x-plus-0.060-y-plus-0.040-z-plus-0.060,3.4971739999999993,4.852722999999999,7.770144,11.267318,0,126,1.000000000139778e-06,0.25126000000000026,0.2512610000000004,0,9.772429999999998,19.661864,3.908054999999999,3.908054999999999,3.4971739999999993,4.68937,6.305294999999999,7.128774,11.818144,0,126,1.000000000139778e-06,0.26590999999999987,0.265911,0,11.666709,21.793346,5.117428,5.117428,4.68937,0.09645276658169188,0.0618000496738752,13.258502172449687,False,0.0618000496738752,0.04080004781707314,0.0618000496738752,1.0150350805674364e-16,-4.319365315666321e-34,-1.0150350805674364e-16
1098,6-stretch-all-three-axes,stretch-x-plus-0.060-y-plus-0.040-z-plus-0.080,3.2541420000000008,4.659249,7.611598,10.86574,0,126,0.26310699999999976,0.2378,0.5009069999999998,0,9.301148999999999,19.517714,4.053669,3.6609989999999994,3.2541420000000008,4.430725,6.0982709999999996,6.97934,11.410065,0,126,0.2786690000000007,0.2517619999999994,0.5304310000000001,0,11.162341999999999,21.642394,5.263922,4.855126000000001,4.430725,0.11138284707333268,0.08320005156604482,13.5086625907978,False,0.0618000496738752,0.04080004781707314,0.08320005156604482,4.8992664547309467e-17,5.251084350943418e-17,-1.0150350805674364e-16
1099,6-stretch-all-three-axes,stretch-x-plus-0.060-y-plus-0.060-z-minus-0.020,2.2220119999999994,4.0861329999999985,9.067583,11.289595,0,144,9.999999992515995e-07,1.0141990000000014,1.0142000000000007,0,10.224189,20.898009000000002,2.2220119999999994,4.015402999999999,4.015402999999999,3.3643470000000004,5.516533000000001,8.444462,11.808809,0,144,1.000000000139778e-06,1.071465,1.071466,0,12.079412,23.09677,3.3643470000000004,5.232156,5.232156,0.08961322780715646,0.0618000496738752,12.49358858557759,False,0.0618000496738752,0.0618000496738752,-0.019799957541127067,6.849320631582727e-17,4.7224405718765654e-17,-1.1571761203459292e-16
1100,6-stretch-all-three-axes,stretch-x-plus-0.060-y-plus-0.060-z-minus-0.040,1.7705900000000003,3.8365209999999994,9.523196,11.293786,0,144,9.999999992515995e-07,1.2714200000000009,1.2714210000000001,0,10.444771000000001,21.329158,1.7705900000000003,4.081586,4.081586,2.8952899999999993,5.260667999999999,8.906586,11.801876,0,144,1.000000000139778e-06,1.3425840000000004,1.3425850000000006,0,12.353727,23.551283,2.8952899999999993,5.302199,5.302199,0.09578689411968055,0.0618000496738752,12.238617389953557,False,0.0618000496738752,0.0618000496738752,-0.03919995925645853,6.263215384004278e-17,5.308545819455014e-17,-1.1571761203459292e-16
1101,6-stretch-all-three-axes,stretch-x-plus-0.060-y-plus-0.060-z-minus-0.060,1.305143000000001,3.5914270000000013,9.991558,11.296701,0,144,9.999999992515995e-07,1.5304789999999997,1.530479999999999,0,10.691004000000001,21.770805,1.305143000000001,4.16592,4.16592,2.4114060000000013,5.009917,9.381865,11.793271,0,144,1.000000000139778e-06,1.6155599999999994,1.6155609999999996,0,12.559004,24.016992000000002,2.4114060000000013,5.391115000000001,5.391115000000001,0.10500346533514007,0.0618000496738752,11.983646194329525,False,0.0618000496738752,0.0618000496738752,-0.05819996093642227,5.067205266194688e-17,6.504555937264603e-17,-1.1571761203459292e-16
1102,6-stretch-all-three-axes,stretch-x-plus-0.060-y-plus-0.060-z-minus-0.080,0.8242810000000009,3.3514930000000014,10.473854,11.298135,0,144,0.0,1.7920629999999989,1.7920629999999989,0,10.783467000000002,22.224355,0.8242810000000009,4.270159000000001,4.270159000000001,1.911251,4.765126,9.871487,11.782738,0,144,9.999999992515995e-07,1.8911880000000005,1.8911889999999998,0,12.667575999999999,24.495317999999997,1.911251,5.500764,5.500764,0.11634743887096399,0.07679996258101834,11.728674998705497,False,0.0618000496738752,0.0618000496738752,-0.07679996258101834,3.921666026818242e-17,7.65009517664105e-17,-1.1571761203459292e-16
1103,6-stretch-all-three-axes,stretch-x-plus-0.060-y-plus-0.060-z-plus-0.020,3.084873,4.595197000000001,8.191583,11.276456,0,144,0.0,0.5041419999999999,0.5041419999999999,0,9.986262000000002,20.064779,3.084873,3.9303670000000004,3.9303670000000004,4.260826000000001,6.039840000000001,7.556143,11.816969,0,144,1.000000000139778e-06,0.5332109999999997,0.5332119999999998,0,11.898444000000001,22.2183,4.260826000000001,5.141529000000001,5.141529000000001,0.08970247564929741,0.0618000496738752,13.003530976825656,False,0.0618000496738752,0.0618000496738752,0.020200045995638516,3.8046034712682784e-17,7.767157732191013e-17,-1.1571761203459292e-16
1104,6-stretch-all-three-axes,stretch-x-plus-0.060-y-plus-0.060-z-plus-0.040,3.4971739999999993,4.852722999999999,7.770144,11.267318,0,144,1.000000000139778e-06,0.25126000000000026,0.2512610000000004,0,9.772429999999998,19.661864,3.4971739999999993,3.908054999999999,3.908054999999999,4.68937,6.305294999999999,7.128774,11.818144,0,144,1.000000000139778e-06,0.26590999999999987,0.265911,0,11.666709,21.793346,4.68937,5.117428,5.117428,0.09645276658169188,0.0618000496738752,13.258502172449687,False,0.0618000496738752,0.0618000496738752,0.04080004781707314,1.0150350805674364e-16,1.4214103977849273e-17,-1.1571761203459292e-16
1105,6-stretch-all-three-axes,stretch-x-plus-0.060-y-plus-0.060-z-plus-0.060,3.882523999999999,5.111021999999999,7.359295,11.241819,0,13,0.0,1.000000000139778e-06,1.000000000139778e-06,0,9.559174000000002,19.26757,3.897123999999999,3.897123999999999,3.897123999999999,5.105207999999999,6.571933,6.712161,11.817369,0,21,0.0,1.000000000139778e-06,1.000000000139778e-06,0,11.435304,21.377408000000003,5.105207999999999,5.105207999999999,5.105207999999999,0.10704082594543227,0.0618000496738752,13.513473368073718,False,0.0618000496738752,0.0618000496738752,0.0618000496738752,1.1571761203459292e-16,-4.319365315666321e-34,-1.1571761203459292e-16
1106,6-stretch-all-three-axes,stretch-x-plus-0.060-y-plus-0.060-z-plus-0.080,3.6408760000000004,4.909694999999999,7.208135,10.849011,0,13,0.24938400000000005,2.000000000279556e-06,0.24938600000000033,0,9.09576,19.131065,4.03548,3.6466499999999993,3.6466499999999993,4.839004,6.35664,6.570286,11.40929,0,21,0.2642150000000001,4.000000000559112e-06,0.26421900000000065,0,10.938300000000002,21.234532,5.244307,4.839004,4.839004,0.12066789490158268,0.08320005156604482,13.768444563697757,False,0.0618000496738752,0.0618000496738752,0.08320005156604482,6.320676852515874e-17,5.251084350943418e-17,-1.1571761203459292e-16
1107,6-stretch-all-three-axes,stretch-x-plus-0.060-y-plus-0.080-z-minus-0.020,2.002134,3.917338000000001,8.886033,10.888167,0,144,0.30910300000000035,0.957927999999999,1.2670309999999994,0,9.88265,20.730172,2.002134,3.7795640000000006,4.182422000000001,3.1289490000000004,5.335398999999999,8.271677,11.400626,0,144,0.32724200000000003,1.0124460000000006,1.3396880000000007,0,11.792939,22.921041000000002,3.1289490000000004,4.982474999999999,5.400378999999999,0.10551555827894006,0.08320005156604482,12.729316672097923,False,0.0618000496738752,0.08320005156604482,-0.019799957541127067,1.5982362806393082e-17,4.7224405718765654e-17,-6.320676852515874e-17
1108,6-stretch-all-three-axes,stretch-x-plus-0.060-y-plus-0.080-z-minus-0.040,1.5585839999999997,3.6761789999999994,9.333826,10.89241,0,144,0.3262419999999988,1.200171000000001,1.5264129999999998,0,10.126662999999999,21.153317,1.5585839999999997,3.8496869999999994,4.255507,2.667712999999999,5.088388999999999,8.725946,11.393659,0,144,0.34540799999999994,1.2678970000000005,1.6133050000000004,0,12.077288,23.367258,2.667712999999999,5.056905,5.477378999999999,0.11080673050854793,0.08320005156604482,12.46953469919797,False,0.0618000496738752,0.08320005156604482,-0.03919995925645853,1.0121310330608593e-17,5.308545819455014e-17,-6.320676852515874e-17
1109,6-stretch-all-three-axes,stretch-x-plus-0.060-y-plus-0.080-z-minus-0.060,1.1009589999999996,3.4395260000000007,9.794409,10.895368,0,144,0.34439700000000073,1.443949,1.7883460000000007,0,10.372418000000001,21.587145,1.1009589999999996,3.938001,4.3464670000000005,2.191559,4.846518,9.193412,11.384971,0,144,0.3646940000000001,1.5249010000000007,1.8895950000000008,0,12.326078999999998,23.824856,2.191559,5.150238999999999,5.572982999999999,0.11886433516108622,0.08320005156604482,12.209752726298014,False,0.0618000496738752,0.08320005156604482,-0.05819996093642227,-1.8387908474873017e-18,6.504555937264603e-17,-6.320676852515874e-17
1110,6-stretch-all-three-axes,stretch-x-plus-0.060-y-plus-0.080-z-minus-0.080,0.6279599999999999,3.2081529999999994,10.268955,10.896915,0,144,0.3636429999999997,1.689972000000001,2.0536150000000006,0,10.559762000000001,22.032637,0.6279599999999999,4.046156999999999,4.457053999999999,1.6991150000000008,4.610651000000001,9.675319,11.374434,0,144,0.38518099999999933,1.7842830000000003,2.1694639999999996,0,12.446326999999998,24.294922,1.6991150000000008,5.264234,5.689,0.12899507344364658,0.08320005156604482,11.949970753398052,False,0.0618000496738752,0.08320005156604482,-0.07679996258101834,-1.3294183241251763e-17,7.65009517664105e-17,-6.320676852515874e-17
1111,6-stretch-all-three-axes,stretch-x-plus-0.060-y-plus-0.080-z-plus-0.020,2.8494090000000014,4.409779,8.025469,10.874878,0,144,0.2776019999999999,0.47679599999999933,0.7543979999999992,0,9.507449,19.912875,2.8494090000000014,3.6869300000000003,4.08323,4.009866000000001,5.8413070000000005,7.398978,11.408844,0,144,0.29396600000000017,0.5044819999999994,0.7984479999999996,0,11.387055,22.05917,4.009866000000001,4.883335000000001,5.295408,0.10559136602256773,0.08320005156604482,13.24888061789784,False,0.0618000496738752,0.08320005156604482,0.020200045995638516,-1.4464808796751396e-17,7.767157732191013e-17,-6.320676852515874e-17
1112,6-stretch-all-three-axes,stretch-x-plus-0.060-y-plus-0.080-z-plus-0.040,3.2541420000000008,4.659249,7.611598,10.86574,0,144,0.26310699999999976,0.2378,0.5009069999999998,0,9.301148999999999,19.517714,3.2541420000000008,3.6609989999999994,4.053669,4.430725,6.0982709999999996,6.97934,11.410065,0,144,0.2786690000000007,0.2517619999999994,0.5304310000000001,0,11.162341999999999,21.642394,4.430725,4.855126000000001,5.263922,0.11138284707333268,0.08320005156604482,13.5086625907978,False,0.0618000496738752,0.08320005156604482,0.04080004781707314,4.899266454730946e-17,1.4214103977849273e-17,-6.320676852515874e-17
1113,6-stretch-all-three-axes,stretch-x-plus-0.060-y-plus-0.080-z-plus-0.060,3.640875000000001,4.909694,7.208136,10.849011,0,13,0.24938400000000005,2.9999999995311555e-06,0.24938699999999958,0,9.095759000000001,19.131065999999997,3.646649,3.646649,4.0354790000000005,4.839004,6.35664,6.570286,11.40929,0,21,0.2642150000000001,4.000000000559112e-06,0.26421900000000065,0,10.938300000000002,21.234532,4.839004,4.839004,5.244307,0.12066789490158268,0.08320005156604482,13.768444563697757,False,0.0618000496738752,0.08320005156604482,0.0618000496738752,6.320676852515874e-17,-4.319365315666321e-34,-6.320676852515874e-17
1114,6-stretch-all-three-axes,stretch-x-plus-0.060-y-plus-0.080-z-plus-0.080,3.4060120000000005,4.715994,7.051183,10.457195,0,21,1.000000000139778e-06,0.236383,0.23638400000000015,0,8.653719,18.989029000000002,3.790768,3.4060120000000005,3.790768,4.5828169999999995,6.149188999999999,6.422125,11.004942,0,21,0.0,0.2505580000000007,0.2505580000000007,0,10.462819,21.085885,4.98439,4.5828169999999995,4.98439,0.1329050160862203,0.08320005156604482,14.028226536597716,False,0.0618000496738752,0.08320005156604482,0.08320005156604482,1.0695925015724553e-17,5.251084350943418e-17,-6.320676852515874e-17
1115,6-stretch-all-three-axes,stretch-x-plus-0.080-y-minus-0.020-z-minus-0.020,2.957768999999999,4.651479999999999,9.750006,12.707775,0,126,1.5844389999999997,1.0000000010279564e-06,1.5844400000000007,0,11.184978,21.519069000000002,2.957768999999999,5.2044869999999985,2.957768999999999,4.146845000000001,6.119005000000001,9.108187,13.255032,0,126,1.6738549999999996,9.999999992515995e-07,1.673855999999999,0,13.12787,23.750174,4.146845000000001,6.47639,4.146845000000001,0.08778567774901204,0.08320005156604482,11.768613527033931,False,0.08320005156604482,-0.019799957541127067,-0.019799957541127067,2.1268800597061615e-17,-5.2864377906685294e-18,-1.5982362806393085e-17
1116,6-stretch-all-three-axes,stretch-x-plus-0.080-y-minus-0.020-z-minus-0.040,2.4796940000000003,4.372495000000001,10.234727,12.714421,0,144,1.6758199999999999,0.23639399999999888,1.9122139999999987,0,10.947626,21.979987,2.4796940000000003,5.255135000000001,2.995514,3.650841,5.831771,9.599952,13.250793,0,144,1.7705069999999994,0.24869400000000041,2.019201,0,12.877547999999999,24.235682,3.650841,6.528687,4.188416,0.09407934791935454,0.08320005156604482,11.52843774076793,False,0.08320005156604482,-0.019799957541127067,-0.03919995925645853,1.5407748121277124e-17,5.746146851159599e-19,-1.5982362806393085e-17
1117,6-stretch-all-three-axes,stretch-x-plus-0.080-y-minus-0.020-z-minus-0.060,1.9874180000000017,4.097804,10.732202,12.71962,0,144,1.7728110000000008,0.47103999999999857,2.2438509999999994,0,10.596512000000002,22.451521,1.9874180000000017,5.323423,3.0524650000000015,3.140078000000001,5.549439000000001,10.1047,13.244778,0,144,1.8732959999999999,0.4951629999999998,2.3684589999999996,0,12.535821,24.732294,3.140078000000001,6.59942,4.2500420000000005,0.10344816263338866,0.08320005156604482,11.288261954501934,False,0.08320005156604482,-0.019799957541127067,-0.05819996093642227,3.4476469431812308e-18,1.2534715863211855e-17,-1.5982362806393085e-17
1118,6-stretch-all-three-axes,stretch-x-plus-0.080-y-minus-0.020-z-minus-0.080,1.4801640000000003,3.828448,11.24339,12.723554,0,144,1.8758389999999991,0.7040550000000003,2.5798939999999995,0,10.725261999999999,22.934392,1.4801640000000003,5.411323000000001,3.130567000000001,2.613607,5.2731200000000005,10.623427,13.237034,0,144,1.9826930000000003,0.7395549999999993,2.7222479999999996,0,12.665542000000002,25.240831,2.613607,6.690629999999999,4.333743,0.1149457313329589,0.08320005156604482,11.048086168235937,False,0.08320005156604482,-0.019799957541127067,-0.07679996258101834,-8.00774545058323e-18,2.3990108256976317e-17,-1.5982362806393085e-17
1119,6-stretch-all-three-axes,stretch-x-plus-0.080-y-minus-0.020-z-plus-0.020,2.4546780000000012,4.265405000000001,9.293686,11.748364,0,126,0.9394749999999998,0.4773739999999993,1.4168489999999991,0,10.519627000000002,21.104336,3.3963160000000006,4.671094,2.4546780000000012,3.6123200000000004,5.707796,8.664373,12.276693,0,126,0.9935400000000003,0.5036059999999996,1.4971459999999999,0,12.470958999999999,23.313634999999998,4.593878,5.915766000000001,3.6123200000000004,0.0878767816743926,0.08320005156604482,12.248965099565929,False,0.08320005156604482,-0.019799957541127067,0.020200045995638516,-9.178371006082866e-18,2.516073381247595e-17,-1.5982362806393085e-17
1120,6-stretch-all-three-axes,stretch-x-plus-0.080-y-minus-0.020-z-plus-0.040,2.222716,4.087054999999999,9.084153,11.306869,0,126,0.6223540000000005,0.7175180000000001,1.3398720000000006,0,10.176628000000001,20.912481,3.594552,4.421769999999999,2.222716,3.3648830000000007,5.517208,8.462036,11.826919,0,126,0.6585220000000005,0.757649999999999,1.4161719999999995,0,12.122516,23.112164999999997,4.795118,5.653043,3.3648830000000007,0.09475722031116365,0.08320005156604482,12.489140885831924,False,0.08320005156604482,-0.019799957541127067,0.04080004781707314,5.4279102337977996e-17,-3.829673953158491e-17,-1.5982362806393088e-17
1121,6-stretch-all-three-axes,stretch-x-plus-0.080-y-minus-0.020-z-plus-0.060,2.0021330000000006,3.917338000000001,8.886033,10.888166,0,126,0.30910300000000035,0.957927999999999,1.2670309999999994,0,9.882648999999999,20.730173,3.7795630000000013,4.182421,2.0021330000000006,3.1289490000000004,5.335398999999999,8.271677,11.400626,0,126,0.32724200000000003,1.0124460000000006,1.3396880000000007,0,11.792939,22.921041000000002,4.982474999999999,5.400378999999999,3.1289490000000004,0.10551555827894005,0.08320005156604482,12.729316672097923,False,0.08320005156604482,-0.019799957541127067,0.0618000496738752,6.849320631582727e-17,-5.2510843509434184e-17,-1.5982362806393088e-17
1122,6-stretch-all-three-axes,stretch-x-plus-0.080-y-minus-0.020-z-plus-0.080,1.7918830000000003,3.755579000000001,8.698621,10.490504,0,126,9.999999992515995e-07,1.1980199999999996,1.198020999999999,0,9.464905000000002,20.556645,3.9520420000000005,3.9520420000000005,1.7918830000000003,2.9033929999999994,5.161616,8.09257,10.995963,0,126,2.000000000279556e-06,1.2673110000000003,1.2673130000000006,0,11.349723,22.739435,5.1566980000000004,5.1566980000000004,2.9033929999999994,0.11931695386580848,0.08320005156604482,12.969492458363927,False,0.08320005156604482,-0.019799957541127067,0.08320005156604482,1.5982362806393085e-17,-4.834394859797126e-35,-1.5982362806393085e-17
1123,6-stretch-all-three-axes,stretch-x-plus-0.080-y-minus-0.040-z-minus-0.020,2.4796940000000003,4.372495000000001,10.234727,12.714421,0,126,1.6758199999999999,0.23639399999999888,1.9122139999999987,0,10.947626,21.979987,2.995514,5.255135000000001,2.4796940000000003,3.650841,5.831771,9.599952,13.250793,0,126,1.7705069999999994,0.24869400000000041,2.019201,0,12.877547999999999,24.235682,4.188416,6.528687,3.650841,0.09407934791935454,0.08320005156604482,11.52843774076793,False,0.08320005156604482,-0.03919995925645853,-0.019799957541127067,1.5407748121277124e-17,-5.2864377906685294e-18,-1.0121310330608596e-17
1124,6-stretch-all-three-axes,stretch-x-plus-0.080-y-minus-0.040-z-minus-0.040,2.7440689999999996,4.5712600000000005,10.494069,13.238138,0,126,2.0233500000000006,9.999999992515995e-07,2.023351,0,11.233381000000001,22.215730999999998,2.7440689999999996,5.534448000000001,2.7440689999999996,3.9311059999999998,6.042828999999999,9.854338,13.785444,0,126,2.136654,0.0,2.136654,0,13.171435999999998,24.484225000000002,3.9311059999999998,6.821192999999999,3.9311059999999998,0.09997760845313582,0.08320005156604482,11.293163501160421,False,0.08320005156604482,-0.03919995925645853,-0.03919995925645853,9.546695645492635e-18,5.746146851159599e-19,-1.0121310330608596e-17
1125,6-stretch-all-three-axes,stretch-x-plus-0.080-y-minus-0.040-z-minus-0.060,2.2420100000000005,4.285569000000001,11.002614,13.244624,0,144,2.1413580000000003,0.2337739999999986,2.375131999999999,0,10.867104,22.698513,2.2420100000000005,5.594835999999999,2.7914510000000003,3.410404999999999,5.748675999999998,10.370392,13.780797,0,144,2.2616119999999995,0.24545500000000153,2.507067000000001,0,12.78766,24.992542,3.410404999999999,6.883314999999998,3.9829789999999985,0.10883988625178549,0.08320005156604482,11.057889261552914,False,0.08320005156604482,-0.03919995925645853,-0.05819996093642227,-2.413405532603259e-18,1.2534715863211855e-17,-1.0121310330608596e-17
1126,6-stretch-all-three-axes,stretch-x-plus-0.080-y-minus-0.040-z-minus-0.080,1.7251010000000004,4.005185000000001,11.524795,13.249896,0,144,2.266755999999999,0.4648620000000001,2.731617999999999,0,10.590167,23.192549,1.7251010000000004,5.6747700000000005,2.860387000000001,2.8741939999999992,5.460512999999999,10.900296,13.77449,0,144,2.394666000000001,0.4876240000000003,2.882290000000001,0,12.548984999999998,25.51266,2.8741939999999992,6.965886999999999,4.0573869999999985,0.11982119862005364,0.08320005156604482,10.822615021945403,False,0.08320005156604482,-0.03919995925645853,-0.07679996258101834,-1.386879792636772e-17,2.3990108256976317e-17,-1.0121310330608596e-17
1127,6-stretch-all-three-axes,stretch-x-plus-0.080-y-minus-0.040-z-plus-0.020,1.9946570000000001,4.006398000000001,9.758647,11.753304,0,126,0.9926709999999996,0.7157940000000007,1.7084650000000003,0,10.649941000000002,21.545018,3.451486000000001,4.7345109999999995,1.9946570000000001,3.134589,5.441883000000001,9.135997,12.270586,0,126,1.04988,0.7546169999999996,1.8044969999999996,0,12.574128000000002,23.778050999999998,4.653152,5.98208,3.134589,0.09416436292210784,0.08320005156604482,11.99898621998295,False,0.08320005156604482,-0.03919995925645853,0.020200045995638516,-1.5039423481867355e-17,2.516073381247595e-17,-1.0121310330608596e-17
1128,6-stretch-all-three-axes,stretch-x-plus-0.080-y-minus-0.040-z-plus-0.040,1.7711199999999998,3.837211,9.540234,11.311354,0,126,0.6572389999999997,0.957687,1.6149259999999996,0,10.452816,21.344136,3.657465,4.490361999999999,1.7711199999999998,2.895606000000001,5.2610220000000005,8.924664,11.82027,0,126,0.6954909999999996,1.0107,1.7061909999999996,0,12.428916999999998,23.567213000000002,4.862254999999999,5.725073999999999,2.895606000000001,0.10061575069628005,0.08320005156604482,12.23426045959046,False,0.08320005156604482,-0.03919995925645853,0.04080004781707314,4.8418049862193506e-17,-3.829673953158491e-17,-1.0121310330608598e-17
1129,6-stretch-all-three-axes,stretch-x-plus-0.080-y-minus-0.040-z-plus-0.060,1.5585839999999997,3.6761789999999994,9.333826,10.89241,0,126,0.32624099999999956,1.200171000000001,1.5264120000000005,0,10.126662999999999,21.153317,3.8496869999999994,4.255507,1.5585839999999997,2.667712999999999,5.088388999999999,8.725946,11.393659,0,126,0.34540799999999994,1.2678970000000005,1.6133050000000004,0,12.077288,23.367258,5.056905,5.477378999999999,2.667712999999999,0.11080673050854793,0.08320005156604482,12.46953469919797,False,0.08320005156604482,-0.03919995925645853,0.0618000496738752,6.263215384004278e-17,-5.2510843509434184e-17,-1.01213103306086e-17
1130,6-stretch-all-three-axes,stretch-x-plus-0.080-y-minus-0.040-z-plus-0.080,1.3561370000000004,3.522672,9.138651,10.494788,0,126,2.000000000279556e-06,1.4425599999999994,1.4425619999999997,0,9.677961,20.971798,4.028894000000001,4.028894000000001,1.3561370000000004,2.449922000000001,4.923299,8.539017,10.988939,0,126,1.000000000139778e-06,1.5254209999999997,1.5254219999999998,0,11.581739,23.177386,5.237955000000001,5.237955000000001,2.449922000000001,0.12402069975166663,0.08320005156604482,12.704808938805472,False,0.08320005156604482,-0.03919995925645853,0.08320005156604482,1.0121310330608596e-17,-4.834394859797126e-35,-1.0121310330608596e-17
1131,6-stretch-all-three-axes,stretch-x-plus-0.080-y-minus-0.060-z-minus-0.020,1.9874180000000017,4.097804,10.732202,12.71962,0,126,1.7728110000000008,0.47103999999999857,2.2438509999999994,0,10.596512000000002,22.451521,3.0524650000000015,5.323423,1.9874180000000017,3.140078000000001,5.549439000000001,10.1047,13.244778,0,126,1.8732959999999999,0.4951629999999998,2.3684589999999996,0,12.535821,24.732294,4.2500420000000005,6.59942,3.140078000000001,0.10344816263338867,0.08320005156604482,11.288261954501934,False,0.08320005156604482,-0.05819996093642227,-0.019799957541127067,3.44764694318123e-18,-5.2864377906685294e-18,1.8387908474872986e-18
1132,6-stretch-all-three-axes,stretch-x-plus-0.080-y-minus-0.060-z-minus-0.040,2.2420100000000005,4.285569000000001,11.002614,13.244624,0,126,2.1413580000000003,0.2337739999999986,2.375131999999999,0,10.867104,22.698513,2.7914510000000003,5.594835999999999,2.2420100000000005,3.410404999999999,5.748675999999998,10.370392,13.780797,0,126,2.2616119999999995,0.24545500000000153,2.507067000000001,0,12.78766,24.992542,3.9829789999999985,6.883314999999998,3.410404999999999,0.10883988625178549,0.08320005156604482,11.057889261552909,False,0.08320005156604482,-0.05819996093642227,-0.03919995925645853,-2.413405532603259e-18,5.746146851159599e-19,1.8387908474872986e-18
1133,6-stretch-all-three-axes,stretch-x-plus-0.080-y-minus-0.060-z-minus-0.060,2.512841,4.484601,11.289341,13.802182,0,126,2.5145610000000005,2.000000000279556e-06,2.5145630000000008,0,11.144321000000001,22.959654,2.512841,5.880047999999999,2.512841,3.6971600000000002,5.959474999999999,10.653265,14.350425,0,126,2.6545820000000004,9.999999992515995e-07,2.6545829999999997,0,13.072314,25.268089,3.6971600000000002,7.181141000000002,3.6971600000000002,0.11703298460944536,0.08320005156604482,10.82751656860389,False,0.08320005156604482,-0.05819996093642227,-0.05819996093642227,-1.4373506710699154e-17,1.2534715863211855e-17,1.8387908474872986e-18
1134,6-stretch-all-three-axes,stretch-x-plus-0.080-y-minus-0.060-z-minus-0.080,1.985631999999999,4.192452999999999,11.823444,13.809076,0,144,2.6627449999999993,0.2300260000000005,2.8927709999999998,0,10.745339,23.465668,1.985631999999999,5.950912000000001,2.5717599999999994,3.150488000000001,5.658599000000001,11.19535,14.345838,0,144,2.811662,0.2409409999999994,3.0526029999999995,0,12.656098000000002,25.800663999999998,3.150488000000001,7.253854000000002,3.761343,0.12730953729410618,0.08320005156604482,10.597143875654874,False,0.08320005156604482,-0.05819996093642227,-0.07679996258101834,-2.5828899104463616e-17,2.3990108256976317e-17,1.8387908474872982e-18
1135,6-stretch-all-three-axes,stretch-x-plus-0.080-y-minus-0.060-z-plus-0.020,1.5204699999999995,3.7518410000000006,10.236369,11.756839,0,126,1.0490860000000009,0.9541579999999996,2.0032440000000005,0,10.708266000000002,21.99625,3.5253320000000006,4.815758000000001,1.5204699999999995,2.641997,5.181016,9.620706,12.262703,0,126,1.1097419999999998,1.0053800000000006,2.1151220000000004,0,12.715113999999998,24.253646,4.731878,6.066976,2.641997,0.10352548426266601,0.08320005156604482,11.749007340399972,False,0.08320005156604482,-0.05819996093642227,0.020200045995638516,-2.6999524659963248e-17,2.516073381247595e-17,1.8387908474872982e-18
1136,6-stretch-all-three-axes,stretch-x-plus-0.080-y-minus-0.060-z-plus-0.040,1.305358,3.591887,10.009084,11.314442,0,126,0.69421,1.1986109999999996,1.8928209999999996,0,10.682433999999999,21.786298000000002,3.738786000000001,4.576842000000001,1.305358,2.4114079999999998,5.009945,9.400441,11.811849,0,126,0.7347470000000005,1.264412,1.9991590000000006,0,12.545959,24.033436000000002,4.948537999999999,5.815707999999999,2.4114079999999998,0.10942635850410563,0.08320005156604482,11.979380033348988,False,0.08320005156604482,-0.05819996093642227,0.04080004781707314,3.645794868409761e-17,-3.829673953158491e-17,1.8387908474872967e-18
1137,6-stretch-all-three-axes,stretch-x-plus-0.080-y-minus-0.060-z-plus-0.060,1.1009589999999996,3.4395260000000007,9.794409,10.895368,0,126,0.34439700000000073,1.443949,1.7883460000000007,0,10.372418000000001,21.587145,3.938001,4.3464670000000005,1.1009589999999996,2.191559,4.846518,9.193412,11.384971,0,126,0.3646940000000001,1.5249010000000007,1.8895950000000008,0,12.326078999999998,23.824856,5.150238999999999,5.572982999999999,2.191559,0.11886433516108622,0.08320005156604482,12.209752726298008,False,0.08320005156604482,-0.05819996093642227,0.0618000496738752,5.067205266194688e-17,-5.2510843509434184e-17,1.8387908474872955e-18
1138,6-stretch-all-three-axes,stretch-x-plus-0.080-y-minus-0.060-z-plus-0.080,0.9062669999999997,3.2943060000000006,9.591476,10.497743,0,126,1.000000000139778e-06,1.689374,1.689375,0,9.89751,21.397658,4.123645,4.123645,0.9062669999999997,1.9814360000000004,4.6901530000000005,8.998724,10.98016,0,126,2.9999999995311555e-06,1.7859229999999995,1.785925999999999,0,11.820332,23.626768,5.337801000000001,5.337801000000001,1.9814360000000004,0.13126969419552295,0.08320005156604482,12.440125419247027,False,0.08320005156604482,-0.05819996093642227,0.08320005156604482,-1.838790847487299e-18,-4.834394859797126e-35,1.8387908474872986e-18
1139,6-stretch-all-three-axes,stretch-x-plus-0.080-y-minus-0.080-z-minus-0.020,1.4801640000000003,3.828448,11.24339,12.723554,0,126,1.8758389999999991,0.7040550000000003,2.5798939999999995,0,10.725261999999999,22.934392,3.130567000000001,5.411323000000001,1.4801640000000003,2.613607,5.2731200000000005,10.623427,13.237034,0,126,1.9826930000000003,0.7395549999999993,2.7222479999999996,0,12.665542000000002,25.240831,4.333743,6.690629999999999,2.613607,0.1149457313329589,0.08320005156604482,11.048086168235937,False,0.08320005156604482,-0.07679996258101834,-0.019799957541127067,-8.007745450583232e-18,-5.28643779066853e-18,1.329418324125176e-17
1140,6-stretch-all-three-axes,stretch-x-plus-0.080-y-minus-0.080-z-minus-0.040,1.7251010000000004,4.005185000000001,11.524795,13.249896,0,126,2.266755999999999,0.4648620000000001,2.731617999999999,0,10.590167,23.192549,2.860387000000001,5.6747700000000005,1.7251010000000004,2.8741939999999992,5.460512999999999,10.900296,13.77449,0,126,2.394666000000001,0.4876240000000003,2.882290000000001,0,12.548984999999998,25.51266,4.0573869999999985,6.965886999999999,2.8741939999999992,0.11982119862005364,0.08320005156604482,10.822615021945403,False,0.08320005156604482,-0.07679996258101834,-0.03919995925645853,-1.386879792636772e-17,5.746146851159592e-19,1.329418324125176e-17
1141,6-stretch-all-three-axes,stretch-x-plus-0.080-y-minus-0.080-z-minus-0.060,1.985631999999999,4.192452999999999,11.823444,13.809076,0,126,2.6627449999999993,0.2300260000000005,2.8927709999999998,0,10.745339,23.465668,2.5717599999999994,5.950912000000001,1.985631999999999,3.150488000000001,5.658599000000001,11.19535,14.345838,0,126,2.811662,0.2409409999999994,3.0526029999999995,0,12.656098000000002,25.800663999999998,3.761343,7.253854000000002,3.150488000000001,0.12730953729410618,0.08320005156604482,10.597143875654874,False,0.08320005156604482,-0.07679996258101834,-0.05819996093642227,-2.5828899104463616e-17,1.2534715863211853e-17,1.329418324125176e-17
1142,6-stretch-all-three-axes,stretch-x-plus-0.080-y-minus-0.080-z-minus-0.080,2.2636150000000015,4.391398000000002,12.140479,14.404094,0,126,3.0641870000000004,1.999999998503199e-06,3.064188999999999,0,11.013613,23.754962,2.2636150000000015,6.241508,2.2636150000000015,3.4444160000000004,5.868656999999999,11.509781,14.954197,0,126,3.2341359999999995,1.0000000010279564e-06,3.2341370000000005,0,12.931246999999999,26.106136,3.4444160000000004,7.556370000000001,3.4444160000000004,0.13681636263796867,0.08320005156604482,10.371672729364347,False,0.08320005156604482,-0.07679996258101834,-0.07679996258101834,-3.728429149822808e-17,2.3990108256976314e-17,1.329418324125176e-17
1143,6-stretch-all-three-axes,stretch-x-plus-0.080-y-minus-0.080-z-plus-0.020,1.0310449999999989,3.502497,10.727937,11.758982,0,126,1.1089699999999993,1.1929220000000011,2.3018920000000005,0,10.719815,22.459294,3.619655999999999,4.916675999999999,1.0310449999999989,2.133338,4.926140999999999,10.119638,12.252976,0,126,1.1734160000000005,1.2563949999999995,2.429811,0,12.723799000000001,24.741712,4.831955000000001,6.172358000000001,2.133338,0.11501532372368582,0.08320005156604482,11.499028460816998,False,0.08320005156604482,-0.07679996258101834,0.020200045995638516,-3.8454917053727713e-17,2.516073381247595e-17,1.329418324125176e-17
1144,6-stretch-all-three-axes,stretch-x-plus-0.080-y-minus-0.080-z-plus-0.040,0.8242980000000006,3.351733000000001,10.491857,11.316155,0,126,0.7334330000000016,1.4408839999999987,2.1743170000000003,0,10.767745999999999,22.240353,3.8403280000000013,4.682976,0.8242980000000006,1.9110359999999993,4.764837999999999,9.890544,11.80158,0,126,0.7764729999999993,1.5194740000000007,2.295947,0,12.651404000000001,24.512265,5.055871,5.926824,1.9110359999999993,0.12035417207107442,0.08320005156604482,11.724499607107523,False,0.08320005156604482,-0.07679996258101834,0.04080004781707314,2.5002556290333147e-17,-3.829673953158491e-17,1.3294183241251758e-17
1145,6-stretch-all-three-axes,stretch-x-plus-0.080-y-minus-0.080-z-plus-0.060,0.6279599999999999,3.2081529999999994,10.268955,10.896915,0,126,0.3636429999999997,1.689972000000001,2.0536150000000006,0,10.559762000000001,22.032637,4.046156999999999,4.457053999999999,0.6279599999999999,1.6991150000000008,4.610651000000001,9.675319,11.374434,0,126,0.38518099999999933,1.7842830000000003,2.1694639999999996,0,12.446326999999998,24.294922,5.264234,5.689,1.6991150000000008,0.12899507344364658,0.08320005156604482,11.949970753398052,False,0.08320005156604482,-0.07679996258101834,0.0618000496738752,3.921666026818242e-17,-5.2510843509434184e-17,1.3294183241251757e-17
1146,6-stretch-all-three-axes,stretch-x-plus-0.080-y-minus-0.080-z-plus-0.080,0.44105799999999995,3.071166999999999,10.058334,10.499392,0,126,9.999999992515995e-07,1.9392840000000007,1.939285,0,10.123827,21.835407,4.237999,4.237999,0.44105799999999995,1.4966339999999985,4.46298,9.472981,10.969615,0,126,1.000000000139778e-06,2.0497890000000005,2.0497900000000007,0,12.065902999999999,24.088880000000003,5.458013999999999,5.458013999999999,1.4966339999999985,0.14050883037599754,0.08320005156604482,12.175441899688582,False,0.08320005156604482,-0.07679996258101834,0.08320005156604482,-1.3294183241251761e-17,-8.187159263528656e-34,1.329418324125176e-17
1147,6-stretch-all-three-axes,stretch-x-plus-0.080-y-plus-0.020-z-minus-0.020,2.4546780000000012,4.265405000000001,9.293686,11.748364,0,144,0.9394749999999998,0.4773739999999993,1.4168489999999991,0,10.519627000000002,21.104336,2.4546780000000012,4.671094,3.3963160000000006,3.6123200000000004,5.707796,8.664373,12.276693,0,144,0.9935400000000003,0.5036059999999996,1.4971459999999999,0,12.470958999999999,23.313634999999998,3.6123200000000004,5.915766000000001,4.593878,0.0878767816743926,0.08320005156604482,12.248965099565924,False,0.08320005156604482,0.020200045995638516,-0.019799957541127067,-9.178371006082864e-18,-5.2864377906685294e-18,1.4464808796751393e-17
1148,6-stretch-all-three-axes,stretch-x-plus-0.080-y-plus-0.020-z-minus-0.040,1.9946570000000001,4.006398000000001,9.758647,11.753304,0,144,0.9926709999999996,0.7157940000000007,1.7084650000000003,0,10.649941000000002,21.545018,1.9946570000000001,4.7345109999999995,3.451486000000001,3.134589,5.441883000000001,9.135997,12.270586,0,144,1.04988,0.7546169999999996,1.8044969999999996,0,12.574128000000002,23.778050999999998,3.134589,5.98208,4.653152,0.09416436292210784,0.08320005156604482,11.99898621998295,False,0.08320005156604482,0.020200045995638516,-0.03919995925645853,-1.5039423481867355e-17,5.746146851159599e-19,1.4464808796751393e-17
1149,6-stretch-all-three-axes,stretch-x-plus-0.080-y-plus-0.020-z-minus-0.060,1.5204699999999995,3.7518399999999996,10.236369,11.756839,0,144,1.049085999999999,0.9541590000000006,2.0032449999999997,0,10.708266000000002,21.99625,1.5204699999999995,4.815758000000001,3.5253320000000006,2.641997,5.181016,9.620706,12.262703,0,144,1.1097419999999998,1.0053800000000006,2.1151220000000004,0,12.715113999999998,24.253646,2.641997,6.066976,4.731878,0.10352548426266601,0.08320005156604482,11.749007340399972,False,0.08320005156604482,0.020200045995638516,-0.05819996093642227,-2.6999524659963248e-17,1.2534715863211855e-17,1.4464808796751393e-17
1150,6-stretch-all-three-axes,stretch-x-plus-0.080-y-plus-0.020-z-minus-0.080,1.031046,3.502498000000001,10.727936,11.758982,0,144,1.1089700000000011,1.1929219999999994,2.3018920000000005,0,10.719815,22.459294,1.031046,4.916676000000001,3.619656000000001,2.133338,4.926140999999999,10.119638,12.252976,0,144,1.1734160000000005,1.2563949999999995,2.429811,0,12.723799000000001,24.741712,2.133338,6.172358000000001,4.831955000000001,0.11501532372368582,0.08320005156604482,11.499028460816993,False,0.08320005156604482,0.020200045995638516,-0.07679996258101834,-3.845491705372771e-17,2.3990108256976317e-17,1.4464808796751393e-17
1151,6-stretch-all-three-axes,stretch-x-plus-0.080-y-plus-0.020-z-plus-0.020,3.3347130000000007,4.792921,8.399087,11.7338,0,126,0.8418000000000001,9.999999992515995e-07,0.8418009999999994,0,10.410988000000001,20.252051,3.3347130000000007,4.59056,3.3347130000000007,4.5262780000000005,6.25087,7.757041,12.283319,0,126,0.8904209999999999,1.000000000139778e-06,0.890422,0,12.352788,22.415233,4.5262780000000005,5.831589999999999,4.5262780000000005,0.08796779124795814,0.08320005156604482,12.74892285873188,False,0.08320005156604482,0.020200045995638516,0.020200045995638516,-3.962554260922734e-17,2.516073381247595e-17,1.4464808796751393e-17
1152,6-stretch-all-three-axes,stretch-x-plus-0.080-y-plus-0.020-z-plus-0.040,3.086012,4.596577,8.207139,11.293151,0,126,0.5582750000000001,0.23862499999999986,0.7968999999999999,0,9.959532999999999,20.078253,3.516852,4.331201,3.086012,4.261923,6.04118,7.572632,11.834555,0,126,0.5908439999999997,0.25228499999999965,0.8431289999999994,0,11.870586000000003,22.232642,4.711157000000001,5.557723,4.261923,0.09484162767842971,0.08320005156604482,12.998901738314862,False,0.08320005156604482,0.020200045995638516,0.04080004781707314,2.3831930734833515e-17,-3.829673953158491e-17,1.446480879675139e-17
1153,6-stretch-all-three-axes,stretch-x-plus-0.080-y-plus-0.020-z-plus-0.060,2.8494090000000014,4.409779,8.025469,10.874878,0,126,0.2776019999999999,0.47679599999999933,0.7543979999999992,0,9.507449,19.912875,3.6869300000000003,4.08323,2.8494090000000014,4.009866000000001,5.8413070000000005,7.398978,11.408844,0,126,0.29396600000000017,0.5044819999999994,0.7984479999999996,0,11.387055,22.05917,4.883335000000001,5.295408,4.009866000000001,0.10559136602256773,0.08320005156604482,13.24888061789784,False,0.08320005156604482,0.020200045995638516,0.0618000496738752,3.804603471268279e-17,-5.2510843509434184e-17,1.446480879675139e-17
1154,6-stretch-all-three-axes,stretch-x-plus-0.080-y-plus-0.020-z-plus-0.080,2.6237320000000004,4.231723000000001,7.853496,10.477228,0,126,1.000000000139778e-06,0.7141269999999995,0.7141279999999997,0,9.053592000000002,19.755329,3.8453800000000005,3.8453800000000005,2.6237320000000004,3.7688639999999998,5.650396,7.235477,11.004341,0,126,1.000000000139778e-06,0.756151,0.7561520000000002,0,10.900818000000001,21.894195,5.043364999999999,5.043364999999999,3.7688639999999998,0.11938399817149259,0.08320005156604482,13.498859497480817,False,0.08320005156604482,0.020200045995638516,0.08320005156604482,-1.4464808796751393e-17,-4.834394859797126e-35,1.4464808796751393e-17
1155,6-stretch-all-three-axes,stretch-x-plus-0.080-y-plus-0.040-z-minus-0.020,2.222716,4.087054999999999,9.084153,11.306869,0,144,0.6223540000000005,0.7175180000000001,1.3398720000000006,0,10.176628000000001,20.912481,2.222716,4.421769999999999,3.594552,3.3648830000000007,5.517208,8.462036,11.826919,0,144,0.6585220000000005,0.757649999999999,1.4161719999999995,0,12.122516,23.112164999999997,3.3648830000000007,5.653043,4.795118,0.09475722031116367,0.08320005156604482,12.489140885831924,False,0.08320005156604482,0.04080004781707314,-0.019799957541127067,5.427910233797799e-17,-5.286437790668531e-18,-4.8992664547309467e-17
1156,6-stretch-all-three-axes,stretch-x-plus-0.080-y-plus-0.040-z-minus-0.040,1.7711199999999998,3.837211,9.540234,11.311354,0,144,0.6572389999999997,0.957687,1.6149259999999996,0,10.452816,21.344136,1.7711199999999998,4.490361999999999,3.657465,2.895606000000001,5.2610220000000005,8.924664,11.82027,0,144,0.6954909999999996,1.0107,1.7061909999999996,0,12.428916999999998,23.567213000000002,2.895606000000001,5.725073999999999,4.862254999999999,0.10061575069628005,0.08320005156604482,12.23426045959046,False,0.08320005156604482,0.04080004781707314,-0.03919995925645853,4.8418049862193506e-17,5.746146851159584e-19,-4.8992664547309467e-17
1157,6-stretch-all-three-axes,stretch-x-plus-0.080-y-plus-0.040-z-minus-0.060,1.305358,3.591887,10.009084,11.314442,0,144,0.69421,1.1986109999999996,1.8928209999999996,0,10.682433999999999,21.786298000000002,1.305358,4.576842000000001,3.738786000000001,2.4114079999999998,5.009945,9.400441,11.811849,0,144,0.7347470000000005,1.264412,1.9991590000000006,0,12.545959,24.033436000000002,2.4114079999999998,5.815707999999999,4.948537999999999,0.10942635850410563,0.08320005156604482,11.979380033348994,False,0.08320005156604482,0.04080004781707314,-0.05819996093642227,3.645794868409761e-17,1.2534715863211853e-17,-4.8992664547309467e-17
1158,6-stretch-all-three-axes,stretch-x-plus-0.080-y-plus-0.040-z-minus-0.080,0.8242979999999989,3.351732,10.491858,11.316156,0,144,0.7334329999999998,1.4408840000000005,2.1743170000000003,0,10.767745999999999,22.240353,0.8242979999999989,4.682976,3.8403279999999995,1.9110359999999993,4.764837999999999,9.890544,11.80158,0,144,0.7764729999999993,1.5194740000000007,2.295947,0,12.651404000000001,24.512265,1.9110359999999993,5.926824,5.055871,0.12035417207107442,0.08320005156604482,11.724499607107523,False,0.08320005156604482,0.04080004781707314,-0.07679996258101834,2.5002556290333147e-17,2.3990108256976314e-17,-4.8992664547309467e-17
1159,6-stretch-all-three-axes,stretch-x-plus-0.080-y-plus-0.040-z-plus-0.020,3.086012,4.596577,8.207139,11.293151,0,144,0.5582750000000001,0.23862499999999986,0.7968999999999999,0,9.959532999999999,20.078253,3.086012,4.331202000000001,3.516852,4.261923,6.04118,7.572632,11.834555,0,144,0.5908439999999997,0.25228499999999965,0.8431289999999994,0,11.870586000000003,22.232642,4.261923,5.557723,4.711157000000001,0.09484162767842971,0.08320005156604482,12.998901738314862,False,0.08320005156604482,0.04080004781707314,0.020200045995638516,2.3831930734833515e-17,2.516073381247595e-17,-4.8992664547309467e-17
1160,6-stretch-all-three-axes,stretch-x-plus-0.080-y-plus-0.040-z-plus-0.040,3.4986050000000004,4.854398000000001,7.785189,11.283794,0,126,0.5288029999999999,1.000000000139778e-06,0.528804,0,9.749212,19.674703,3.4986050000000004,4.305748,3.4986050000000004,4.690753999999999,6.30695,7.144751,11.835505,0,126,0.5597810000000001,1.000000000139778e-06,0.5597820000000002,0,11.642455000000002,21.807081,4.690753999999999,5.530864,4.690753999999999,0.10124987103371257,0.08320005156604482,13.253782164556332,False,0.08320005156604482,0.04080004781707314,0.04080004781707314,8.728940407889437e-17,-3.829673953158491e-17,-4.8992664547309467e-17
1161,6-stretch-all-three-axes,stretch-x-plus-0.080-y-plus-0.040-z-plus-0.060,3.2541420000000008,4.659249,7.611598,10.86574,0,126,0.26310699999999976,0.2378,0.5009069999999998,0,9.301148999999999,19.517713,3.6609989999999994,4.053669,3.2541420000000008,4.430725,6.0982709999999996,6.97934,11.410065,0,126,0.2786690000000007,0.2517619999999994,0.5304310000000001,0,11.162341999999999,21.642394,4.855126000000001,5.263922,4.430725,0.11138284707333268,0.08320005156604482,13.5086625907978,False,0.08320005156604482,0.04080004781707314,0.0618000496738752,1.0150350805674364e-16,-5.2510843509434184e-17,-4.8992664547309467e-17
1162,6-stretch-all-three-axes,stretch-x-plus-0.080-y-plus-0.040-z-plus-0.080,3.020902999999999,4.4732769999999995,7.447212,10.468115,0,126,1.000000000139778e-06,0.47446900000000003,0.47447000000000017,0,8.852977,19.367967,3.8123259999999988,3.8123259999999988,3.020902999999999,4.182072,5.898992,6.823573,11.005645,0,126,0.0,0.5026549999999999,0.5026549999999999,0,10.681289,21.485619999999997,5.007875,5.007875,4.182072,0.12453570196156799,0.08320005156604482,13.763543017039268,False,0.08320005156604482,0.04080004781707314,0.08320005156604482,4.8992664547309467e-17,-1.58908790410776e-33,-4.8992664547309467e-17
1163,6-stretch-all-three-axes,stretch-x-plus-0.080-y-plus-0.060-z-minus-0.020,2.0021330000000006,3.917338000000001,8.886033,10.888166,0,144,0.30910300000000035,0.957927999999999,1.2670309999999994,0,9.882648999999999,20.730173,2.0021330000000006,4.182421,3.7795630000000013,3.1289490000000004,5.335398999999999,8.271677,11.400626,0,144,0.32724200000000003,1.0124460000000006,1.3396880000000007,0,11.792939,22.921041000000002,3.1289490000000004,5.400378999999999,4.982474999999999,0.10551555827894006,0.08320005156604482,12.729316672097923,False,0.08320005156604482,0.0618000496738752,-0.019799957541127067,6.849320631582727e-17,-5.2864377906685325e-18,-6.320676852515874e-17
1164,6-stretch-all-three-axes,stretch-x-plus-0.080-y-plus-0.060-z-minus-0.040,1.5585839999999997,3.6761789999999994,9.333826,10.89241,0,144,0.3262419999999988,1.200171000000001,1.5264129999999998,0,10.126662999999999,21.153317,1.5585839999999997,4.255507,3.8496869999999994,2.667712999999999,5.088388999999999,8.725946,11.393659,0,144,0.34540799999999994,1.2678970000000005,1.6133050000000004,0,12.077288,23.367258,2.667712999999999,5.477378999999999,5.056905,0.11080673050854793,0.08320005156604482,12.46953469919797,False,0.08320005156604482,0.0618000496738752,-0.03919995925645853,6.263215384004278e-17,5.746146851159569e-19,-6.320676852515874e-17
1165,6-stretch-all-three-axes,stretch-x-plus-0.080-y-plus-0.060-z-minus-0.060,1.1009589999999996,3.4395260000000007,9.794409,10.895368,0,144,0.34439700000000073,1.443949,1.7883460000000007,0,10.372418000000001,21.587145,1.1009589999999996,4.3464659999999995,3.938001,2.191559,4.846518,9.193412,11.384971,0,144,0.3646940000000001,1.5249010000000007,1.8895950000000008,0,12.326078999999998,23.824856,2.191559,5.572982999999999,5.150238999999999,0.11886433516108622,0.08320005156604482,12.209752726298014,False,0.08320005156604482,0.0618000496738752,-0.05819996093642227,5.067205266194688e-17,1.2534715863211852e-17,-6.320676852515874e-17
1166,6-stretch-all-three-axes,stretch-x-plus-0.080-y-plus-0.060-z-minus-0.080,0.6279599999999999,3.2081540000000004,10.268955,10.896915,0,144,0.36364400000000074,1.689971,2.0536150000000006,0,10.559762999999998,22.032637,0.6279599999999999,4.457053999999999,4.046156999999999,1.6991150000000008,4.610651000000001,9.675319,11.374434,0,144,0.38518099999999933,1.7842830000000003,2.1694639999999996,0,12.446326999999998,24.294922,1.6991150000000008,5.689,5.264234,0.12899507344364658,0.08320005156604482,11.949970753398052,False,0.08320005156604482,0.0618000496738752,-0.07679996258101834,3.921666026818242e-17,2.3990108256976314e-17,-6.320676852515874e-17
1167,6-stretch-all-three-axes,stretch-x-plus-0.080-y-plus-0.060-z-plus-0.020,2.8494090000000014,4.409779,8.025469,10.874878,0,144,0.2776019999999999,0.47679599999999933,0.7543979999999992,0,9.507449,19.912875,2.8494090000000014,4.08323,3.6869300000000003,4.009866000000001,5.8413070000000005,7.398978,11.408844,0,144,0.29396600000000017,0.5044819999999994,0.7984479999999996,0,11.387055,22.05917,4.009866000000001,5.295408,4.883335000000001,0.10559136602256773,0.08320005156604482,13.24888061789784,False,0.08320005156604482,0.0618000496738752,0.020200045995638516,3.8046034712682784e-17,2.5160733812475946e-17,-6.320676852515874e-17
1168,6-stretch-all-three-axes,stretch-x-plus-0.080-y-plus-0.060-z-plus-0.040,3.2541420000000008,4.659249,7.611598,10.86574,0,144,0.26310699999999976,0.2378,0.5009069999999998,0,9.301148999999999,19.517713,3.2541420000000008,4.053669,3.6609989999999994,4.430725,6.0982709999999996,6.97934,11.410065,0,144,0.2786690000000007,0.2517619999999994,0.5304310000000001,0,11.162341999999999,21.642394,4.430725,5.263922,4.855126000000001,0.11138284707333268,0.08320005156604482,13.5086625907978,False,0.08320005156604482,0.0618000496738752,0.04080004781707314,1.0150350805674364e-16,-3.829673953158491e-17,-6.320676852515874e-17
1169,6-stretch-all-three-axes,stretch-x-plus-0.080-y-plus-0.060-z-plus-0.060,3.6408760000000004,4.909694999999999,7.208135,10.849011,0,76,0.24938400000000005,2.000000000279556e-06,0.24938600000000033,0,9.09576,19.131065,3.6466499999999993,4.03548,3.6466499999999993,4.839004,6.35664,6.570286,11.40929,0,126,0.2642150000000001,4.000000000559112e-06,0.26421900000000065,0,10.938300000000002,21.234532,4.839004,5.244307,4.839004,0.12066789490158268,0.08320005156604482,13.768444563697757,False,0.08320005156604482,0.0618000496738752,0.0618000496738752,1.1571761203459292e-16,-5.2510843509434184e-17,-6.320676852515874e-17
1170,6-stretch-all-three-axes,stretch-x-plus-0.080-y-plus-0.060-z-plus-0.080,3.4060120000000005,4.715994,7.051183,10.457195,0,126,1.000000000139778e-06,0.236383,0.23638400000000015,0,8.653719,18.989029000000002,3.790768,3.790768,3.4060120000000005,4.5828169999999995,6.149188999999999,6.422125,11.004942,0,126,0.0,0.2505580000000007,0.2505580000000007,0,10.462819,21.085885,4.98439,4.98439,4.5828169999999995,0.1329050160862203,0.08320005156604482,14.028226536597716,False,0.08320005156604482,0.0618000496738752,0.08320005156604482,6.320676852515874e-17,-3.1298318596175486e-33,-6.320676852515874e-17
1171,6-stretch-all-three-axes,stretch-x-plus-0.080-y-plus-0.080-z-minus-0.020,1.791882000000001,3.755579000000001,8.698621,10.490503,0,144,0.0,1.198020999999999,1.198020999999999,0,9.464905000000002,20.556646,1.791882000000001,3.9520420000000005,3.9520420000000005,2.9033929999999994,5.161616,8.09257,10.995963,0,144,2.000000000279556e-06,1.2673110000000003,1.2673130000000006,0,11.349723,22.739435,2.9033929999999994,5.1566980000000004,5.1566980000000004,0.11931695386580848,0.08320005156604482,12.969492458363927,False,0.08320005156604482,0.08320005156604482,-0.019799957541127067,1.5982362806393085e-17,-5.2864377906685294e-18,-1.0695925015724556e-17
1172,6-stretch-all-three-axes,stretch-x-plus-0.080-y-plus-0.080-z-minus-0.040,1.3561370000000004,3.522672,9.138651,10.494788,0,144,2.000000000279556e-06,1.4425599999999994,1.4425619999999997,0,9.677961,20.971798,1.3561370000000004,4.028894000000001,4.028894000000001,2.449922000000001,4.923299,8.539017,10.988939,0,144,1.000000000139778e-06,1.5254209999999997,1.5254219999999998,0,11.581739,23.177386,2.449922000000001,5.237955000000001,5.237955000000001,0.12402069975166663,0.08320005156604482,12.704808938805472,False,0.08320005156604482,0.08320005156604482,-0.03919995925645853,1.0121310330608596e-17,5.746146851159599e-19,-1.0695925015724556e-17
1173,6-stretch-all-three-axes,stretch-x-plus-0.080-y-plus-0.080-z-minus-0.060,0.9062669999999997,3.2943060000000006,9.591476,10.497743,0,144,1.000000000139778e-06,1.689374,1.689375,0,9.89751,21.397658,0.9062669999999997,4.123645,4.123645,1.9814360000000004,4.6901530000000005,8.998724,10.98016,0,144,2.9999999995311555e-06,1.7859229999999995,1.785925999999999,0,11.820332,23.626768,1.9814360000000004,5.337801000000001,5.337801000000001,0.13126969419552295,0.08320005156604482,12.440125419247027,False,0.08320005156604482,0.08320005156604482,-0.05819996093642227,-1.8387908474872986e-18,1.2534715863211855e-17,-1.0695925015724556e-17
1174,6-stretch-all-three-axes,stretch-x-plus-0.080-y-plus-0.080-z-minus-0.080,0.44105799999999995,3.071166,10.058334,10.499392,0,144,2.000000000279556e-06,1.9392840000000007,1.939286000000001,0,10.123827,21.835407,0.44105799999999995,4.237999,4.237999,1.4966339999999985,4.46298,9.472981,10.969615,0,144,1.000000000139778e-06,2.0497890000000005,2.0497900000000007,0,12.065902999999999,24.088880000000003,1.4966339999999985,5.458013999999999,5.458013999999999,0.14050883037599754,0.08320005156604482,12.175441899688582,False,0.08320005156604482,0.08320005156604482,-0.07679996258101834,-1.329418324125176e-17,2.3990108256976317e-17,-1.0695925015724556e-17
1175,6-stretch-all-three-axes,stretch-x-plus-0.080-y-plus-0.080-z-plus-0.020,2.6237310000000003,4.231722,7.853497,10.477228,0,144,1.000000000139778e-06,0.7141279999999997,0.7141289999999998,0,9.053591999999998,19.75533,2.6237310000000003,3.8453790000000003,3.8453790000000003,3.7688639999999998,5.650396,7.235477,11.004341,0,144,1.000000000139778e-06,0.756151,0.7561520000000002,0,10.900818000000001,21.894195,3.7688639999999998,5.043364999999999,5.043364999999999,0.11938399817149259,0.08320005156604482,13.498859497480824,False,0.08320005156604482,0.08320005156604482,0.020200045995638516,-1.4464808796751393e-17,2.516073381247595e-17,-1.0695925015724556e-17
1176,6-stretch-all-three-axes,stretch-x-plus-0.080-y-plus-0.080-z-plus-0.040,3.020902999999999,4.4732769999999995,7.447212,10.468115,0,144,1.000000000139778e-06,0.47446900000000003,0.47447000000000017,0,8.852977,19.367967,3.020902999999999,3.8123259999999988,3.8123259999999988,4.182072,5.898992,6.823573,11.005645,0,144,0.0,0.5026549999999999,0.5026549999999999,0,10.681289,21.485619999999997,4.182072,5.007875,5.007875,0.12453570196156799,0.08320005156604482,13.763543017039268,False,0.08320005156604482,0.08320005156604482,0.04080004781707314,4.8992664547309467e-17,-3.829673953158491e-17,-1.0695925015724557e-17
1177,6-stretch-all-three-axes,stretch-x-plus-0.080-y-plus-0.080-z-plus-0.060,3.4060120000000005,4.715994,7.051183,10.457195,0,144,1.000000000139778e-06,0.236383,0.23638400000000015,0,8.653719,18.989029000000002,3.4060120000000005,3.790768,3.790768,4.5828169999999995,6.149188999999999,6.422125,11.004942,0,144,0.0,0.2505580000000007,0.2505580000000007,0,10.462819,21.085885,4.5828169999999995,4.98439,4.98439,0.1329050160862203,0.08320005156604482,14.028226536597716,False,0.08320005156604482,0.08320005156604482,0.0618000496738752,6.320676852515874e-17,-5.2510843509434184e-17,-1.0695925015724559e-17
1178,6-stretch-all-three-axes,stretch-x-plus-0.080-y-plus-0.080-z-plus-0.080,3.7592560000000006,4.959102,6.665096,10.424352,0,13,0.0,1.000000000139778e-06,1.000000000139778e-06,0,8.454739,18.618146,3.779306,3.779306,3.779306,4.971398000000001,6.400086999999999,6.030837,11.002235,0,21,0.0,1.000000000139778e-06,1.000000000139778e-06,0,10.244107999999999,20.694637999999998,4.971398000000001,4.971398000000001,4.971398000000001,0.14410671650474016,0.08320005156604482,14.292910056156163,False,0.08320005156604482,0.08320005156604482,0.08320005156604482,1.0695925015724556e-17,-4.834394859797126e-35,-1.0695925015724556e-17
