slope_occ,intercept_occ,rms_occ,slope_unocc,intercept_unocc,rms_unocc,index,gap_difference,direct_gap_difference,strain_norm,trace,family,is_copy
0.10616063118644614,0.047521953537477575,0.04702233709016596,0.09017908795506772,0.8687580789308568,0.10312425088064753,0,1.2919029999999978,1.556756,0.0672798596833046,-0.11653213529758855,1-scale-all-axes-uniformly,False
0.1063335803933088,0.04769987759335759,0.04693391860521299,0.09050070248206156,0.866763519525099,0.10260571272086579,1,1.2905419999999967,1.555288000000001,0.0646328126033576,-0.11194731526509344,1-scale-all-axes-uniformly,False
0.10650990592530392,0.04783585073075937,0.04683837890661918,0.0908364858481921,0.8646132535318943,0.10213221644927106,2,1.2890880000000013,1.5537810000000016,0.0619901300066479,-0.10737005473931427,1-scale-all-axes-uniformly,False
0.10668596570778122,0.04797318563403964,0.0467444867834885,0.09117159071293228,0.8624861874829161,0.10165343118536191,3,1.2876340000000006,1.5522759999999973,0.0593517832499102,-0.10280030410865998,1-scale-all-axes-uniformly,False
0.10686125472196709,0.04810856167312845,0.04664809212804052,0.09150425444085084,0.8604052762907556,0.10116666822397717,4,1.2861999999999991,1.5507809999999997,0.056717744017234,-0.09823801432853502,1-scale-all-axes-uniformly,False
0.10703654791382831,0.048236601529572105,0.04655217102752164,0.09183889590880942,0.8583291334996116,0.10068004106567156,5,1.2847750000000016,1.5492919999999994,0.0540879843147451,-0.0936831369121271,1-scale-all-axes-uniformly,False
0.10721097011394132,0.04836364577257752,0.0464553927190645,0.09217012665671577,0.8563004947083651,0.1001982721685469,6,1.283366000000001,1.5478090000000027,0.0514624764653994,-0.08913562392138952,1-scale-all-axes-uniformly,False
0.10738494068132981,0.04849537187857124,0.04635863938639259,0.09249868858055119,0.8542997778408714,0.09971184585686611,7,1.2819510000000012,1.546329,0.0488411931038857,-0.08459542795821284,1-scale-all-axes-uniformly,False
0.10755842452014618,0.048657754697035385,0.04626051682895281,0.09282784912250874,0.852357553144046,0.09922147009068773,8,1.280593999999999,1.5448939999999975,0.0462241071716316,-0.08006250215577493,1-scale-all-axes-uniformly,False
0.10773097230618517,0.048776762200001496,0.046161443281456056,0.09315426582306978,0.8503942325762829,0.09868491275838669,9,1.2791920000000019,1.5434070000000037,0.0436111919119169,-0.07553680017007697,1-scale-all-axes-uniformly,False
0.10790325898478463,0.048889166625160345,0.046062555922753684,0.09348091222761336,0.8484513342589542,0.09816323261223599,10,1.2777919999999998,1.5419289999999997,0.0410024208650861,-0.07101827617165152,1-scale-all-axes-uniformly,False
0.1080744705724036,0.049005035683409456,0.04596379614515421,0.09380181740157192,0.8465731369648639,0.09765715331891399,11,1.276419999999999,1.5404579999999974,0.0383977678638585,-0.0665068848374385,1-scale-all-axes-uniformly,False
0.10824706300763536,0.04911455991316397,0.04586433322153001,0.09412754270118896,0.8446869669345766,0.09717378289531796,12,1.2750579999999996,1.5389990000000004,0.0357972070287347,-0.062002581342830376,1-scale-all-axes-uniformly,False
0.10841811993768839,0.04922114707832821,0.04576338364540216,0.09444946961076763,0.8428373187531575,0.09670937680828116,13,1.2737049999999996,1.5375380000000032,0.0332007127634966,-0.05750532135387665,1-scale-all-axes-uniformly,False
0.10858863410968465,0.049325757702147734,0.04566235870986558,0.09476829626950213,0.8410239264002239,0.09627178829117641,14,1.272342,1.5360829999999996,0.0306082597507975,-0.053015061019646814,1-scale-all-axes-uniformly,False
0.10875868454358448,0.0494340870735345,0.04556282991071336,0.09508417202080226,0.83923944133986,0.09577890828653549,15,1.2709910000000004,1.5346259999999994,0.0280198229478437,-0.04853175696474976,1-scale-all-axes-uniformly,False
0.10892815968430222,0.049537307093186836,0.04546274365187202,0.09540059856197912,0.8374699136873611,0.09528453852391604,16,1.2696520000000007,1.5331740000000016,0.0254353775821592,-0.04405536628199824,1-scale-all-axes-uniformly,False
0.10909756802633593,0.04963317681920812,0.04536232164264094,0.09571689846039612,0.8357244120084729,0.09478876218469458,17,1.2683300000000006,1.5317209999999992,0.0228548991474369,-0.039585846525223456,1-scale-all-axes-uniformly,False
0.10926595678930391,0.04973629258101147,0.045261308473656156,0.09602716310511655,0.8340373845707947,0.09429465022205882,18,1.267016,1.5302840000000018,0.0202783633994711,-0.035123155702229236,1-scale-all-axes-uniformly,False
0.1094346322090506,0.04983019891769291,0.04516002825260025,0.09633952507967061,0.8323563749366895,0.09379963623396574,19,1.265714000000001,1.5288500000000003,0.0177057463521732,-0.030667252267891354,1-scale-all-axes-uniformly,False
0.10960272774438858,0.049925665702808604,0.04505937233842106,0.09664891669988186,0.8307028449187204,0.0933061089603596,20,1.2644110000000008,1.527417999999999,0.0151370242736612,-0.026218095117384654,1-scale-all-axes-uniformly,False
0.10977018861673446,0.05001715764689505,0.044959659677632664,0.09695599404782476,0.829084413275609,0.0928062861689229,21,1.2631180000000004,1.5259859999999978,0.0125721736824297,-0.021775643579548587,1-scale-all-axes-uniformly,False
0.10993667575192304,0.05010970459957534,0.04485994887221067,0.09726070336003691,0.8274905211227104,0.092313222071149,22,1.2618299999999998,1.524557999999999,0.0100111713435939,-0.017339857410382242,1-scale-all-axes-uniformly,False
0.11010334055367745,0.05019849089682881,0.04475940471929576,0.09756607009825813,0.82590630803745,0.09182389209084321,23,1.2605450000000005,1.5231330000000005,0.0074539942652042,-0.012910696786660847,1-scale-all-axes-uniformly,False
0.11026958634042906,0.050288855028854794,0.044658554996854935,0.0978669228314491,0.824372765057531,0.09132937783214963,24,1.2592770000000009,1.5217109999999998,0.0049006196946349,-0.008488122299680434,1-scale-all-axes-uniformly,False
0.11043502692754399,0.05037335956091139,0.04455884388160378,0.09816618039635779,0.8228676731495412,0.09083452030337821,25,1.2580210000000012,1.5202939999999998,0.002351025115041,-0.004072094949121641,1-scale-all-axes-uniformly,False
0.11060048977067422,0.05045744096219204,0.04445789448302722,0.09846567354219869,0.8213825219269155,0.09034557473083464,26,1.256824,1.5188900000000025,0.0001948117581166,0.0003374238629698656,1-scale-all-axes-uniformly,False
0.11076521000995397,0.050542104554765266,0.044358036728676796,0.0987608640444726,0.8199252917329029,0.08985515597992691,27,1.2555739999999993,1.5174770000000013,0.0027369129804809,0.00474047233808772,1-scale-all-axes-uniformly,False
0.11093016339113056,0.05063107338992727,0.044254437081416985,0.0990579759909335,0.8184610469674447,0.08938366352140717,28,1.2543059999999997,1.5160879999999999,0.0052753003821412,0.009137088287056172,1-scale-all-axes-uniformly,False
0.11109415905251765,0.05071352290290641,0.044154201663800206,0.0993492342557241,0.8170617404983613,0.08889920633859799,29,1.2530699999999992,1.5146869999999986,0.007809995570916,0.013527309135714427,1-scale-all-axes-uniformly,False
0.11125720843867895,0.05079010486321591,0.04405797149833343,0.09963745415491017,0.8156978226254248,0.08840028035873754,30,1.2518689999999992,1.513266999999999,0.0103410199355696,0.0179111719304893,1-scale-all-axes-uniformly,False
0.11142126577699586,0.05086675358615765,0.04395893157975936,0.09992752607481034,0.8143374352053405,0.08781776683172426,31,1.2506570000000004,1.5118760000000009,0.012868394648973,0.022288713343868838,1-scale-all-axes-uniformly,False
0.11158446015547407,0.050941944038621026,0.043860643331444245,0.10021441640278424,0.8130086820675556,0.08729083643113376,32,1.2494439999999987,1.5104880000000005,0.0153921406712022,0.02665996967976969,1-scale-all-axes-uniformly,False
0.11174716821303834,0.05101460091611703,0.04376169957773374,0.10049864785946498,0.8117038565828697,0.08693361239978563,33,1.2482300000000013,1.5090920000000008,0.0179122787525808,0.031024976878806454,1-scale-all-axes-uniformly,False
0.11190941465826057,0.051092418379683,0.04366452246064356,0.10078143655686955,0.8104320010309767,0.08634654623315603,34,1.2470379999999999,1.5077169999999995,0.0204288294366661,0.03538377052346453,1-scale-all-axes-uniformly,False
0.11207108974812247,0.051161748043304006,0.043565656328240034,0.10106479213833666,0.8091496125643526,0.08586739070669129,35,1.2458599999999986,1.5063300000000002,0.0229418130631802,0.039736385843175626,1-scale-all-axes-uniformly,False
0.1122323609159375,0.05123442780038921,0.04346807796068113,0.10134171047947609,0.8079275631668282,0.08540077280391357,36,1.244669,1.5049480000000006,0.0254512497708847,0.044082857719298096,1-scale-all-axes-uniformly,False
0.11239409843436186,0.05130139913886951,0.043370099648091305,0.10161969876207629,0.8067139821709447,0.08494914478167202,37,1.243488000000001,1.5036070000000006,0.027957159500409,0.04842322069001537,1-scale-all-axes-uniformly,False
0.11255500600798972,0.051371789766740984,0.04327383068108132,0.10189190774260652,0.8055684705662912,0.08458712754348156,38,1.242324,1.502243,0.0304595619970197,0.052757508955132315,1-scale-all-axes-uniformly,False
0.11271533430381057,0.051437454778648244,0.04317863528620023,0.10216255526161776,0.8044301188895125,0.08428995932466106,39,1.2411509999999986,1.5008769999999991,0.0329584768133472,0.05708575638079816,1-scale-all-axes-uniformly,False
0.11287519949518565,0.051502223502041096,0.04308302318552563,0.10243363626284692,0.8032949721808066,0.08386901929439382,40,1.2399879999999994,1.49951,0.0354539233120549,0.06140799650412976,1-scale-all-axes-uniformly,False
0.11303513381164924,0.051565603396840784,0.042986838144672614,0.10270164601139234,0.8021949575574633,0.0834588990017184,41,1.2388260000000013,1.4981480000000005,0.0379459206684682,0.06572426253776498,1-scale-all-axes-uniformly,False
0.11319409122943297,0.051633852527383804,0.04289294216494895,0.1029641158084492,0.8011384848707821,0.08302587334082362,42,1.2376729999999991,1.4967869999999994,0.040434487873153,0.07003458737432877,1-scale-all-axes-uniformly,False
0.11335363364814062,0.05169535208720616,0.04279786630686074,0.10322797976468498,0.8000847119422815,0.0825944409008386,43,1.2365260000000013,1.4954300000000007,0.0429196437344465,0.07433900359081658,1-scale-all-axes-uniformly,False
0.11351241299832308,0.0517618569009194,0.04270409085538168,0.10348858503716526,0.7990650352615064,0.08219194946935306,44,1.2353829999999997,1.4940849999999992,0.0454014068809472,0.07863754345290785,1-scale-all-axes-uniformly,False
0.1136716001274184,0.051822898712839516,0.04260937442642754,0.10374884690708785,0.7980543773955363,0.08181320154420185,45,1.234240999999999,1.4927379999999992,0.0478797957639557,0.08293023891919249,1-scale-all-axes-uniformly,False
0.11382978519849872,0.051882345483830285,0.04251499630642708,0.10400580597268648,0.7970802690447174,0.08145357949584131,46,1.2331100000000008,1.4913859999999994,0.0503548286598799,0.08721712164533757,1-scale-all-axes-uniformly,False
0.11021116962438864,0.051681802964067707,0.04469353863781083,0.09775919720224927,0.8260923537995621,0.09125850899369227,47,1.2568290000000015,1.5201370000000018,0.0070533282443527,-0.009974868253265101,2-stretch-one-axis-or-two-axes,False
0.1098314931292881,0.05289581758082117,0.04491700893220658,0.09705601957368575,0.8310165649464815,0.09231343063068141,48,1.256787000000001,1.521275000000001,0.0140713636680889,-0.01989986913082531,2-stretch-one-axis-or-two-axes,False
0.10944721464161541,0.05408915123301875,0.045186260398788404,0.09633714235606348,0.8362123460212793,0.0930503080213839,49,1.256733999999998,1.5223959999999979,0.0210540437496856,-0.029774870003964393,2-stretch-one-axis-or-two-axes,False
0.1090586880371915,0.05526588924994448,0.04549675024712505,0.09559446339042892,0.8417594555469564,0.09432243667355106,50,1.2566569999999988,1.5234999999999976,0.0280013684891082,-0.03959987087268224,2-stretch-one-axis-or-two-axes,False
0.10866636965937955,0.05641722130066432,0.04581757953019096,0.09483507879982832,0.8476185530683846,0.0957423274832912,51,1.2565860000000004,1.5245979999999992,0.0349133378863502,-0.04937487173697952,2-stretch-one-axis-or-two-axes,False
0.10826959307807808,0.05754148490526754,0.04618311956661167,0.09406050722047195,0.8537468546073045,0.0969950767290996,52,1.256487,1.525677,0.0417899519414091,-0.059099872596855674,2-stretch-one-axis-or-two-axes,False
0.1078673135866453,0.058593835445586724,0.04655688642789463,0.0932685121251432,0.8601159478008081,0.09828283170528233,53,1.2563120000000003,1.5266800000000007,0.0486312106542838,-0.06877487345231093,2-stretch-one-axis-or-two-axes,False
0.10746152710372642,0.05963876379642541,0.04695389032113225,0.09246621766921168,0.8667821125959038,0.0996057527917105,54,1.2561530000000012,1.5277109999999983,0.055437114024974,-0.07839987430334516,2-stretch-one-axis-or-two-axes,False
0.10705014790069543,0.06065460475869072,0.04737073529717228,0.09165054927956486,0.8737102002629239,0.10094686533735404,55,1.2559889999999978,1.528720999999999,0.0622076620534793,-0.0879748751499585,2-stretch-one-axis-or-two-axes,False
0.10663398648551292,0.06161583744691208,0.04740045403908818,0.0908217270475715,0.8808651592099657,0.10231595867658266,56,1.2557540000000005,1.5296319999999994,0.0689428547397997,-0.09749987599215104,2-stretch-one-axis-or-two-axes,False
0.10621187214988051,0.06254059147282844,0.048270389089296074,0.08998263307642061,0.8882795592287115,0.10370304452844968,57,1.2555140000000011,1.5305940000000025,0.0756426920839346,-0.10697487682992224,2-stretch-one-axis-or-two-axes,False
0.10578433498540485,0.06342916436927161,0.048750953969108377,0.08913965827886765,0.8958657034512493,0.10434921750922632,58,1.2552570000000007,1.5315349999999999,0.0823071740858845,-0.11639987766327264,2-stretch-one-axis-or-two-axes,False
0.10535272739520274,0.0642769152352909,0.04890576891023,0.08829018783826231,0.9036470221901514,0.10493343419972523,59,1.2549649999999986,1.5324460000000002,0.0889363007456491,-0.12577487849220204,2-stretch-one-axis-or-two-axes,False
0.1049141245961912,0.06506602412332381,0.049785013919793564,0.08742343321203459,0.9117402977406803,0.1066348985148551,60,1.2546440000000008,1.5333210000000026,0.0955300720632286,-0.13509987931671064,2-stretch-one-axis-or-two-axes,False
0.10447370452941308,0.06579664512162717,0.050331327857834944,0.08655363713950659,0.9200129461559737,0.1096643220782674,61,1.2542220000000013,1.5341949999999986,0.1020884880386225,-0.1443748801367981,2-stretch-one-axis-or-two-axes,False
0.1040233292254172,0.06647390172572772,0.05090750206533007,0.08567930279874454,0.9284314931292122,0.1109217996300652,62,1.253798999999999,1.5349929999999983,0.1086115486718313,-0.1535998809524648,2-stretch-one-axis-or-two-axes,False
0.10356813761764619,0.06709100240138671,0.051513384973207066,0.08480285887050422,0.9370073904770552,0.11224962211382482,63,1.2533709999999996,1.5357889999999994,0.1150992539628544,-0.16277488176371013,2-stretch-one-axis-or-two-axes,False
0.10310675663289881,0.06763053082585516,0.05209312250325305,0.08392436303972962,0.9457019246741366,0.11364398610336514,64,1.2528830000000006,1.5365080000000013,0.1215516039116926,-0.171899882570535,2-stretch-one-axis-or-two-axes,False
0.1026350549648045,0.06812354351344324,0.05263542494136842,0.08303065666712878,0.954671949722372,0.11548173881697495,65,1.2524279999999965,1.5371480000000002,0.1279685985183452,-0.18097488337293877,2-stretch-one-axis-or-two-axes,False
0.10216443700744754,0.06852059160079248,0.05355388892526698,0.08216694694715271,0.9634737935581793,0.11704268298625661,66,1.2518140000000013,1.5378510000000016,0.1343502377828124,-0.1899998841709214,2-stretch-one-axis-or-two-axes,False
0.11096085243078357,0.05343891046820683,0.04424484659611213,0.09911128904662421,0.8204806384221847,0.08890006741624577,67,1.248388000000002,1.5117360000000009,0.0070888086300897,0.010025133515117246,2-stretch-one-axis-or-two-axes,False
0.11133063170766871,0.056315493244544546,0.044020113975563276,0.09975805817983834,0.8197458238186113,0.08724917079555129,68,1.2399389999999997,1.5045660000000005,0.0142129100803825,0.02010013440594094,2-stretch-one-axis-or-two-axes,False
0.11169751927570218,0.05908418238227242,0.04386818040859705,0.10038437145081582,0.8193006351066368,0.08587191084570661,69,1.231588,1.497491000000002,0.0213723668729058,0.030225135301184092,2-stretch-one-axis-or-two-axes,False
0.11206120401913329,0.06174428200472699,0.04370986303304625,0.10098742580721377,0.8191093513300418,0.08448313439644803,70,1.2232969999999987,1.490492999999999,0.0285671790076265,0.040400136200848924,2-stretch-one-axis-or-two-axes,False
0.11242287477840641,0.06429606596977226,0.043571754389411875,0.1015686225912858,0.8191860263084665,0.08307838416254272,71,1.2150960000000004,1.4836200000000002,0.0357973464845374,0.05062513710493499,2-stretch-one-axis-or-two-axes,False
0.11278212187061395,0.06674640236857138,0.04345011743487959,0.10212569921792086,0.819516968915256,0.08177516012011095,72,1.2069490000000016,1.4767860000000006,0.0430628693036356,0.06090013801344141,2-stretch-one-axis-or-two-axes,False
0.11313882051677014,0.06910614243840615,0.04334644413630312,0.10265637395649425,0.8201055194019005,0.08060697725515913,73,1.1988660000000002,1.4700220000000002,0.0503637474649209,0.07122513892636928,2-stretch-one-axis-or-two-axes,False
0.11349412883606129,0.07136828157003493,0.04325728025885898,0.10316577013171332,0.8209312607223072,0.07964986911919969,74,1.1908569999999994,1.463343,0.0576999809683925,0.08160013984371817,2-stretch-one-axis-or-two-axes,False
0.11384734928165599,0.07353573526221693,0.04313037892602817,0.10364404289430187,0.822021420862463,0.07903405787006784,75,1.1829180000000004,1.4567200000000007,0.0650715698140493,0.09202514076548696,2-stretch-one-axis-or-two-axes,False
0.11419888602102936,0.07561188745918881,0.04307368994568344,0.10409587007964759,0.8233640439183916,0.07882705377663754,76,1.1750299999999996,1.450177,0.0724785140018931,0.10250014169167831,2-stretch-one-axis-or-two-axes,False
0.11454966569962498,0.07760215820018795,0.04307943945334999,0.10452066773068926,0.8249040696367149,0.07886010117084477,77,1.167166,1.4436809999999998,0.0799208135319217,0.11302514262228958,2-stretch-one-axis-or-two-axes,False
0.11489896881092448,0.07950358430606806,0.043046634251608595,0.10492150974088389,0.8266392894170463,0.07882877594321297,78,1.1593700000000005,1.4372530000000001,0.0873984684041364,0.1236001435573223,2-stretch-one-axis-or-two-axes,False
0.1152482999030518,0.08132112136874535,0.04302230226545636,0.10530433402715111,0.8285055626851585,0.0786259685148678,79,1.1516140000000021,1.4308770000000006,0.0949114786185362,0.13422514449677536,2-stretch-one-axis-or-two-axes,False
0.11559650675268332,0.08305719401058732,0.04301151771052695,0.10566642109326446,0.8304771948327704,0.0777906529688425,80,1.1439069999999987,1.424549999999999,0.102459844175122,0.14490014544064989,2-stretch-one-axis-or-two-axes,False
0.1159447063737548,0.08471491287929216,0.043007852127217014,0.10600762556686824,0.8326030210981381,0.07710956010627251,81,1.136242000000001,1.4182839999999999,0.1100435650738929,0.15562514638894498,2-stretch-one-axis-or-two-axes,False
0.11629255768396929,0.08629378138781647,0.04301655259085359,0.10631347817745321,0.8349445244925409,0.07768744532236554,82,1.1286060000000004,1.4120549999999996,0.1176626413148497,0.16640014734166153,2-stretch-one-axis-or-two-axes,False
0.11664089120608108,0.08779757723583224,0.04303154767505646,0.10660717099165193,0.8373371142313504,0.07752193069188583,83,1.1209960000000008,1.405881,0.1253170728979916,0.17722514829879843,2-stretch-one-axis-or-two-axes,False
0.116989357125279,0.08923879041111629,0.043052487177961535,0.10688030823285079,0.8398013955716741,0.07732351589165781,84,1.1133990000000007,1.3997450000000007,0.1330068598233194,0.188100149260357,2-stretch-one-axis-or-two-axes,False
0.11733872084609018,0.09059736620504782,0.0430843064589879,0.10713596872382926,0.8423401178658024,0.07713468972570688,85,1.1058530000000015,1.393651000000002,0.1407320020908321,0.1990251502263357,2-stretch-one-axis-or-two-axes,False
0.11768880299661254,0.091899884167103,0.04311747252183209,0.10737758987963764,0.8449054728581002,0.07674690955248945,86,1.0983180000000006,1.3876289999999987,0.1484924997005308,0.2100001511967361,2-stretch-one-axis-or-two-axes,False
0.11039837230413542,0.05318779808045694,0.04458768387970143,0.09809836047752414,0.8254849052383884,0.09067383042207887,87,1.2525429999999993,1.5165070000000007,0.0049874562318103,-0.004987367812274712,2-stretch-one-axis-or-two-axes,False
0.11020545815836598,0.055885535531145815,0.044729864279528325,0.0977409922921586,0.8296532226643817,0.09075947302519749,88,1.2482039999999994,1.514054999999999,0.009949956670395,-0.009949868251054816,2-stretch-one-axis-or-two-axes,False
0.11000860786450053,0.05853836739446596,0.04489712312237229,0.09736611625014045,0.8340376593773778,0.0911031712426899,89,1.243846,1.5116360000000002,0.0148874571068994,-0.014887368687624358,2-stretch-one-axis-or-two-axes,False
0.10980809089391344,0.06115263999723055,0.04509020560164977,0.0969756097560696,0.8386213000155186,0.0913788528658441,90,1.239472000000001,1.5092549999999996,0.0197999575412257,-0.019799869121983282,2-stretch-one-axis-or-two-axes,False
0.10960365382951218,0.06372190688828773,0.04530991682106314,0.09656847124595881,0.8434148406643679,0.09185817902980313,91,1.235081999999998,1.5069109999999988,0.0246874579733548,-0.02468736955413192,2-stretch-one-axis-or-two-axes,False
0.10939514684431696,0.06624489305222588,0.04555423592364038,0.0961434155822733,0.8484158297034855,0.09254358028749993,92,1.2306640000000013,1.5046010000000027,0.0295499584032799,-0.02954986998407,2-stretch-one-axis-or-two-axes,False
0.10918272654046017,0.06870617493982543,0.0457912263987308,0.09570045928301765,0.8536096681548699,0.0933824720177141,93,1.2262150000000016,1.5023090000000021,0.0343874588309982,-0.034387370411797624,2-stretch-one-axis-or-two-axes,False
0.10896683847568485,0.07112698671151954,0.04595612474250212,0.09524457007771135,0.8589752121906996,0.09432743984510786,94,1.2217269999999996,1.500064,0.0391999592565083,-0.03919987083731474,2-stretch-one-axis-or-two-axes,False
0.10874676193314149,0.07349046414243166,0.04644740105148508,0.09477532622871518,0.8645193842948449,0.09517647186430755,95,1.2172229999999993,1.4978639999999999,0.0439874596798096,-0.04398737126062141,2-stretch-one-axis-or-two-axes,False
0.10852350027977703,0.07580935913142108,0.04679383640195314,0.09428904778298501,0.870266716637147,0.09655005762046133,96,1.2126829999999993,1.4957060000000002,0.0487499601009015,-0.04874987168171768,2-stretch-one-axis-or-two-axes,False
0.10829664336645616,0.07807526460915358,0.04716222416224688,0.09378971421931047,0.8761893206841814,0.09796832932729048,97,1.2081209999999984,1.493601,0.0534874605197836,-0.05348737210060328,2-stretch-one-axis-or-two-axes,False
0.10806565637740372,0.08028991634113092,0.047553351045407394,0.09329603436009065,0.8820685535869704,0.09705092212720712,98,1.2035200000000006,1.4915390000000013,0.0581999609364558,-0.058199872517278484,2-stretch-one-axis-or-two-axes,False
0.10783141845286424,0.08244100874817979,0.04777550807551347,0.09278185306209447,0.8881653790028787,0.09707834718044056,99,1.1988609999999995,1.4894759999999998,0.062887461350918,-0.06288737293174318,2-stretch-one-axis-or-two-axes,False
0.10759245521736653,0.08454275983877726,0.048382471710444595,0.09224605501948477,0.894514956304454,0.09806181550289839,100,1.194172999999998,1.4875029999999976,0.0675499617631702,-0.06754987334399748,2-stretch-one-axis-or-two-axes,False
0.10735075977997183,0.08658612148863556,0.04884832751504223,0.0916981802210341,0.9010266441971971,0.0992182514732124,101,1.1894500000000008,1.4855860000000014,0.072187462173212,-0.07218737375404122,2-stretch-one-axis-or-two-axes,False
0.10710548752498274,0.08857462120894795,0.049319897087270276,0.0911352425114552,0.9077072772882744,0.10039641135470212,102,1.1846700000000006,1.4836890000000036,0.0767999625810438,-0.07679987416187456,2-stretch-one-axis-or-two-axes,False
0.10685684100308483,0.09050196371864487,0.04981070477518621,0.09055898787180275,0.9145427681506287,0.10158569225254865,103,1.1798620000000017,1.4818940000000005,0.081387462986665,-0.08138737456749723,2-stretch-one-axis-or-two-axes,False
0.10660429683942743,0.09237022649039581,0.05032198875494472,0.08996557488430089,0.9215511239834774,0.10279996869057494,104,1.1749860000000008,1.4801469999999997,0.0859499633900761,-0.08594987497090967,2-stretch-one-axis-or-two-axes,False
0.10634817287254147,0.09417547489110735,0.050853424564630524,0.08935469020072387,0.9287397643399601,0.10400693414576781,105,1.1700729999999988,1.4784480000000002,0.0904874637912769,-0.09048737537211154,2-stretch-one-axis-or-two-axes,False
0.10608888324236655,0.09591619700916798,0.051406274755696396,0.08872363782717407,0.9361189976844945,0.10530309711005532,106,1.1650929999999988,1.476801,0.0949999641902672,-0.09499987577110286,2-stretch-one-axis-or-two-axes,False
0.11077332336057201,0.051951785293316184,0.044354036590118495,0.09877500251902417,0.8210181224450597,0.08951479625095442,107,1.2526449999999993,1.5153549999999978,0.0050125446531625,0.005012633071916461,2-stretch-one-axis-or-two-axes,False
0.11095506397330071,0.05341025933808093,0.0442461785448594,0.09908929323477138,0.8207712205797317,0.08881192197221885,108,1.2483829999999996,1.5117349999999998,0.010050045098379,0.010050133517328308,2-stretch-one-axis-or-two-axes,False
0.11113308878392333,0.0548274760754144,0.04416717337035393,0.09938850144815041,0.8207391774224343,0.08812122644805258,109,1.244152999999999,1.508143999999998,0.0151125455459354,0.015112633964949884,2-stretch-one-axis-or-two-axes,False
0.11130718085616968,0.056205504782779865,0.04409151200127351,0.09967034556080358,0.8209167443039697,0.08734184726753194,110,1.2399319999999983,1.5045689999999983,0.0202000459957352,0.0202001344147823,2-stretch-one-axis-or-two-axes,False
0.1114780618840284,0.05753765831328694,0.04410211744184936,0.0999323863880499,0.8213578798086596,0.08728915686287181,111,1.2357429999999994,1.501021999999999,0.0253125464477587,0.025312634866825334,2-stretch-one-axis-or-two-axes,False
0.11164459381114027,0.05883056210561061,0.04410090588127795,0.10017939799829191,0.8219732776481048,0.0870123193249271,112,1.23156,1.497484,0.0304500469019989,0.030450135321078542,2-stretch-one-axis-or-two-axes,False
0.11180785201322908,0.06008215514307543,0.044118426415786866,0.10041026448042996,0.822794718113765,0.0868380778662274,113,1.2274000000000007,1.4939669999999996,0.0356125473584535,0.03561263577754248,2-stretch-one-axis-or-two-axes,False
0.11196694984249571,0.06129357991159184,0.044152920499912526,0.10062421831017423,0.8238060350573582,0.08678768819137433,114,1.2232480000000003,1.4904609999999998,0.040800047817121,0.04080013623621692,2-stretch-one-axis-or-two-axes,False
0.11212274973865827,0.06246650521262302,0.04420657838201936,0.10082516855687862,0.8249829109845302,0.0865877585073125,115,1.2191159999999996,1.4869719999999989,0.046012548278,0.04601263669710132,2-stretch-one-axis-or-two-axes,False
0.11227550372687845,0.06359561243298019,0.044278111593697364,0.10100809131875549,0.8263796237994521,0.08691516813898403,116,1.2150060000000007,1.4835420000000017,0.0512500487410913,0.051250137160196996,2-stretch-one-axis-or-two-axes,False
0.11242451472086516,0.06468951646001948,0.0443683534037975,0.10117822461880825,0.8279141863159505,0.08704241707494935,117,1.2109079999999999,1.4800829999999987,0.0565125492063934,0.056512637625502626,2-stretch-one-axis-or-two-axes,False
0.11256944423231377,0.06574414228407251,0.044476986030735924,0.10133351743426579,0.829607254099837,0.08713548500311392,118,1.2068109999999996,1.4766340000000016,0.0618000496739068,0.061800138093018986,2-stretch-one-axis-or-two-axes,False
0.11271152660857833,0.06676105159826713,0.044605228501536386,0.10147612024453394,0.8314495601927433,0.08734330081019348,119,1.2027259999999984,1.4732000000000003,0.0671125501436308,0.06711263856274552,2-stretch-one-axis-or-two-axes,False
0.11284999010726986,0.0677413422932106,0.0447541918414518,0.10160544294816055,0.83343214119618,0.08752613511374081,120,1.1986559999999993,1.469771999999999,0.0724500506155659,0.07245013903468278,2-stretch-one-axis-or-two-axes,False
0.11298534254565042,0.06868091243656,0.04492120748955225,0.10172328066887426,0.8355483575372238,0.08772593605032875,121,1.194611,1.4663589999999989,0.0778125510897116,0.07781263950883033,2-stretch-one-axis-or-two-axes,False
0.11311737698264492,0.06958386904942448,0.045108660898132286,0.10183038347611469,0.8377758209821257,0.08783079709939436,122,1.19056,1.4629520000000014,0.0832000515660683,0.0832001399851886,2-stretch-one-axis-or-two-axes,False
0.11324592336352332,0.07045081481571491,0.04531655466721582,0.10192739118065552,0.840095585512676,0.08762227384123052,123,1.1865120000000005,1.459550000000001,0.0886125520446353,0.08861264046375705,2-stretch-one-axis-or-two-axes,False
0.11337149506603635,0.07129275443201956,0.04554422606251956,0.10200943020709917,0.8425863908464717,0.08810294248096422,124,1.1824920000000003,1.4561699999999984,0.0940500525254133,0.09405014094453634,2-stretch-one-axis-or-two-axes,False
0.11349362791998215,0.07208404196749409,0.045789708151894225,0.10208390444296292,0.8451316419601769,0.08824236123655829,125,1.178464,1.452776,0.0995125530084015,0.0995126414275257,2-stretch-one-axis-or-two-axes,False
0.11361306639711932,0.07284855253290799,0.046056402176931535,0.10214841245055133,0.8477708674971972,0.08829275164652842,126,1.1744439999999994,1.4493929999999997,0.1050000534936007,0.10500014191272589,2-stretch-one-axis-or-two-axes,False
0.11058738637311769,0.05350418117796704,0.04447950676018385,0.09842332577185757,0.8246486320791248,0.0902854688823944,127,1.258859000000001,1.5157239999999996,0.003535556472694,1.2632629820874541e-05,3-skew-one-plane,False
0.11058550968973017,0.056455433429706506,0.04452556283524047,0.09836650273854346,0.8281287126867277,0.09005084948964753,128,1.2603369999999998,1.512378,0.0070712455246001,5.013263313657923e-05,3-skew-one-plane,False
0.11058236942473036,0.059448810870483704,0.044605768537671196,0.09826850289022507,0.8320965240607294,0.08992751150074141,129,1.2614710000000011,1.5090529999999998,0.0106071997294085,0.00011263263866279072,3-skew-one-plane,False
0.11057801641400405,0.062439422133878916,0.04472277933233847,0.09812908840949211,0.8365100352844089,0.09002220434443771,130,1.2622479999999996,1.5057299999999998,0.0141435516425127,0.000200132646399509,3-skew-one-plane,False
0.11057232284980091,0.06542790388556599,0.044879901208001394,0.0979510673441367,0.8413398674015419,0.09020151620966457,131,1.262715,1.502397000000002,0.017680433794624,0.00031263265634662307,3-skew-one-plane,False
0.11056533705149948,0.06841096905550553,0.04508213470678495,0.09773367622350533,0.8465897080604781,0.09048834644976578,132,1.262912,1.49906,0.02121797868336,0.00045013266850424394,3-skew-one-plane,False
0.11055704600393675,0.07138818876274484,0.04533226152431889,0.09748011140727997,0.8522216987412287,0.09065817379129562,133,1.262886,1.4957140000000013,0.0247563187649616,0.0006126326828723716,3-skew-one-plane,False
0.11054741812920081,0.07435540071640477,0.04563249967028025,0.0971899079172656,0.8582382648653435,0.09085407166562245,134,1.2626620000000002,1.4923539999999988,0.0282955864460342,0.0008001326994510061,3-skew-one-plane,False
0.11053647484897888,0.07731716448167113,0.04598542013836927,0.09685193139847699,0.864756640701481,0.0923560730932024,135,1.262296000000001,1.488989000000001,0.0318359140753067,0.0010126327182400363,3-skew-one-plane,False
0.11052417704599775,0.08026568749620602,0.04638564767768858,0.09648631120584135,0.8715569054339274,0.0932084023190926,136,1.2617700000000016,1.4856330000000018,0.0353774339354054,0.0012501327392395734,3-skew-one-plane,False
0.1105105798798925,0.08321010798267581,0.046847508172022344,0.0960866091808628,0.8787123415432997,0.09417494627990969,137,1.261129,1.4822370000000014,0.0389202782346464,0.0015126327624496172,3-skew-one-plane,False
0.11049558933250474,0.08614051643205882,0.04736085799964659,0.09565592131200683,0.8861808063143973,0.09510100561115736,138,1.2603800000000014,1.4788200000000007,0.0424645790988468,0.0018001327878700568,3-skew-one-plane,False
0.11047925669708558,0.08906390567913713,0.0479294266036914,0.09519367296838716,0.8939714937158306,0.09614499485719771,139,1.2595419999999997,1.4753879999999988,0.0460104685631583,0.0021126328155011143,3-skew-one-plane,False
0.11046225486140447,0.091901977303581,0.048534480819947025,0.09471300792847903,0.9018601948102728,0.09719875311455053,140,1.2584480000000013,1.4719110000000022,0.0495580785639242,0.0024501328453425675,3-skew-one-plane,False
0.11044322579933634,0.09479600296791936,0.04920453581439426,0.09419831085428007,0.9101665687545305,0.09805239182300164,141,1.2574429999999985,1.4684439999999999,0.0531075409305613,0.0028126328773945275,3-skew-one-plane,False
0.11042265211643669,0.09768207600303985,0.049925414156845205,0.09365908254477001,0.9187185212765162,0.09886204653112984,142,1.2563739999999974,1.4649609999999988,0.0566589873774719,0.0032001329116571053,3-skew-one-plane,False
0.11040073516219846,0.10055703523820975,0.050695268451371345,0.09309399124269671,0.9275239900074721,0.0999643966923248,143,1.255236,1.4614579999999986,0.0602125494959826,0.003612632948129857,3-skew-one-plane,False
0.11037726172704775,0.10342392134401705,0.051510026193794675,0.09250556711133205,0.9365584918058121,0.10116749190385968,144,1.2540559999999985,1.4579409999999982,0.063768358746318,0.004050132986813226,3-skew-one-plane,False
0.11035263273192553,0.10626451392796867,0.052289916418379115,0.0918949172097271,0.9457875134109742,0.1026924025887944,145,1.252801999999999,1.4544029999999992,0.0673265464496062,0.0045126330277069915,3-skew-one-plane,False
0.11032618097951005,0.10910652691188764,0.05324179728012741,0.09126749526957514,0.9551880379088273,0.10409137834167638,146,1.2515080000000012,1.450844,0.0708872437799217,0.0050001330708113745,3-skew-one-plane,False
0.11058738981649595,0.0535040831995037,0.044479489041011816,0.09842333875715999,0.8246484470030123,0.09028547021589789,147,1.258859000000001,1.5157239999999987,0.003535556472694,1.2632629820874541e-05,3-skew-one-plane,False
0.11058550640533155,0.056454338829451126,0.04452553417585445,0.09836649145110515,0.828127762496343,0.09005086609771906,148,1.2603360000000006,1.5123770000000007,0.0070712455246001,5.0132633136801275e-05,3-skew-one-plane,False
0.11058237069515776,0.05944869954380056,0.04460575074698285,0.09826850042874889,0.8320964462124498,0.08992746288824055,149,1.261471000000002,1.5090530000000015,0.0106071997294085,0.00011263263866279072,3-skew-one-plane,False
0.11057801808293327,0.062440360489887686,0.04472278897717147,0.09812908026514869,0.836511029866284,0.09002218063069978,150,1.2622489999999997,1.5057310000000008,0.0141435516425128,0.000200132646399509,3-skew-one-plane,False
0.11057231892951175,0.06542782096244672,0.044879867841727795,0.09795105358997558,0.8413399762009038,0.09020153773648593,151,1.262715,1.5023980000000003,0.0176804337946241,0.00031263265634662307,3-skew-one-plane,False
0.11056533917624965,0.06841098290632729,0.04508211435790372,0.0977336757453556,0.8465897443642759,0.09048835383065487,152,1.262912000000001,1.49906,0.0212179786833601,0.00045013266850424394,3-skew-one-plane,False
0.11055704716554926,0.07138816533387149,0.045332264539113806,0.09748010215060524,0.8522217862938313,0.0906581350692674,153,1.2628869999999992,1.4957139999999995,0.0247563187649616,0.0006126326828723716,3-skew-one-plane,False
0.11054741536144769,0.07435539353164333,0.045632476475065895,0.09718990014800191,0.8582383787363957,0.09085408526877622,154,1.262662000000001,1.4923529999999996,0.0282955864460343,0.0008001326994510061,3-skew-one-plane,False
0.11053647454228858,0.07731709194057387,0.04598538107680222,0.09685193435744094,0.8647566210011567,0.09235601833026463,155,1.2622959999999992,1.4889899999999994,0.0318359140753068,0.0010126327182400363,3-skew-one-plane,False
0.11052417179224253,0.08026671661205824,0.04638563550293885,0.0964863261507142,0.8715578890928707,0.09320833727819272,156,1.2617710000000009,1.485634000000001,0.0353774339354055,0.0012501327392395734,3-skew-one-plane,False
0.1105105825574811,0.08321023417988745,0.04684749853622167,0.0960866116014318,0.8787124181923676,0.0941749259004471,157,1.2611299999999979,1.4822370000000005,0.0389202782346465,0.0015126327624496172,3-skew-one-plane,False
0.11049558416589234,0.0861405144911746,0.047360807327773057,0.09565592361533969,0.8861807860010542,0.09510093256105769,158,1.2603800000000014,1.4788190000000014,0.0424645790988469,0.0018001327878701678,3-skew-one-plane,False
0.11047924321722229,0.08906495405341698,0.047929420454902616,0.09519367591540327,0.8939726289614315,0.09614491118681877,159,1.2595430000000007,1.4753890000000016,0.0460104685631584,0.0021126328155011143,3-skew-one-plane,False
0.11046225965073883,0.0919018950368728,0.04853446031972055,0.09471301089353899,0.9018600374756007,0.09719872693831867,160,1.2584479999999996,1.4719110000000004,0.0495580785639242,0.0024501328453425675,3-skew-one-plane,False
0.11044323077238037,0.09479594351136039,0.04920452920010108,0.09419831676333221,0.9101664158319216,0.0980523906287322,161,1.2574430000000003,1.4684440000000016,0.0531075409305614,0.0028126328773945275,3-skew-one-plane,False
0.11042265047180155,0.09768307816594916,0.04992537485457143,0.09365907986960084,0.918719555664117,0.0988620135015357,162,1.2563749999999985,1.4649619999999999,0.0566589873774718,0.0032001329116568833,3-skew-one-plane,False
0.11040075807808393,0.10055714304155934,0.05069521364878919,0.09309401881175988,0.9275237444556076,0.09996436739382,163,1.2552369999999975,1.4614569999999976,0.0602125494959826,0.003612632948129857,3-skew-one-plane,False
0.1103772917132306,0.10342406823585126,0.05150993636737158,0.09250555345424183,0.9365585947383054,0.101167642398026,164,1.2540569999999995,1.457941,0.063768358746318,0.004050132986813226,3-skew-one-plane,False
0.1103526585392442,0.10626450146400039,0.052289919337621914,0.09189487729596635,0.9457878059568503,0.1026923867821983,165,1.2528020000000009,1.4544029999999992,0.0673265464496062,0.0045126330277069915,3-skew-one-plane,False
0.1103262030786961,0.10910546678032748,0.053241693099802,0.0912674190380979,0.9551876851337121,0.10409131874168798,166,1.2515100000000015,1.4508430000000008,0.0708872437799218,0.0050001330708113745,3-skew-one-plane,False
0.11058738766647981,0.053504203480010414,0.0444795081654817,0.09842332623207682,0.8246486378151583,0.09028546113451391,167,1.258859000000001,1.5157239999999996,0.003535556472694,1.2632629820874541e-05,3-skew-one-plane,False
0.11058551089823271,0.056454448419502076,0.04452555712203938,0.09836650363976865,0.8281277011899109,0.09005083739035524,168,1.2603359999999988,1.512376999999999,0.0070712455246001,5.013263313657923e-05,3-skew-one-plane,False
0.11058236900519733,0.05944880158783315,0.04460576729634241,0.09826849966300327,0.8320965599577167,0.08992752968095531,169,1.2614710000000011,1.5090529999999998,0.0106071997294085,0.00011263263866279072,3-skew-one-plane,False
0.11057801507621676,0.062439408468891754,0.04472278315186766,0.0981290855001071,0.836510076810029,0.09002221742716024,170,1.2622479999999996,1.5057299999999998,0.0141435516425127,0.000200132646399509,3-skew-one-plane,False
0.11057232182224398,0.06542790126086062,0.04487990470697474,0.09795106677902288,0.841339879069941,0.09020151794138548,171,1.262715,1.502397000000002,0.017680433794624,0.00031263265634662307,3-skew-one-plane,False
0.11056534041379165,0.0684110070015073,0.04508213902618881,0.09773367452971152,0.8465897363597318,0.09048835016569647,172,1.262912,1.49906,0.0212179786833601,0.00045013266850424394,3-skew-one-plane,False
0.11055704650504578,0.07138818891525385,0.045332253541883506,0.0974801144617927,0.8522216691888047,0.09065816289135134,173,1.262886,1.495713000000002,0.0247563187649616,0.0006126326828723716,3-skew-one-plane,False
0.11054741801408649,0.07435539465790326,0.045632493714800666,0.09718990741770565,0.8582382637522664,0.09085407763637735,174,1.2626620000000002,1.4923539999999988,0.0282955864460342,0.0008001326994510061,3-skew-one-plane,False
0.11053647251370172,0.07731711630895632,0.04598542842800849,0.09685193474355101,0.8647566093019587,0.09235606837893287,175,1.262296000000001,1.488989000000001,0.0318359140753067,0.0010126327182400363,3-skew-one-plane,False
0.11052417913302859,0.08026671344920534,0.04638564238722591,0.09648630747423889,0.871557948021752,0.0932084061480119,176,1.2617710000000009,1.485634000000001,0.0353774339354054,0.0012501327392395734,3-skew-one-plane,False
0.11051057958697477,0.08321010322348825,0.04684750821780743,0.09608660918397637,0.8787123517145512,0.0941749531977333,177,1.261129,1.4822370000000014,0.0389202782346465,0.0015126327624496172,3-skew-one-plane,False
0.11049558886837435,0.08614051424241327,0.04736085374273902,0.09565592249791716,0.8861807939640107,0.09510100759528262,178,1.2603800000000014,1.4788200000000007,0.0424645790988468,0.0018001327878701678,3-skew-one-plane,False
0.11047925664232777,0.08906389951966184,0.047929421716985506,0.0951936700103837,0.893971532223559,0.09614499175089336,179,1.2595419999999997,1.4753889999999998,0.0460104685631583,0.0021126328155011143,3-skew-one-plane,False
0.1104622567039458,0.09190199197678345,0.04853448467240191,0.09471300616793862,0.901860228988062,0.0971987350205481,180,1.2584480000000013,1.4719110000000022,0.0495580785639241,0.0024501328453425675,3-skew-one-plane,False
0.11044322558751353,0.09479599828248707,0.04920453796337165,0.09419831020591059,0.9101665743742561,0.09805239148677236,181,1.2574429999999985,1.4684439999999999,0.0531075409305613,0.0028126328773945275,3-skew-one-plane,False
0.11042265138740799,0.09768207372157146,0.04992540932002182,0.09365908098034857,0.9187185348896519,0.09886205409143466,182,1.2563739999999974,1.4649609999999988,0.0566589873774718,0.0032001329116568833,3-skew-one-plane,False
0.11040073482778429,0.10055702618963369,0.05069526259525641,0.0930939892303656,0.9275240184875424,0.09996439477046931,183,1.255236,1.4614579999999986,0.0602125494959826,0.003612632948129857,3-skew-one-plane,False
0.1103772616889134,0.10342392860538722,0.05151003015586907,0.09250556718589012,0.9365584895690852,0.10116748973801766,184,1.2540559999999985,1.4579409999999982,0.063768358746318,0.004050132986813226,3-skew-one-plane,False
0.11035263206950918,0.10626449603322607,0.052289922798611735,0.09189491468414844,0.9457875414851254,0.10269239635006931,185,1.252801999999999,1.4544029999999992,0.0673265464496062,0.0045126330277069915,3-skew-one-plane,False
0.11032618049883833,0.10910652266007481,0.05324179460971896,0.09126749610845823,0.955188019759007,0.10409138187539056,186,1.2515080000000012,1.450844,0.0708872437799217,0.0050001330708113745,3-skew-one-plane,False
0.1105873891090278,0.053504076524053645,0.04447948845988979,0.09842333730632773,0.8246484697339713,0.09028547104825878,187,1.258859000000001,1.5157239999999987,0.0035355564726941,1.2632629820874541e-05,3-skew-one-plane,False
0.11058550842018386,0.05645436940651561,0.04452554188651615,0.0983664882434252,0.8281278151085262,0.09005086684891646,188,1.2603360000000006,1.5123770000000007,0.0070712455246002,5.013263313657923e-05,3-skew-one-plane,False
0.11058236987333223,0.059448698142714404,0.04460576471222957,0.09826850148030303,0.8320964337229992,0.08992745978271896,189,1.261471000000002,1.5090530000000015,0.0106071997294085,0.00011263263866279072,3-skew-one-plane,False
0.11057802033118148,0.06243939344722863,0.0447227795694919,0.09812907945125728,0.8365100366214764,0.09002218635643593,190,1.2622479999999987,1.5057300000000007,0.0141435516425127,0.000200132646399509,3-skew-one-plane,False
0.11057231878023925,0.06542782949167637,0.04487987038763861,0.09795106120477529,0.8413399179963339,0.09020152651871355,191,1.262715,1.5023980000000003,0.0176804337946241,0.00031263265634662307,3-skew-one-plane,False
0.11056534189264529,0.06841102716671578,0.04508213883789146,0.09773367156162482,0.8465897711937079,0.09048833239645683,192,1.2629130000000002,1.4990600000000018,0.0212179786833601,0.00045013266850424394,3-skew-one-plane,False
0.11055704981375503,0.07138820042177245,0.04533224820233431,0.09748010062458255,0.8522218279263101,0.09065814888999124,193,1.2628869999999992,1.4957139999999995,0.0247563187649616,0.0006126326828723716,3-skew-one-plane,False
0.11054741422024669,0.07435549262987001,0.04563246308904503,0.09718990171414084,0.8582384706462257,0.09085407781230694,194,1.2626620000000002,1.4923539999999988,0.0282955864460343,0.0008001326994510061,3-skew-one-plane,False
0.11053647578591128,0.07731712101100824,0.04598538219622359,0.09685193235040092,0.8647566365208837,0.0923560286757381,195,1.2622959999999992,1.4889899999999994,0.0318359140753068,0.0010126327182400363,3-skew-one-plane,False
0.11052417137601457,0.08026671445959413,0.04638563705418769,0.09648632826459096,0.8715578727501869,0.09320832948328253,196,1.2617710000000009,1.485634000000001,0.0353774339354054,0.0012501327392395734,3-skew-one-plane,False
0.11051058152423232,0.0832102183319101,0.04684749965009108,0.09608660864048228,0.8787124539264314,0.094174927938141,197,1.2611299999999979,1.4822370000000005,0.0389202782346465,0.0015126327624496172,3-skew-one-plane,False
0.11049558474529007,0.08614052169411965,0.04736080917111462,0.09565592158507144,0.8861808104384236,0.0951009302291512,198,1.2603800000000014,1.4788190000000014,0.0424645790988469,0.0018001327878701678,3-skew-one-plane,False
0.11047924392726184,0.08906495079711882,0.04792940966433493,0.09519367637825515,0.8939726211772205,0.0961448941538173,199,1.2595430000000007,1.4753890000000016,0.0460104685631584,0.0021126328155011143,3-skew-one-plane,False
0.11046226045096028,0.09190190491572113,0.0485344553918365,0.09471301058969189,0.9018600361565323,0.09719873202325094,200,1.2584479999999996,1.4719110000000004,0.0495580785639242,0.0024501328453425675,3-skew-one-plane,False
0.11044323021752268,0.09479593585981715,0.04920452529570642,0.09419831765602782,0.9101663963460707,0.09805239016525004,201,1.2574430000000003,1.4684440000000016,0.0531075409305614,0.0028126328773945275,3-skew-one-plane,False
0.11042265271994396,0.09768310144169431,0.049925364843987165,0.09365907911232968,0.9187195811356367,0.098862000890539,202,1.2563749999999985,1.4649619999999999,0.0566589873774719,0.0032001329116568833,3-skew-one-plane,False
0.11040075693099136,0.1005571401669772,0.050695208336992516,0.09309401606942323,0.9275237391798171,0.09996436760102996,203,1.2552369999999975,1.4614569999999976,0.0602125494959826,0.003612632948129857,3-skew-one-plane,False
0.11037729297233236,0.10342408655716692,0.051509951585287435,0.09250554880640831,0.936558645217011,0.1011676508462318,204,1.2540569999999995,1.457941,0.063768358746318,0.004050132986813226,3-skew-one-plane,False
0.11035265982895391,0.10626451798107879,0.052289922538748125,0.0918948799589635,0.9457877874568523,0.1026923859322167,205,1.2528020000000009,1.4544029999999992,0.0673265464496063,0.0045126330277069915,3-skew-one-plane,False
0.11032620403654875,0.10910547864982217,0.05324169571111574,0.09126742093201702,0.9551876651395368,0.10409132843405226,206,1.2515090000000022,1.4508430000000008,0.0708872437799218,0.0050001330708115965,3-skew-one-plane,False
0.1105873870319845,0.05350418256018286,0.04447950051851959,0.09842332473973593,0.8246486432082679,0.09028546848030541,207,1.258859000000001,1.5157239999999996,0.0035355564726941,1.2632629821096586e-05,3-skew-one-plane,False
0.11058551020388814,0.05645444395895248,0.044525562547931996,0.09836650019701554,0.8281277341733831,0.09005083391651897,208,1.2603359999999988,1.512376999999999,0.0070712455246002,5.013263313657923e-05,3-skew-one-plane,False
0.11058236821102163,0.05944868717946355,0.04460576659548682,0.09826849517639362,0.8320965099671147,0.08992753263788819,209,1.261471000000002,1.5090529999999998,0.0106071997294085,0.00011263263866279072,3-skew-one-plane,False
0.11057801641413179,0.06244041662650988,0.044722776941789014,0.09812908047615901,0.8365111068589256,0.09002219578173112,210,1.2622489999999988,1.5057299999999998,0.0141435516425127,0.00020013264639973105,3-skew-one-plane,False
0.11057232043319853,0.06542786817889733,0.044879889479761216,0.09795106645404965,0.8413398822021007,0.09020152968370698,211,1.262715,1.5023980000000012,0.0176804337946241,0.00031263265634662307,3-skew-one-plane,False
0.11056533753347986,0.06841096109748968,0.0450821172210538,0.09773367938749643,0.8465896732097333,0.09048833375768485,212,1.2629129999999993,1.49906,0.0212179786833601,0.00045013266850424394,3-skew-one-plane,False
0.11055705097131045,0.07138825540646777,0.04533225774349019,0.09748010707468538,0.8522217742524402,0.09065819410167981,213,1.262886,1.4957140000000013,0.0247563187649616,0.0006126326828725936,3-skew-one-plane,False
0.1105474175434071,0.07435538667766023,0.04563249529587044,0.09718990841624976,0.8582382478038997,0.09085406386293617,214,1.2626620000000002,1.4923539999999988,0.0282955864460342,0.0008001326994510061,3-skew-one-plane,False
0.11053647164094561,0.07731711440207674,0.04598542399144399,0.09685193193913333,0.8647566456157147,0.09235607328936644,215,1.262296000000001,1.488989000000001,0.0318359140753067,0.0010126327182400363,3-skew-one-plane,False
0.11052417764843045,0.08026668914921799,0.046385652534420854,0.09648630905727032,0.8715579383184824,0.09320841409772522,216,1.2617710000000009,1.485634000000001,0.0353774339354055,0.0012501327392397954,3-skew-one-plane,False
0.11051057983675047,0.08321009998051233,0.04684751545121559,0.09608661059008944,0.8787123311973909,0.09417494423707973,217,1.261129,1.4822370000000014,0.0389202782346465,0.0015126327624496172,3-skew-one-plane,False
0.11049559063513642,0.08614054097517745,0.04736085529638611,0.0956559233620625,0.8861807859023707,0.09510101586745934,218,1.2603800000000014,1.4788200000000007,0.0424645790988469,0.0018001327878701678,3-skew-one-plane,False
0.11047925543003996,0.08906388736076926,0.047929425636700496,0.09519367007225102,0.8939715288311199,0.09614498364322863,219,1.2595419999999997,1.4753879999999988,0.0460104685631584,0.0021126328155011143,3-skew-one-plane,False
0.11046225505622526,0.09190198199273691,0.04853448206043164,0.09471300736614326,0.9018602055054719,0.09719875318110448,220,1.2584480000000013,1.4719110000000022,0.0495580785639242,0.0024501328453425675,3-skew-one-plane,False
0.11044322577091222,0.09479600675123043,0.04920454141041853,0.09419830725367935,0.9101666142333237,0.0980523898629759,221,1.2574429999999985,1.4684439999999999,0.0531075409305613,0.0028126328773945275,3-skew-one-plane,False
0.11042265237891026,0.09768208050954298,0.049925409031065,0.09365907933009837,0.9187185596061818,0.09886205345913014,222,1.2563739999999974,1.4649609999999988,0.0566589873774718,0.0032001329116568833,3-skew-one-plane,False
0.11040073553991887,0.10055703545347237,0.05069526180179126,0.09309398954728614,0.9275240139851746,0.09996439722389464,223,1.255236,1.4614579999999986,0.0602125494959826,0.003612632948129857,3-skew-one-plane,False
0.11037725970322157,0.10342389634468513,0.05151002891273476,0.09250556956036954,0.9365584643553645,0.10116749584631532,224,1.2540559999999985,1.4579409999999982,0.063768358746318,0.004050132986813226,3-skew-one-plane,False
0.11035263386499314,0.10626452010197454,0.05228991515144333,0.09189491739564624,0.9457875066962912,0.10269240244590831,225,1.252801999999999,1.4544029999999992,0.0673265464496063,0.0045126330277069915,3-skew-one-plane,False
0.11032618131655286,0.10910653518329627,0.05324179056423648,0.09126749659234687,0.9551880176340193,0.1040913816854651,226,1.2515080000000012,1.450844,0.0708872437799218,0.0050001330708113745,3-skew-one-plane,False
0.11058738919386031,0.05350408004009256,0.04447948532851998,0.09842333807926426,0.8246484584480831,0.09028547084073812,227,1.258859000000001,1.5157239999999987,0.0035355564726941,1.2632629820874541e-05,3-skew-one-plane,False
0.11058550831397078,0.056454366510548866,0.04452553871655701,0.09836648795087746,0.828127795063548,0.09005085857768506,228,1.2603360000000006,1.5123770000000007,0.0070712455246001,5.0132633136801275e-05,3-skew-one-plane,False
0.11058237003404911,0.05944869497355625,0.044605766316591196,0.09826850257478838,0.8320964191763396,0.089927447919934,229,1.261471000000002,1.5090530000000015,0.0106071997294085,0.00011263263866279072,3-skew-one-plane,False
0.11057801761832169,0.06244034739875846,0.04472278742896154,0.09812907893241726,0.8365110376143957,0.09002218775657611,230,1.2622489999999997,1.5057310000000008,0.0141435516425127,0.000200132646399509,3-skew-one-plane,False
0.1105723213504021,0.06542784391766569,0.044879866890860966,0.09795105106381548,0.8413400128327819,0.09020153030457678,231,1.262715,1.5023980000000003,0.017680433794624,0.00031263265634662307,3-skew-one-plane,False
0.11056533832277654,0.06841096922126905,0.04508210288462905,0.09773367344632222,0.8465897781906833,0.09048836239698083,232,1.262912000000001,1.49906,0.02121797868336,0.00045013266850424394,3-skew-one-plane,False
0.11055704665031695,0.07138815614629362,0.04533226556019444,0.09748010378170775,0.8522217767370607,0.09065813077521334,233,1.2628869999999992,1.4957139999999995,0.0247563187649616,0.0006126326828723716,3-skew-one-plane,False
0.11054741587088177,0.07435539522192049,0.04563247379470274,0.09718989818054531,0.8582384026060206,0.0908540804653221,234,1.262662000000001,1.4923529999999996,0.0282955864460342,0.0008001326994512281,3-skew-one-plane,False
0.11053647604568524,0.07731711186142841,0.04598537773889896,0.09685192837759284,0.8647566751646295,0.09235602894422103,235,1.2622959999999992,1.4889899999999994,0.0318359140753067,0.0010126327182400363,3-skew-one-plane,False
0.1105241722239039,0.08026671582779178,0.0463856441948651,0.09648632940408142,0.8715578620387155,0.09320832667274936,236,1.2617710000000009,1.485634000000001,0.0353774339354054,0.0012501327392395734,3-skew-one-plane,False
0.11051058098582266,0.08321021288017605,0.0468475080808634,0.09608661093882365,0.8787124290334504,0.09417492770636648,237,1.2611299999999979,1.4822379999999997,0.0389202782346464,0.0015126327624496172,3-skew-one-plane,False
0.11049558188254642,0.08614049472868218,0.04736080829989811,0.09565592638360786,0.8861807590009984,0.0951009289080044,238,1.2603800000000014,1.4788190000000014,0.0424645790988469,0.0018001327878703899,3-skew-one-plane,False
0.11047924560249629,0.08906498109033335,0.04792941083369782,0.09519367562060523,0.8939726364356029,0.0961449030320259,239,1.2595430000000007,1.4753890000000016,0.0460104685631584,0.0021126328155011143,3-skew-one-plane,False
0.11046226002929897,0.09190190350917637,0.04853446231078747,0.09471301382446744,0.9018599963800378,0.09719872899977602,240,1.2584479999999996,1.4719110000000004,0.0495580785639241,0.0024501328453427895,3-skew-one-plane,False
0.11044323148008808,0.09479595449699997,0.049204524886921286,0.09419831577255885,0.9101664319209017,0.0980523802419228,241,1.2574430000000003,1.4684440000000016,0.0531075409305613,0.0028126328773945275,3-skew-one-plane,False
0.1104226510115425,0.0976830926439407,0.049925380135769616,0.09365908612179924,0.9187194737088175,0.09886200579629834,242,1.2563749999999985,1.4649619999999999,0.0566589873774718,0.0032001329116568833,3-skew-one-plane,False
0.11040075754334355,0.10055714528142325,0.05069522045831677,0.0930940163041052,0.9275237489288871,0.09996437639105299,243,1.2552369999999975,1.4614569999999976,0.0602125494959826,0.003612632948129857,3-skew-one-plane,False
0.11037729414324271,0.10342409824995694,0.05150993809846351,0.09250555089684631,0.9365586117683719,0.10116764259896077,244,1.2540569999999995,1.457941,0.063768358746318,0.004050132986813448,3-skew-one-plane,False
0.11035265941112013,0.10626451415098996,0.05228991815662125,0.09189487865674699,0.945787799584727,0.10269238919576006,245,1.2528020000000009,1.4544029999999992,0.0673265464496062,0.0045126330277069915,3-skew-one-plane,False
0.1103262040365489,0.10910547864982371,0.05324169571111574,0.09126742202184614,0.9551876584265497,0.10409132338101837,246,1.2515090000000022,1.4508430000000008,0.0708872437799217,0.0050001330708115965,3-skew-one-plane,False
0.11055685700527464,0.07052026324834178,0.045322186646288065,0.09746136009363082,0.8516301010157751,0.09079407312707301,247,1.2669549999999994,1.492438,0.0250078145958587,0.0006251326839775695,4-skew-two-planes,False
0.11051009082608461,0.08192270165883746,0.046877927440298624,0.0960113082510039,0.8783103757896683,0.09344437838554198,248,1.2636700000000012,1.4760310000000008,0.0395593455602131,0.0015626327668705198,4-skew-two-planes,False
0.1104301228162698,0.09521843186626636,0.049751023195203865,0.09373097742153012,0.9155607729624434,0.09821753350124349,249,1.2585429999999995,1.4585349999999995,0.0559889851279902,0.003125132905025474,4-skew-two-planes,False
0.11031523144179263,0.10891737425622568,0.05380862774773074,0.0908057158695254,0.9597879180989402,0.10444322711188554,250,1.2521329999999988,1.4401879999999974,0.0730802577337196,0.005312633098442321,4-skew-two-planes,False
0.11057232284980091,0.06542790388556599,0.044879901208001394,0.0979510673441367,0.8413398674015419,0.09020151620966457,251,1.262715,1.502397000000002,0.017680433794624,0.00031263265634662307,4-skew-two-planes,True
0.1105568643706842,0.07052022158876185,0.04532218241662508,0.09746135755305341,0.8516299595627933,0.09079408056141873,252,1.2669550000000012,1.4924370000000007,0.0250078145958587,0.0006251326839775695,4-skew-two-planes,False
0.11051009285744261,0.0819226366028186,0.04687792725653842,0.0960113029514682,0.8783103439927213,0.09344438670943618,253,1.2636699999999994,1.476030999999999,0.0395593455602132,0.0015626327668705198,4-skew-two-planes,False
0.11043011980200577,0.09521934624279328,0.04975102435274317,0.09373097673241981,0.9155617084910322,0.09821753103531883,254,1.2585439999999988,1.4585349999999995,0.0559889851279903,0.003125132905025474,4-skew-two-planes,False
0.11031524341377101,0.1089167360030706,0.0538086357075461,0.09080561666789048,0.9597882850864518,0.10444337899256419,255,1.2521339999999999,1.4401879999999987,0.0730802577337197,0.005312633098442321,4-skew-two-planes,False
0.1105568048973643,0.07083101089315257,0.04531845830648394,0.09746149826552318,0.8519640329064394,0.09079863863105518,256,1.2671690000000009,1.493411,0.0250039092608797,0.0006251326839775695,4-skew-two-planes,False
0.11050988635090092,0.0821727608720637,0.046851457736309436,0.0960130756192069,0.8786001174655883,0.0934521110135837,257,1.2639750000000003,1.4775540000000014,0.0395494699207739,0.0015626327668707418,4-skew-two-planes,False
0.11042958529873827,0.09533404876246807,0.049704038155905926,0.09373454257962986,0.9157330614451926,0.09825873771787962,258,1.2587840000000003,1.460419,0.0559732850818269,0.003125132905025474,4-skew-two-planes,False
0.11031421807644229,0.10891209618873764,0.05374324901992086,0.0908149720228766,0.9598329149354315,0.10441075706003511,259,1.2523009999999997,1.442476000000001,0.0730588739981276,0.005312633098442321,4-skew-two-planes,False
0.11057232284980091,0.06542790388556599,0.044879901208001394,0.0979510673441367,0.8413398674015419,0.09020151620966457,260,1.262715,1.502397000000002,0.017680433794624,0.00031263265634662307,4-skew-two-planes,True
0.11055681047183505,0.07082982922746406,0.04531845744863889,0.09746151004135814,0.8519626499268409,0.09079869103819464,261,1.2671679999999999,1.493409999999999,0.0250039092608797,0.0006251326839775695,4-skew-two-planes,False
0.11050988483551293,0.08217265330464898,0.04685143985944917,0.09601309002418004,0.8785998976361927,0.09345209554573809,262,1.2639750000000003,1.4775540000000014,0.0395494699207738,0.0015626327668705198,4-skew-two-planes,False
0.11042958522356698,0.09533296475451378,0.04970397390040472,0.09373454139652894,0.9157319235727699,0.09825873120865329,263,1.258783000000001,1.4604170000000014,0.0559732850818269,0.003125132905025474,4-skew-two-planes,False
0.11031424870381676,0.10891249674613146,0.05374323438336003,0.09081486200025338,0.9598342041656611,0.10441077300162979,264,1.2523020000000002,1.442476000000001,0.0730588739981275,0.005312633098442543,4-skew-two-planes,False
0.11051009084247636,0.08192270018857128,0.046877922898824094,0.09601130923422517,0.8783103586036107,0.09344437016881642,265,1.2636700000000012,1.4760310000000008,0.0395593455602131,0.0015626327668705198,4-skew-two-planes,False
0.11038936822489724,0.09607624750942408,0.05144124456849606,0.09235890635381666,0.9308866114857086,0.1004214983281846,266,1.2602630000000001,1.4366929999999996,0.063867088447672,0.004062632987918424,4-skew-two-planes,False
0.11028249136547058,0.1078944463486986,0.0555726124409935,0.08944860755983904,0.9727492425112434,0.10636262001849553,267,1.252998999999999,1.4158150000000003,0.079303620124006,0.006250133181335271,4-skew-two-planes,False
0.11052417704599775,0.08026568749620602,0.04638564767768858,0.09648631120584135,0.8715569054339274,0.0932084023190926,268,1.2617700000000016,1.4856330000000018,0.0353774339354054,0.0012501327392395734,4-skew-two-planes,True
0.11051009140362343,0.0819216031154815,0.046877920079738816,0.0960112954445155,0.878309418568628,0.09344437451658555,269,1.2636690000000002,1.4760299999999997,0.0395593455602131,0.0015626327668707418,4-skew-two-planes,False
0.11038937004529055,0.09607614963907915,0.05144124578797606,0.0923588951345508,0.9308866513338396,0.10042148588450045,270,1.2602629999999984,1.4366929999999982,0.0638670884476721,0.004062632987918646,4-skew-two-planes,False
0.11028251009266148,0.10789252922271823,0.055572601265688554,0.0894484972806078,0.9727483914891112,0.10636275880822675,271,1.2530000000000001,1.4158139999999992,0.079303620124006,0.006250133181335493,4-skew-two-planes,False
0.1105098658482062,0.08258317135687987,0.046875266258083866,0.096012423640794,0.8790184799185202,0.09351426797976063,272,1.264633,1.477984000000001,0.0395494699207739,0.0015626327668705198,4-skew-two-planes,False
0.11038723669263775,0.09712979051517068,0.05122221181162869,0.09237533406348294,0.9321679807581136,0.10045749601275296,273,1.261825,1.4431299999999982,0.0638120187389442,0.004062632987918424,4-skew-two-planes,False
0.1102785537374775,0.10817683602886395,0.055238395757919306,0.0894811648996733,0.97330263191728,0.1062724484122145,274,1.2540220000000009,1.423238000000001,0.0792247698801465,0.006250133181335271,4-skew-two-planes,False
0.11052417704599775,0.08026568749620602,0.04638564767768858,0.09648631120584135,0.8715569054339274,0.0932084023190926,275,1.2617700000000016,1.4856330000000018,0.0353774339354054,0.0012501327392395734,4-skew-two-planes,True
0.11050986392302709,0.08258317286196053,0.04687524936063957,0.09601241709589943,0.8790184959409689,0.09351430040037925,276,1.264633,1.477984000000001,0.0395494699207738,0.0015626327668705198,4-skew-two-planes,False
0.11038723474468765,0.09713078973755478,0.05122225166072047,0.09237532004579566,0.9321691243984913,0.10045747058817175,277,1.2618260000000006,1.4431309999999993,0.0638120187389442,0.004062632987918424,4-skew-two-planes,False
0.1102785734400655,0.10817593096099426,0.05523827020411753,0.08948102211792466,0.9733032853279743,0.10627250076677708,278,1.2540239999999994,1.4232379999999996,0.0792247698801465,0.006250133181335493,4-skew-two-planes,False
0.1104301220174398,0.09521953565885526,0.049751030325728515,0.09373098191036999,0.9155618165454765,0.09821753607023213,279,1.2585439999999988,1.4585359999999987,0.0559889851279903,0.003125132905025474,4-skew-two-planes,False
0.11038936942853902,0.09607626010315723,0.0514412472120643,0.09235890701470881,0.9308865952714684,0.1004214964134872,280,1.2602630000000001,1.4366929999999996,0.063867088447672,0.004062632987918424,4-skew-two-planes,False
0.1103251919744649,0.09943301520076103,0.05447331022440778,0.09013355598925549,0.9573224051155831,0.10482149180928449,281,1.264405,1.4111699999999985,0.0752106516570244,0.005625133126073378,4-skew-two-planes,False
0.11022695246446078,0.1061554137757904,0.0584525125394908,0.0872867059557656,0.9929661728320668,0.1096592804230048,282,1.2532119999999995,1.3848079999999996,0.0887329546412888,0.007812633319490225,4-skew-two-planes,False
0.11044322579933634,0.09479600296791936,0.04920453581439426,0.09419831085428007,0.9101665687545305,0.09805239182300164,283,1.2574429999999985,1.4684439999999999,0.0531075409305613,0.0028126328773945275,4-skew-two-planes,True
0.11043012157391162,0.09521835933538714,0.049751025512230485,0.09373097717112744,0.9155606989228073,0.09821753778359876,284,1.2585429999999995,1.4585349999999995,0.0559889851279903,0.003125132905025474,4-skew-two-planes,False
0.11038937694980586,0.09607523915697855,0.05144123553306042,0.09235890780456796,0.930885495615095,0.10042153269804344,285,1.260261999999999,1.436691999999999,0.063867088447672,0.004062632987918424,4-skew-two-planes,False
0.1103251921622949,0.09943290608894984,0.05447329138061738,0.09013355366302801,0.9573222902641259,0.1048214642094134,286,1.2644050000000013,1.4111699999999998,0.0752106516570244,0.005625133126073378,4-skew-two-planes,False
0.11022694529999669,0.10615300153114111,0.05845247333674619,0.08728658575761299,0.9929650911867968,0.1096593105540469,287,1.2532120000000013,1.3848060000000006,0.0887329546412888,0.007812633319490225,4-skew-two-planes,False
0.11042959106102052,0.09615016923008175,0.04971912583464405,0.09373399935951213,0.9165564570550855,0.09825091965608682,288,1.259836,1.4612820000000006,0.0559732850818269,0.003125132905025474,4-skew-two-planes,False
0.11038716148915463,0.09931440411816399,0.0513163295836479,0.09237461629059546,0.9343679652028155,0.10031762784847556,289,1.2649460000000001,1.4454279999999997,0.0638120187389442,0.004062632987918646,4-skew-two-planes,False
0.11032003478671101,0.10310127888391829,0.05406543921867468,0.09016575164270935,0.9615387210648231,0.10497993772972129,290,1.268771000000001,1.4243870000000007,0.0751054046482451,0.005625133126073378,4-skew-two-planes,False
0.11021796834415966,0.10760517043805695,0.057764257902100664,0.0873362367071518,0.9953043031927803,0.10964683517499306,291,1.2562879999999996,1.3994789999999995,0.0885743316903912,0.007812633319490225,4-skew-two-planes,False
0.11044322579933634,0.09479600296791936,0.04920453581439426,0.09419831085428007,0.9101665687545305,0.09805239182300164,292,1.2574429999999985,1.4684439999999999,0.0531075409305613,0.0028126328773945275,4-skew-two-planes,True
0.11042959112124984,0.09615020849354823,0.04971911784792723,0.09373400936594635,0.9165563741062518,0.09825089905286512,293,1.259836,1.4612820000000006,0.0559732850818269,0.003125132905025474,4-skew-two-planes,False
0.11038716677943268,0.0993144138698179,0.051316300509327874,0.09237461222913333,0.9343679372535194,0.10031763131134715,294,1.2649460000000001,1.4454279999999997,0.0638120187389441,0.004062632987918424,4-skew-two-planes,False
0.11032003283893953,0.10310115775751912,0.05406542119519369,0.09016575749404251,0.9615384934805926,0.10497995341268265,295,1.268771000000001,1.4243870000000012,0.0751054046482451,0.005625133126073378,4-skew-two-planes,False
0.11021796731333981,0.10760498860039532,0.05776429025203845,0.08733609982077627,0.9953054342793645,0.10964690780998085,296,1.256289999999999,1.3994789999999995,0.0885743316903912,0.007812633319490447,4-skew-two-planes,False
0.11031523334979647,0.10891739047110072,0.053808625875466636,0.09080571563168756,0.9597879146133854,0.10444322090111362,297,1.2521329999999988,1.4401879999999974,0.0730802577337196,0.005312633098442321,4-skew-two-planes,False
0.11028249068755983,0.10789444337132095,0.05557260916172693,0.08944860932447359,0.9727492136086473,0.10636262039192104,298,1.252998999999999,1.4158150000000003,0.079303620124006,0.006250133181335271,4-skew-two-planes,False
0.11022695423778762,0.10615543297139196,0.058452516913766794,0.08728670880563474,0.9929661340413958,0.10965928156193155,299,1.2532119999999995,1.3848079999999996,0.0887329546412888,0.007812633319490225,4-skew-two-planes,False
0.1101457662930193,0.10624647651759565,0.06257664864350164,0.08450991615581678,1.0207171719821415,0.11416244069173438,300,1.3422729999999987,1.3510909999999985,0.1004987694962687,0.010000133512907072,4-skew-two-planes,False
0.11032618097951005,0.10910652691188764,0.05324179728012741,0.09126749526957514,0.9551880379088273,0.10409137834167638,301,1.2515080000000012,1.450844,0.0708872437799217,0.0050001330708113745,4-skew-two-planes,True
0.11031522951693146,0.10891703587317803,0.05380863382532048,0.09080569025395481,0.9597878914138075,0.10444326274298542,302,1.2521329999999988,1.440186999999998,0.0730802577337197,0.005312633098442321,4-skew-two-planes,False
0.11028249000719298,0.10789407853960113,0.05557262937258285,0.08944858964640802,0.9727490697774747,0.10636265384929472,303,1.2529999999999997,1.415814000000001,0.0793036201240059,0.006250133181335271,4-skew-two-planes,False
0.11022693869019326,0.10615564615426079,0.05845252989836519,0.08728669699263465,0.9929664923757296,0.10965941198828955,304,1.2532120000000004,1.3848089999999988,0.0887329546412888,0.007812633319490225,4-skew-two-planes,False
0.11014578081811612,0.1062461247038601,0.06257674357942523,0.08450986034503685,1.0207171065090734,0.11416236049314928,305,1.342293000000001,1.3510890000000013,0.1004987694962688,0.010000133512907072,4-skew-two-planes,False
0.11031436316528025,0.11004179907565723,0.05372815804752997,0.09081239606908328,0.9609866324955395,0.10432648212128318,306,1.2536569999999987,1.4436859999999996,0.0730588739981275,0.005312633098442321,4-skew-two-planes,False
0.11027861830250402,0.11244287437055384,0.055332994629564584,0.08946800077399769,0.9776912185071928,0.10617327148237825,307,1.2591889999999992,1.4277080000000013,0.0792247698801466,0.006250133181335493,4-skew-two-planes,False
0.1102179334906971,0.11389155116948453,0.05796475361009773,0.08731419825031128,1.0018058053696042,0.1097704826816049,308,1.2645510000000009,1.4060080000000013,0.0885743316903912,0.007812633319490225,4-skew-two-planes,False
0.11012997926315861,0.111169292560201,0.06142704033660659,0.08455750118735596,1.0275636644073889,0.11409210985990267,309,1.2610259999999993,1.3757959999999994,0.1002497015527839,0.010000133512907072,4-skew-two-planes,False
0.11032618097951005,0.10910652691188764,0.05324179728012741,0.09126749526957514,0.9551880379088273,0.10409137834167638,310,1.2515080000000012,1.450844,0.0708872437799217,0.0050001330708113745,4-skew-two-planes,True
0.11031437525376452,0.11004125838235808,0.05372810647761222,0.09081239937553806,0.9609859590965258,0.1043265251894999,311,1.2536560000000012,1.4436839999999993,0.0730588739981275,0.005312633098442321,4-skew-two-planes,False
0.11027862607360744,0.11244218914276254,0.05533297595928674,0.08946800247429378,0.9776904652563734,0.10617325322931087,312,1.2591889999999992,1.4277070000000003,0.0792247698801465,0.006250133181335271,4-skew-two-planes,False
0.1102179345521496,0.11389257894379774,0.057964797233785254,0.08731420663718852,1.001806517702405,0.10977036071809118,313,1.2645520000000001,1.4060070000000007,0.0885743316903912,0.007812633319490225,4-skew-two-planes,False
0.11012998952754124,0.11116896954301321,0.06142718991366396,0.08455735260686244,1.027564933644993,0.11409215808465581,314,1.2610280000000014,1.3757940000000026,0.100249701552784,0.010000133512907294,4-skew-two-planes,False
0.11057232182224398,0.06542790126086062,0.04487990470697474,0.09795106677902288,0.841339879069941,0.09020151794138548,315,1.262715,1.502397000000002,0.017680433794624,0.00031263265634662307,4-skew-two-planes,True
0.11052417913302859,0.08026671344920534,0.04638564238722591,0.09648630747423889,0.871557948021752,0.0932084061480119,316,1.2617710000000009,1.485634000000001,0.0353774339354054,0.0012501327392395734,4-skew-two-planes,True
0.11044322558751353,0.09479599828248707,0.04920453796337165,0.09419831020591059,0.9101665743742561,0.09805239148677236,317,1.2574429999999985,1.4684439999999999,0.0531075409305613,0.0028126328773945275,4-skew-two-planes,True
0.11032618049883833,0.10910652266007481,0.05324179460971896,0.09126749610845823,0.955188019759007,0.10409138187539056,318,1.2515080000000012,1.450844,0.0708872437799217,0.0050001330708113745,4-skew-two-planes,True
0.11057231878023925,0.06542782949167637,0.04487987038763861,0.09795106120477529,0.8413399179963339,0.09020152651871355,319,1.262715,1.5023980000000003,0.0176804337946241,0.00031263265634662307,4-skew-two-planes,True
0.11052417137601457,0.08026671445959413,0.04638563705418769,0.09648632826459096,0.8715578727501869,0.09320832948328253,320,1.2617710000000009,1.485634000000001,0.0353774339354054,0.0012501327392395734,4-skew-two-planes,True
0.11044323021752268,0.09479593585981715,0.04920452529570642,0.09419831765602782,0.9101663963460707,0.09805239016525004,321,1.2574430000000003,1.4684440000000016,0.0531075409305614,0.0028126328773945275,4-skew-two-planes,True
0.11032620403654875,0.10910547864982217,0.05324169571111574,0.09126742093201702,0.9551876651395368,0.10409132843405226,322,1.2515090000000022,1.4508430000000008,0.0708872437799218,0.0050001330708115965,4-skew-two-planes,True
0.11057232043319853,0.06542786817889733,0.044879889479761216,0.09795106645404965,0.8413398822021007,0.09020152968370698,323,1.262715,1.5023980000000012,0.0176804337946241,0.00031263265634662307,4-skew-two-planes,True
0.11052417764843045,0.08026668914921799,0.046385652534420854,0.09648630905727032,0.8715579383184824,0.09320841409772522,324,1.2617710000000009,1.485634000000001,0.0353774339354055,0.0012501327392397954,4-skew-two-planes,True
0.11044322577091222,0.09479600675123043,0.04920454141041853,0.09419830725367935,0.9101666142333237,0.0980523898629759,325,1.2574429999999985,1.4684439999999999,0.0531075409305613,0.0028126328773945275,4-skew-two-planes,True
0.11032618131655286,0.10910653518329627,0.05324179056423648,0.09126749659234687,0.9551880176340193,0.1040913816854651,326,1.2515080000000012,1.450844,0.0708872437799218,0.0050001330708113745,4-skew-two-planes,True
0.1105723213504021,0.06542784391766569,0.044879866890860966,0.09795105106381548,0.8413400128327819,0.09020153030457678,327,1.262715,1.5023980000000003,0.017680433794624,0.00031263265634662307,4-skew-two-planes,True
0.1105241722239039,0.08026671582779178,0.0463856441948651,0.09648632940408142,0.8715578620387155,0.09320832667274936,328,1.2617710000000009,1.485634000000001,0.0353774339354054,0.0012501327392395734,4-skew-two-planes,True
0.11044323148008808,0.09479595449699997,0.049204524886921286,0.09419831577255885,0.9101664319209017,0.0980523802419228,329,1.2574430000000003,1.4684440000000016,0.0531075409305613,0.0028126328773945275,4-skew-two-planes,True
0.1103262040365489,0.10910547864982371,0.05324169571111574,0.09126742202184614,0.9551876584265497,0.10409132338101837,330,1.2515090000000022,1.4508430000000008,0.0708872437799217,0.0050001330708115965,4-skew-two-planes,True
0.1105568639962899,0.07052021399784787,0.045322181659533146,0.09746135781850183,0.8516299615496763,0.09079408165743591,331,1.2669550000000012,1.4924370000000007,0.0250078145958587,0.0006251326839775695,4-skew-two-planes,False
0.11051009147139748,0.08192160567070222,0.04687791693620373,0.09601129445291944,0.8783094304901772,0.09344438061751363,332,1.2636690000000002,1.4760299999999997,0.0395593455602132,0.0015626327668707418,4-skew-two-planes,False
0.11043012177924623,0.09521836412249098,0.04975102668114255,0.09373097780422786,0.9155606937381902,0.09821753656163759,333,1.2585429999999995,1.4585349999999995,0.0559889851279903,0.003125132905025474,4-skew-two-planes,False
0.11031522950271136,0.1089170394673856,0.05380863464356534,0.09080568997375872,0.9597878900919959,0.10444326499443184,334,1.2521329999999988,1.440186999999998,0.0730802577337197,0.005312633098442321,4-skew-two-planes,False
0.11057231892951175,0.06542782096244672,0.044879867841727795,0.09795105358997558,0.8413399762009038,0.09020153773648593,335,1.262715,1.5023980000000003,0.0176804337946241,0.00031263265634662307,4-skew-two-planes,True
0.11055685871429037,0.07052017588014109,0.04532219341078136,0.09746134899239466,0.8516301149028647,0.0907940763043568,336,1.2669550000000012,1.4924380000000017,0.0250078145958587,0.0006251326839777915,4-skew-two-planes,False
0.11051008952686588,0.0819214747757084,0.046877896013083196,0.0960113050958532,0.8783092364429191,0.0934443722437273,337,1.2636690000000002,1.4760310000000008,0.0395593455602132,0.0015626327668705198,4-skew-two-planes,False
0.11043012242542895,0.09521942876876141,0.04975101115294185,0.09373097821297496,0.9155617528612338,0.09821755221566074,338,1.2585439999999988,1.4585359999999987,0.0559889851279903,0.003125132905025696,4-skew-two-planes,False
0.11031523694944134,0.1089176507556573,0.05380863136352056,0.09080560569680522,0.9597894296645629,0.10444337188689004,339,1.252134999999999,1.440188999999998,0.0730802577337197,0.005312633098442543,4-skew-two-planes,False
0.1105568047962668,0.07082973088422727,0.045318471400766724,0.09746151159217198,0.8519625840383472,0.09079867821123984,340,1.2671679999999999,1.493411,0.0250039092608797,0.0006251326839775695,4-skew-two-planes,False
0.11050988645877341,0.08217277601205228,0.04685143456660023,0.09601307191208258,0.8786001481462652,0.09345207560862542,341,1.2639750000000003,1.4775540000000014,0.0395494699207739,0.0015626327668707418,4-skew-two-planes,False
0.11042958551005443,0.0953340244488076,0.04970399957784043,0.09373454853282011,0.9157329321840328,0.09825872767231732,342,1.2587840000000003,1.4604180000000007,0.0559732850818269,0.003125132905025474,4-skew-two-planes,False
0.11031422315900578,0.10891274560031838,0.053743284426229616,0.0908149294075469,0.9598338672608181,0.104410750080893,343,1.252301000000001,1.4424770000000002,0.0730588739981276,0.005312633098442321,4-skew-two-planes,False
0.11057231892951175,0.06542782096244672,0.044879867841727795,0.09795105358997558,0.8413399762009038,0.09020153773648593,344,1.262715,1.5023980000000003,0.0176804337946241,0.00031263265634662307,4-skew-two-planes,True
0.11055680352754954,0.07082974713296564,0.04531846365391383,0.09746150552736804,0.8519627288737094,0.09079864398107668,345,1.267168999999999,1.4934109999999983,0.0250039092608797,0.0006251326839775695,4-skew-two-planes,False
0.11050988116318392,0.08217263217944772,0.04685143197952198,0.09601306670540655,0.8786001618314102,0.09345208933789945,346,1.2639750000000003,1.4775550000000006,0.0395494699207739,0.0015626327668705198,4-skew-two-planes,False
0.11042958714293229,0.09533297276758722,0.04970396843279241,0.09373454035740054,0.9157319482589781,0.0982587192228576,347,1.258783000000001,1.4604180000000007,0.0559732850818269,0.003125132905025474,4-skew-two-planes,False
0.11031424375607929,0.10891133170152544,0.05374321993356495,0.09081486858040208,0.9598330032335789,0.1044107612812048,348,1.2523009999999992,1.442475,0.0730588739981275,0.005312633098442543,4-skew-two-planes,False
0.11051009289423952,0.08192263807183721,0.046877926652965404,0.09601130430559372,0.8783103301231777,0.09344438107226333,349,1.2636699999999994,1.476030999999999,0.0395593455602132,0.0015626327668705198,4-skew-two-planes,False
0.11038937711044425,0.09607524029988161,0.05144124609758771,0.09235890502515762,0.930885516537323,0.10042152946994909,350,1.260261999999999,1.436691999999999,0.063867088447672,0.004062632987918424,4-skew-two-planes,False
0.11028249004079796,0.10789407852640191,0.05557262388514264,0.08944858949977828,0.9727490821611261,0.10636265419146523,351,1.2529999999999997,1.415814000000001,0.079303620124006,0.006250133181335271,4-skew-two-planes,False
0.11052417179224253,0.08026671661205824,0.04638563550293885,0.0964863261507142,0.8715578890928707,0.09320833727819272,352,1.2617710000000009,1.485634000000001,0.0353774339354055,0.0012501327392395734,4-skew-two-planes,True
0.11051008784831529,0.08192257072195129,0.04687789405980913,0.09601130317986083,0.8783103396522635,0.09344436984441044,353,1.2636699999999994,1.476032,0.0395593455602132,0.0015626327668705198,4-skew-two-planes,False
0.11038937599930328,0.09607620198869059,0.05144125485750698,0.09235890431304072,0.930886534811262,0.10042148458276311,354,1.2602629999999984,1.4366929999999982,0.0638670884476721,0.004062632987918424,4-skew-two-planes,False
0.11028250789282971,0.10789258374732036,0.05557260950494675,0.08944849278305489,0.9727485048491886,0.10636274127155432,355,1.2530000000000001,1.4158139999999992,0.079303620124006,0.006250133181335271,4-skew-two-planes,False
0.11050986241799658,0.08258304483112294,0.046875244005258415,0.09601242262283602,0.8790183749771363,0.09351430785849167,356,1.2646330000000017,1.4779840000000029,0.0395494699207739,0.0015626327668705198,4-skew-two-planes,False
0.11038723985176244,0.09713086038841603,0.051222219446629726,0.0923753345217259,0.9321690011614147,0.10045747214689474,357,1.261826000000001,1.4431309999999993,0.0638120187389442,0.004062632987918424,4-skew-two-planes,False
0.1102785846672705,0.10817653918725344,0.05523826528480963,0.08948117161578739,0.973302061030439,0.10627239409635654,358,1.2540229999999997,1.4232370000000003,0.0792247698801466,0.006250133181335271,4-skew-two-planes,False
0.11052417179224253,0.08026671661205824,0.04638563550293885,0.0964863261507142,0.8715578890928707,0.09320833727819272,359,1.2617710000000009,1.485634000000001,0.0353774339354055,0.0012501327392395734,4-skew-two-planes,True
0.11050986379086301,0.08258304664225216,0.04687526173224037,0.09601242631268439,0.8790183406004893,0.09351429336390371,360,1.2646330000000017,1.4779840000000029,0.0395494699207739,0.0015626327668705198,4-skew-two-planes,False
0.11038724197287203,0.0971307526838455,0.0512222229001744,0.09237533080145348,0.9321689147838356,0.10045746741109383,361,1.2618260000000006,1.4431309999999993,0.0638120187389442,0.004062632987918424,4-skew-two-planes,False
0.11027857325826299,0.10817596094235328,0.0552382799250748,0.08948102550237949,0.973303236781407,0.10627249257064103,362,1.2540239999999994,1.4232379999999996,0.0792247698801465,0.006250133181335493,4-skew-two-planes,False
0.11043012059509966,0.09521936092155443,0.04975102574099805,0.09373097940837288,0.9155616757691086,0.09821752390656176,363,1.2585439999999988,1.4585349999999995,0.0559889851279903,0.003125132905025474,4-skew-two-planes,False
0.11038936971597109,0.09607615019538765,0.05144124297447207,0.09235889550521238,0.9308866493091412,0.10042147511051278,364,1.2602629999999984,1.4366929999999982,0.063867088447672,0.004062632987918646,4-skew-two-planes,False
0.11032519173403942,0.09943289909908888,0.05447329788692731,0.09013355439893142,0.9573222824362579,0.10482146746993343,365,1.2644050000000013,1.4111699999999998,0.0752106516570245,0.005625133126073378,4-skew-two-planes,False
0.11022693896020706,0.10615564749677678,0.058452527966393386,0.0872866931590991,0.9929665328783484,0.10965941267278861,366,1.2532120000000004,1.3848089999999988,0.0887329546412888,0.007812633319490225,4-skew-two-planes,False
0.11044323077238037,0.09479594351136039,0.04920452920010108,0.09419831676333221,0.9101664158319216,0.0980523906287322,367,1.2574430000000003,1.4684440000000016,0.0531075409305614,0.0028126328773945275,4-skew-two-planes,True
0.11043012281443458,0.09521943199264472,0.04975101316502074,0.09373097927243355,0.9155617418822749,0.09821754965545326,368,1.2585439999999988,1.4585359999999987,0.0559889851279903,0.003125132905025696,4-skew-two-planes,False
0.11038937560889707,0.09607620473306097,0.051441248330546134,0.09235890288258618,0.9308865608212343,0.10042148183229631,369,1.2602629999999984,1.4366929999999982,0.063867088447672,0.004062632987918424,4-skew-two-planes,False
0.1103251945100917,0.09943276268926507,0.05447327244668897,0.0901335530595117,0.9573220587203864,0.10482140760983857,370,1.264405,1.4111709999999977,0.0752106516570244,0.005625133126073378,4-skew-two-planes,False
0.11022694073771351,0.10615287763267686,0.058452437360611266,0.08728658898417713,0.9929649246252138,0.10965928742744073,371,1.2532119999999995,1.384805,0.0887329546412888,0.007812633319490447,4-skew-two-planes,False
0.11042959391609053,0.09615014740226596,0.0497191054494727,0.093734007091323,0.9165562752271954,0.09825090271961878,372,1.259836,1.4612820000000006,0.055973285081827,0.003125132905025474,4-skew-two-planes,False
0.11038716408283572,0.09931533764482332,0.05131630261125624,0.09237461098183546,0.9343688853455602,0.10031762655138675,373,1.2649470000000012,1.4454290000000007,0.0638120187389442,0.004062632987918646,4-skew-two-planes,False
0.11032003349216592,0.10310114606460068,0.0540653846519338,0.09016574960888005,0.9615385911314124,0.10497992049156507,374,1.268771000000001,1.4243870000000012,0.0751054046482451,0.005625133126073378,4-skew-two-planes,False
0.11021796259123479,0.10760764035573643,0.057764186270909956,0.08733623271990631,0.9953064483755378,0.10964674849320655,375,1.2562900000000004,1.39948,0.0885743316903912,0.007812633319490225,4-skew-two-planes,False
0.11044323077238037,0.09479594351136039,0.04920452920010108,0.09419831676333221,0.9101664158319216,0.0980523906287322,376,1.2574430000000003,1.4684440000000016,0.0531075409305614,0.0028126328773945275,4-skew-two-planes,True
0.11042959083641865,0.09615014759812719,0.049719060845657526,0.09373399537776816,0.9165564833277139,0.09825085234627276,377,1.2598369999999992,1.4612829999999999,0.055973285081827,0.003125132905025474,4-skew-two-planes,False
0.1103871641552214,0.09931435052399483,0.05131627900049805,0.09237462229700094,0.9343677786647346,0.10031765835169516,378,1.2649460000000001,1.4454279999999997,0.0638120187389442,0.004062632987918424,4-skew-two-planes,False
0.11032003400010874,0.10310008318756371,0.05406535160750783,0.09016576482452608,0.9615372555067567,0.10497991951228598,379,1.2687690000000007,1.424386000000002,0.0751054046482451,0.005625133126073378,4-skew-two-planes,False
0.1102179642369665,0.10760498297318252,0.057764204502674284,0.08733611768965983,0.9953052882336973,0.1096468922205981,380,1.256289999999999,1.3994779999999984,0.0885743316903912,0.007812633319490447,4-skew-two-planes,False
0.1103152430679332,0.10891673282895256,0.053808634719071165,0.09080561356221199,0.9597883183687248,0.10444337723091257,381,1.2521339999999999,1.4401879999999987,0.0730802577337197,0.005312633098442321,4-skew-two-planes,False
0.11028251015618003,0.10789252980549456,0.055572598696585554,0.08944849692658098,0.9727483968959352,0.10636276108311106,382,1.2530000000000001,1.4158139999999992,0.079303620124006,0.006250133181335271,4-skew-two-planes,False
0.11022694533344134,0.10615301268498654,0.05845246973273529,0.08728658423025663,0.9929651069569253,0.10965931244873232,383,1.2532120000000013,1.3848060000000006,0.0887329546412888,0.007812633319490225,4-skew-two-planes,False
0.11014578072725772,0.10624612548579584,0.06257674253517016,0.08450986180373578,1.0207170807959987,0.11416236057678486,384,1.342293000000001,1.3510890000000013,0.1004987694962688,0.010000133512907072,4-skew-two-planes,False
0.1103262030786961,0.10910546678032748,0.053241693099802,0.0912674190380979,0.9551876851337121,0.10409131874168798,385,1.2515100000000015,1.4508430000000008,0.0708872437799218,0.0050001330708113745,4-skew-two-planes,True
0.11031523609351052,0.10891664378955175,0.05380862841867802,0.09080560731997347,0.9597884313065533,0.10444337079943299,386,1.2521339999999999,1.4401879999999987,0.0730802577337197,0.005312633098442321,4-skew-two-planes,False
0.11028250830663403,0.10789258868014391,0.05557261772102841,0.08944849358874647,0.9727484904940531,0.10636273968192836,387,1.2530000000000001,1.4158139999999992,0.079303620124006,0.006250133181335271,4-skew-two-planes,False
0.11022694162924578,0.10615288938141319,0.05845243150212375,0.08728659157896675,0.9929648961598225,0.10965928863866635,388,1.2532119999999995,1.384805,0.0887329546412888,0.007812633319490225,4-skew-two-planes,False
0.11014578743363844,0.1062478824513985,0.06257682478682211,0.08450984335152027,1.0207187787797574,0.11416238435975654,389,1.342302,1.351090000000001,0.1004987694962687,0.010000133512907072,4-skew-two-planes,False
0.11031438969591832,0.11004092153310378,0.053728035627356535,0.09081231994180271,0.9609863596267638,0.10432658747963494,390,1.2536570000000022,1.4436849999999999,0.0730588739981275,0.005312633098442321,4-skew-two-planes,False
0.11027862362257085,0.11244259857862307,0.05533297986347914,0.08946788352007638,0.9776924122288961,0.10617317750891818,391,1.2591909999999995,1.4277080000000013,0.0792247698801465,0.006250133181335493,4-skew-two-planes,False
0.11021794204852361,0.11389172180964562,0.05796475699684796,0.08731408673031539,1.001807074714484,0.10977042936792585,392,1.2645529999999994,1.4060080000000004,0.0885743316903912,0.007812633319490225,4-skew-two-planes,False
0.11012998677647781,0.1111681281070357,0.06142719040241814,0.08455735141793871,1.0275640209867778,0.11409221190079336,393,1.2610259999999993,1.3757930000000016,0.100249701552784,0.010000133512907072,4-skew-two-planes,False
0.1103262030786961,0.10910546678032748,0.053241693099802,0.0912674190380979,0.9551876851337121,0.10409131874168798,394,1.2515100000000015,1.4508430000000008,0.0708872437799218,0.0050001330708113745,4-skew-two-planes,True
0.11031438960064947,0.11004093928273624,0.053728015399438334,0.09081231251478465,0.9609865006401137,0.1043265659932391,395,1.2536570000000022,1.4436849999999999,0.0730588739981275,0.005312633098442321,4-skew-two-planes,False
0.1102786257426881,0.11244265641740886,0.05533299438230546,0.08946788372434866,0.9776924263858565,0.1061731782656619,396,1.2591909999999995,1.4277089999999997,0.0792247698801465,0.006250133181335271,4-skew-two-planes,False
0.1102179468626406,0.11389178327116779,0.057964773039813615,0.08731409490702471,1.0018069810862418,0.10977043659799009,397,1.2645529999999994,1.4060080000000004,0.0885743316903912,0.007812633319490225,4-skew-two-planes,False
0.11012997101533017,0.11116929508289215,0.0614271537822102,0.08455734117830903,1.0275652250640313,0.11409218279025206,398,1.2610270000000021,1.3757940000000008,0.1002497015527839,0.010000133512907294,4-skew-two-planes,False
0.11055693126045174,0.07092747134115902,0.04531410422280275,0.09746139615846992,0.8520831091104667,0.09078956027684239,399,1.2674650000000005,1.4937500000000004,0.0250078145958587,0.0006251326839775695,4-skew-two-planes,False
0.1105103572753394,0.08244946784173628,0.046850420673295444,0.09601191237037057,0.8789221355113969,0.09350049088440333,400,1.264562000000001,1.4782270000000013,0.0395593455602131,0.0015626327668707418,4-skew-two-planes,False
0.11043067402707167,0.09585577203823357,0.04968498546328285,0.09373254167981519,0.916308715650984,0.09825354614136637,401,1.2596399999999992,1.461402999999999,0.0559889851279903,0.003125132905025474,4-skew-two-planes,False
0.11031627627068583,0.10966026579098827,0.0536827150956347,0.09081016748249866,0.9606593428459362,0.10434154673525817,402,1.253397999999999,1.4437479999999998,0.0730802577337197,0.005312633098442321,4-skew-two-planes,False
0.11057232182224398,0.06542790126086062,0.04487990470697474,0.09795106677902288,0.841339879069941,0.09020151794138548,403,1.262715,1.502397000000002,0.017680433794624,0.00031263265634662307,4-skew-two-planes,True
0.11055693387864644,0.07092832836610545,0.045314071178465413,0.09746140221124619,0.8520838173180298,0.09078955406935382,404,1.2674660000000006,1.4937510000000014,0.0250078145958587,0.0006251326839775695,4-skew-two-planes,False
0.11051035989040361,0.08244938911766876,0.046850430898753334,0.09601191058180843,0.8789220887910952,0.09350049561879033,405,1.264561,1.4782269999999995,0.0395593455602131,0.0015626327668705198,4-skew-two-planes,False
0.11043067071055952,0.09585567123209901,0.04968495339443204,0.09373254723188595,0.9163085377577164,0.09825356416580368,406,1.259640000000001,1.4614030000000007,0.0559889851279903,0.003125132905025474,4-skew-two-planes,False
0.11031630094009152,0.10966050486633004,0.053682596128080476,0.0908100904509142,0.9606602737216945,0.10434147085968358,407,1.253399,1.4437480000000003,0.0730802577337196,0.005312633098442543,4-skew-two-planes,False
0.11051036008505333,0.08244948989023439,0.046850432822403636,0.09601190959712368,0.8789221760746225,0.09350049494142278,408,1.264562000000001,1.4782270000000013,0.0395593455602131,0.0015626327668705198,4-skew-two-planes,False
0.11039161019646114,0.09929906765930226,0.051159590885370095,0.0923677853842335,0.934584938885356,0.10038556515362511,409,1.2654449999999993,1.4470849999999995,0.063867088447672,0.004062632987918424,4-skew-two-planes,False
0.11028625308366517,0.11151761319110325,0.055185236534086704,0.08945849510882457,0.9770250839306813,0.10619038166057482,410,1.2588790000000003,1.4285679999999998,0.079303620124006,0.006250133181335271,4-skew-two-planes,False
0.11052417913302859,0.08026671344920534,0.04638564238722591,0.09648630747423889,0.871557948021752,0.0932084061480119,411,1.2617710000000009,1.485634000000001,0.0353774339354054,0.0012501327392395734,4-skew-two-planes,True
0.11051035532460193,0.08244834331598737,0.04685042398192718,0.09601191347826464,0.8789210571547744,0.09350047367054602,412,1.264561,1.4782260000000003,0.0395593455602131,0.0015626327668705198,4-skew-two-planes,False
0.11039161203950953,0.09930017411961417,0.05115959341084769,0.0923677678893033,0.9345861348397602,0.1003855828020069,413,1.2654460000000003,1.4470860000000005,0.063867088447672,0.004062632987918424,4-skew-two-planes,False
0.11028625974003123,0.11151639958302327,0.05518534008785025,0.08945837451611598,0.9770254497276585,0.10619030571376743,414,1.2588799999999973,1.4285669999999993,0.079303620124006,0.006250133181335493,4-skew-two-planes,False
0.11043067286966539,0.09585576991160294,0.04968497990833825,0.09373253999134644,0.916308742669751,0.09825354222042158,415,1.2596399999999992,1.461402999999999,0.0559889851279903,0.003125132905025474,4-skew-two-planes,False
0.11039161106128112,0.09929908312154473,0.051159593146024085,0.09236778431709866,0.9345849298059558,0.1003855543676957,416,1.2654449999999993,1.4470849999999995,0.063867088447672,0.004062632987918646,4-skew-two-planes,False
0.11032994185351624,0.10652307877096115,0.053888598874635714,0.0901469152740711,0.9655437863610333,0.10513263229660157,417,1.2751339999999982,1.4312429999999985,0.0752106516570244,0.005625133126073378,4-skew-two-planes,False
0.11023539869403444,0.11507645432284513,0.05758740147189902,0.0872905813734954,1.0037238887534605,0.10969707158968782,418,1.267462999999999,1.4113779999999991,0.0887329546412888,0.007812633319490225,4-skew-two-planes,False
0.11044322558751353,0.09479599828248707,0.04920453796337165,0.09419831020591059,0.9101665743742561,0.09805239148677236,419,1.2574429999999985,1.4684439999999999,0.0531075409305613,0.0028126328773945275,4-skew-two-planes,True
0.11043067162762674,0.09585578071938325,0.04968496887738078,0.09373254188389706,0.9163087115503104,0.09825351812010313,420,1.2596399999999992,1.461402999999999,0.0559889851279903,0.003125132905025474,4-skew-two-planes,False
0.11039160772858395,0.099299112816603,0.051159588186769175,0.09236778015084715,0.9345849995003606,0.1003856141698073,421,1.2654449999999993,1.4470849999999995,0.0638670884476719,0.004062632987918424,4-skew-two-planes,False
0.11032994261420385,0.10652293490948188,0.0538885428775338,0.0901469028124076,0.9655437291256442,0.10513266551063767,422,1.2751339999999995,1.4312440000000008,0.0752106516570244,0.005625133126073378,4-skew-two-planes,False
0.11023539991439142,0.11507773423239474,0.05758739878025949,0.08729046098224867,1.0037263845903046,0.10969709543472314,423,1.2674670000000017,1.4113800000000007,0.0887329546412888,0.007812633319490447,4-skew-two-planes,False
0.11031627638772554,0.10966026994057197,0.05368271635006851,0.09081016703240444,0.9606593487309687,0.10434155300115883,424,1.253397999999999,1.4437479999999998,0.0730802577337196,0.005312633098442321,4-skew-two-planes,False
0.11028625308366459,0.11151761319109649,0.0551852365340867,0.08945849447795812,0.9770250890639465,0.10619038377833821,425,1.2588790000000003,1.4285679999999998,0.079303620124006,0.006250133181335493,4-skew-two-planes,False
0.11023539869403373,0.1150764543228384,0.057587401471899016,0.087290580844463,1.003723895753786,0.10969707116326691,426,1.267462999999999,1.4113779999999991,0.0887329546412888,0.007812633319490225,4-skew-two-planes,False
0.11016072848754756,0.11888232938846213,0.06114500289722003,0.08450365217597731,1.0367913309258547,0.11413769738725565,427,1.2748479999999986,1.3905320000000003,0.1004987694962688,0.010000133512907072,4-skew-two-planes,False
0.11032618049883833,0.10910652266007481,0.05324179460971896,0.09126749610845823,0.955188019759007,0.10409138187539056,428,1.2515080000000012,1.450844,0.0708872437799217,0.0050001330708113745,4-skew-two-planes,True
0.11031628741194321,0.1096597536888585,0.05368269478100862,0.0908101670171294,0.9606587420967546,0.1043415285570831,429,1.2533980000000002,1.4437469999999997,0.0730802577337196,0.005312633098442321,4-skew-two-planes,False
0.11028626946340062,0.11151690895565684,0.05518528288795463,0.08945849539755982,0.977024395453566,0.10619040374412722,430,1.2588779999999993,1.428566,0.0793036201240059,0.006250133181335271,4-skew-two-planes,False
0.11023540440116963,0.11507655287673618,0.05758728813443249,0.0872906018188831,1.003723572522357,0.10969688579774436,431,1.2674630000000011,1.4113779999999991,0.0887329546412888,0.007812633319490225,4-skew-two-planes,False
0.11016074622883268,0.11888450742235471,0.06114509493934987,0.08450347178347488,1.0367950981635763,0.11413773740566835,432,1.2748520000000005,1.3905320000000003,0.1004987694962687,0.010000133512907294,4-skew-two-planes,False
0.11057232043319853,0.06542786817889733,0.044879889479761216,0.09795106645404965,0.8413398822021007,0.09020152968370698,433,1.262715,1.5023980000000012,0.0176804337946241,0.00031263265634662307,4-skew-two-planes,True
0.11052417764843045,0.08026668914921799,0.046385652534420854,0.09648630905727032,0.8715579383184824,0.09320841409772522,434,1.2617710000000009,1.485634000000001,0.0353774339354055,0.0012501327392397954,4-skew-two-planes,True
0.11044322577091222,0.09479600675123043,0.04920454141041853,0.09419830725367935,0.9101666142333237,0.0980523898629759,435,1.2574429999999985,1.4684439999999999,0.0531075409305613,0.0028126328773945275,4-skew-two-planes,True
0.11032618131655286,0.10910653518329627,0.05324179056423648,0.09126749659234687,0.9551880176340193,0.1040913816854651,436,1.2515080000000012,1.450844,0.0708872437799218,0.0050001330708113745,4-skew-two-planes,True
0.1105723213504021,0.06542784391766569,0.044879866890860966,0.09795105106381548,0.8413400128327819,0.09020153030457678,437,1.262715,1.5023980000000003,0.017680433794624,0.00031263265634662307,4-skew-two-planes,True
0.1105241722239039,0.08026671582779178,0.0463856441948651,0.09648632940408142,0.8715578620387155,0.09320832667274936,438,1.2617710000000009,1.485634000000001,0.0353774339354054,0.0012501327392395734,4-skew-two-planes,True
0.11044323148008808,0.09479595449699997,0.049204524886921286,0.09419831577255885,0.9101664319209017,0.0980523802419228,439,1.2574430000000003,1.4684440000000016,0.0531075409305613,0.0028126328773945275,4-skew-two-planes,True
0.1103262040365489,0.10910547864982371,0.05324169571111574,0.09126742202184614,0.9551876584265497,0.10409132338101837,440,1.2515090000000022,1.4508430000000008,0.0708872437799217,0.0050001330708115965,4-skew-two-planes,True
0.11055693384460828,0.07092832644014178,0.045314068524889534,0.0974614006451717,0.8520838388578836,0.09078955380031156,441,1.2674660000000006,1.4937510000000014,0.0250078145958588,0.0006251326839775695,4-skew-two-planes,False
0.11051035532460267,0.0824483433159943,0.04685042398192718,0.09601191347826833,0.8789210571547338,0.09350047367054604,442,1.264561,1.4782260000000003,0.0395593455602132,0.0015626327668707418,4-skew-two-planes,False
0.11043067154678686,0.09585578160176592,0.04968496612494953,0.09373254139581921,0.9163087182686065,0.09825351915957516,443,1.2596399999999992,1.461402999999999,0.0559889851279903,0.003125132905025474,4-skew-two-planes,False
0.11031628702411159,0.10965975158994949,0.05368269363428241,0.09081016701713111,0.9606587420967369,0.10434152855708313,444,1.2533980000000002,1.4437469999999997,0.0730802577337197,0.005312633098442321,4-skew-two-planes,False
0.11057231878023925,0.06542782949167637,0.04487987038763861,0.09795106120477529,0.8413399179963339,0.09020152651871355,445,1.262715,1.5023980000000003,0.0176804337946241,0.00031263265634662307,4-skew-two-planes,True
0.11055692649352106,0.0709283008542363,0.04531409877146571,0.09746140016120691,0.852083953211672,0.09078956089270582,446,1.2674660000000006,1.4937500000000004,0.0250078145958588,0.0006251326839775695,4-skew-two-planes,False
0.11051036027173772,0.0824493998521114,0.046850418773598225,0.09601190758123385,0.8789221115035072,0.09350049970442638,447,1.264561,1.4782269999999995,0.0395593455602131,0.0015626327668705198,4-skew-two-planes,False
0.11043066833603213,0.09585571964193422,0.04968497178305786,0.09373254121832438,0.9163086899932454,0.0982535047686337,448,1.259640000000001,1.4614040000000017,0.0559889851279903,0.003125132905025474,4-skew-two-planes,False
0.110316301631441,0.1096594031466509,0.053682606385135015,0.09081008135210601,0.9606592931395929,0.10434149677087874,449,1.253399,1.4437469999999992,0.0730802577337197,0.005312633098442543,4-skew-two-planes,False
0.1105103598904035,0.08244938911766769,0.04685043089875334,0.09601191104450589,0.8789220855035468,0.0935004930545361,450,1.264561,1.4782269999999995,0.0395593455602131,0.0015626327668705198,4-skew-two-planes,False
0.11039161012333935,0.09929913329755755,0.05115960988891473,0.0923677857028775,0.934584954662002,0.10038561812568358,451,1.2654449999999993,1.4470849999999995,0.063867088447672,0.004062632987918424,4-skew-two-planes,False
0.11028626892813803,0.11151690406158156,0.05518528169042582,0.08945849483605213,0.9770243998622069,0.1061904043529463,452,1.2588779999999993,1.428566,0.079303620124006,0.006250133181335271,4-skew-two-planes,False
0.11052417137601457,0.08026671445959413,0.04638563705418769,0.09648632826459096,0.8715578727501869,0.09320832948328253,453,1.2617710000000009,1.485634000000001,0.0353774339354054,0.0012501327392395734,4-skew-two-planes,True
0.11051035795697013,0.08244936140271937,0.046850423256932935,0.09601190799723021,0.8789221132221723,0.09350048723983374,454,1.264561,1.4782279999999988,0.0395593455602131,0.0015626327668705198,4-skew-two-planes,False
0.11039161034624594,0.09929901479438757,0.051159586625234975,0.0923677705627559,0.9345850078505145,0.10038558600665888,455,1.2654450000000015,1.4470860000000005,0.063867088447672,0.004062632987918424,4-skew-two-planes,False
0.11028625263753601,0.11151504250387057,0.05518534345354064,0.08945842204116228,0.9770232280817299,0.10619022158844661,456,1.2588760000000008,1.4285630000000005,0.079303620124006,0.006250133181335493,4-skew-two-planes,False
0.11043066986290183,0.0958556654519654,0.04968494855992056,0.09373254440410875,0.9163085642555377,0.09825355856941909,457,1.259640000000001,1.4614030000000007,0.0559889851279903,0.003125132905025474,4-skew-two-planes,False
0.11039161133533158,0.0993001627017785,0.05115959065471101,0.09236776570365597,0.9345861595418663,0.10038558567949453,458,1.2654460000000003,1.4470860000000005,0.063867088447672,0.004062632987918646,4-skew-two-planes,False
0.11032994262387426,0.10652293629420145,0.05388854465792409,0.09014690340310447,0.9655437245051163,0.1051326667400965,459,1.2751339999999995,1.4312440000000008,0.0752106516570245,0.005625133126073378,4-skew-two-planes,False
0.11023540435033397,0.11507655095604331,0.05758728618003991,0.08729060184859952,1.0037235752537184,0.10969688602862802,460,1.2674630000000011,1.4113779999999991,0.0887329546412889,0.007812633319490225,4-skew-two-planes,False
0.11044323021752268,0.09479593585981715,0.04920452529570642,0.09419831765602782,0.9101663963460707,0.09805239016525004,461,1.2574430000000003,1.4684440000000016,0.0531075409305614,0.0028126328773945275,4-skew-two-planes,True
0.11043066843339794,0.09585572068975734,0.04968497165082831,0.09373254213529673,0.9163086713470647,0.0982534891239311,462,1.259640000000001,1.4614040000000017,0.0559889851279903,0.003125132905025474,4-skew-two-planes,False
0.1103916103697444,0.09929901662663519,0.05115958490548064,0.09236777018165647,0.9345850102641827,0.1003855895642949,463,1.2654450000000015,1.4470860000000005,0.063867088447672,0.004062632987918424,4-skew-two-planes,False
0.11032994381110883,0.10652285452998894,0.05388852096984573,0.09014692064987416,0.9655434178303566,0.10513259564427382,464,1.2751340000000004,1.4312430000000003,0.0752106516570245,0.005625133126073378,4-skew-two-planes,False
0.11023540254271912,0.11507662985531343,0.05758740466074647,0.08729045896841188,1.0037253490576408,0.10969711536850427,465,1.2674660000000006,1.4113790000000002,0.0887329546412888,0.007812633319490447,4-skew-two-planes,False
0.11031630193483802,0.10966051868350431,0.05368260343480011,0.09081008929245517,0.9606602854010714,0.10434146413213043,466,1.253399,1.4437480000000003,0.0730802577337197,0.005312633098442543,4-skew-two-planes,False
0.11028625974003094,0.11151639958302048,0.05518534008785025,0.0894583744833917,0.977025448481417,0.1061903061203082,467,1.2588799999999973,1.4285669999999993,0.079303620124006,0.006250133181335715,4-skew-two-planes,False
0.11023539991334723,0.11507773568061075,0.05758740093105352,0.0872904611445922,1.003726378389027,0.1096970932895766,468,1.2674670000000017,1.4113800000000007,0.0887329546412888,0.007812633319490447,4-skew-two-planes,False
0.11016074622883211,0.1188845074223491,0.06114509493934988,0.08450347185798267,1.036795092762506,0.11413774592011985,469,1.2748520000000005,1.3905320000000003,0.1004987694962688,0.010000133512907294,4-skew-two-planes,False
0.11032620403654875,0.10910547864982217,0.05324169571111574,0.09126742093201702,0.9551876651395368,0.10409132843405226,470,1.2515090000000022,1.4508430000000008,0.0708872437799218,0.0050001330708115965,4-skew-two-planes,True
0.11031630163144077,0.10965940314664735,0.053682606385135015,0.0908100816176604,0.960659291829013,0.10434149651872432,471,1.253399,1.4437469999999992,0.0730802577337197,0.005312633098442543,4-skew-two-planes,False
0.1102862526375363,0.11151504250387412,0.05518534345354063,0.08945842170038505,0.9770232300538748,0.10619022192491781,472,1.2588760000000008,1.4285630000000005,0.079303620124006,0.006250133181335493,4-skew-two-planes,False
0.11023540261503167,0.11507663197159665,0.05758740326141175,0.08729045886239202,1.0037253516261244,0.10969711522253532,473,1.2674660000000006,1.4113790000000002,0.0887329546412888,0.007812633319490447,4-skew-two-planes,False
0.11016073607601747,0.11888550469441418,0.06114518426100873,0.08450349425565311,1.0367958452190842,0.11413781420575685,474,1.2748530000000002,1.3905329999999996,0.1004987694962687,0.010000133512907516,4-skew-two-planes,False
0.11050968198345437,0.08317568838537033,0.046198475083077846,0.0963874436080778,0.8761241742996521,0.09286924776213226,475,1.2753900000000002,1.5116939999999985,0.0363925521718311,0.0013501327480814895,5-skew-three-planes,False
0.11030642847106598,0.10488600172532854,0.05208529345504478,0.09136868650527377,0.9516877854501651,0.10293502723380787,476,1.2586569999999995,1.4644659999999998,0.069927525355862,0.004950133066390361,5-skew-three-planes,False
0.11053422604573628,0.0689088657045641,0.04678871733055652,0.09627774874364307,0.8626566196980658,0.09232096050958086,477,1.2653730000000003,1.4581079999999993,0.0371270502885525,0.0013501327480814895,5-skew-three-planes,False
0.11048056303228057,0.08680966380394745,0.04941535761457733,0.09419485207041771,0.9019569318651417,0.09742528779658545,478,1.263783999999999,1.4413310000000017,0.0525325682482106,0.0027001328674475245,5-skew-three-planes,False
0.1103826078709112,0.10441898321754574,0.053871920926420826,0.09101926667866098,0.9522161472589001,0.1027008682817999,479,1.2581620000000022,1.4207620000000016,0.0710764295040383,0.004950133066390583,5-skew-three-planes,False
0.11043005782375835,0.09245694060851438,0.04823028630164819,0.09442573888598735,0.9066177379889018,0.09674530815199049,480,1.2670060000000003,1.4866600000000023,0.0515061715512736,0.0027001328674473024,5-skew-three-planes,False
0.11048118067812863,0.08634850079272981,0.049457496383221396,0.09419084306078282,0.9014815382666161,0.09734087299811187,481,1.26403,1.4398269999999993,0.0525441312324008,0.0027001328674473024,5-skew-three-planes,False
0.11044925140567365,0.09316960295795643,0.05247149651851747,0.0921003610683661,0.9301250172249862,0.10118563560282036,482,1.2729929999999996,1.417958999999998,0.0645970865907369,0.004050132986813337,5-skew-three-planes,False
0.11037329659689074,0.10757585935713758,0.056899604900915134,0.08895520648724349,0.9763007310004642,0.1065158415974175,483,1.2661489999999986,1.3946949999999987,0.0806104627585632,0.006300133185756396,5-skew-three-planes,False
0.11030608908360055,0.10482632184947392,0.05220023880000862,0.09136894841251285,0.9514100891962987,0.10298656532403956,484,1.257398000000002,1.462003000000001,0.0699506883666464,0.004950133066390361,5-skew-three-planes,False
0.11021975135364288,0.10975583944776222,0.053589291836457456,0.08963531274346596,0.9764190016122049,0.10651456737305974,485,1.2661599999999993,1.4618699999999993,0.078587986672342,0.006300133185756174,5-skew-three-planes,False
0.11009919986951734,0.11860552976025719,0.05660344222221634,0.08664082436727928,1.0181374607030627,0.11138226766954343,486,1.2791350000000001,1.4497759999999995,0.0915230011377909,0.008550133384699343,5-skew-three-planes,False
0.11038328084403472,0.10389159183432348,0.05388849566827133,0.0910134667887361,0.9516298033516923,0.10281854738918435,487,1.2583369999999992,1.4183179999999993,0.071099218220846,0.004950133066390361,5-skew-three-planes,False
0.11037533396563735,0.10703743991704152,0.056936801062314,0.08893778067442362,0.975924973428852,0.10664555965256613,488,1.26741,1.3934509999999989,0.0806230221866423,0.006300133185756396,5-skew-three-planes,False
0.11033236835494442,0.11402634400541413,0.061286994605000936,0.08584622410862558,1.0144384668501987,0.11272308601440907,489,1.3682809999999992,1.3682809999999992,0.0941406385319936,0.008550133384699565,5-skew-three-planes,False
0.11053422587332637,0.0689098283595576,0.04678868739174286,0.09627774963756378,0.8626575538417682,0.09232096194870772,490,1.2653730000000003,1.4581089999999985,0.0371270502885526,0.0013501327480814895,5-skew-three-planes,False
0.11048056707617512,0.08680971489811559,0.04941534034962918,0.09419485460049551,0.9019568678366474,0.0974252734180011,491,1.2637850000000004,1.4413299999999998,0.0525325682482106,0.0027001328674473024,5-skew-three-planes,False
0.11038260158364241,0.10441914235877017,0.05387192646014332,0.09101933274719526,0.9522156333900583,0.10270079258508846,492,1.2581610000000012,1.4207619999999994,0.0710764295040383,0.004950133066390361,5-skew-three-planes,False
0.11050968465528707,0.08317556414599185,0.04619848794464852,0.09638743902873968,0.8761240919144836,0.09286923090101586,493,1.2753900000000016,1.5116940000000003,0.036392552171831,0.0013501327480814895,5-skew-three-planes,False
0.11030643190753814,0.10488495970181004,0.05208527490288908,0.09136856883492574,0.9516878579865685,0.10293515459309587,494,1.2586580000000023,1.4644660000000016,0.069927525355862,0.004950133066390583,5-skew-three-planes,False
0.11048117458599589,0.08634957575943843,0.049457518323301065,0.09419083521837124,0.9014827550542936,0.09734086609173569,495,1.2640300000000013,1.4398289999999996,0.0525441312324009,0.0027001328674473024,5-skew-three-planes,False
0.11044925592922551,0.0931696677146487,0.05247148399975413,0.09210037368163589,0.9301248282825707,0.10118565391629872,496,1.2729919999999986,1.417958999999998,0.064597086590737,0.004050132986813115,5-skew-three-planes,False
0.11037328272349253,0.10757539091378025,0.056899549240510265,0.08895525890348208,0.9762995760008767,0.10651571778902881,497,1.2661469999999984,1.3946939999999994,0.0806104627585633,0.006300133185756174,5-skew-three-planes,False
0.11043005769878454,0.09245688102137704,0.04823028151009057,0.09442574015302106,0.9066176692069116,0.09674531879473984,498,1.2670059999999994,1.4866599999999988,0.0515061715512736,0.0027001328674473024,5-skew-three-planes,False
0.11038328328865443,0.10389164757491383,0.05388851088982702,0.09101337502526041,0.9516305903690602,0.10281856607298842,499,1.2583390000000012,1.4183190000000003,0.0710992182208461,0.004950133066390361,5-skew-three-planes,False
0.11037535392324248,0.10703668395394556,0.056936864806137896,0.08893770851635593,0.9759251250905632,0.10664565095483336,500,1.267411000000001,1.3934510000000007,0.0806230221866423,0.006300133185756174,5-skew-three-planes,False
0.11033235448017263,0.11402650103166999,0.06128704458769607,0.08584620798076834,1.0144391097212206,0.112723191511834,501,1.3682819999999989,1.3682819999999989,0.0941406385319936,0.008550133384699343,5-skew-three-planes,False
0.11030611374949993,0.10482512562994027,0.0522001076781566,0.09136886910669631,0.951409369721841,0.1029865776051062,502,1.257398999999999,1.462000999999999,0.0699506883666464,0.004950133066390361,5-skew-three-planes,False
0.11021975351529324,0.10975452050802746,0.05358933194390246,0.08963525172213826,0.976418281875668,0.10651458470319516,503,1.2661599999999993,1.4618699999999993,0.078587986672342,0.006300133185756396,5-skew-three-planes,False
0.11009919445465427,0.11860652956168027,0.05660348194272653,0.08664090377950398,1.0181377513795,0.11138217285470947,504,1.2791360000000007,1.4497770000000014,0.0915230011377909,0.008550133384699565,5-skew-three-planes,False
0.11042927657882423,0.09255866071623632,0.04826004489145826,0.09442688403775414,0.9066755852899248,0.09671861790786065,505,1.2671399999999995,1.4863169999999997,0.0514943754953331,0.0027001328674473024,5-skew-three-planes,False
0.11021385495258973,0.10597797475627155,0.053570330450375,0.08964197379026409,0.9725601846449229,0.10636163494856556,506,1.2624379999999995,1.456760000000001,0.0785054880051094,0.006300133185756174,5-skew-three-planes,False
0.11048041158924835,0.08685995207570912,0.04949849726258544,0.09419185690080002,0.9019335651936379,0.09734780354698291,507,1.2644650000000004,1.4398850000000003,0.0525325682482105,0.0027001328674473024,5-skew-three-planes,False
0.11044618257645084,0.09248393682940027,0.052541909640758326,0.09210701131591584,0.9291036746270057,0.10104615763344792,508,1.2704240000000002,1.41526,0.0645594578288242,0.004050132986813337,5-skew-three-planes,False
0.11036661066385532,0.10442544023278218,0.056914849567393545,0.08897246969755655,0.9727205560284132,0.10655103520075569,509,1.261114000000001,1.389428,0.0805426080048069,0.006300133185756396,5-skew-three-planes,False
0.11023891165805247,0.107734798195334,0.0515179858129836,0.0909104954693289,0.9621305533624048,0.104986303567617,510,1.283668999999998,1.5037829999999985,0.0721573377987969,0.005400133106178928,5-skew-three-planes,False
0.1100938486857744,0.11477795345309101,0.054537414444716506,0.08800738919418419,1.0013939816147381,0.11007340306713394,511,1.2756969999999992,1.4880849999999999,0.0858483807634159,0.007650133305121987,5-skew-three-planes,False
0.11044826748235043,0.09057754572451905,0.05266574662913003,0.09209370019215977,0.9270157468722188,0.10101725356850065,512,1.2697910000000001,1.4100129999999975,0.0645970865907369,0.004050132986813115,5-skew-three-planes,False
0.1104436494595758,0.08915749286599293,0.056173436107367976,0.08997555016398916,0.947305594755263,0.10553760186609706,513,1.3805849999999995,1.3805849999999995,0.0750911544364836,0.00540013310617915,5-skew-three-planes,False
0.110400977732578,0.1064621737363731,0.06101986862467773,0.08681880726905752,0.9953689016569451,0.11123982769946465,514,1.357783,1.357783,0.0895429762420909,0.007650133305122209,5-skew-three-planes,False
0.11021551865211009,0.10379186614180715,0.05401031040764282,0.08961844169680296,0.9697964168359617,0.10632149371109773,515,1.257515999999999,1.4444979999999994,0.078587986672342,0.006300133185756174,5-skew-three-planes,False
0.11009290153926299,0.10842692203094166,0.0547322133706625,0.08801444495770373,0.994272194180853,0.11010867700135399,516,1.2655940000000006,1.4731559999999995,0.0858955440120896,0.007650133305121987,5-skew-three-planes,False
0.10994171847338662,0.1237376901734023,0.05721007486560557,0.08455689556364578,1.0475554995944143,0.11873124559664189,517,1.2865480000000016,1.4873990000000017,0.0974547718424541,0.009900133504065156,5-skew-three-planes,False
0.11037281191781409,0.10314092181104806,0.057258800122991046,0.08892551588084784,0.971308787928802,0.10699274795271224,518,1.2609389999999987,1.3821949999999994,0.0806230221866422,0.006300133185756174,5-skew-three-planes,False
0.11040678826692203,0.10465433369954649,0.061179061552441794,0.08677374498375252,0.9936970314729388,0.11157731253490606,519,1.3531319999999987,1.3531319999999987,0.0895881945109066,0.007650133305122209,5-skew-three-planes,False
0.11041219785843054,0.11454041163042289,0.06651550770693361,0.08366427443450765,1.0345198415470167,0.11730795231824794,520,1.329797000000001,1.329797000000001,0.1023202459279277,0.009900133504065378,5-skew-three-planes,False
0.11048041093955804,0.08685992674021975,0.049498502978233445,0.09419185873546755,0.9019335465918825,0.09734778587468884,521,1.2644639999999994,1.4398850000000003,0.0525325682482106,0.0027001328674473024,5-skew-three-planes,False
0.11044619084943991,0.09248299164607633,0.05254190998323732,0.09210701863145689,0.9291025423755152,0.10104618591365053,522,1.270423,1.415258999999999,0.0645594578288242,0.004050132986813115,5-skew-three-planes,False
0.1103665942774768,0.10442568533648065,0.05691484973125075,0.08897254233906508,0.9727201268424249,0.10655092759989628,523,1.261113,1.3894289999999998,0.0805426080048069,0.006300133185756174,5-skew-three-planes,False
0.11042927478947986,0.09255754480736669,0.04826002259097216,0.09442687963195609,0.906674514167573,0.09671860422364513,524,1.2671389999999998,1.4863160000000004,0.0514943754953331,0.0027001328674473024,5-skew-three-planes,False
0.11021385808990453,0.10597702263795016,0.053570349958629145,0.08964188745187684,0.9725599482080935,0.10636162417547979,525,1.2624369999999985,1.4567599999999992,0.0785054880051094,0.006300133185756396,5-skew-three-planes,False
0.11044826044022366,0.09057634888304009,0.05266574186614841,0.09209370408417897,0.9270146693989249,0.1010171962235542,526,1.26979,1.4100119999999983,0.064597086590737,0.004050132986813448,5-skew-three-planes,False
0.1104436488510021,0.08915847149981035,0.05617340520159215,0.08997555107842185,0.947306597126039,0.10553761197365222,527,1.3805860000000005,1.3805860000000005,0.0750911544364837,0.005400133106179261,5-skew-three-planes,False
0.11040095942573035,0.10646193896816336,0.061019857163404544,0.08681885185287569,0.9953685070598668,0.11123982464158455,528,1.3577829999999995,1.3577829999999995,0.089542976242091,0.00765013330512232,5-skew-three-planes,False
0.11023891044889202,0.10773465820097858,0.051517987197916656,0.09091049194742878,0.9621304212173067,0.10498630325385554,529,1.2836700000000008,1.5037830000000003,0.0721573377987971,0.005400133106179483,5-skew-three-planes,False
0.11009384350345292,0.11477682511960229,0.05453733560748808,0.08800739395955003,1.0013927968387561,0.11007337079049193,530,1.2756959999999986,1.4880839999999997,0.085848380763416,0.007650133305122542,5-skew-three-planes,False
0.11037283543190562,0.10314077426546553,0.057258795779958134,0.08892543932658326,0.9713091773797227,0.10699288013448864,531,1.260939,1.3821949999999994,0.0806230221866423,0.006300133185756507,5-skew-three-planes,False
0.11040679788368524,0.10465364509269344,0.06117896973189242,0.08677368281867644,0.9936967248944163,0.11157733314103098,532,1.3531309999999994,1.3531309999999994,0.0895881945109067,0.00765013330512232,5-skew-three-planes,False
0.11041219263383915,0.11454152215670022,0.0665155347085348,0.08366430674581303,1.034520820286081,0.11730794066708683,533,1.3297980000000003,1.3297980000000003,0.1023202459279278,0.00990013350406549,5-skew-three-planes,False
0.11021551011935782,0.10378954313255075,0.05401028058049541,0.08961833556662653,0.9697952017402887,0.1063214751625335,534,1.2575150000000015,1.4444960000000004,0.078587986672342,0.006300133185756507,5-skew-three-planes,False
0.11009288997179575,0.10842772848381957,0.054732168399445384,0.08801453604396205,0.994271994063521,0.11010863171531418,535,1.2655939999999997,1.4731579999999997,0.0858955440120897,0.007650133305122542,5-skew-three-planes,False
0.10994169936526005,0.12373621514948192,0.057210005745376616,0.0845571270943414,1.0475514921174638,0.11873108007704068,536,1.286543,1.4873969999999996,0.0974547718424542,0.009900133504065711,5-skew-three-planes,False
0.11030409579235893,0.10530996289292827,0.05227437258132531,0.09137070653366001,0.9518337709174146,0.10299788865565362,537,1.2577759999999998,1.4619,0.069927525355862,0.004950133066390472,5-skew-three-planes,False
0.1102115454492665,0.10974743670945551,0.05377539372564208,0.08964374097270436,0.976095190502119,0.10650140859255686,538,1.2655119999999993,1.4593999999999996,0.0785054880051094,0.006300133185756285,5-skew-three-planes,False
0.11008408367235265,0.11075995277614605,0.05697175081140826,0.08665408260257826,1.0095443086326579,0.11135944820904962,539,1.268623999999999,1.4365389999999998,0.0913635580092603,0.008550133384699343,5-skew-three-planes,False
0.11038128700270484,0.10449325998501646,0.05393948853885666,0.09101574046457403,0.9521598162066057,0.10283299361207843,540,1.2588029999999986,1.4184019999999982,0.0710764295040383,0.004950133066390472,5-skew-three-planes,False
0.11036722393558702,0.10806911171402782,0.05716308905383587,0.08894977477315634,0.9765326778775658,0.10658692778011124,541,1.2674969999999988,1.3920889999999986,0.080542608004807,0.006300133185756507,5-skew-three-planes,False
0.11031446139193123,0.10943445812382413,0.06140568414070718,0.08588296754015712,1.0086728371977385,0.11232085552791289,542,1.3584540000000018,1.3584540000000018,0.093985636232644,0.008550133384699565,5-skew-three-planes,False
0.11021428665239444,0.1042571326219764,0.05403828499115917,0.0896192020694984,0.9702269808583116,0.10631644906011356,543,1.2580479999999996,1.4446549999999991,0.0785751019652797,0.006300133185756285,5-skew-three-planes,False
0.11008795420195448,0.1094878041976828,0.05482639675191085,0.08801160245359659,0.995206788907675,0.11015649783528018,544,1.2667900000000003,1.4725280000000005,0.0858483807634158,0.007650133305122098,5-skew-three-planes,False
0.10993056811923559,0.11654477852780373,0.05746379819774995,0.08454162458734155,1.039976559817118,0.11897862620502665,545,1.2782859999999996,1.4758270000000007,0.097361222011856,0.009900133504065156,5-skew-three-planes,False
0.11037152519237492,0.10377681650755685,0.05729913161142764,0.08892653941390748,0.9718992507597004,0.1069804738495445,546,1.2616119999999995,1.3825309999999984,0.0806104627585632,0.006300133185756285,5-skew-three-planes,False
0.11040134814026671,0.11160402252181165,0.06634970989104562,0.0836793600723645,1.0304018328359388,0.11719536523096907,547,1.3218160000000014,1.3218160000000014,0.1022311484995094,0.009900133504065378,5-skew-three-planes,False
0.11008639183415389,0.10333924383738277,0.057766782522219784,0.08668412216074733,1.0001821040716214,0.11056620445408064,548,1.2571049999999993,1.4115669999999998,0.0915230011377908,0.008550133384699343,5-skew-three-planes,False
0.10993262648966429,0.10463401303872015,0.057895282390513385,0.0845820038721472,1.0263734357183767,0.1187010459657107,549,1.2617989999999981,1.4469529999999997,0.0974547718424541,0.009900133504065156,5-skew-three-planes,False
0.10975012875840179,0.11251385359000682,0.05962554144793284,0.0818814708659306,1.0664148372139037,0.12804902264874915,550,1.2756430000000023,1.4841580000000008,0.1074049375693354,0.012150133703008326,5-skew-three-planes,False
0.1103279693240202,0.10511944628575713,0.061976215444612764,0.08581307097387719,1.0035772433274548,0.11243742145964497,551,1.3428880000000003,1.3428880000000003,0.0941406385319935,0.008550133384699343,5-skew-three-planes,False
0.11041212420892264,0.10659373449252467,0.0666081215824692,0.08360502031071683,1.025128888017789,0.11805978809219625,552,1.3104949999999995,1.3104949999999995,0.1023202459279278,0.009900133504065378,5-skew-three-planes,False
0.1104734915710514,0.112947931564012,0.07257593392284864,0.08057032632354078,1.060933443099516,0.12303486194137706,553,1.283004,1.283004,0.1139904420208251,0.012150133703008548,5-skew-three-planes,False
0.11038129928900585,0.10449218895132337,0.05393941461077726,0.09101576309114684,0.9521582875981467,0.10283293305756679,554,1.2588019999999993,1.418400999999999,0.0710764295040383,0.004950133066390472,5-skew-three-planes,False
0.11036723142238153,0.10806906191025081,0.057163173576210875,0.08894977737334285,0.9765326281476203,0.10658697826906022,555,1.2674979999999998,1.392089,0.0805426080048069,0.006300133185756285,5-skew-three-planes,False
0.11031448862492124,0.10942999685711335,0.06140550450107204,0.08588301059921262,1.0086682798294553,0.1123207780332967,556,1.358451999999998,1.358451999999998,0.093985636232644,0.008550133384699343,5-skew-three-planes,False
0.11030408472913894,0.10530939694917653,0.05227419757545605,0.09137068965966029,0.9518334106098051,0.10299784407191978,557,1.257776999999999,1.4618979999999997,0.069927525355862,0.004950133066390472,5-skew-three-planes,False
0.11021154101521716,0.10974815111511167,0.05377535326007502,0.08964374660440977,0.9760957221814311,0.10650131831255656,558,1.2655119999999993,1.4593999999999987,0.0785054880051095,0.006300133185756507,5-skew-three-planes,False
0.11008406561522958,0.11076194866834188,0.056971826037113475,0.08665408225307561,1.0095465882423043,0.11135932749031559,559,1.2686260000000011,1.4365410000000005,0.0913635580092603,0.008550133384699565,5-skew-three-planes,False
0.11037153104891953,0.10377701317894415,0.057299144545297616,0.08892650968699985,0.9718994340194365,0.10698057798953489,560,1.2616099999999988,1.3825310000000006,0.0806104627585633,0.006300133185756285,5-skew-three-planes,False
0.11040135997375168,0.11160172379477579,0.06634966479189273,0.08367941163801655,1.0303995894857418,0.1171954387600192,561,1.3218160000000019,1.3218160000000019,0.1022311484995094,0.009900133504065156,5-skew-three-planes,False
0.11021425794469614,0.10425822127384546,0.054038350706834215,0.08961918358523874,0.9702283668161531,0.1063163587061909,562,1.2580500000000003,1.4446570000000012,0.0785751019652797,0.006300133185756285,5-skew-three-planes,False
0.1100879511915684,0.10948860656454175,0.054826417922551815,0.08801161201603391,0.9952075588261219,0.11015645706656013,563,1.2667920000000001,1.4725289999999998,0.085848380763416,0.00765013330512232,5-skew-three-planes,False
0.10993058295534087,0.1165464056969848,0.05746373996464173,0.08454165551849174,1.039977699622963,0.11897859024118229,564,1.2782870000000006,1.475828,0.0973612220118561,0.009900133504065378,5-skew-three-planes,False
0.11032793079802171,0.10512379900385267,0.06197630171918583,0.08581303893078651,1.0035816103551976,0.11243746445518135,565,1.3428899999999988,1.3428899999999988,0.0941406385319937,0.008550133384699343,5-skew-three-planes,False
0.11041210595037772,0.10659665988417281,0.06660823846854977,0.08360494170677268,1.0251322775870642,0.11805970363090357,566,1.310496,1.310496,0.1023202459279278,0.009900133504065156,5-skew-three-planes,False
0.11047350665036478,0.1129476445106487,0.07257586534371224,0.08057042463879893,1.0609317844041362,0.12303480453961829,567,1.2830019999999998,1.2830019999999998,0.1139904420208251,0.012150133703008326,5-skew-three-planes,False
0.11008641094496693,0.10333756635833082,0.057766854784756634,0.08668402381056241,1.000181238604185,0.11056618584449011,568,1.2571050000000028,1.4115630000000006,0.0915230011377909,0.008550133384699343,5-skew-three-planes,False
0.10993264422139533,0.10462827950719647,0.05789544454445151,0.08458173860293072,1.0263702239533041,0.1187012969038002,569,1.261794999999999,1.4469489999999983,0.0974547718424542,0.009900133504065378,5-skew-three-planes,False
0.10975014581049503,0.11251211977411413,0.05962582666815039,0.08188130879464951,1.0664148170596361,0.12804909769926742,570,1.2756430000000005,1.4841570000000015,0.1074049375693356,0.012150133703008548,5-skew-three-planes,False
0.11053422546459743,0.06890872589516356,0.046788696880648864,0.09627774860479223,0.8626565287046619,0.09232097239912576,571,1.265372000000001,1.4581079999999993,0.0371270502885527,0.0013501327480814895,5-skew-three-planes,False
0.11048056483366064,0.08680970882235017,0.04941533961305139,0.09419485893388621,0.9019568732054619,0.09742527170312422,572,1.2637850000000004,1.4413299999999998,0.0525325682482107,0.0027001328674473024,5-skew-three-planes,False
0.11038259788065176,0.10441890372460892,0.05387196606962266,0.09101935888095171,0.9522151427815461,0.10270076724852402,573,1.2581600000000002,1.4207610000000002,0.0710764295040383,0.004950133066390361,5-skew-three-planes,False
0.11050968429042998,0.0831755457813092,0.04619848177155542,0.09638743629464148,0.8761241027566194,0.09286924734578397,574,1.2753900000000016,1.5116940000000003,0.0363925521718311,0.0013501327480814895,5-skew-three-planes,False
0.11030643312216513,0.10488498682296146,0.05208530425975218,0.0913685663266443,0.9516878640874842,0.10293513639452126,575,1.2586580000000023,1.4644650000000006,0.069927525355862,0.004950133066390583,5-skew-three-planes,False
0.11048118085917535,0.08634853239005252,0.04945748592264666,0.09419084219442243,0.9014815410228152,0.09734083275798726,576,1.26403,1.4398269999999993,0.0525441312324009,0.0027001328674473024,5-skew-three-planes,False
0.11044925560623585,0.09316977889671828,0.05247148789680207,0.09210036536007565,0.9301250719049018,0.10118564781913698,577,1.272992,1.4179600000000008,0.064597086590737,0.004050132986813115,5-skew-three-planes,False
0.11037328335989154,0.10757525128367043,0.056899618346391394,0.08895526224404847,0.9762995029472565,0.10651579518679194,578,1.2661470000000001,1.3946940000000008,0.0806104627585633,0.006300133185756174,5-skew-three-planes,False
0.11043006524712344,0.09245592523184451,0.04823029680837099,0.09442575233255578,0.9066164530366069,0.09674533155864393,579,1.267004,1.4866590000000013,0.0515061715512736,0.0027001328674473024,5-skew-three-planes,False
0.11038328983504955,0.10389150172349335,0.05388844744646864,0.09101348888293212,0.951629325614213,0.102818505203662,580,1.2583369999999992,1.4183179999999993,0.071099218220846,0.004950133066390361,5-skew-three-planes,False
0.11037534058722005,0.1070371400771215,0.05693690183369361,0.08893777662959454,0.9759248015582821,0.10664553482583755,581,1.26741,1.3934510000000007,0.0806230221866422,0.006300133185756174,5-skew-three-planes,False
0.11033239827967388,0.1140236750289031,0.06128695818909305,0.08584625134472133,1.0144357887978988,0.11272310348876774,582,1.36828,1.36828,0.0941406385319936,0.008550133384699232,5-skew-three-planes,False
0.11030607747501903,0.10482687839004542,0.052200129504344196,0.09136891864666738,0.9514109636440293,0.10298655892199399,583,1.2573989999999995,1.462002,0.0699506883666463,0.004950133066390361,5-skew-three-planes,False
0.11021974150061559,0.109756684288985,0.053589182047480206,0.08963529402651672,0.9764201882912846,0.10651456692480937,584,1.2661609999999999,1.4618709999999995,0.078587986672342,0.006300133185756396,5-skew-three-planes,False
0.11009918146191144,0.118606733464149,0.05660345338603237,0.0866408467049993,1.0181386683803726,0.11138204457454937,585,1.2791370000000004,1.449777000000001,0.0915230011377908,0.008550133384699454,5-skew-three-planes,False
0.11050968473392975,0.08317557700636145,0.04619847585091914,0.09638743676453422,0.876124092196479,0.09286926066177381,586,1.2753900000000016,1.511694000000002,0.0363925521718312,0.0013501327480814895,5-skew-three-planes,False
0.11030641052689115,0.10488656544202973,0.05208521502812693,0.09136867774830548,0.9516885649958732,0.10293503425611167,587,1.2586580000000005,1.4644660000000007,0.0699275253558621,0.004950133066390361,5-skew-three-planes,False
0.11053422107405225,0.06890874631628421,0.04678867108755099,0.09627775151449806,0.8626565115497493,0.09232095478667182,588,1.2653730000000012,1.4581079999999993,0.0371270502885526,0.0013501327480814895,5-skew-three-planes,False
0.11048056181564768,0.08681054635153072,0.049415327894584034,0.09419485701053347,0.9019577115428747,0.09742525751525553,589,1.263785,1.4413300000000007,0.0525325682482106,0.0027001328674475245,5-skew-three-planes,False
0.11038260466236315,0.1044190071702754,0.05387190760799011,0.09101928890446753,0.9522159737234337,0.10270084370943418,590,1.2581620000000022,1.4207620000000016,0.0710764295040383,0.004950133066390583,5-skew-three-planes,False
0.11043005988904718,0.09245688859265527,0.04823030052278672,0.09442573680877152,0.9066177063949729,0.09674532239021438,591,1.2670059999999994,1.4866599999999988,0.0515061715512737,0.0027001328674473024,5-skew-three-planes,False
0.1104811777611035,0.08634841971278057,0.04945750302976824,0.0941908322568489,0.9014815790636699,0.09734085590199631,592,1.2640290000000025,1.439827000000001,0.0525441312324009,0.0027001328674473024,5-skew-three-planes,False
0.11044924856957446,0.0931705787688143,0.05247148621322198,0.09210037656354098,0.9301257557218411,0.10118559849703497,593,1.2729940000000006,1.417959999999999,0.0645970865907369,0.004050132986813337,5-skew-three-planes,False
0.11037329396122572,0.10757591767211416,0.05689955332748217,0.08895521353356553,0.9763007328515073,0.10651579795850118,594,1.2661489999999986,1.3946959999999997,0.0806104627585633,0.006300133185756396,5-skew-three-planes,False
0.11030610686870825,0.10482524280624708,0.05220012798442648,0.0913688668634326,0.9514095130316523,0.10298656632715125,595,1.2573989999999995,1.462000999999999,0.0699506883666464,0.004950133066390361,5-skew-three-planes,False
0.11021975821157835,0.10975451523927388,0.05358931501169168,0.08963525120621248,0.9764182457712927,0.10651461279329806,596,1.2661599999999993,1.4618699999999993,0.078587986672342,0.006300133185756174,5-skew-three-planes,False
0.11009919115910365,0.11860551914766046,0.0566034713035414,0.08664091598005302,1.0181367299926718,0.11138217631595057,597,1.2791349999999997,1.4497760000000004,0.0915230011377909,0.008550133384699343,5-skew-three-planes,False
0.11038328384652416,0.10389162252389496,0.05388847660969647,0.09101337718363127,0.9516306181337201,0.1028185838240841,598,1.2583380000000015,1.4183190000000003,0.071099218220846,0.004950133066390361,5-skew-three-planes,False
0.11037534891870987,0.1070367568419296,0.05693684891977817,0.08893772293119799,0.9759250556716266,0.10664563116321854,599,1.267411000000001,1.3934510000000007,0.0806230221866423,0.006300133185756396,5-skew-three-planes,False
0.1103323563520788,0.11402462483762191,0.061286870611199105,0.08584612851821967,1.0144379543867201,0.11272297086341974,600,1.3682789999999994,1.3682789999999994,0.0941406385319936,0.008550133384699565,5-skew-three-planes,False
0.11048040685750914,0.08685989665307196,0.04949849631545017,0.09419185752323479,0.9019335853787334,0.09734782730700177,601,1.2644649999999995,1.4398850000000003,0.0525325682482107,0.0027001328674474134,5-skew-three-planes,False
0.11044618312136774,0.09248282144886588,0.05254190297377033,0.092107010029609,0.9291025104540117,0.10104619916265833,602,1.270423000000001,1.4152590000000007,0.0645594578288243,0.004050132986813226,5-skew-three-planes,False
0.11036659223305885,0.10442703149974716,0.05691483931600943,0.08897250960471806,0.9727216520280959,0.10655092356565929,603,1.2611139999999992,1.3894289999999994,0.0805426080048069,0.006300133185756285,5-skew-three-planes,False
0.11042927038931041,0.09255854672583061,0.04826005169085856,0.09442686871765378,0.9066757208391547,0.09671861494599895,604,1.2671400000000008,1.4863170000000014,0.0514943754953332,0.0027001328674474134,5-skew-three-planes,False
0.1102138553933709,0.10597690800023592,0.05357033116372879,0.08964188885576631,0.9725598340926906,0.10636162757753707,605,1.2624369999999985,1.4567599999999992,0.0785054880051094,0.006300133185756507,5-skew-three-planes,False
0.11044826264313219,0.09057735601109736,0.05266575648190257,0.09209370513667613,0.9270156812867674,0.1010172488642643,606,1.269791000000001,1.4100129999999993,0.064597086590737,0.004050132986813226,5-skew-three-planes,False
0.11044374916021955,0.08915992717702059,0.056173985903600995,0.08997482990654611,0.9473147061833508,0.10553819209197729,607,1.3805829999999997,1.3805829999999997,0.0750911544364836,0.005400133106179039,5-skew-three-planes,False
0.11040096558583791,0.1064621166960315,0.06101990368439125,0.0868188747788031,0.9953684381069898,0.11123983147801418,608,1.3577830000000013,1.3577830000000013,0.0895429762420909,0.007650133305122098,5-skew-three-planes,False
0.1102389135166417,0.1077346818037692,0.05151799908462344,0.09091050443294209,0.962130336893511,0.10498630793941956,609,1.2836700000000008,1.5037830000000003,0.0721573377987969,0.005400133106179261,5-skew-three-planes,False
0.11009384562121212,0.11477786949767932,0.05453735358721813,0.08800738455039037,1.0013939606432272,0.11007337765147791,610,1.2756969999999996,1.4880849999999999,0.0858483807634159,0.00765013330512232,5-skew-three-planes,False
0.11037281119510331,0.10314207114845877,0.05725880875513676,0.08892550101859217,0.9713097885742615,0.106992911224742,611,1.2609399999999993,1.3821959999999982,0.0806230221866423,0.006300133185756285,5-skew-three-planes,False
0.11040678571648838,0.10465459886568775,0.061179144500119506,0.08677370983676987,0.9936977134587048,0.11157737843740494,612,1.3531330000000001,1.3531330000000001,0.0895881945109066,0.007650133305122098,5-skew-three-planes,False
0.11041222763849946,0.11454008972684995,0.06651556768289922,0.08366436084760484,1.0345191664865465,0.11730800337441383,613,1.3297990000000013,1.3297990000000013,0.1023202459279278,0.009900133504065267,5-skew-three-planes,False
0.1102154840280615,0.10379177451644374,0.054010342731670935,0.08961842932413967,0.9697967548523484,0.10632138994351645,614,1.2575159999999999,1.444497999999999,0.078587986672342,0.006300133185756285,5-skew-three-planes,False
0.11009289502771373,0.10842897320534939,0.0547322146734474,0.08801446708990954,0.9942741036185706,0.1101086398987392,615,1.2655969999999996,1.4731580000000015,0.0858955440120896,0.00765013330512232,5-skew-three-planes,False
0.10994172537037615,0.12373744978598264,0.05721000046655948,0.0845569510777918,1.0475546742785793,0.11873115471979881,616,1.2865479999999998,1.4873970000000014,0.0974547718424541,0.00990013350406549,5-skew-three-planes,False
0.11042927988815658,0.09255860414194847,0.04826004346977627,0.09442688456002787,0.9066755058114092,0.09671860270242846,617,1.2671400000000008,1.4863170000000014,0.0514943754953332,0.0027001328674474134,5-skew-three-planes,False
0.11021383266313786,0.10597905103757664,0.05357024910707994,0.08964195511984066,0.9725614196794526,0.106361545078566,618,1.262439,1.4567610000000002,0.0785054880051095,0.006300133185756285,5-skew-three-planes,False
0.110480412249111,0.08685987121036928,0.04949849651774948,0.09419185757915155,0.9019334835516734,0.09734783671365353,619,1.2644649999999995,1.4398850000000003,0.0525325682482106,0.0027001328674474134,5-skew-three-planes,False
0.11044618477968031,0.09248286650656412,0.05254185677391731,0.09210701793606958,0.9291024545759158,0.1010461437340187,620,1.270423000000001,1.4152590000000007,0.0645594578288242,0.004050132986813448,5-skew-three-planes,False
0.11036661434316075,0.10442547345668955,0.05691480300602528,0.08897247687829143,0.9727204866700636,0.10655102849342896,621,1.261114000000001,1.389428,0.0805426080048069,0.006300133185756507,5-skew-three-planes,False
0.11023891281632772,0.10773461057819288,0.0515179977120614,0.09091051208631465,0.9621301962840192,0.10498630466450705,622,1.2836700000000008,1.5037830000000003,0.072157337798797,0.005400133106179039,5-skew-three-planes,False
0.1100938505223778,0.11477687059829399,0.05453734250826468,0.08800739837218768,1.0013927842809969,0.11007338351762704,623,1.2756959999999986,1.488084999999999,0.0858483807634159,0.007650133305122098,5-skew-three-planes,False
0.11044827343734333,0.09057630502955454,0.05266571908395361,0.09209371306688387,0.9270143517244267,0.10101717386048406,624,1.2697900000000022,1.410012,0.064597086590737,0.004050132986813226,5-skew-three-planes,False
0.11044365558899469,0.08915856234273334,0.05617343362954331,0.08997554653754132,0.9473066293214571,0.10553758034076226,625,1.3805860000000005,1.3805860000000005,0.0750911544364836,0.005400133106179261,5-skew-three-planes,False
0.11040097976316066,0.10646215367116593,0.06101986690298175,0.08681881153364124,0.9953688783016735,0.11123983476764733,626,1.357783,1.357783,0.0895429762420909,0.00765013330512232,5-skew-three-planes,False
0.11021550918900112,0.10378950326777742,0.05401027247842897,0.08961834654385287,0.9697951034064108,0.10632147490773006,627,1.2575140000000022,1.4444960000000004,0.078587986672342,0.006300133185756285,5-skew-three-planes,False
0.1100928863085169,0.10842767774934992,0.05473215226877167,0.08801454381953099,0.9942719462252544,0.1101086315831755,628,1.2655939999999997,1.4731570000000005,0.0858955440120897,0.007650133305122098,5-skew-three-planes,False
0.10994169869574534,0.1237361223216341,0.05721001050974339,0.08455712745396593,1.047551454239787,0.11873108969603746,629,1.286543,1.4873969999999996,0.0974547718424542,0.009900133504065267,5-skew-three-planes,False
0.11037283564666461,0.10313981402878196,0.05725872556935357,0.08892545686867744,0.9713080546903499,0.10699281625242638,630,1.2609380000000008,1.3821940000000001,0.0806230221866423,0.006300133185756285,5-skew-three-planes,False
0.11040680058701027,0.10465365991760729,0.06117898752474385,0.0867736835271738,0.993696702599953,0.11157730183423623,631,1.3531310000000007,1.3531310000000007,0.0895881945109066,0.00765013330512232,5-skew-three-planes,False
0.11041219986736069,0.11454089637196437,0.06651568204960699,0.0836641969510314,1.0345213581435844,0.11730802793314625,632,1.3297980000000007,1.3297980000000007,0.1023202459279277,0.00990013350406549,5-skew-three-planes,False
0.11038129219340108,0.10449231365370813,0.05393941427322531,0.09101565368728604,0.952159571867529,0.10283309677614855,633,1.2588030000000017,1.4184019999999995,0.0710764295040383,0.004950133066390472,5-skew-three-planes,False
0.11036725019733484,0.1080694491647522,0.05716309963595627,0.08894973026968994,0.9765336181630053,0.10658706966292107,634,1.2674990000000026,1.3920910000000002,0.0805426080048069,0.006300133185756285,5-skew-three-planes,False
0.11031446311536329,0.10943518143264096,0.06140555502755187,0.08588298517456651,1.0086734056298712,0.11232084661882875,635,1.3584539999999996,1.3584539999999996,0.093985636232644,0.008550133384699343,5-skew-three-planes,False
0.11030411130800312,0.10530865911454693,0.05227422929667688,0.09137062435209983,0.9518331078075054,0.10299786252412618,636,1.257776999999999,1.4618979999999997,0.069927525355862,0.004950133066390472,5-skew-three-planes,False
0.11021156487832348,0.10974615677489698,0.053775335600953475,0.08964370841698899,0.9760938762428765,0.1065013808980029,637,1.2655109999999996,1.4593989999999994,0.0785054880051094,0.006300133185756507,5-skew-three-planes,False
0.11008406101912456,0.1107610482299014,0.056971760466373374,0.08665412916199777,1.009545155212034,0.11135930743477385,638,1.2686249999999983,1.4365409999999996,0.0913635580092602,0.008550133384699565,5-skew-three-planes,False
0.11037154948778734,0.10377565811540938,0.05729916291905618,0.08892646496536073,0.9718986272981006,0.10698060870815651,639,1.2616110000000003,1.3825310000000002,0.0806104627585633,0.006300133185756285,5-skew-three-planes,False
0.11040134909077551,0.11160431647653363,0.06634963876856897,0.08367935643573864,1.0304023609686581,0.11719543432152042,640,1.321816,1.321816,0.1022311484995094,0.009900133504065156,5-skew-three-planes,False
0.11021427642070887,0.10425590182760355,0.05403823152554759,0.08961910081273726,0.9702267247335971,0.10631644676516577,641,1.2580480000000023,1.4446540000000017,0.0785751019652797,0.006300133185756285,5-skew-three-planes,False
0.11008794624542008,0.10948857551861033,0.054826349522047305,0.08801170197978446,0.9952065795487909,0.1101563887141807,642,1.2667899999999985,1.472529999999999,0.0858483807634159,0.00765013330512232,5-skew-three-planes,False
0.10993055997708502,0.11654543040982332,0.05746370227167995,0.08454186173658021,1.0399743393426009,0.11897832669478896,643,1.2782839999999993,1.4758259999999996,0.097361222011856,0.009900133504065378,5-skew-three-planes,False
0.1103279237051448,0.10512355486254041,0.061976284344807696,0.08581304399519189,1.0035814583204992,0.11243743610218065,644,1.3428900000000006,1.3428900000000006,0.0941406385319936,0.008550133384699343,5-skew-three-planes,False
0.11041210176573274,0.10659523685452878,0.06660823380917501,0.08360493440853982,1.0251311621777506,0.1180596815833164,645,1.310495,1.310495,0.1023202459279277,0.009900133504065156,5-skew-three-planes,False
0.11047350135356522,0.11294819652958918,0.07257582481144016,0.08057039006076716,1.0609322012143134,0.12303487289306525,646,1.2830009999999987,1.2830009999999987,0.1139904420208251,0.012150133703008326,5-skew-three-planes,False
0.11008641098668498,0.10333654802397965,0.0577668793507436,0.08668402654603474,1.0001801492281155,0.11056615485871703,647,1.2571030000000007,1.4115620000000004,0.0915230011377909,0.008550133384699343,5-skew-three-planes,False
0.10993264375898604,0.10462753573674333,0.0578953690742041,0.08458176121898911,1.0263692595853928,0.11870117618972663,648,1.2617949999999993,1.4469469999999998,0.0974547718424541,0.009900133504065378,5-skew-three-planes,False
0.10975013216064451,0.11250771616933343,0.05962565265023757,0.0818813140943316,1.066410298043341,0.1280490727289111,649,1.2756389999999995,1.4841540000000002,0.1074049375693355,0.012150133703008548,5-skew-three-planes,False
0.11030410531755683,0.10530862283552156,0.05227423269588651,0.09137061958347849,0.9518331987263104,0.10299785439311016,650,1.257778,1.461898999999999,0.069927525355862,0.004950133066390472,5-skew-three-planes,False
0.1102115607632789,0.10974613968762897,0.05377535334011045,0.08964370672868513,0.9760939901849567,0.10650140976424216,651,1.2655109999999996,1.4593989999999994,0.0785054880051095,0.006300133185756285,5-skew-three-planes,False
0.11008405475704772,0.11076209705066271,0.05697181388784425,0.0866541228647846,1.009546356002339,0.11135942091683165,652,1.2686249999999997,1.4365420000000002,0.0913635580092603,0.008550133384699343,5-skew-three-planes,False
0.11038129112981138,0.10449234948414325,0.0539393909419607,0.09101565234676286,0.952159607090163,0.10283309382925075,653,1.2588030000000017,1.4184019999999995,0.0710764295040383,0.004950133066390472,5-skew-three-planes,False
0.11036725079369507,0.10806854876464374,0.05716311464816839,0.08894972710691638,0.9765327745216267,0.10658706114709204,654,1.2674990000000008,1.3920899999999992,0.0805426080048069,0.006300133185756507,5-skew-three-planes,False
0.11031444840903333,0.10943190637947807,0.06140549629408838,0.08588287080497856,1.00867159715922,0.11232072761766249,655,1.3584510000000005,1.3584510000000005,0.0939856362326439,0.008550133384699565,5-skew-three-planes,False
0.11021427339470857,0.104255814315243,0.05403823745385577,0.08961910669749262,0.9702266251075328,0.10631645267402082,656,1.2580480000000023,1.4446540000000017,0.0785751019652798,0.006300133185756285,5-skew-three-planes,False
0.11008794796852422,0.10948863136396086,0.054826359518123605,0.08801169281059415,0.9952066649559083,0.11015639731501482,657,1.2667899999999985,1.472529999999999,0.0858483807634159,0.007650133305122098,5-skew-three-planes,False
0.10993055727041232,0.11654535486178401,0.057463707872212264,0.0845418686080797,1.039974282854026,0.11897838178744255,658,1.2782839999999993,1.4758259999999996,0.097361222011856,0.009900133504065156,5-skew-three-planes,False
0.11037155399223245,0.10377570064182266,0.05729915367026756,0.08892646839345919,0.9718985818243749,0.10698061846521723,659,1.2616110000000003,1.3825310000000002,0.0806104627585633,0.006300133185756285,5-skew-three-planes,False
0.11040134806937989,0.11160225390634648,0.06634988691959044,0.0836792506455244,1.0304013970413926,0.11719560163237677,660,1.321816,1.321816,0.1022311484995093,0.009900133504065378,5-skew-three-planes,False
0.11008639318656732,0.10333793801283706,0.05776685693308737,0.0866840246568915,1.0001818831264448,0.11056617218782883,661,1.2571050000000001,1.4115649999999995,0.0915230011377909,0.008550133384699343,5-skew-three-planes,False
0.10993263017053823,0.10463325113802237,0.05789534015850919,0.08458193812708455,1.0263733547384999,0.11870106793409062,662,1.2617980000000002,1.4469530000000015,0.0974547718424541,0.009900133504065156,5-skew-three-planes,False
0.10975013714387666,0.112513204191549,0.059625743015185806,0.08188148731417957,1.0664141319037395,0.1280490678506594,663,1.2756430000000005,1.484159,0.1074049375693355,0.012150133703008215,5-skew-three-planes,False
0.11032792271644869,0.10512159015184425,0.061976340667867565,0.08581292108713445,1.0035807947983255,0.11243743248662932,664,1.3428879999999999,1.3428879999999999,0.0941406385319936,0.008550133384699343,5-skew-three-planes,False
0.1104121295135673,0.10659355581663597,0.06660818844561492,0.08360489751443317,1.0251294040835737,0.11805977695460816,665,1.3104919999999982,1.3104919999999982,0.1023202459279277,0.009900133504065378,5-skew-three-planes,False
0.11047353597271324,0.11294728190674372,0.07257585882446267,0.08057036280860506,1.0609317539996226,0.12303486753897883,666,1.2830010000000007,1.2830010000000007,0.113990442020825,0.012150133703008437,5-skew-three-planes,False
0.10834611662438001,0.049177660412518864,0.04580472252226452,0.09431424607232568,0.8436109337663953,0.09690469858432753,667,1.2742700000000013,1.5381549999999997,0.0342945324489386,-0.0593998726233812,6-stretch-all-three-axes,False
0.107568306705622,0.06027106511981961,0.04643038615372041,0.09280387562505406,0.8620499054093306,0.09807753735550072,668,1.2562859999999993,1.5278200000000002,0.0481737837725964,-0.07879987433871266,6-stretch-all-three-axes,False
0.10672495717545125,0.07059450702831717,0.04751652841111344,0.09105688626909124,0.883619584567969,0.10106584285175196,669,1.2379279999999993,1.518114999999998,0.0645856957093592,-0.0977998760186764,6-stretch-all-three-axes,False
0.10581727956047655,0.08006966434848044,0.04880113979244659,0.08912484735824795,0.9077524410984705,0.10334848846304914,670,1.219085000000001,1.509182000000001,0.0817454028658901,-0.11639987766327248,6-stretch-all-three-axes,False
0.10970725155669206,0.06062355833325983,0.04556567502716476,0.0966260013343386,0.8433517487089977,0.09321109957118989,671,1.2394020000000001,1.509190000000002,0.0345270690254296,-0.019399869086615618,6-stretch-all-three-axes,False
0.11029327181992495,0.06527014569956739,0.0459219888785632,0.09742615277902442,0.847933506817084,0.09291658472363636,672,1.2224350000000008,1.4951360000000022,0.0494845484887588,0.0012001327348190038,6-stretch-all-three-axes,False
0.1108193268307315,0.06923379631148527,0.046593677650685374,0.09801444516899906,0.8550794841062022,0.0935460930066403,673,1.205674000000002,1.4812700000000003,0.0678477912459522,0.022200134591621068,6-stretch-all-three-axes,False
0.11128911750042175,0.07255977423720926,0.04715961160023404,0.09842304652750321,0.864241263169805,0.09424700013484157,674,1.1890760000000018,1.467525000000002,0.087785677749012,0.043600136483790686,6-stretch-all-three-axes,False
0.10756830676886656,0.06027106573339641,0.04643038644375276,0.09280387683707636,0.8620498791659176,0.09807753839800999,675,1.256285,1.5278200000000002,0.0481737837725964,-0.07879987433871266,6-stretch-all-three-axes,False
0.10682241579725332,0.05399160649543194,0.046816273859840905,0.09138953559480621,0.86641571670502,0.10078356942822775,676,1.2740799999999997,1.5422530000000014,0.0588669001226194,-0.09819987605404412,6-stretch-all-three-axes,False
0.10600986172102056,0.06488148446609904,0.04751083807550484,0.08975881173793461,0.8869613740271344,0.10290604153362025,677,1.2555889999999987,1.531896999999999,0.0729102912992365,-0.11719987773400786,6-stretch-all-three-axes,False
0.10513029095295844,0.0749339764600293,0.048913149484956425,0.08792625362797774,0.9103229232971646,0.10563961981268553,678,1.2366799999999971,1.5223199999999988,0.0884698218421641,-0.13579987937860394,6-stretch-all-three-axes,False
0.10885932454335788,0.0704923807286771,0.04642841401597065,0.09492240772401984,0.8633836891781532,0.0953770990979508,679,1.2215820000000015,1.4998869999999984,0.0483396005627307,-0.03879987080194708,6-stretch-all-three-axes,False
0.10940885572264464,0.07448292080590856,0.04697301977273457,0.09565457858586901,0.8683729825816834,0.09479433314912838,680,1.2046009999999994,1.4862449999999967,0.0599442993637751,-0.018199868980512457,6-stretch-all-three-axes,False
0.10989740373197462,0.07777498304181672,0.047725986869567735,0.09618987944692123,0.8757280725926099,0.0952257569282871,681,1.187793000000001,1.4727260000000015,0.075815046422408,0.002800132876289607,6-stretch-all-three-axes,False
0.1103285801482476,0.08040345252933417,0.0488969825176535,0.09656186336092111,0.8849056931244429,0.09556893506275609,682,1.1711469999999995,1.4592759999999991,0.0940793479193545,0.024200134768459225,6-stretch-all-three-axes,False
0.10672496282432689,0.07059477127374676,0.04751652564835375,0.09105690127982038,0.8836196501615586,0.10106586714313597,683,1.2379279999999993,1.518114999999998,0.0645856957093592,-0.0977998760186764,6-stretch-all-three-axes,False
0.10600986102640436,0.0648814822885729,0.04751083697398797,0.08975881033662121,0.8869613853376744,0.10290603595282977,684,1.2555889999999987,1.531896999999999,0.0729102912992365,-0.11719987773400786,6-stretch-all-three-axes,False
0.10522642428729138,0.058345094200553387,0.04784481087308693,0.08823845073570015,0.8937134646975508,0.10558338828183493,685,1.273596,1.546065999999998,0.0846552374317891,-0.1361998794139716,6-stretch-all-three-axes,False
0.10437638842292371,0.0689307041119779,0.04924158062450068,0.08653503311040021,0.9158901193755185,0.10774037125315944,686,1.2544760000000004,1.5357969999999987,0.0983743260412864,-0.15479988105856768,6-stretch-all-three-axes,False
0.10795225731910825,0.07957195957373887,0.04783362858801143,0.09299107935906316,0.8862588455606845,0.09834551174257791,687,1.2033250000000009,1.4912490000000016,0.0647094709440389,-0.05779987248191082,6-stretch-all-three-axes,False
0.1084671697477384,0.08289376932696073,0.04855405508136348,0.09364197997304807,0.8916111620143937,0.09787912195340134,688,1.1862819999999985,1.477993999999999,0.073782909088128,-0.0371998706604762,6-stretch-all-three-axes,False
0.10892134469213686,0.08550209862135537,0.049698158958396216,0.09413160363201709,0.8989363453186926,0.09600637865608017,689,1.1694010000000006,1.4648069999999986,0.087169489566734,-0.016199868803674133,6-stretch-all-three-axes,False
0.10931774903222151,0.08744515917466879,0.051133755243600795,0.09444966981012791,0.908148123517102,0.09733726463974082,690,1.1526599999999991,1.4516350000000013,0.1034481626333886,0.005200133088495484,6-stretch-all-three-axes,False
0.1058172805663717,0.08006966353010185,0.04880113828412205,0.08912484595835897,0.9077524454681714,0.10334848803499501,691,1.219085000000001,1.509182000000001,0.0817454028658901,-0.11639987766327248,6-stretch-all-three-axes,False
0.10513029071533832,0.0749340045828371,0.048913139323429076,0.0879262552789892,0.9103229329976122,0.10563963155909441,692,1.2366799999999971,1.5223199999999988,0.0884698218421641,-0.13579987937860394,6-stretch-all-three-axes,False
0.10437638591724013,0.0689306631060121,0.04924158433961165,0.08653502251052007,0.915890207609783,0.10774034041048129,693,1.2544760000000004,1.5357969999999987,0.0983743260412864,-0.15479988105856768,6-stretch-all-three-axes,False
0.10354882925415793,0.06205214755780254,0.04999014926586818,0.08493316892961852,0.9248227998661016,0.11100002003823839,694,1.272658999999999,1.549601000000001,0.1104015707475309,-0.17339988270316375,6-stretch-all-three-axes,False
0.10698542012779866,0.08776165618718358,0.049727390830167764,0.0908547319930764,0.9115589139011443,0.10018966894702955,695,1.184414999999999,1.483293999999999,0.0818432308092866,-0.0763998741265069,6-stretch-all-three-axes,False
0.10747114385950561,0.0904297887319787,0.05063888805249709,0.09142240164896179,0.917190030740927,0.09811471226970878,696,1.1673179999999999,1.4704429999999995,0.0891903384507072,-0.05579987230507227,6-stretch-all-three-axes,False
0.10789446891746568,0.09237844101971811,0.05189473716653198,0.0918056195071719,0.9249300158783529,0.0995469916176043,697,1.15034,1.4575829999999996,0.1005461024146122,-0.03479987044827021,6-stretch-all-three-axes,False
0.10826069290163032,0.09366733850626657,0.05322678037539652,0.09208143808523438,0.9339083698319671,0.10073623355754867,698,1.1334420000000005,1.4446720000000006,0.1149457313329589,-0.013399868556100591,6-stretch-all-three-axes,False
0.10970724966330314,0.060623543944669615,0.0455656803505122,0.09662600093492563,0.8433517449514926,0.09321109598940787,699,1.2394020000000001,1.509190000000002,0.0345270690254296,-0.019399869086615618,6-stretch-all-three-axes,False
0.10885932584756308,0.07049239814599569,0.04642842297360834,0.09492240873322863,0.8633836753174842,0.09537709902275389,700,1.2215820000000015,1.4998869999999984,0.0483396005627307,-0.03879987080194708,6-stretch-all-three-axes,False
0.10795225799760017,0.07957197279697525,0.04783362861479443,0.09299107880865574,0.8862588625131531,0.0983455112049686,701,1.2033250000000009,1.4912490000000016,0.0647094709440389,-0.05779987248191082,6-stretch-all-three-axes,False
0.10698541931923837,0.08776164447484577,0.04972738821422063,0.09085473245530863,0.911558904276945,0.10018967686790789,702,1.184414999999999,1.483293999999999,0.0818432308092866,-0.0763998741265069,6-stretch-all-three-axes,False
0.11122116236950898,0.07136696566322231,0.04468252218497716,0.09931188299378194,0.837971839466697,0.08669848129823102,703,1.206057000000003,1.4817940000000007,0.0347580499320985,0.020600134450149965,6-stretch-all-three-axes,False
0.11188913318891994,0.07572607391309595,0.044666005538078875,0.10026134861571985,0.8402357432540447,0.08542307072366631,704,1.1897649999999995,1.4684920000000012,0.0496459875390932,0.041200136271584586,6-stretch-all-three-axes,False
0.11250039467370682,0.07944412640320223,0.044655861400258325,0.10096517094415501,0.8453425294022745,0.08546480343745003,705,1.1736550000000001,1.4554019999999994,0.0679656259924808,0.06220013812838665,6-stretch-all-three-axes,False
0.11305555297913998,0.08254664311505827,0.04547338195054063,0.10145676285961318,0.8527400775048566,0.0857099284660056,706,1.1576419999999992,1.4423909999999989,0.0878767816743926,0.08360014002055627,6-stretch-all-three-axes,False
0.11029328490195034,0.06527043309148085,0.04592196894694866,0.0974261676947875,0.8479335168879186,0.09291666489718553,707,1.2224350000000008,1.4951360000000022,0.0494845484887588,0.0012001327348190038,6-stretch-all-three-axes,False
0.10940885308791062,0.07448286638427816,0.046973028103704566,0.09565457951229589,0.8683729315256831,0.09479431125758807,708,1.2046009999999994,1.4862449999999967,0.0599442993637751,-0.018199868980512457,6-stretch-all-three-axes,False
0.10846717042278109,0.08289377118207099,0.048554060887561215,0.09364197792110168,0.8916111734880836,0.09787912047946921,709,1.1862819999999985,1.477993999999999,0.073782909088128,-0.0371998706604762,6-stretch-all-three-axes,False
0.10747114398162173,0.09042978498434238,0.050638884344839694,0.09142239874023257,0.917190057279827,0.09811471270957489,710,1.1673179999999999,1.4704429999999995,0.0891903384507072,-0.05579987230507227,6-stretch-all-three-axes,False
0.11188913322647397,0.07572607101664652,0.04466601402250538,0.10026135536665659,0.84023569447195,0.08542307837342353,711,1.1897649999999995,1.4684920000000012,0.0496459875390932,0.041200136271584586,6-stretch-all-three-axes,False
0.11260124181375882,0.07997625872218551,0.044444142619243836,0.10127307520649191,0.8413619358072427,0.08446856736259127,712,1.1737869999999995,1.4555919999999993,0.061002673075705,0.06180013809301921,6-stretch-all-three-axes,False
0.11325810720643019,0.08360580498237892,0.0442274197559698,0.10202872589585776,0.8453574022562591,0.08481468825905503,713,1.1579319999999989,1.4428260000000002,0.076654604298759,0.08280013994982127,6-stretch-all-three-axes,False
0.11386079554460193,0.08663445519620039,0.04458343875746685,0.10258049901605157,0.8515371700423136,0.08340214003941339,714,1.1421680000000016,1.4301540000000017,0.0947572203111636,0.10420014184199089,6-stretch-all-three-axes,False
0.11081931861159472,0.06923467874894959,0.046593689847894026,0.09801443430273427,0.8550805526780153,0.09354606420904202,715,1.2056750000000012,1.4812709999999996,0.0678477912459522,0.022200134591621068,6-stretch-all-three-axes,False
0.10989740504367607,0.0777750182575702,0.04772599100303038,0.0961898807931773,0.8757280687161756,0.09522575494424908,716,1.187793000000001,1.4727260000000015,0.075815046422408,0.002800132876289607,6-stretch-all-three-axes,False
0.10892134391654834,0.08550211503719761,0.04969815445499861,0.09413160411334055,0.8989363596599835,0.09600638666906375,717,1.1694010000000006,1.4648069999999986,0.087169489566734,-0.016199868803674133,6-stretch-all-three-axes,False
0.10789446810124093,0.09237844060391887,0.05189474451573877,0.09180562107805058,0.9249300098236015,0.09954698322658902,718,1.15034,1.4575829999999996,0.1005461024146122,-0.03479987044827021,6-stretch-all-three-axes,False
0.11250039285936131,0.07944408627222138,0.044655875232395816,0.10096517098121276,0.845342493739269,0.08546479686545518,719,1.1736550000000001,1.4554019999999994,0.0679656259924808,0.06220013812838665,6-stretch-all-three-axes,False
0.11325810564522883,0.08360577291153629,0.044227422247444005,0.10202872447066234,0.8453573914897291,0.08481468712013512,720,1.1579319999999989,1.4428260000000002,0.076654604298759,0.08280013994982127,6-stretch-all-three-axes,False
0.11396162889805601,0.0871453583144095,0.044508426869347854,0.1028490581763359,0.8480722378821431,0.08397856443502137,721,1.142335000000001,1.4304000000000014,0.0896132278071564,0.10380014180662334,6-stretch-all-three-axes,False
0.11461459226014707,0.09012419399131454,0.04445974581936086,0.10344400620447891,0.8531238797432169,0.08305756159316649,722,1.1268150000000006,1.4180599999999988,0.10551555827894,0.12520014369879295,6-stretch-all-three-axes,False
0.11128911692706023,0.07255973977515306,0.04715961840755428,0.09842304384434582,0.8642412348774033,0.09424701488362477,723,1.1890760000000018,1.467525000000002,0.087785677749012,0.043600136483790686,6-stretch-all-three-axes,False
0.11032858030836108,0.08040349905669272,0.04889696982859755,0.09656186728933554,0.8849056806765561,0.09556894552801301,724,1.1711469999999995,1.4592759999999991,0.0940793479193545,0.024200134768459225,6-stretch-all-three-axes,False
0.10931774290443948,0.0874451636048124,0.05113376788646177,0.0944496658084924,0.9081482308651054,0.09733719840482759,725,1.1526599999999991,1.4516350000000013,0.1034481626333886,0.005200133088495484,6-stretch-all-three-axes,False
0.10826069342728012,0.09366739393279873,0.05322676554223903,0.09208143314767327,0.933908498521324,0.10073620546870361,726,1.1334429999999995,1.4446720000000006,0.1149457313329589,-0.013399868556100591,6-stretch-all-three-axes,False
0.11305555367055355,0.08254664925992178,0.045473375739404284,0.10145676308606631,0.8527400721823092,0.0857099330175498,727,1.1576419999999992,1.4423909999999989,0.0878767816743926,0.08360014002055627,6-stretch-all-three-axes,False
0.1138608199741422,0.08663374589998392,0.044583418326612945,0.10258059031627115,0.851535681257853,0.08340218936482578,728,1.1421670000000006,1.4301530000000007,0.0947572203111636,0.10420014184199089,6-stretch-all-three-axes,False
0.11461460261906531,0.09012470496798775,0.0444597379923794,0.103444028264676,0.8531242538431248,0.08305756532854204,729,1.1268159999999998,1.418060999999998,0.10551555827894,0.12520014369879295,6-stretch-all-three-axes,False
0.11531763882647784,0.0930544725381815,0.044645993760729495,0.10409478313931844,0.8568951963371968,0.08180372828102733,730,1.1115109999999984,1.4060369999999995,0.1193169538658084,0.14660014559096257,6-stretch-all-three-axes,False
0.1075683060746998,0.060271062227896174,0.046430385023782036,0.09280387557939143,0.8620499043249058,0.09807753744124069,731,1.256285,1.5278200000000002,0.0481737837725964,-0.07879987433871266,6-stretch-all-three-axes,False
0.10682241919132447,0.05399161518794115,0.04681628284831319,0.09138953618695142,0.8664156779905942,0.10078356678804529,732,1.2740799999999997,1.5422530000000014,0.0588669001226194,-0.09819987605404412,6-stretch-all-three-axes,False
0.10600986176203375,0.06488148971703181,0.047510834479202645,0.08975881242622073,0.8869613615603299,0.10290603857711296,733,1.2555889999999987,1.531896999999999,0.0729102912992365,-0.11719987773400786,6-stretch-all-three-axes,False
0.10513028969666179,0.07493397167922755,0.048913143500686734,0.0879262545311012,0.9103229178161318,0.10563961741857106,734,1.2366799999999971,1.5223199999999988,0.0884698218421641,-0.13579987937860394,6-stretch-all-three-axes,False
0.10885932651964975,0.07049241755391797,0.04642841171382302,0.0949224060978006,0.8633837047730261,0.09537709365733842,735,1.2215820000000015,1.4998869999999984,0.0483396005627307,-0.03879987080194708,6-stretch-all-three-axes,False
0.10940885568706568,0.07448292531574614,0.046973018974638854,0.09565458089953086,0.8683729619764196,0.09479433659304203,736,1.2046009999999994,1.4862449999999967,0.0599442993637751,-0.018199868980512457,6-stretch-all-three-axes,False
0.1098974014639279,0.07777492426409592,0.04772598312531417,0.09618987870483413,0.875728017035743,0.09522574844686649,737,1.1877920000000017,1.4727260000000015,0.075815046422408,0.002800132876289607,6-stretch-all-three-axes,False
0.11032857955464632,0.08040348214551099,0.048896973438324,0.09656186508584401,0.8849057051396252,0.09556894521697916,738,1.1711469999999995,1.4592759999999991,0.0940793479193545,0.024200134768459225,6-stretch-all-three-axes,False
0.10682241995782886,0.05399149503402991,0.04681629034758674,0.09138953783090928,0.8664155223952522,0.10078355671467149,739,1.2740799999999997,1.5422530000000014,0.0588669001226194,-0.09819987605404412,6-stretch-all-three-axes,False
0.10611536692012583,0.04748649525207221,0.047047524773533925,0.09008647775977725,0.8693884163923279,0.10319348674858954,740,1.2923049999999972,1.557055,0.067896321086816,-0.11759987776937558,6-stretch-all-three-axes,False
0.10533803555876739,0.05904849776660004,0.04765209951264056,0.08856733287093708,0.8889406134249358,0.10416181383055369,741,1.2737419999999986,1.5461770000000001,0.0803772919699158,-0.13659987944933932,6-stretch-all-three-axes,False
0.10449172295098098,0.06976789270615927,0.04879893777906227,0.08683060017969955,0.9115615995215784,0.10702150345803539,742,1.2547690000000005,1.536017000000001,0.0947180440246832,-0.1551998810939354,6-stretch-all-three-axes,False
0.10803395464042725,0.06450838058348468,0.04704529256600476,0.09333848397927763,0.8700564661465373,0.0982259277893246,743,1.2385360000000016,1.5134440000000033,0.0590026734109729,-0.05819987251727854,6-stretch-all-three-axes,False
0.10854006150511197,0.06861368050989095,0.04809547186314642,0.09399770168340887,0.8760840031341683,0.09924650150805543,744,1.221161,1.4993630000000007,0.0688325323759882,-0.03759987069584392,6-stretch-all-three-axes,False
0.108986033979181,0.07200015208957616,0.049171968485376576,0.09448342034143441,0.8842626725169175,0.1005719575846421,745,1.203994999999999,1.4854249999999993,0.0830212006123102,-0.016599868839041854,6-stretch-all-three-axes,False
0.1093739728320261,0.07471481682534692,0.05058556023222615,0.09482948648896995,0.8940435109737402,0.10057519412406293,746,1.1870370000000001,1.4715689999999988,0.0999776084531358,0.004800133053127764,6-stretch-all-three-axes,False
0.10600986202051842,0.06488149393949569,0.04751083944014506,0.08975881173766496,0.8869613662181982,0.10290604059246439,747,1.2555889999999987,1.531896999999999,0.0729102912992365,-0.11719987773400786,6-stretch-all-three-axes,False
0.10533803801865604,0.059048545255425036,0.04765209590101536,0.08856733374136838,0.8889406334120612,0.10416181761536303,748,1.2737419999999986,1.5461770000000001,0.0803772919699158,-0.13659987944933932,6-stretch-all-three-axes,False
0.10459881365397483,0.05237494663897824,0.04798287472705589,0.08716599151906697,0.8942736834866126,0.10645768554581325,749,1.292194000000002,1.5609210000000022,0.0911652768970191,-0.15559988112930306,6-stretch-all-three-axes,False
0.10378490535871118,0.06371088305551663,0.048836684135616794,0.08554504740453281,0.915828563448172,0.10849615950858346,750,1.2730979999999974,1.5500789999999967,0.1040293540840992,-0.17419988277389914,6-stretch-all-three-axes,False
0.10714497059217465,0.07401926977678976,0.048531785053135046,0.09153435680332368,0.8918280785847619,0.10085360787067957,751,1.2201049999999989,1.5040359999999975,0.0730199569770826,-0.07719987419724228,6-stretch-all-three-axes,False
0.10761391747620817,0.07741019470597431,0.04929550931209673,0.09214429185524207,0.8980121628283784,0.10057455353236015,752,1.2027129999999997,1.490370999999998,0.0811696751292287,-0.05659987237580766,6-stretch-all-three-axes,False
0.10801995177711197,0.08005591535248612,0.05080032450302927,0.09257522730191976,0.9063154447066069,0.10235017003733038,753,1.1854760000000009,1.4767300000000034,0.0935046437264082,-0.035599870519005594,6-stretch-all-three-axes,False
0.10836902956488334,0.08202692664070357,0.052195063415838926,0.09289248581829518,0.9159170150822344,0.10133933497758747,754,1.1683949999999985,1.4631069999999973,0.1088398862517854,-0.014199868626835976,6-stretch-all-three-axes,False
0.10513028983361433,0.07493400840014053,0.048913136851654423,0.08792625392309361,0.910322962642513,0.10563962743186282,755,1.2366799999999971,1.5223199999999988,0.0884698218421641,-0.13579987937860394,6-stretch-all-three-axes,False
0.10449172295165624,0.06976789125552951,0.04879894216717213,0.08683060308826294,0.9115615815351744,0.10702150611676219,756,1.2547690000000005,1.536017000000001,0.0947180440246832,-0.1551998810939354,6-stretch-all-three-axes,False
0.10378490561715246,0.06371086164932063,0.048836687523317844,0.08554504599841162,0.9158285535620143,0.10849612139286227,757,1.2730979999999974,1.5500789999999967,0.1040293540840992,-0.17419988277389914,6-stretch-all-three-axes,False
0.10300004291966393,0.05675336591034776,0.04919231674128285,0.08403769647145985,0.9236090894398468,0.1110845880857475,758,1.2918559999999983,1.5644489999999998,0.1154690664663036,-0.19279988441849522,6-stretch-all-three-axes,False
0.10619649486877436,0.0826712792165442,0.05015855207813146,0.08953309007134291,0.9161314382297518,0.10307662261796818,759,1.2011569999999998,1.4954209999999994,0.0885602219756688,-0.09579987584183836,6-stretch-all-three-axes,False
0.10662951266633515,0.08532578458272823,0.05139532155909512,0.09006570559034767,0.9225301752848925,0.10200570008029552,760,1.1836549999999995,1.4820590000000013,0.0953913778075842,-0.07519987402040373,6-stretch-all-three-axes,False
0.1070011831254222,0.08724806909295907,0.05275175468590592,0.09043445666474895,0.9308619564360459,0.10282341887352364,761,1.1663100000000008,1.4687110000000008,0.1060854240593271,-0.05419987216360167,6-stretch-all-three-axes,False
0.10731494577183949,0.08849453877340302,0.05472553621582127,0.09070383184619553,0.9403641564987584,0.10290994935604342,762,1.1490929999999988,1.455327999999998,0.1198211986200536,-0.03279987027143205,6-stretch-all-three-axes,False
0.10885932524496264,0.07049238910616147,0.04642841692258017,0.09492240844605791,0.8633836639883303,0.09537709015933414,763,1.2215820000000015,1.4998869999999984,0.0483396005627307,-0.03879987080194708,6-stretch-all-three-axes,False
0.10803395669887542,0.06450836661125307,0.04704527908213589,0.0933384817508521,0.8700564902585578,0.09822591662029002,764,1.2385360000000016,1.5134440000000033,0.0590026734109729,-0.05819987251727854,6-stretch-all-three-axes,False
0.10714496728500643,0.07401898563737294,0.04853181240936473,0.09153433384863283,0.8918281201866988,0.10085350981057713,765,1.2201049999999989,1.5040359999999975,0.0730199569770826,-0.07719987419724228,6-stretch-all-three-axes,False
0.1061964924591755,0.0826712135939001,0.05015855950163538,0.08953308602941248,0.9161314768936485,0.10307660935016885,766,1.2011569999999998,1.4954209999999994,0.0885602219756688,-0.09579987584183836,6-stretch-all-three-axes,False
0.11032532738577283,0.08025180527416959,0.04602342549809107,0.09737414253423564,0.8598375369075106,0.09048986013920775,767,1.1884399999999995,1.4736700000000003,0.0485048505013656,0.0012001327348185042,6-stretch-all-three-axes,False
0.11096723093314757,0.08408179883425439,0.045993100728657026,0.09821150521376366,0.862841166709996,0.0913006485854145,768,1.1721430000000002,1.4608419999999995,0.0600776378181547,0.021800134556253126,6-stretch-all-three-axes,False
0.11155001259369846,0.08725427425778165,0.046351358261465046,0.09884850868420646,0.8681639247224783,0.08969671107316164,769,1.155977,1.4481260000000002,0.0759205163551155,0.04280013641305519,6-stretch-all-three-axes,False
0.11207745384231192,0.08977656441248612,0.04717572118764489,0.09928976569856297,0.8755954717665387,0.08901782126311561,770,1.1399320000000002,1.435485,0.0941643629221078,0.06420013830522481,6-stretch-all-three-axes,False
0.10940885327381795,0.07448287140471177,0.04697301867536576,0.09565458249172935,0.8683729104605854,0.09479432401052193,771,1.2046009999999994,1.4862449999999967,0.0599442993637751,-0.018199868980512457,6-stretch-all-three-axes,False
0.1085400619711399,0.06861368501590669,0.048095467108419665,0.09399770245247796,0.8760839998278989,0.09924650195369004,772,1.221161,1.4993630000000007,0.0688325323759882,-0.03759987069584392,6-stretch-all-three-axes,False
0.10761391936199931,0.07741023471277829,0.04929551817313114,0.09214429233186318,0.8980121768017642,0.10057454703155248,773,1.2027129999999997,1.490370999999998,0.0811696751292287,-0.05659987237580766,6-stretch-all-three-axes,False
0.10662951319946373,0.08532581025766116,0.05139531390430283,0.0900657045794918,0.9225301922004389,0.1020057099746069,774,1.1836549999999995,1.4820590000000013,0.0953913778075842,-0.07519987402040373,6-stretch-all-three-axes,False
0.11096723144387736,0.0840820181032413,0.04599309546583989,0.09821152016509276,0.8628411903639658,0.09130063735676712,775,1.1721430000000002,1.4608430000000006,0.0600776378181547,0.021800134556253126,6-stretch-all-three-axes,False
0.11165796525852487,0.08786783882446009,0.045813647280148716,0.09912295084586026,0.8645233917044172,0.08971542009869779,776,1.1561569999999999,1.4484110000000001,0.0697561797223652,0.04240013637768775,6-stretch-all-three-axes,False
0.11229196899519495,0.09098644378827553,0.04616201005871955,0.09980765724246503,0.8687540066227997,0.08843992763992393,777,1.1402870000000005,1.4361060000000005,0.0837885842300543,0.06340013823448981,6-stretch-all-three-axes,False
0.11287174924812086,0.09349430656153725,0.046686278188653625,0.10028431475531686,0.8751579102780971,0.08812321384773553,778,1.124486000000001,1.4238110000000006,0.10061575069628,0.08480014012665943,6-stretch-all-three-axes,False
0.10989740120795694,0.07777491857629748,0.04772598494835574,0.09618987383715734,0.8757280737078019,0.09522574365959255,779,1.187793000000001,1.4727260000000015,0.075815046422408,0.002800132876289607,6-stretch-all-three-axes,False
0.10898603305267264,0.07200112992394835,0.049171964662422636,0.09448342213104463,0.8842636148313381,0.10057199046542659,780,1.2039959999999996,1.4854260000000004,0.0830212006123102,-0.016599868839041854,6-stretch-all-three-axes,False
0.10801995174460444,0.08005593086526874,0.05080032649276519,0.09257522728575657,0.9063154528345866,0.10235016761364765,781,1.1854760000000009,1.4767300000000034,0.0935046437264082,-0.035599870519005594,6-stretch-all-three-axes,False
0.10700118948343264,0.08724821172025253,0.05275175029780568,0.09043445868667432,0.9308619812233521,0.10282343657498874,782,1.1663100000000008,1.4687110000000008,0.1060854240593271,-0.05419987216360167,6-stretch-all-three-axes,False
0.11155001109855718,0.08725425040382953,0.046351352879410876,0.09884850941547585,0.8681639001151252,0.08969670172290042,783,1.155977,1.4481260000000002,0.0759205163551155,0.04280013641305519,6-stretch-all-three-axes,False
0.11229196931977158,0.0909864549444137,0.04616200930154614,0.09980765652958475,0.8687540293045731,0.08843991046032781,784,1.1402870000000005,1.4361060000000005,0.0837885842300543,0.06340013823448981,6-stretch-all-three-axes,False
0.11297876302730638,0.0940905088188919,0.04627436020405688,0.10052596185912072,0.8719451042397998,0.08861299537300626,785,1.1246999999999994,1.4241469999999992,0.0957868941196805,0.08440014009129188,6-stretch-all-three-axes,False
0.1136129101191844,0.09660082245086743,0.046503991510217224,0.10105230364559518,0.8771394682765792,0.08794425657162101,786,1.1091289999999996,1.4122099999999995,0.1108067305085479,0.1058001419834615,6-stretch-all-three-axes,False
0.11032858200351195,0.08040338398584032,0.048896982644019246,0.09656186413984623,0.8849055706069275,0.09556899584107417,787,1.1711469999999995,1.4592759999999991,0.0940793479193545,0.024200134768459225,6-stretch-all-three-axes,False
0.10937397148672444,0.07471480548783481,0.050585566503008196,0.09482948728419463,0.8940435030866388,0.10057519907317726,788,1.1870370000000001,1.4715689999999988,0.0999776084531358,0.004800133053127764,6-stretch-all-three-axes,False
0.10836903056500563,0.0820269511286578,0.052195066766815235,0.09289248580637975,0.9159170327245068,0.10133934257443976,789,1.1683949999999985,1.4631069999999973,0.1088398862517854,-0.014199868626835976,6-stretch-all-three-axes,False
0.10731494393354232,0.08849453362543906,0.054725525167655636,0.09070382856564185,0.940364198468378,0.1029099488033287,790,1.1490929999999988,1.455327999999998,0.1198211986200536,-0.03279987027143205,6-stretch-all-three-axes,False
0.11207744730662353,0.0897764758295324,0.04717574016140463,0.09928975297282977,0.8755955814083092,0.08901774266158152,791,1.1399320000000002,1.435485,0.0941643629221078,0.06420013830522481,6-stretch-all-three-axes,False
0.11287174963831137,0.093494324644869,0.0466862613255909,0.1002843162690189,0.8751579334192529,0.0881232093138994,792,1.124486000000001,1.4238110000000006,0.10061575069628,0.08480014012665943,6-stretch-all-three-axes,False
0.1136129090635903,0.09660080453015887,0.04650398719446328,0.10105230595245082,0.8771394524917558,0.08794425114640302,793,1.1091289999999996,1.4122099999999995,0.1108067305085479,0.1058001419834615,6-stretch-all-three-axes,False
0.11430283567738556,0.09912549120198129,0.04655080920824111,0.10162818184045616,0.8810876787657609,0.08712047182741897,794,1.0937840000000012,1.4006260000000004,0.1240206997516666,0.1272001438756311,6-stretch-all-three-axes,False
0.10672496286347534,0.07059477343613174,0.04751653203680548,0.0910569033795032,0.8836196411699696,0.10106586086304525,795,1.2379279999999993,1.518114999999998,0.0645856957093592,-0.0977998760186764,6-stretch-all-three-axes,False
0.10600986118234379,0.0648814612916349,0.04751083786342074,0.08975881156154061,0.8869613571023123,0.1029060400836132,796,1.2555889999999987,1.531896999999999,0.0729102912992365,-0.11719987773400786,6-stretch-all-three-axes,False
0.10522642428729126,0.058345094200551284,0.04784481087308694,0.08823844933874901,0.893713477808453,0.105583383686916,797,1.273596,1.546065999999998,0.0846552374317891,-0.1361998794139716,6-stretch-all-three-axes,False
0.10437638573392014,0.06893066132926289,0.049241591300520735,0.08653502690982348,0.9158901850373945,0.10774032886311212,798,1.2544760000000004,1.5357969999999987,0.0983743260412864,-0.15479988105856768,6-stretch-all-three-axes,False
0.10795225604982396,0.07957194853722899,0.04783361785736111,0.09299108000848748,0.8862588450910004,0.09834550812745002,799,1.2033250000000009,1.4912490000000016,0.0647094709440389,-0.05779987248191082,6-stretch-all-three-axes,False
0.1084671687616282,0.08289376923072192,0.04855404820659072,0.09364198200557533,0.8916111523340422,0.09787912721142421,800,1.1862819999999985,1.477993999999999,0.073782909088128,-0.0371998706604762,6-stretch-all-three-axes,False
0.10892134378824284,0.08550211715964971,0.049698149943293454,0.09413160490724838,0.8989363549358609,0.09600638484372818,801,1.1694010000000006,1.4648069999999986,0.087169489566734,-0.016199868803674133,6-stretch-all-three-axes,False
0.10931775148850678,0.08744517546459722,0.051133763111759614,0.09444967172945919,0.9081480970939922,0.0973372510654255,802,1.1526599999999991,1.4516350000000013,0.1034481626333886,0.005200133088495484,6-stretch-all-three-axes,False
0.10600986152809463,0.06488148912148409,0.047510834751347916,0.08975881232434944,0.8869613579538034,0.10290604031850045,803,1.2555889999999987,1.531896999999999,0.0729102912992365,-0.11719987773400786,6-stretch-all-three-axes,False
0.10533803753205528,0.059048545157578444,0.04765209714876979,0.08856733331257399,0.8889406288974403,0.10416182343284708,804,1.2737419999999986,1.5461770000000001,0.0803772919699158,-0.13659987944933932,6-stretch-all-three-axes,False
0.10459881363658433,0.05237494630956298,0.047982879394151585,0.08716599253841839,0.8942736601902112,0.10645768714372662,805,1.292194000000002,1.5609210000000022,0.0911652768970191,-0.15559988112930306,6-stretch-all-three-axes,False
0.10378490591393585,0.0637108937455291,0.04883668152149007,0.08554504685805263,0.9158285683816301,0.10849615889081289,806,1.2730979999999974,1.5500789999999967,0.1040293540840992,-0.17419988277389914,6-stretch-all-three-axes,False
0.10714497208603554,0.0740192542542526,0.04853179292570867,0.0915343567707,0.8918280550691795,0.10085360751497648,807,1.2201049999999989,1.5040359999999975,0.0730199569770826,-0.07719987419724228,6-stretch-all-three-axes,False
0.10761391801597815,0.07741021140650141,0.0492955022711596,0.09214429283266232,0.8980121573573236,0.10057454807162605,808,1.2027129999999997,1.490370999999998,0.0811696751292287,-0.05659987237580766,6-stretch-all-three-axes,False
0.10801995219444921,0.08005594228453737,0.05080032262240694,0.09257522981630312,0.9063154525467729,0.1023501806699696,809,1.1854760000000009,1.4767300000000034,0.0935046437264082,-0.035599870519005594,6-stretch-all-three-axes,False
0.10836902959498873,0.08202691756186971,0.05219507837885246,0.09289248635338057,0.9159170161666189,0.10133934885520018,810,1.1683949999999985,1.4631069999999973,0.1088398862517854,-0.014199868626835976,6-stretch-all-three-axes,False
0.10522642367925542,0.058345095932504955,0.047844803322174514,0.08823845027486849,0.8937134716556039,0.1055833882478629,811,1.273596,1.546065999999998,0.0846552374317891,-0.1361998794139716,6-stretch-all-three-axes,False
0.1045988199843357,0.052375171415018476,0.04798287692124103,0.08716601298980681,0.894273604363567,0.10645771695092504,812,1.292194000000002,1.5609210000000022,0.0911652768970191,-0.15559988112930306,6-stretch-all-three-axes,False
0.10389605784393152,0.045553992963692364,0.04802838934206834,0.08586742384557891,0.8983553596820619,0.10887445092175682,813,1.311274000000001,1.5761409999999998,0.1008052893404072,-0.1745998828092668,6-stretch-all-three-axes,False
0.10311831138968192,0.057579376605043815,0.048635794453932325,0.08436482606380707,0.9187886360097105,0.10960841027658992,814,1.2920640000000017,1.564650000000002,0.1125731102814876,-0.19319988445386288,6-stretch-all-three-axes,False
0.10627544023075791,0.06768846668793474,0.04922789177127855,0.08985856951496107,0.9006266172370051,0.10458391124307038,815,1.2371830000000017,1.5172000000000025,0.0847497065731089,-0.09619987587720602,6-stretch-all-three-axes,False
0.10669958614819237,0.0711433823271123,0.050734090946212694,0.09040622270214257,0.9076678776239704,0.10635265348133777,816,1.2193490000000011,1.5030030000000014,0.0918646548345859,-0.0755998740557714,6-stretch-all-three-axes,False
0.10706285830320413,0.07388085732160828,0.05203319299448951,0.09081125057543205,0.9164947621044285,0.10695379987437469,817,1.2017600000000015,1.488957000000001,0.1029257841636176,-0.054599872198969335,6-stretch-all-three-axes,False
0.10736765322489818,0.07589123531909589,0.054115637802488584,0.0910987075019059,0.926623212875244,0.10623389143502507,818,1.184319,1.4748739999999998,0.1170329846094453,-0.03319987030679972,6-stretch-all-three-axes,False
0.10437639032661913,0.0689307416992513,0.0492415698938805,0.08653503015201851,0.9158901648135542,0.10774037218644372,819,1.2544760000000004,1.5357969999999987,0.0983743260412864,-0.15479988105856768,6-stretch-all-three-axes,False
0.10378490466993895,0.06371088221840387,0.04883668622837217,0.0855450482706164,0.915828561033675,0.1084961610092956,820,1.2730979999999974,1.5500789999999967,0.1040293540840992,-0.17419988277389914,6-stretch-all-three-axes,False
0.10311831024949507,0.05757936934315033,0.048635800304107156,0.084364826084322,0.9187886261515013,0.10960840700398375,821,1.2920640000000017,1.564650000000002,0.1125731102814876,-0.19319988445386288,6-stretch-all-three-axes,False
0.10237767205405562,0.050511597072094905,0.04851919796932605,0.08297762019005724,0.9251709536465975,0.11156334443137123,822,1.3114260000000009,1.579615999999998,0.1232221731584568,-0.21179988609845896,6-stretch-all-three-axes,False
0.10534285931734776,0.07675440868428522,0.05097743170719828,0.08800475093206118,0.9236470403892787,0.10624514849639326,823,1.218089,1.5077729999999967,0.098455632462916,-0.1147998775218021,6-stretch-all-three-axes,False
0.10572735448770083,0.07942623792713667,0.05226633015564603,0.08849138600839654,0.9308320083221312,0.10790859473419051,824,1.20017,1.4938919999999989,0.1046427905176575,-0.09419987570036747,6-stretch-all-three-axes,False
0.10604978220915466,0.08134626405043062,0.05408299621492852,0.08883548105192433,0.9396740870141402,0.10836998962460588,825,1.182420000000001,1.4800239999999967,0.1144758308340251,-0.07319987384356541,6-stretch-all-three-axes,False
0.10631635992601685,0.08258149999001982,0.05624013759316924,0.08908373895278864,0.9496619837039784,0.10801102328092328,826,1.1648560000000021,1.466146000000002,0.1273095372941061,-0.05179987195139579,6-stretch-all-three-axes,False
0.10795225796093776,0.07957197081645302,0.0478336241217416,0.09299107934106855,0.8862588537166971,0.09834551076984417,827,1.2033250000000009,1.4912490000000016,0.0647094709440389,-0.05779987248191082,6-stretch-all-three-axes,False
0.10714497283069185,0.07401917537986262,0.04853182056966055,0.09153435327950213,0.8918280441849074,0.10085357497621719,828,1.2201049999999989,1.5040359999999975,0.0730199569770826,-0.07719987419724228,6-stretch-all-three-axes,False
0.10627545031679503,0.0676887959384236,0.049227835868072244,0.08985859704070503,0.9006265361477468,0.10458401260156998,829,1.2371830000000017,1.5172000000000025,0.0847497065731089,-0.09619987587720602,6-stretch-all-three-axes,False
0.10534286074685743,0.07675443168518058,0.05097742847726349,0.088004749321498,0.9236470739408902,0.10624513969384795,830,1.2180900000000006,1.5077729999999967,0.098455632462916,-0.1147998775218021,6-stretch-all-three-axes,False
0.10937419732108294,0.08833127822741856,0.04770638080934219,0.09519001549031096,0.8844593788106393,0.09561639824087032,831,1.1702459999999992,1.4661819999999999,0.0648330098750081,-0.017799868945145236,6-stretch-all-three-axes,False
0.10999250381042047,0.09161810552381365,0.04789072662563662,0.09594376709668864,0.8877802064484497,0.09446116998508229,832,1.1539249999999992,1.4538259999999994,0.0738912796823985,0.002800132876289385,6-stretch-all-three-axes,False
0.1105516767587487,0.09422418987175019,0.048436332475280675,0.09649284902061961,0.8934093819362109,0.0937060638185059,833,1.137689,1.4415070000000014,0.0872612368175035,0.02380013473309145,6-stretch-all-three-axes,False
0.11105336739124864,0.09619207291307777,0.04928146985379746,0.09687722651074353,0.9007989980561016,0.09272700955351638,834,1.1215270000000004,1.429174999999999,0.103525484262666,0.04520013662526107,6-stretch-all-three-axes,False
0.10846717032453429,0.08289377489596708,0.04855405975398409,0.09364198079996101,0.8916111520781402,0.09787911979718296,835,1.1862819999999985,1.477993999999999,0.073782909088128,-0.0371998706604762,6-stretch-all-three-axes,False
0.10761392010756476,0.07741025170003783,0.04929551831661258,0.09214429207068185,0.8980121986445337,0.10057455937952019,836,1.2027129999999997,1.490370999999998,0.0811696751292287,-0.05659987237580766,6-stretch-all-three-axes,False
0.10669958996675186,0.07114333692106432,0.05073406907779638,0.09040622628435926,0.9076677740858029,0.10635263976241574,837,1.2193490000000011,1.5030030000000014,0.0918646548345859,-0.0755998740557714,6-stretch-all-three-axes,False
0.10572735747899563,0.0794263835479569,0.052266316900081385,0.088491392631162,0.9308320749101321,0.1079086592648217,838,1.20017,1.4938919999999989,0.1046427905176575,-0.09419987570036747,6-stretch-all-three-axes,False
0.10999250670770712,0.09161822290590468,0.047890696714678556,0.09594377055671387,0.8877802165360866,0.09446125288382035,839,1.1539249999999992,1.4538259999999994,0.0738912796823985,0.002800132876289385,6-stretch-all-three-axes,False
0.11066535660359882,0.09491489354671723,0.04797369961044675,0.09675200114125333,0.8899469462734314,0.09279525789090744,840,1.1379110000000003,1.4418949999999993,0.081954397421688,0.023400134697724007,6-stretch-all-three-axes,False
0.11127957894496762,0.09755013909509523,0.04825412246056165,0.09733263659063038,0.8945845335698339,0.09350369077202092,841,1.1219560000000015,1.4299890000000004,0.0941866524225698,0.04440013655452607,6-stretch-all-three-axes,False
0.11183925519159008,0.09955733665528238,0.04879650459846226,0.09775806539197959,0.9008885564526758,0.09267665194783659,842,1.1060510000000012,1.4180580000000003,0.1094263585041056,0.06580013844669569,6-stretch-all-three-axes,False
0.10892134366834293,0.08550210627445426,0.0496981592749579,0.09413160527692678,0.8989363400861423,0.09600638155704912,843,1.1694010000000006,1.4648069999999986,0.087169489566734,-0.016199868803674133,6-stretch-all-three-axes,False
0.1080199522539851,0.08005593480231828,0.05080032652878326,0.09257522836032944,0.9063154450766858,0.10235017505946581,844,1.1854760000000009,1.4767300000000034,0.0935046437264082,-0.035599870519005594,6-stretch-all-three-axes,False
0.1070628607080382,0.07388079597714163,0.05203319572476267,0.09081126108219717,0.9164945225023071,0.10695384160781148,845,1.2017600000000015,1.488957000000001,0.1029257841636176,-0.054599872198969335,6-stretch-all-three-axes,False
0.10604977632050618,0.08134610756036391,0.0540830015185291,0.08883546600348904,0.939674161876556,0.1083699740384639,846,1.182420000000001,1.4800239999999967,0.1144758308340251,-0.07319987384356541,6-stretch-all-three-axes,False
0.11055168381865939,0.09422459380255158,0.048436347528893225,0.09649285584214966,0.8934097676991389,0.09370604603630937,847,1.137690000000001,1.4415070000000014,0.0872612368175035,0.02380013473309145,6-stretch-all-three-axes,False
0.11127957554942118,0.09755013861666742,0.048254121603412185,0.09733263471975387,0.8945845653651661,0.0935036825253284,848,1.1219560000000015,1.4299890000000004,0.0941866524225698,0.04440013655452607,6-stretch-all-three-axes,False
0.11195234979633804,0.10022525627577189,0.048327692090529735,0.0979697126048206,0.8979791531924546,0.09377985871388633,849,1.106262000000001,1.4184889999999992,0.10500346533514,0.06540013841132813,6-stretch-all-three-axes,False
0.11257121697123366,0.10229490486609487,0.048606854505654454,0.09844178454486589,0.9030964082417656,0.09310894077298265,850,1.0906000000000002,1.406991999999999,0.1188643351610862,0.08680014030349775,6-stretch-all-three-axes,False
0.10931775012971602,0.08744507959743308,0.05113375981013491,0.09444967328640823,0.9081480119587194,0.09733729321778925,851,1.1526599999999991,1.4516350000000013,0.1034481626333886,0.005200133088495484,6-stretch-all-three-axes,False
0.10836903159586166,0.08202698916380557,0.052195077610394394,0.09289248575739822,0.9159170507330991,0.1013393572249263,852,1.1683949999999985,1.4631069999999973,0.1088398862517854,-0.014199868626835976,6-stretch-all-three-axes,False
0.10736765204597258,0.07589121702815488,0.0541156419807974,0.09109870598475504,0.9266232249840728,0.10623388812373083,853,1.184319,1.4748739999999998,0.1170329846094453,-0.03319987030679972,6-stretch-all-three-axes,False
0.1063163620238213,0.08258154285751138,0.05624012208582006,0.08908373843744352,0.9496620015773154,0.10801102294941821,854,1.1648560000000021,1.466146000000002,0.1273095372941061,-0.05179987195139579,6-stretch-all-three-axes,False
0.11105336032624966,0.0961918254074619,0.04928147359431851,0.09687720273052151,0.900799056019614,0.09272693311863013,855,1.1215270000000004,1.429174999999999,0.103525484262666,0.04520013662526107,6-stretch-all-three-axes,False
0.11183926642162866,0.09955685094878412,0.048796527876429525,0.09775809330280656,0.9008878500480505,0.09267669998263674,856,1.1060500000000002,1.4180580000000003,0.1094263585041056,0.06580013844669569,6-stretch-all-three-axes,False
0.1125712170549666,0.10229486690704871,0.048606846024260665,0.0984417879383095,0.9030963414185804,0.0931089405877726,857,1.0906000000000002,1.406991999999999,0.1188643351610862,0.08680014030349775,6-stretch-all-three-axes,False
0.11325012650114381,0.10443475126838661,0.048707030327340736,0.09896818773965552,0.9069269192646147,0.0922034864056058,858,1.0751690000000007,1.3958469999999998,0.1312696941955229,0.10820014219566737,6-stretch-all-three-axes,False
0.10581727857690193,0.08006965296601581,0.04880112684566069,0.08912484655899307,0.9077524499384869,0.10334848210159077,859,1.219085000000001,1.509182000000001,0.0817454028658901,-0.11639987766327248,6-stretch-all-three-axes,False
0.10513029009141373,0.07493506532825467,0.048913148968610334,0.08792625367030349,0.910324001356353,0.105639610679732,860,1.2366809999999964,1.522320999999998,0.0884698218421641,-0.13579987937860394,6-stretch-all-three-axes,False
0.10437638523432669,0.06893065868366566,0.049241593977851064,0.08653502680163608,0.915890181541988,0.10774032635336031,861,1.2544760000000004,1.5357969999999987,0.0983743260412864,-0.15479988105856768,6-stretch-all-three-axes,False
0.1035488298623813,0.06205202384585672,0.049990151275677554,0.08493316753536889,0.9248226796314737,0.11100001693571199,862,1.272657999999998,1.5496000000000034,0.1104015707475309,-0.17339988270316375,6-stretch-all-three-axes,False
0.10698541978302961,0.08776165003215812,0.049727389392055316,0.09085473343417326,0.911558913080322,0.10018967417446674,863,1.184414999999999,1.483293999999999,0.0818432308092866,-0.0763998741265069,6-stretch-all-three-axes,False
0.10747114474372418,0.0904297948834252,0.050638888613074313,0.09142240004235738,0.9171900487479255,0.09811470972858968,864,1.1673179999999999,1.4704429999999995,0.0891903384507072,-0.05579987230507227,6-stretch-all-three-axes,False
0.1078944692889108,0.09237842704705439,0.05189473951201307,0.09180561865431175,0.9249300036599107,0.09954698519277497,865,1.15034,1.4575829999999996,0.1005461024146122,-0.03479987044827021,6-stretch-all-three-axes,False
0.10826069487134204,0.09366739439171354,0.053226764243318375,0.09208143306170177,0.9339084961668033,0.1007362144576379,866,1.1334429999999995,1.4446720000000006,0.1149457313329589,-0.013399868556100591,6-stretch-all-three-axes,False
0.10513028871115418,0.07493504620960001,0.04891315834761787,0.0879262485188921,0.9103240563298586,0.10563958195832945,867,1.2366809999999964,1.522320999999998,0.0884698218421641,-0.13579987937860394,6-stretch-all-three-axes,False
0.10449171355992687,0.06976747281494745,0.04879890334938704,0.08683060169499517,0.9115612452332212,0.10702151620587609,868,1.2547690000000005,1.536017000000001,0.0947180440246832,-0.1551998810939354,6-stretch-all-three-axes,False
0.10378490630689265,0.06371089935273085,0.0488366846509799,0.08554504765134498,0.9158285652526209,0.10849615707189025,869,1.2730979999999974,1.5500789999999967,0.1040293540840992,-0.17419988277389914,6-stretch-all-three-axes,False
0.10300004310975588,0.05675336647033662,0.049192316592581865,0.08403769649971296,0.9236090954156797,0.11108458728588733,870,1.2918559999999983,1.5644489999999998,0.1154690664663036,-0.19279988441849522,6-stretch-all-three-axes,False
0.10619648926981276,0.08267117259619422,0.05015858938222378,0.08953308076790652,0.9161315270730632,0.10307655343874544,871,1.2011569999999998,1.4954209999999994,0.0885602219756688,-0.09579987584183836,6-stretch-all-three-axes,False
0.1066295122586589,0.085325808443909,0.05139531629596464,0.09006570419858888,0.9225302136585672,0.10200570435527274,872,1.1836549999999995,1.4820590000000013,0.0953913778075842,-0.07519987402040373,6-stretch-all-three-axes,False
0.10700119086028992,0.08724826124608666,0.05275175531347795,0.09043445031851216,0.9308621281216185,0.10282339951580144,873,1.166311,1.4687110000000008,0.1060854240593271,-0.05419987216360167,6-stretch-all-three-axes,False
0.10731494387087535,0.08849453298222273,0.054725527388262106,0.09070383121228386,0.9403641740015989,0.10290995163406222,874,1.1490929999999988,1.455327999999998,0.1198211986200536,-0.03279987027143205,6-stretch-all-three-axes,False
0.1043763897667204,0.06893073213175929,0.04924157474471727,0.08653503069600721,0.9158901521616033,0.10774037223131507,875,1.2544760000000004,1.5357969999999987,0.0983743260412864,-0.15479988105856768,6-stretch-all-three-axes,False
0.10378490408569835,0.06371088394283228,0.0488366851811895,0.08554504732683224,0.9158285754516149,0.1084961557123976,876,1.2730979999999974,1.5500789999999967,0.1040293540840992,-0.17419988277389914,6-stretch-all-three-axes,False
0.10311831085310777,0.05757933795243129,0.048635798874128854,0.08436482564477024,0.9187885825272928,0.1096083958757535,877,1.2920640000000017,1.564650000000002,0.1125731102814876,-0.19319988445386288,6-stretch-all-three-axes,False
0.10237767230354736,0.050511597317132576,0.04851919835683455,0.08297761851997537,0.9251709730188311,0.1115633404582043,878,1.3114260000000009,1.579615999999998,0.1232221731584568,-0.21179988609845896,6-stretch-all-three-axes,False
0.10534285873472808,0.07675442806689951,0.05097742159292109,0.08800474957113358,0.9236470759567655,0.10624514069315827,879,1.2180900000000006,1.5077729999999967,0.098455632462916,-0.1147998775218021,6-stretch-all-three-axes,False
0.10572735789933409,0.0794263911530333,0.05226632429402239,0.08849139357376434,0.9308320632660501,0.10790866434001474,880,1.20017,1.4938919999999989,0.1046427905176575,-0.09419987570036747,6-stretch-all-three-axes,False
0.10604977793841001,0.08134612760207642,0.054083002690179995,0.0888354660648351,0.9396741612413799,0.10836997003298138,881,1.182420000000001,1.4800239999999967,0.1144758308340251,-0.07319987384356541,6-stretch-all-three-axes,False
0.1063163589024754,0.08258146841408265,0.056240135912510314,0.08908373839766635,0.9496619702248563,0.10801103648201252,882,1.1648560000000021,1.466146000000002,0.1273095372941061,-0.05179987195139579,6-stretch-all-three-axes,False
0.10354882966326417,0.06205216812684895,0.04999014547446245,0.08493316324459504,0.9248228381640707,0.11100001808617987,883,1.272658999999999,1.5496000000000034,0.1104015707475309,-0.17339988270316375,6-stretch-all-three-axes,False
0.10300004246375155,0.05675336589472121,0.04919231909120568,0.08403769686800595,0.9236091067196195,0.11108458658200746,884,1.2918559999999983,1.5644489999999998,0.1154690664663036,-0.19279988441849522,6-stretch-all-three-axes,False
0.10237767270096654,0.05051159351226926,0.04851921125395217,0.08297761744434029,0.9251709770404009,0.11156334666515519,885,1.3114260000000009,1.579615999999998,0.1232221731584568,-0.21179988609845896,6-stretch-all-three-axes,False
0.10167593450599306,0.04328615904559459,0.04875351919286155,0.08171429512019251,0.9301015529138387,0.1137080433432117,886,1.3314189999999986,1.5951819999999985,0.1330214372097123,-0.23039988774305503,6-stretch-all-three-axes,False
0.10442573436744244,0.07000826283677733,0.05206449769784226,0.08627922941713288,0.9341763778501334,0.11120149462388691,887,1.2352720000000001,1.520464999999998,0.1104740257396169,-0.13339987916639817,6-stretch-all-three-axes,False
0.10476549150060276,0.07271676838056898,0.05394552118793847,0.08672454707755599,0.9419258605405348,0.11325971325858476,888,1.2169119999999998,1.506048999999999,0.1160220341433776,-0.11279987734496355,6-stretch-all-three-axes,False
0.10504415161501728,0.07466150635698288,0.05595844962440813,0.08701842245662027,0.9513793906903031,0.11386388840401676,889,1.1987610000000006,1.4916609999999988,0.1249628530587593,-0.09179987548816149,6-stretch-all-three-axes,False
0.1052672527676191,0.07591513233030721,0.05816826184265123,0.08722273642045343,0.9618479764727432,0.11391652900908739,890,1.1807999999999996,1.4772589999999965,0.1368163626379686,-0.07039987359599187,6-stretch-all-three-axes,False
0.10698541825041168,0.08776162456249709,0.04972739408806099,0.0908547316849501,0.9115589139563123,0.10018967950023831,891,1.184414999999999,1.483293999999999,0.0818432308092866,-0.0763998741265069,6-stretch-all-three-axes,False
0.10619649292758145,0.08267123457895538,0.05015855776885546,0.08953308493929348,0.9161315108418276,0.10307660557621402,892,1.2011569999999998,1.4954209999999994,0.0885602219756688,-0.09579987584183836,6-stretch-all-three-axes,False
0.10534286065745632,0.07675451986986272,0.05097741126221469,0.08800474937278988,0.9236471479200644,0.1062451319735472,893,1.2180900000000006,1.5077729999999967,0.098455632462916,-0.1147998775218021,6-stretch-all-three-axes,False
0.10442573287844806,0.07000823909448929,0.052064497998372816,0.08627923138537803,0.9341763478480865,0.1112014962199369,894,1.2352709999999991,1.520464999999998,0.1104740257396169,-0.13339987916639817,6-stretch-all-three-axes,False
0.10837009591558745,0.09553717242966168,0.04965109913787461,0.09277375537200268,0.9115684596901299,0.10037051893484912,895,1.1513499999999992,1.4594159999999992,0.0819409419575931,-0.03639987058974131,6-stretch-all-three-axes,False
0.10896785151397247,0.09831229666145673,0.0500433543354257,0.09342267113023915,0.9152793273901986,0.09895628806590506,896,1.1349470000000004,1.4475550000000013,0.0892800090308417,-0.01579986876830669,6-stretch-all-three-axes,False
0.10950621577759082,0.10037613132104324,0.050629683877788136,0.09389630435289407,0.9209724264021043,0.09827883840900227,897,1.1185929999999988,1.4356370000000003,0.100625654036956,0.005200133088495373,6-stretch-all-three-axes,False
0.10998701429916326,0.10180200575227796,0.05147031876816531,0.09422930876396655,0.9281905352168308,0.0986935323142388,898,1.1022930000000013,1.4236439999999995,0.1150153237236858,0.02660013498066499,6-stretch-all-three-axes,False
0.10747114486555245,0.09042979774705823,0.05063889429782795,0.09142239865362908,0.9171900708926841,0.0981147034043746,899,1.1673179999999999,1.4704429999999995,0.0891903384507072,-0.05579987230507227,6-stretch-all-three-axes,False
0.10662951239050528,0.0853257896421375,0.05139532884920293,0.09006570701270061,0.9225301700922778,0.10200570422375649,900,1.1836549999999995,1.4820590000000013,0.0953913778075842,-0.07519987402040373,6-stretch-all-three-axes,False
0.10572735929672399,0.07942639604759058,0.0522663170838987,0.08849139408241097,0.9308320451451254,0.10790867036979943,901,1.20017,1.4938919999999989,0.1046427905176575,-0.09419987570036747,6-stretch-all-three-axes,False
0.10476549406799773,0.072716769614957,0.05394552200619644,0.08672454619804429,0.941925854275423,0.11325972070939466,902,1.2169119999999998,1.506048999999999,0.1160220341433776,-0.11279987734496355,6-stretch-all-three-axes,False
0.10896784723349345,0.09831217257611181,0.050043361264043816,0.09342266752364278,0.9152792531187312,0.0989562907644833,903,1.1349470000000004,1.4475550000000013,0.0892800090308417,-0.01579986876830669,6-stretch-all-three-axes,False
0.10962543858842128,0.10114357170444964,0.05016472530068784,0.09411481949200495,0.9179407985466966,0.09927602727930263,904,1.118847000000002,1.4361290000000007,0.0960599919643798,0.004800133053127931,6-stretch-all-three-axes,False
0.11022410492162567,0.10329706927983408,0.05049321446014598,0.09463150430511089,0.9225494043791074,0.09985637686184888,905,1.102779,1.4246599999999994,0.1066870390160619,0.025800134909929995,6-stretch-all-three-axes,False
0.11076686258012709,0.10482376259814594,0.0510106659437123,0.09501753452805303,0.9285683761376129,0.09936849334565181,906,1.0867379999999989,1.413104999999998,0.1203541720710744,0.04720013680209961,6-stretch-all-three-axes,False
0.10789447250347467,0.09237824442125177,0.05189477100621863,0.09180560656500397,0.9249299311691704,0.09954691187850953,907,1.15034,1.4575829999999996,0.1005461024146122,-0.03479987044827021,6-stretch-all-three-axes,False
0.10700119065231536,0.08724824765223849,0.05275175825863033,0.09043445048350096,0.9308621216789338,0.1028234002502368,908,1.166311,1.4687110000000008,0.1060854240593271,-0.05419987216360167,6-stretch-all-three-axes,False
0.10604977675176486,0.08134613139083134,0.054083004369035986,0.08883546700502619,0.9396741594428023,0.10836997250842317,909,1.182420000000001,1.4800239999999967,0.1144758308340251,-0.07319987384356541,6-stretch-all-three-axes,False
0.10504414933317772,0.074661438107629,0.05595841564597226,0.08701841878555178,0.9513793586099709,0.11386390474477356,910,1.1987610000000006,1.4916609999999988,0.1249628530587593,-0.09179987548816149,6-stretch-all-three-axes,False
0.10950622849913834,0.10037568886910604,0.05062964245924448,0.09389633961426268,0.9209715603474095,0.09827900919006737,911,1.1185930000000006,1.4356370000000003,0.100625654036956,0.005200133088495373,6-stretch-all-three-axes,False
0.11022410216213889,0.10329702087733421,0.05049321162903274,0.09463150462578442,0.9225493838543981,0.09985637284675496,912,1.102779,1.4246599999999994,0.1066870390160619,0.025800134909929995,6-stretch-all-three-axes,False
0.11088506418333369,0.10555466946227117,0.050635933861432954,0.09520030076460924,0.9259503916587821,0.10091495013164278,913,1.086969999999999,1.413632999999999,0.1163474388709639,0.04680013676673206,6-stretch-all-three-axes,False
0.1114914413569146,0.10720204441247688,0.05084518253090679,0.09564970454467012,0.9306273147555325,0.09927790033982149,914,1.071155000000001,1.4024970000000003,0.1289950734436465,0.06820013865890168,6-stretch-all-three-axes,False
0.10826069421280908,0.09366740869780807,0.0532267598590011,0.09208143530273731,0.9339085016102275,0.10073620830432642,915,1.1334429999999995,1.4446720000000006,0.1149457313329589,-0.013399868556100591,6-stretch-all-three-axes,False
0.10731494534301554,0.0884945279152941,0.05472552901950006,0.09070383173129176,0.940364151402441,0.10290995689111684,916,1.1490929999999988,1.455327999999998,0.1198211986200536,-0.03279987027143205,6-stretch-all-three-axes,False
0.10631636055789687,0.0825815195971656,0.05624012119421753,0.08908373779300163,0.949662001695405,0.10801102495017231,917,1.1648560000000021,1.466146000000002,0.1273095372941061,-0.05179987195139579,6-stretch-all-three-axes,False
0.10526725324271292,0.07591592145203392,0.058168299263748405,0.08722272360939425,0.9618488713440551,0.11391648949430101,918,1.1808010000000002,1.477259,0.1368163626379686,-0.07039987359599187,6-stretch-all-three-axes,False
0.10998702635998961,0.10180165219135504,0.051470340881965546,0.09422932669825823,0.9281901025304483,0.09869346609548332,919,1.1022920000000003,1.4236429999999984,0.1150153237236858,0.02660013498066499,6-stretch-all-three-axes,False
0.1107668466383406,0.10482392838804211,0.051010690881872885,0.09501749691448123,0.9285689104585256,0.09936846411739876,920,1.0867380000000006,1.413105999999999,0.1203541720710744,0.04720013680209961,6-stretch-all-three-axes,False
0.11149145297216934,0.10720244775167197,0.05084514525797482,0.09564972437496103,0.9306273844377912,0.0992779611520376,921,1.071155000000001,1.402498000000001,0.1289950734436465,0.06820013865890168,6-stretch-all-three-axes,False
0.11216276041561037,0.10896911062176784,0.0510604731125113,0.09615327801783316,0.9340576483043603,0.09806213021725756,922,1.0555759999999985,1.391814,0.1405088303759975,0.0896001405510713,6-stretch-all-three-axes,False
0.10970725172461938,0.06062357445518944,0.045565675908315804,0.09662600065724763,0.8433517606846456,0.09321109931585442,923,1.2394020000000001,1.509190000000002,0.0345270690254296,-0.019399869086615618,6-stretch-all-three-axes,False
0.10885932522305644,0.0704923808129956,0.046428421607626065,0.09492240777893823,0.8633836774249263,0.09537709770229715,924,1.2215820000000015,1.4998869999999984,0.0483396005627307,-0.03879987080194708,6-stretch-all-three-axes,False
0.10795225886840601,0.07957194497983383,0.04783363469265929,0.09299107802188895,0.8862588198180991,0.09834549500785751,925,1.2033250000000009,1.4912490000000016,0.0647094709440389,-0.05779987248191082,6-stretch-all-three-axes,False
0.1069854176375836,0.08776161502236329,0.04972739381346669,0.09085473189040051,0.9115589133891344,0.10018967028183297,926,1.184414999999999,1.483293999999999,0.0818432308092866,-0.0763998741265069,6-stretch-all-three-axes,False
0.1112211629685636,0.07136699548951775,0.04468252414902929,0.0993118836012622,0.8379718573712583,0.08669848205881296,927,1.206057000000003,1.4817940000000007,0.0347580499320985,0.020600134450149965,6-stretch-all-three-axes,False
0.11188913238068249,0.07572623991225336,0.044666012375090616,0.10026134421688862,0.8402359934361038,0.08542299591024534,928,1.1897660000000005,1.4684920000000012,0.0496459875390932,0.041200136271584586,6-stretch-all-three-axes,False
0.1125003919945191,0.07944409213650046,0.044655870236837744,0.10096516779626946,0.8453425770717679,0.08546477986190067,929,1.1736550000000001,1.4554019999999994,0.0679656259924808,0.06220013812838665,6-stretch-all-three-axes,False
0.11305555424115646,0.08254666274455344,0.04547337745674267,0.1014567654849117,0.852740062661984,0.08570993548753249,930,1.1576419999999992,1.4423909999999989,0.0878767816743926,0.08360014002055627,6-stretch-all-three-axes,False
0.10885932554178436,0.07049239843216007,0.04642841946140238,0.09492240651553434,0.8633837083375923,0.09537709634520955,931,1.2215820000000015,1.4998869999999984,0.0483396005627307,-0.03879987080194708,6-stretch-all-three-axes,False
0.10803395584723349,0.06450837305287872,0.04704529822297374,0.09333848378984448,0.8700564761651792,0.09822592424807766,932,1.2385360000000016,1.5134440000000033,0.0590026734109729,-0.05819987251727854,6-stretch-all-three-axes,False
0.10714497647799721,0.07401934480326827,0.048531777546654185,0.09153436444061802,0.8918279986175462,0.10085365671973921,933,1.2201049999999989,1.5040369999999985,0.0730199569770826,-0.07719987419724228,6-stretch-all-three-axes,False
0.10619649835073335,0.082671316799831,0.05015857229113894,0.08953309932916599,0.9161313856119484,0.10307664140585629,934,1.2011569999999998,1.4954220000000005,0.0885602219756688,-0.09579987584183836,6-stretch-all-three-axes,False
0.11032532552804056,0.08025178107967491,0.04602342027746516,0.09737413937832255,0.8598375590790426,0.09048984901668827,935,1.1884399999999995,1.4736700000000003,0.0485048505013656,0.0012001327348185042,6-stretch-all-three-axes,False
0.11096722924130341,0.08408188398969796,0.045993091788226005,0.09821150397784528,0.8628412572801221,0.09130062814313168,936,1.1721430000000002,1.4608419999999995,0.0600776378181547,0.021800134556253126,6-stretch-all-three-axes,False
0.11155000993107565,0.08725423450789427,0.046351357582198424,0.098848510137784,0.8681638916115991,0.0896966998930584,937,1.155977,1.4481260000000002,0.0759205163551155,0.04280013641305519,6-stretch-all-three-axes,False
0.11207745446055996,0.08977657833699693,0.04717572098525175,0.09928976712584921,0.8755954633045123,0.08901782205960354,938,1.1399320000000002,1.435485,0.0941643629221078,0.06420013830522481,6-stretch-all-three-axes,False
0.10795225773338035,0.07957196531809119,0.04783363306732685,0.0929910798045943,0.8862588440528057,0.0983455115661073,939,1.2033250000000009,1.4912490000000016,0.0647094709440389,-0.05779987248191082,6-stretch-all-three-axes,False
0.10714497065650692,0.07401926058246851,0.04853179871807659,0.09153435738233232,0.891828054838498,0.10085360549111283,940,1.2201049999999989,1.5040359999999975,0.0730199569770826,-0.07719987419724228,6-stretch-all-three-axes,False
0.1062754500010567,0.06768866519553023,0.04922784921368703,0.08985858441281766,0.9006265816534654,0.10458395953831383,941,1.2371830000000017,1.5172000000000025,0.0847497065731089,-0.09619987587720602,6-stretch-all-three-axes,False
0.10534286193828711,0.07675444252940478,0.05097742897555428,0.08800475120129178,0.9236470485339625,0.10624514551063749,942,1.2180900000000006,1.5077729999999967,0.098455632462916,-0.1147998775218021,6-stretch-all-three-axes,False
0.1093742017054353,0.08833043893724961,0.047706385426271335,0.09519001975329283,0.8844585154333927,0.09561639678530717,943,1.170245,1.4661810000000006,0.0648330098750081,-0.017799868945145236,6-stretch-all-three-axes,False
0.10999249936224481,0.09161772796913854,0.047890755562520315,0.09594375085122428,0.887779985935001,0.09446114817480619,944,1.1539249999999992,1.4538259999999994,0.0738912796823985,0.002800132876289385,6-stretch-all-three-axes,False
0.11055168157769937,0.09422456386243737,0.04843635371462003,0.09649285767363995,0.8934097518507322,0.09370605137383398,945,1.137690000000001,1.4415070000000014,0.0872612368175035,0.02380013473309145,6-stretch-all-three-axes,False
0.11105336140266833,0.09619185528528834,0.04928147974211685,0.09687720473466506,0.9007990542339208,0.0927269247757612,946,1.1215270000000004,1.429174999999999,0.103525484262666,0.04520013662526107,6-stretch-all-three-axes,False
0.10698541991434093,0.08776165606989222,0.04972738551060277,0.09085473328018022,0.9115589067465009,0.10018967400561887,947,1.184414999999999,1.483293999999999,0.0818432308092866,-0.0763998741265069,6-stretch-all-three-axes,False
0.10619649003258495,0.08267114100298868,0.050158587228640555,0.08953307881999895,0.9161315092210204,0.10307654661142762,948,1.2011569999999998,1.4954209999999994,0.0885602219756688,-0.09579987584183836,6-stretch-all-three-axes,False
0.10534285986566227,0.0767544208616541,0.050977425655265425,0.08800474980770416,0.9236470654280553,0.10624514609965488,949,1.2180900000000006,1.5077729999999967,0.098455632462916,-0.1147998775218021,6-stretch-all-three-axes,False
0.10442573324074982,0.07000824613269331,0.05206449870866512,0.0862792311882028,0.9341763468934821,0.1112014999698521,950,1.2352720000000001,1.520464999999998,0.1104740257396169,-0.13339987916639817,6-stretch-all-three-axes,False
0.10837010155165915,0.09553709690874898,0.04965107709714834,0.09277375762622724,0.9115682388172509,0.10037062053324074,951,1.1513499999999992,1.4594159999999992,0.0819409419575931,-0.03639987058974131,6-stretch-all-three-axes,False
0.10896785510835699,0.09831268297251726,0.050043308284897614,0.09342268849616076,0.9152794698214922,0.09895634820458052,952,1.1349470000000004,1.4475550000000013,0.0892800090308417,-0.01579986876830669,6-stretch-all-three-axes,False
0.10950621945053048,0.10037629745546915,0.05062964808162951,0.09389631422407049,0.9209724664927119,0.09827885692592946,953,1.1185929999999988,1.4356370000000003,0.100625654036956,0.005200133088495373,6-stretch-all-three-axes,False
0.10998702925884132,0.10180175753033463,0.05147031821779527,0.094229346401161,0.9281899715910042,0.09869351023653103,954,1.1022920000000003,1.4236429999999984,0.1150153237236858,0.02660013498066499,6-stretch-all-three-axes,False
0.11122116059122501,0.07136693629324357,0.04468252533413953,0.09931187931678924,0.8379718621656417,0.08669847548393815,955,1.206057000000003,1.4817940000000007,0.0347580499320985,0.020600134450149965,6-stretch-all-three-axes,False
0.11032532723219007,0.08025179895354492,0.04602341829060698,0.09737414067218686,0.8598375460541302,0.09048984532951915,956,1.1884399999999995,1.4736700000000003,0.0485048505013656,0.0012001327348185042,6-stretch-all-three-axes,False
0.10937420580046514,0.08833070357451202,0.047706365809178426,0.09519003583441012,0.8844586166665638,0.0956164288407711,957,1.170245,1.4661810000000006,0.0648330098750081,-0.017799868945145236,6-stretch-all-three-axes,False
0.10837010425141129,0.09553695001878268,0.04965109394884972,0.0927737628354392,0.9115680531714736,0.10037062562004563,958,1.1513499999999992,1.4594159999999992,0.0819409419575931,-0.03639987058974131,6-stretch-all-three-axes,False
0.11284539880277325,0.05149056448427568,0.04310061440814504,0.10238218222140377,0.8035117744459361,0.08394748341790606,959,1.2402059999999988,1.4997659999999975,0.0349875059796741,0.06060013798691555,6-stretch-all-three-axes,False
0.11357347201216582,0.05692578230220095,0.04276065754265806,0.10352381267687422,0.8042819375377899,0.08119707546463999,960,1.2237459999999984,1.485542999999998,0.0498069033199944,0.08120013980835017,6-stretch-all-three-axes,False
0.11424698706474137,0.06176753308556797,0.04276582219668871,0.10438729725033097,0.8083107416377651,0.08032912799745898,961,1.2075569999999995,1.4716199999999997,0.0680832567974334,0.10220014166515223,6-stretch-all-three-axes,False
0.11486810743602568,0.066055842235279,0.04307290941916822,0.10499688577955282,0.8151139945939079,0.08061463445812432,962,1.1915649999999998,1.4579490000000002,0.0879677912479581,0.12360014355732185,6-stretch-all-three-axes,False
0.11188913158857829,0.07572620669766757,0.044666019842002705,0.1002613515442671,0.8402359069046148,0.08542301056108385,963,1.1897660000000005,1.4684920000000012,0.0496459875390932,0.041200136271584586,6-stretch-all-three-axes,False
0.11096723060292854,0.08408202631410659,0.045993079030383265,0.09821152233995668,0.8628411834329,0.0913006376622772,964,1.1721430000000002,1.4608430000000006,0.0600776378181547,0.021800134556253126,6-stretch-all-three-axes,False
0.10999250619676511,0.09161794606463478,0.047890745600663226,0.0959437685238512,0.8877799480573362,0.09446125267944548,965,1.1539249999999992,1.4538259999999994,0.0738912796823985,0.002800132876289385,6-stretch-all-three-axes,False
0.10896785008372123,0.09831229675705905,0.05004336084336967,0.0934226746294713,0.9152792964611747,0.0989562886285095,966,1.1349470000000004,1.4475550000000013,0.0892800090308417,-0.01579986876830669,6-stretch-all-three-axes,False
0.11357347165840631,0.05692577763784787,0.042760656889449036,0.10352381259001404,0.8042819383967752,0.08119707596785256,967,1.2237459999999984,1.485542999999998,0.0498069033199944,0.08120013980835017,6-stretch-all-three-axes,False
0.11433500140831827,0.06213334151380019,0.04234629157606709,0.10475260497647514,0.803783036199185,0.07838193590450927,968,1.2075969999999998,1.4716239999999994,0.0611337031593606,0.10180014162978479,6-stretch-all-three-axes,False
0.11504398177897497,0.06677137706470568,0.042180269790195554,0.10570077322022894,0.8064877690133986,0.07637733419989853,969,1.1916470000000006,1.4579879999999994,0.0767589206528779,0.12280014348658685,6-stretch-all-three-axes,False
0.11570233511822257,0.07087156266155867,0.04230218744393578,0.10638486002818805,0.8120619136956753,0.07573254366044078,970,1.1759110000000002,1.4446019999999988,0.0948416276784297,0.14420014537875647,6-stretch-all-three-axes,False
0.11250039168007428,0.07944406574182111,0.044655874010242194,0.1009651646739043,0.845342512447701,0.08546481798371963,971,1.1736550000000001,1.4554019999999994,0.0679656259924808,0.06220013812838665,6-stretch-all-three-axes,False
0.1115500138648096,0.08725430085522583,0.04635135173357264,0.09884851072131196,0.8681639164705253,0.0896967135536087,972,1.155977,1.4481260000000002,0.0759205163551155,0.04280013641305519,6-stretch-all-three-axes,False
0.11055167850577848,0.09422419557028608,0.04843633128202566,0.09649284845077899,0.893409376175814,0.09370606310327573,973,1.137689,1.4415070000000014,0.0872612368175035,0.02380013473309145,6-stretch-all-three-axes,False
0.10950620875062579,0.10037595396883646,0.0506296808736739,0.09389630074861469,0.9209723560386419,0.09827879960071129,974,1.1185929999999988,1.4356370000000003,0.100625654036956,0.005200133088495373,6-stretch-all-three-axes,False
0.11424697966327046,0.06176700976177875,0.04276582520813315,0.1043872560263402,0.8083107079696583,0.08032893328543853,975,1.2075569999999995,1.4716199999999997,0.0680832567974334,0.10220014166515223,6-stretch-all-three-axes,False
0.11504397989105078,0.06677134549220541,0.04218027547522238,0.1057007728174258,0.8064877566809833,0.07637732726486335,976,1.1916470000000006,1.4579879999999994,0.0767589206528779,0.12280014348658685,6-stretch-all-three-axes,False
0.11579048548124286,0.07122258905156857,0.04188692695126295,0.10671721155205875,0.808002770069696,0.07488711848341399,977,1.1759530000000007,1.4446430000000001,0.0897024756492974,0.14380014534338892,6-stretch-all-three-axes,False
0.11648802542034767,0.07515619870873888,0.04185087345903103,0.10746493261614473,0.8123512948048422,0.07426356068267899,978,1.1604569999999992,1.4315280000000001,0.1055913660225677,0.16520014723555854,6-stretch-all-three-axes,False
0.11305555308058703,0.08254664712109326,0.045473383714881944,0.10145676458057498,0.8527400678821969,0.08570993480710976,979,1.1576419999999992,1.4423909999999989,0.0878767816743926,0.08360014002055627,6-stretch-all-three-axes,False
0.11207747906140486,0.08977688575320361,0.047175661663137046,0.0992898382164117,0.8755950772011405,0.08901791510019971,980,1.1399320000000002,1.4354850000000017,0.0941643629221078,0.06420013830522481,6-stretch-all-three-axes,False
0.11105337170466398,0.09619228902823904,0.04928146039866113,0.09687723392481408,0.900799214753588,0.09272694261737101,981,1.1215270000000004,1.4291759999999996,0.103525484262666,0.04520013662526107,6-stretch-all-three-axes,False
0.10998702853441282,0.10180249621499483,0.051470292711137594,0.09422933110335602,0.9281907986361736,0.09869356914518959,982,1.1022930000000013,1.4236439999999995,0.1150153237236858,0.02660013498066499,6-stretch-all-three-axes,False
0.1148681077512198,0.0660559196914318,0.04307288810583863,0.1049968777855053,0.8151141202378633,0.08061462377812523,983,1.1915649999999998,1.4579490000000002,0.0879677912479581,0.12360014355732185,6-stretch-all-three-axes,False
0.11570234656232428,0.07087189843480814,0.0423021903200691,0.10638488292017068,0.812061936438724,0.07573261152582642,984,1.1759110000000002,1.4446029999999999,0.0948416276784297,0.14420014537875647,6-stretch-all-three-axes,False
0.1164880253994377,0.07515618876617253,0.04185087370185447,0.10746493212939057,0.8123512910805107,0.07426356669485759,985,1.1604569999999992,1.4315280000000001,0.1055913660225677,0.16520014723555854,6-stretch-all-three-axes,False
0.11722694291347496,0.07893561323884879,0.04166318381865622,0.10827569137980154,0.8154247687821469,0.07365117546241404,986,1.1451319999999998,1.4186729999999992,0.1193839981714925,0.18660014912772815,6-stretch-all-three-axes,False
0.11029327045772763,0.06527012981157021,0.04592198452283242,0.09742615451429114,0.8479334905120759,0.09291658106558312,987,1.2224350000000008,1.4951360000000022,0.0494845484887588,0.0012001327348190038,6-stretch-all-three-axes,False
0.1094088545155179,0.07448289950580986,0.04697301906950422,0.0956545808294616,0.8683729387397301,0.09479432638694481,988,1.2046009999999994,1.4862449999999967,0.0599442993637751,-0.018199868980512457,6-stretch-all-three-axes,False
0.10846717015956298,0.08289376163081393,0.04855406382008361,0.09364198097071239,0.8916111406255024,0.09787911898286664,989,1.1862819999999985,1.477993999999999,0.073782909088128,-0.0371998706604762,6-stretch-all-three-axes,False
0.10747114553394252,0.0904298025164422,0.05063889295140674,0.09142240033363982,0.9171900409986695,0.09811470396093618,990,1.1673179999999999,1.4704429999999995,0.0891903384507072,-0.05579987230507227,6-stretch-all-three-axes,False
0.11188913196640342,0.07572654000960612,0.044666028541052935,0.10026136367980981,0.8402360985053495,0.08542305375778188,991,1.1897660000000005,1.4684920000000012,0.0496459875390932,0.041200136271584586,6-stretch-all-three-axes,False
0.11260125324740469,0.07997594732043342,0.04444404555127898,0.10127311876584656,0.8413611124101821,0.08446873064695787,992,1.1737869999999995,1.4555919999999993,0.061002673075705,0.06180013809301921,6-stretch-all-three-axes,False
0.11325810661440538,0.0836057671335824,0.04422741665485635,0.10202872254972079,0.8453573885729838,0.08481468466476076,993,1.1579319999999989,1.4428260000000002,0.076654604298759,0.08280013994982127,6-stretch-all-three-axes,False
0.11386080746194051,0.08663412894083351,0.044583412816326905,0.10258054663288173,0.851536461505613,0.08340216058623039,994,1.1421670000000006,1.430154,0.0947572203111636,0.10420014184199089,6-stretch-all-three-axes,False
0.10940885339736943,0.07448296800729487,0.04697301494468716,0.09565458326235483,0.8683730207236562,0.0947942984966576,995,1.2046009999999994,1.4862449999999967,0.0599442993637751,-0.018199868980512457,6-stretch-all-three-axes,False
0.10854006113113905,0.06861366558231968,0.04809547134532078,0.09399770198164875,0.8760839952124739,0.09924649821272637,996,1.221161,1.4993630000000007,0.0688325323759882,-0.03759987069584392,6-stretch-all-three-axes,False
0.1076139235338093,0.07741015356957599,0.04929553634332449,0.09214428956334177,0.8980120945177493,0.10057455763913577,997,1.2027129999999997,1.490370999999998,0.0811696751292287,-0.05659987237580766,6-stretch-all-three-axes,False
0.1066295129126843,0.08532582457199589,0.05139532441509565,0.09006570472964781,0.9225302098313934,0.10200570440027118,998,1.1836549999999995,1.4820590000000013,0.0953913778075842,-0.07519987402040373,6-stretch-all-three-axes,False
0.11096723075640455,0.08408201805429805,0.04599308093763075,0.09821152200515848,0.862841181915161,0.09130063940364028,999,1.1721430000000002,1.4608430000000006,0.0600776378181547,0.021800134556253126,6-stretch-all-three-axes,False
0.111657967405477,0.08786781696430297,0.045813650469074096,0.09912295367876563,0.8645233341491874,0.0897154754280558,1000,1.1561569999999999,1.4484110000000001,0.0697561797223652,0.04240013637768775,6-stretch-all-three-axes,False
0.11229196815494592,0.09098644238069262,0.046162016069632945,0.09980765423038204,0.8687540539574652,0.08843991027577446,1001,1.1402870000000005,1.4361060000000005,0.0837885842300543,0.06340013823448981,6-stretch-all-three-axes,False
0.11287174986105808,0.09349432834937413,0.0466862640548955,0.10028431642861702,0.8751579175344186,0.08812320560950564,1002,1.124486000000001,1.4238110000000006,0.10061575069628,0.08480014012665943,6-stretch-all-three-axes,False
0.10846717005558366,0.0828937686775893,0.048554065548157735,0.09364197953560087,0.8916111617169472,0.09787912561824004,1003,1.1862819999999985,1.477993999999999,0.073782909088128,-0.0371998706604762,6-stretch-all-three-axes,False
0.10761391940002665,0.07741024300921326,0.04929551545206221,0.09214428805316288,0.8980122535002569,0.10057456196537311,1004,1.2027129999999997,1.490370999999998,0.0811696751292287,-0.05659987237580766,6-stretch-all-three-axes,False
0.10669958438514349,0.07114334842633058,0.05073407857928584,0.09040622631083338,0.9076678564569461,0.10635264285199166,1005,1.2193490000000011,1.5030030000000014,0.0918646548345859,-0.0755998740557714,6-stretch-all-three-axes,False
0.10572735366552918,0.07942621001509313,0.05226632582773136,0.0884913842882416,0.9308320060484241,0.10790858786108672,1006,1.20017,1.4938919999999989,0.1046427905176575,-0.09419987570036747,6-stretch-all-three-axes,False
0.10999249477128185,0.09161796711616743,0.04789076251444592,0.09594373800349862,0.8877804415128937,0.09446105803940306,1007,1.1539249999999992,1.4538259999999994,0.0738912796823985,0.002800132876289385,6-stretch-all-three-axes,False
0.11066535591933349,0.09491489821619199,0.047973695429341066,0.09675200087226143,0.8899469504389549,0.09279526371355193,1008,1.1379110000000003,1.4418949999999993,0.081954397421688,0.023400134697724007,6-stretch-all-three-axes,False
0.11127957664396393,0.09755011859787195,0.0482541287581592,0.0973326375007593,0.8945845155081248,0.09350369029445547,1009,1.1219560000000015,1.4299890000000004,0.0941866524225698,0.04440013655452607,6-stretch-all-three-axes,False
0.11183926593741003,0.09955683964001792,0.04879654071377172,0.09775809377725389,0.9008878393508924,0.09267670210485339,1010,1.1060500000000002,1.4180580000000003,0.1094263585041056,0.06580013844669569,6-stretch-all-three-axes,False
0.10747114548467163,0.09042980539665456,0.050638889798403176,0.09142240065084571,0.9171900409395041,0.0981147102235668,1011,1.1673179999999999,1.4704429999999995,0.0891903384507072,-0.05579987230507227,6-stretch-all-three-axes,False
0.10662951384698005,0.08532581487089479,0.0513953291923372,0.09006570563377743,0.9225301907213923,0.10200570164259953,1012,1.1836549999999995,1.4820590000000013,0.0953913778075842,-0.07519987402040373,6-stretch-all-three-axes,False
0.10572736194483248,0.07942552423916564,0.052266316420036964,0.08849141049349553,0.9308310497070694,0.10790859275946149,1013,1.2001690000000007,1.4938909999999996,0.1046427905176575,-0.09419987570036747,6-stretch-all-three-axes,False
0.10476549166146908,0.07271676363063209,0.05394552680691158,0.08672454700613967,0.9419258565656966,0.11325971855667279,1014,1.2169119999999998,1.506048999999999,0.1160220341433776,-0.11279987734496355,6-stretch-all-three-axes,False
0.10896785067148419,0.09831236331817284,0.050043374866788025,0.09342267076287551,0.9152793915405257,0.09895627050442654,1015,1.1349470000000004,1.4475550000000013,0.0892800090308417,-0.01579986876830669,6-stretch-all-three-axes,False
0.10962543406329657,0.10114334107411015,0.050164825042383517,0.09411480181042277,0.917940752196718,0.09927595844481445,1016,1.118847000000002,1.4361280000000018,0.0960599919643798,0.004800133053127931,6-stretch-all-three-axes,False
0.11022410324762599,0.10329703817791545,0.050493215078235516,0.09463150538802807,0.9225493831718858,0.09985637860815358,1017,1.102779,1.4246599999999994,0.1066870390160619,0.025800134909929995,6-stretch-all-three-axes,False
0.11076686377336617,0.10482379062000217,0.051010663086379235,0.09501753170676723,0.9285684303303949,0.09936849606798746,1018,1.0867379999999989,1.413104999999998,0.1203541720710744,0.04720013680209961,6-stretch-all-three-axes,False
0.11188912829619074,0.07572551270310354,0.04466603741252187,0.10026135713351339,0.8402352102121499,0.0854230102532709,1019,1.1897650000000013,1.468491000000002,0.0496459875390932,0.041200136271584586,6-stretch-all-three-axes,False
0.11096723024017752,0.08408201153373776,0.04599308395851093,0.09821151992097442,0.8628411911582895,0.0913006371721811,1020,1.1721430000000002,1.4608430000000006,0.0600776378181547,0.021800134556253126,6-stretch-all-three-axes,False
0.10999249847152827,0.09161785904389107,0.04789077337681192,0.09594374378577201,0.8877802092162744,0.09446110827867303,1021,1.1539249999999992,1.4538259999999994,0.0738912796823985,0.002800132876289385,6-stretch-all-three-axes,False
0.10896784930406965,0.098312269479361,0.050043357709745856,0.09342267146701365,0.915279320918889,0.09895628466805703,1022,1.1349470000000004,1.4475550000000013,0.0892800090308417,-0.01579986876830669,6-stretch-all-three-axes,False
0.11357347182716765,0.0569257742187369,0.04276065376929307,0.10352381093979132,0.8042819418472207,0.08119708535327454,1023,1.2237459999999984,1.485542999999998,0.0498069033199944,0.08120013980835017,6-stretch-all-three-axes,False
0.114335002558075,0.062133390352236285,0.0423462934639668,0.10475260909045654,0.8037830464463823,0.0783819158454378,1024,1.2075969999999998,1.4716239999999994,0.0611337031593606,0.10180014162978479,6-stretch-all-three-axes,False
0.11504398034475147,0.06677133636531753,0.0421802757729736,0.1057007715966188,0.8064877649308968,0.07637732857212136,1025,1.1916470000000006,1.4579879999999994,0.0767589206528779,0.12280014348658685,6-stretch-all-three-axes,False
0.11570234495434842,0.07087187026551177,0.04230219541577173,0.106384881055657,0.8120619422125868,0.07573260433225427,1026,1.1759110000000002,1.4446029999999999,0.0948416276784297,0.14420014537875647,6-stretch-all-three-axes,False
0.1126012534453172,0.0799755712359718,0.04444411342434753,0.10127309689071574,0.8413609908431283,0.08446865564601622,1027,1.1737869999999995,1.455591,0.061002673075705,0.06180013809301921,6-stretch-all-three-axes,False
0.11165796531387744,0.08786781828072301,0.04581364899040156,0.09912294920734938,0.8645233897617888,0.08971542014079799,1028,1.1561569999999999,1.4484110000000001,0.0697561797223652,0.04240013637768775,6-stretch-all-three-axes,False
0.11066535588230467,0.0949148962365344,0.047973700124189306,0.09675199951891729,0.8899469633527699,0.09279525861862539,1029,1.1379110000000003,1.4418949999999993,0.081954397421688,0.023400134697724007,6-stretch-all-three-axes,False
0.10962543624519154,0.10114336944607984,0.0501648209285422,0.09411480218226363,0.9179407550398776,0.09927595639706675,1030,1.118847000000002,1.4361280000000018,0.0960599919643798,0.004800133053127931,6-stretch-all-three-axes,False
0.1143349997103316,0.06213332208954979,0.04234629152643002,0.10475260506587243,0.8037830256744601,0.07838193745025777,1031,1.2075969999999998,1.4716239999999994,0.0611337031593606,0.10180014162978479,6-stretch-all-three-axes,False
0.11512490548202647,0.0523552063874107,0.04175957885323164,0.10604061740115792,0.7898781561212727,0.07895591792331982,1032,1.229772999999999,1.4803679999999995,0.0706677557704103,0.12240014345121941,6-stretch-all-three-axes,False
0.11586395396491943,0.05749907343876362,0.04144176214789137,0.10708168798432478,0.7918392599334819,0.07633018578127698,1033,1.2079669999999991,1.4663449999999996,0.0845490032078696,0.14340014530802148,6-stretch-all-three-axes,False
0.1165536670145121,0.06210544727822714,0.041435778941567414,0.107838561124942,0.7968399703231328,0.07538081655176014,1034,1.192149999999999,1.4525519999999998,0.1012498710337125,0.1648001472001911,6-stretch-all-three-axes,False
0.11325810782452238,0.08360581872622416,0.04422742562007306,0.10202872655140642,0.8453574091250802,0.08481469068630157,1035,1.1579319999999989,1.4428260000000002,0.076654604298759,0.08280013994982127,6-stretch-all-three-axes,False
0.11229196844062297,0.09098644668574289,0.04616201679568463,0.09980765560409503,0.8687540443502091,0.08843990992906817,1036,1.1402870000000005,1.4361060000000005,0.0837885842300543,0.06340013823448981,6-stretch-all-three-axes,False
0.11127957652374382,0.09755010933413938,0.04825412939783963,0.09733263991368474,0.8945845074648119,0.09350368057910027,1037,1.1219560000000015,1.4299890000000004,0.0941866524225698,0.04440013655452607,6-stretch-all-three-axes,False
0.1102241024134496,0.10329701367356618,0.05049321489596586,0.09463150176050661,0.9225493992428258,0.0998563742533696,1038,1.102779,1.4246599999999994,0.1066870390160619,0.025800134909929995,6-stretch-all-three-axes,False
0.1150439809180233,0.06677134613979047,0.04218027210793164,0.10570076698254799,0.8064878018481628,0.07637732980629341,1039,1.1916470000000006,1.4579879999999994,0.0767589206528779,0.12280014348658685,6-stretch-all-three-axes,False
0.11586395399467166,0.057499096457431766,0.04144173763801625,0.10708168342053051,0.7918393489085052,0.07633018193620165,1040,1.2079669999999991,1.4663449999999996,0.0845490032078696,0.14340014530802148,6-stretch-all-three-axes,False
0.1166346063781202,0.062406136369223326,0.041033306618792224,0.10819946083639002,0.7925620034924069,0.07386204444050133,1041,1.1921960000000005,1.452572,0.0964527665816918,0.16440014716482354,6-stretch-all-three-axes,False
0.11735921411300146,0.06679313446442853,0.04087242912727994,0.10904462029181144,0.7961767727814675,0.07171776700537369,1042,1.176582999999999,1.4390220000000005,0.1113828470733326,0.18580014905699316,6-stretch-all-three-axes,False
0.11386080626474027,0.0866340841509139,0.044583423864079035,0.10258053844202589,0.8515364814612716,0.08340217306915274,1043,1.1421670000000006,1.430154,0.0947572203111636,0.10420014184199089,6-stretch-all-three-axes,False
0.11287175042535524,0.09349434498027182,0.046686273096030816,0.1002843149153094,0.8751579441109818,0.0881232104737831,1044,1.124486000000001,1.4238110000000006,0.10061575069628,0.08480014012665943,6-stretch-all-three-axes,False
0.11183928060012466,0.09955719639299496,0.04879647755779043,0.09775811003941894,0.9008879055813132,0.09267677937710778,1045,1.1060500000000002,1.4180580000000003,0.1094263585041056,0.06580013844669569,6-stretch-all-three-axes,False
0.11076685870332602,0.104823478368561,0.05101066499367914,0.09501750882087602,0.9285683728244476,0.0993683967659381,1046,1.0867379999999989,1.413104999999998,0.1203541720710744,0.04720013680209961,6-stretch-all-three-axes,False
0.11570234678537665,0.07087189237200571,0.042302195070345876,0.10638488252578651,0.812061933596792,0.07573260812514072,1047,1.1759110000000002,1.4446029999999999,0.0948416276784297,0.14420014537875647,6-stretch-all-three-axes,False
0.1165536674403706,0.06210544428079252,0.04143577686928709,0.10783856307167539,0.7968399411661622,0.07538082344907934,1048,1.192149999999999,1.4525519999999998,0.1012498710337125,0.1648001472001911,6-stretch-all-three-axes,False
0.11735921419068605,0.0667931530197506,0.040872428307342806,0.1090446264912719,0.7961767383171956,0.07171778488188198,1049,1.176582999999999,1.4390220000000005,0.1113828470733326,0.18580014905699316,6-stretch-all-three-axes,False
0.11811945888342758,0.07097858453484612,0.040589338903674485,0.10995152058790078,0.7985934714696074,0.07046058921735499,1050,1.161169000000001,1.4257149999999994,0.1245357019615679,0.20720015094916278,6-stretch-all-three-axes,False
0.11081931729836848,0.06923466674023086,0.046593689867151386,0.09801443541985232,0.855080544672371,0.09354605626192872,1051,1.2056750000000012,1.4812709999999996,0.0678477912459522,0.022200134591621068,6-stretch-all-three-axes,False
0.10989741432709225,0.0777742351211519,0.04772600103630783,0.09618991322347209,0.8757268798881699,0.09522590461838883,1052,1.1877910000000007,1.4727250000000005,0.075815046422408,0.002800132876289607,6-stretch-all-three-axes,False
0.10892134462795176,0.08550208667084545,0.04969815673992965,0.09413160293538737,0.8989363442882745,0.09600637203899909,1053,1.1694010000000006,1.4648069999999986,0.087169489566734,-0.016199868803674133,6-stretch-all-three-axes,False
0.10789446247869475,0.09237797637408306,0.05189480652740146,0.09180558627678115,0.924929953783084,0.09954683406856918,1054,1.15034,1.4575829999999996,0.1005461024146122,-0.03479987044827021,6-stretch-all-three-axes,False
0.11250039280677346,0.07944410914157068,0.04465587830058799,0.10096517324415971,0.8453425393147975,0.08546478849477962,1055,1.1736550000000001,1.4554019999999994,0.0679656259924808,0.06220013812838665,6-stretch-all-three-axes,False
0.11325810642215285,0.08360578485640495,0.04422742284618089,0.10202872446010852,0.8453573948013534,0.08481469549003538,1056,1.1579319999999989,1.4428260000000002,0.076654604298759,0.08280013994982127,6-stretch-all-three-axes,False
0.11396162951888354,0.08714537530676454,0.04450843029619293,0.10284905582321974,0.8480722754254011,0.08397856915819374,1057,1.142335000000001,1.4304000000000014,0.0896132278071564,0.10380014180662334,6-stretch-all-three-axes,False
0.11461460953678634,0.09012404738778693,0.04445970702145349,0.10344407050118343,0.8531231504962961,0.08305764153790451,1058,1.1268150000000006,1.4180599999999988,0.10551555827894,0.12520014369879295,6-stretch-all-three-axes,False
0.10989740157127215,0.077774912348936,0.04772597805897292,0.09618987831737522,0.8757280033333865,0.09522573904209412,1059,1.1877920000000017,1.4727260000000015,0.075815046422408,0.002800132876289607,6-stretch-all-three-axes,False
0.10898603340649685,0.07200014656387933,0.049171968954119384,0.09448342086416862,0.8842626690459209,0.10057197369645117,1060,1.203994999999999,1.4854249999999993,0.0830212006123102,-0.016599868839041854,6-stretch-all-three-axes,False
0.10801995289394258,0.08005594264208075,0.0508003371609138,0.09257522792479991,0.906315451104714,0.10235017021222682,1061,1.1854760000000009,1.4767300000000034,0.0935046437264082,-0.035599870519005594,6-stretch-all-three-axes,False
0.10700119046484471,0.0872482458774477,0.05275175822798101,0.09043445066689759,0.9308621086912584,0.1028233863962845,1062,1.166311,1.4687110000000008,0.1060854240593271,-0.05419987216360167,6-stretch-all-three-axes,False
0.11155001277674573,0.0872542662659156,0.04635135532947483,0.09884850929468698,0.8681638980656324,0.08969670078246796,1063,1.155977,1.4481260000000002,0.0759205163551155,0.04280013641305519,6-stretch-all-three-axes,False
0.11229195784741024,0.0909860650471846,0.04616201253363752,0.09980763723030112,0.8687538742514518,0.08843988124033822,1064,1.1402870000000005,1.4361060000000005,0.0837885842300543,0.06340013823448981,6-stretch-all-three-axes,False
0.1129787520322818,0.09408987219291821,0.04627437916237428,0.10052591867805699,0.871944878657505,0.088612950523756,1065,1.1246999999999994,1.424145999999999,0.0957868941196805,0.08440014009129188,6-stretch-all-three-axes,False
0.1136129118881423,0.09660085884088919,0.046503978323337115,0.10105230564015147,0.8771394730632708,0.08794425401906375,1066,1.1091289999999996,1.4122099999999995,0.1108067305085479,0.1058001419834615,6-stretch-all-three-axes,False
0.10892134595533738,0.08550208994493182,0.049698150510766835,0.09413160422459092,0.8989363234622242,0.09600637994040156,1067,1.1694010000000006,1.4648069999999986,0.087169489566734,-0.016199868803674133,6-stretch-all-three-axes,False
0.10801995210578047,0.0800559430154695,0.05080032545903063,0.09257522829047984,0.9063154617147751,0.10235017052959046,1068,1.1854760000000009,1.4767300000000034,0.0935046437264082,-0.035599870519005594,6-stretch-all-three-axes,False
0.10706286029917976,0.07388078056848624,0.0520331938522538,0.09081125846122093,0.9164945449759909,0.10695384377601407,1069,1.2017600000000015,1.488957000000001,0.1029257841636176,-0.054599872198969335,6-stretch-all-three-axes,False
0.10604977409314946,0.08134591592123643,0.054082988914055836,0.0888354669566724,0.9396740043955354,0.10836999193438127,1070,1.182420000000001,1.4800239999999967,0.1144758308340251,-0.07319987384356541,6-stretch-all-three-axes,False
0.11055168988081591,0.0942249922152324,0.04843634047401189,0.09649288295347452,0.8934099210208819,0.09370613247960018,1071,1.137690000000001,1.4415080000000007,0.0872612368175035,0.02380013473309145,6-stretch-all-three-axes,False
0.11127956011423697,0.09755014484263909,0.04825417061706328,0.09733258420511802,0.8945850615364407,0.09350362322282052,1072,1.1219559999999995,1.4299889999999995,0.0941866524225698,0.04440013655452607,6-stretch-all-three-axes,False
0.1119523497243776,0.10022632944417315,0.04832770269001184,0.09796971621471208,0.8979801898936309,0.09377984927162446,1073,1.1062630000000002,1.4184899999999985,0.10500346533514,0.06540013841132813,6-stretch-all-three-axes,False
0.11257121927858296,0.1022951573913891,0.048606816543309186,0.09844182083561402,0.9030963700810787,0.09310899862683807,1074,1.0906000000000002,1.406991999999999,0.1188643351610862,0.08680014030349775,6-stretch-all-three-axes,False
0.1078944598629093,0.09237791882484347,0.05189480311864997,0.09180558678257957,0.9249299344348361,0.09954684497191246,1075,1.15034,1.4575829999999996,0.1005461024146122,-0.03479987044827021,6-stretch-all-three-axes,False
0.1070011877235234,0.08724815647966652,0.052751737634841686,0.09043445247263385,0.930862011686818,0.10282342632800998,1076,1.1663100000000008,1.4687110000000008,0.1060854240593271,-0.05419987216360167,6-stretch-all-three-axes,False
0.1060497849107196,0.08134630165078734,0.054083006517421324,0.08883548228697945,0.939674085337,0.1083699888359792,1077,1.182420000000001,1.4800239999999967,0.1144758308340251,-0.07319987384356541,6-stretch-all-three-axes,False
0.10504415129568583,0.07466149364631718,0.05595844124566568,0.08701842185898524,0.951379401752432,0.11386388835987435,1078,1.1987610000000006,1.4916609999999988,0.1249628530587593,-0.09179987548816149,6-stretch-all-three-axes,False
0.10950620115310115,0.10037565039064685,0.050629647292554064,0.09389627669648361,0.9209722702581986,0.09827883547275866,1079,1.1185929999999988,1.4356370000000003,0.100625654036956,0.005200133088495373,6-stretch-all-three-axes,False
0.11022410352487978,0.10329703770652257,0.050493210767874705,0.09463150408005151,0.9225493936997913,0.09985637710663997,1080,1.102779,1.4246599999999994,0.1066870390160619,0.025800134909929995,6-stretch-all-three-axes,False
0.11088506591998913,0.10555471241189264,0.050635952554167696,0.09520030313690767,0.9259503957562496,0.10091495194406387,1081,1.086969999999999,1.413632999999999,0.1163474388709639,0.04680013676673206,6-stretch-all-three-axes,False
0.11149145482380496,0.10720248525112697,0.050845138564793516,0.09564972528942665,0.93062739235394,0.09927796283241688,1082,1.071155000000001,1.402498000000001,0.1289950734436465,0.06820013865890168,6-stretch-all-three-axes,False
0.11250039197399535,0.0794441047583129,0.04465586439297626,0.10096516936523624,0.845342557223373,0.08546477562509742,1083,1.1736550000000001,1.4554019999999994,0.0679656259924808,0.06220013812838665,6-stretch-all-three-axes,False
0.11155001217684855,0.08725427031775437,0.04635135923696513,0.09884850897360913,0.8681639203553956,0.08969670946713947,1084,1.155977,1.4481260000000002,0.0759205163551155,0.04280013641305519,6-stretch-all-three-axes,False
0.11055168237024084,0.09422459101498733,0.048436341153826765,0.09649285929954063,0.8934097444949828,0.0937060483409236,1085,1.137690000000001,1.4415070000000014,0.0872612368175035,0.02380013473309145,6-stretch-all-three-axes,False
0.10950621833681345,0.1003762201129114,0.05062966607147844,0.09389630870405676,0.9209724471438231,0.09827884896427225,1086,1.1185929999999988,1.4356370000000003,0.100625654036956,0.005200133088495373,6-stretch-all-three-axes,False
0.11424699068316677,0.06176661197099731,0.042765795126436704,0.10438729421393278,0.8083098467984896,0.08032913001909463,1087,1.2075560000000003,1.4716190000000005,0.0680832567974334,0.10220014166515223,6-stretch-all-three-axes,False
0.11504397993042358,0.06677133445061836,0.04218027059873039,0.10570077065941826,0.806487767291772,0.0763773282717068,1088,1.1916470000000006,1.4579879999999994,0.0767589206528779,0.12280014348658685,6-stretch-all-three-axes,False
0.11579048508293767,0.07122258386571355,0.041886920720131705,0.10671721003775446,0.8080027758827255,0.07488711427660703,1089,1.1759530000000007,1.4446430000000001,0.0897024756492974,0.14380014534338892,6-stretch-all-three-axes,False
0.11648802704244157,0.07515623037074083,0.04185086796178057,0.10746493610368732,0.8123512878706611,0.07426356838236133,1090,1.1604569999999992,1.4315280000000001,0.1055913660225677,0.16520014723555854,6-stretch-all-three-axes,False
0.11325810705212817,0.08360579870848579,0.04422742611342085,0.10202872603430627,0.8453573962906683,0.08481468564357765,1091,1.1579319999999989,1.4428260000000002,0.076654604298759,0.08280013994982127,6-stretch-all-three-axes,False
0.1122919697462198,0.09098646867894386,0.04616201215780638,0.09980765369530453,0.8687540669646404,0.0884399124454228,1092,1.1402870000000005,1.4361060000000005,0.0837885842300543,0.06340013823448981,6-stretch-all-three-axes,False
0.1112795775070142,0.09755010913497089,0.048254124909708006,0.09733263803755708,0.8945845089163852,0.09350368592941455,1093,1.1219560000000015,1.4299890000000004,0.0941866524225698,0.04440013655452607,6-stretch-all-three-axes,False
0.1102241026791098,0.10329702603375551,0.05049320716399313,0.09463150311794097,0.9225493979684819,0.0998563733564191,1094,1.102779,1.4246599999999994,0.1066870390160619,0.025800134909929995,6-stretch-all-three-axes,False
0.11504398125705817,0.06677139373588,0.042180268109770616,0.105700773682129,0.8064878001321059,0.07637732750824916,1095,1.1916470000000006,1.4579879999999994,0.0767589206528779,0.12280014348658685,6-stretch-all-three-axes,False
0.11586395531924945,0.057499120419458205,0.04144173104530995,0.10708168629890584,0.7918393508492046,0.07633020585232558,1096,1.2079669999999991,1.4663449999999996,0.0845490032078696,0.14340014530802148,6-stretch-all-three-axes,False
0.11663460675433282,0.06240610365946027,0.041033286733111136,0.10819946699270355,0.7925619097976205,0.07386204451915496,1097,1.1921960000000005,1.452572,0.0964527665816918,0.16440014716482354,6-stretch-all-three-axes,False
0.11735921441380878,0.06679313205032533,0.040872426038772794,0.10904461890249711,0.7961767835982473,0.07171776937039627,1098,1.176582999999999,1.4390220000000005,0.1113828470733326,0.18580014905699316,6-stretch-all-three-axes,False
0.11396162730783767,0.08714532279517395,0.04450843062388127,0.10284905145974944,0.848072257356512,0.08397855680789004,1099,1.142335000000001,1.4304000000000014,0.0896132278071564,0.10380014180662334,6-stretch-all-three-axes,False
0.11297876459922002,0.0940905350210721,0.046274355199409554,0.10052595771911615,0.8719451531354759,0.08861299675981615,1100,1.1246999999999994,1.4241469999999992,0.0957868941196805,0.08440014009129188,6-stretch-all-three-axes,False
0.11195235045444427,0.10022635429781704,0.048327691939392355,0.09796971696215592,0.8979801847142846,0.09377984040244859,1101,1.1062630000000002,1.4184899999999985,0.10500346533514,0.06540013841132813,6-stretch-all-three-axes,False
0.11088506601865256,0.10555471176977863,0.050635943067399755,0.09520030422729096,0.9259503843022321,0.10091494568601275,1102,1.086969999999999,1.413632999999999,0.1163474388709639,0.04680013676673206,6-stretch-all-three-axes,False
0.11579048357148382,0.0712225352161898,0.04188692764296919,0.10671720713805052,0.8080027427684521,0.07488711262471083,1103,1.1759530000000007,1.4446430000000001,0.0897024756492974,0.14380014534338892,6-stretch-all-three-axes,False
0.11663460754328209,0.06240609551211325,0.04103328254350638,0.10819946283692888,0.7925619334250795,0.07386204814237612,1104,1.1921960000000005,1.452572,0.0964527665816918,0.16440014716482354,6-stretch-all-three-axes,False
0.11743342187359365,0.05309541386539169,0.04039007097806485,0.10938271075498043,0.7801798693953085,0.07375749087736401,1105,1.222684,1.4609110000000003,0.1070408259454322,0.1854001490216256,6-stretch-all-three-axes,False
0.11818696675522394,0.05792583769490906,0.04010484854648596,0.11032813002545343,0.7829356930400148,0.07012688713428272,1106,1.198128,1.4469450000000004,0.1206678949015826,0.20680015091379522,6-stretch-all-three-axes,False
0.11461460442088814,0.09012453988176514,0.044459725445611234,0.10344402699226143,0.8531239257576649,0.08305768671489866,1107,1.1268150000000006,1.418060999999998,0.10551555827894,0.12520014369879295,6-stretch-all-three-axes,False
0.11361290985928778,0.09660083837424144,0.046503972157651306,0.10105230581167998,0.8771394730002239,0.08794424840908215,1108,1.1091289999999996,1.4122099999999995,0.1108067305085479,0.1058001419834615,6-stretch-all-three-axes,False
0.1125712173484334,0.10229487295673959,0.04860684408671351,0.09844178522607587,0.903096371797173,0.09310894315860226,1109,1.0906000000000002,1.406991999999999,0.1188643351610862,0.08680014030349775,6-stretch-all-three-axes,False
0.11149145366692396,0.10720245604536466,0.05084513573089793,0.09564972482643776,0.9306273884465709,0.09927796920145208,1110,1.071155000000001,1.402498000000001,0.1289950734436465,0.06820013865890168,6-stretch-all-three-axes,False
0.11648802454488016,0.07515618802766963,0.04185087664634222,0.10746493908335901,0.8123512434987719,0.07426357111766844,1111,1.1604569999999992,1.4315280000000001,0.1055913660225677,0.16520014723555854,6-stretch-all-three-axes,False
0.11735921498060765,0.06679314793934026,0.04087242837403028,0.10904462147258565,0.7961767799978172,0.0717177677154267,1112,1.176582999999999,1.4390220000000005,0.1113828470733326,0.18580014905699316,6-stretch-all-three-axes,False
0.11818696641064527,0.05792678932368821,0.04010492382151374,0.11032811660579236,0.7829367642455645,0.0701267997116904,1113,1.198128999999999,1.4469459999999996,0.1206678949015826,0.20680015091379522,6-stretch-all-three-axes,False
0.11897112186365628,0.0625122896863075,0.03979199187574074,0.11132979201974126,0.7845930324254676,0.06858997643299254,1114,1.1768049999999999,1.4331949999999987,0.1329050160862203,0.22820015280596484,6-stretch-all-three-axes,False
0.11128911641138647,0.07255972690605066,0.04715962226988773,0.09842304581841962,0.864241220442901,0.09424698259283772,1115,1.1890760000000018,1.467525000000002,0.087785677749012,0.043600136483790686,6-stretch-all-three-axes,False
0.11032857715582735,0.08040350147406712,0.048896971068433,0.09656186970521065,0.8849056984855321,0.09556895051397653,1116,1.1711469999999995,1.4592759999999991,0.0940793479193545,0.024200134768459225,6-stretch-all-three-axes,False
0.10931774356234662,0.08744523154006331,0.05113377900339735,0.09444966531372172,0.9081482978765771,0.09733718089054709,1117,1.1526599999999991,1.4516350000000013,0.1034481626333886,0.005200133088495484,6-stretch-all-three-axes,False
0.10826069475755802,0.09366740568564386,0.053226763120183505,0.09208143365922633,0.9339084840345141,0.10073622085706173,1118,1.1334429999999995,1.4446720000000006,0.1149457313329589,-0.013399868556100591,6-stretch-all-three-axes,False
0.11305555375921468,0.08254664033384083,0.04547338631526338,0.10145676403278385,0.8527400681725857,0.08570993677901449,1119,1.1576419999999992,1.4423909999999989,0.0878767816743926,0.08360014002055627,6-stretch-all-three-axes,False
0.113860821391817,0.08663377661845592,0.044583417403735795,0.10258059039483405,0.8515357239383305,0.08340216302520469,1120,1.1421670000000006,1.4301530000000007,0.0947572203111636,0.10420014184199089,6-stretch-all-three-axes,False
0.11461460409859445,0.09012476671826147,0.04445971550989316,0.10344403586217289,0.8531242297296997,0.0830575811967147,1121,1.1268159999999998,1.418060999999998,0.10551555827894,0.12520014369879295,6-stretch-all-three-axes,False
0.11531761569748115,0.09305371677004196,0.04464597703143438,0.1040947446735256,0.8568947999495029,0.08180373358916762,1122,1.111509999999999,1.4060369999999995,0.1193169538658084,0.14660014559096257,6-stretch-all-three-axes,False
0.11032857939452925,0.08040349874175423,0.04889697318989308,0.09656186818670315,0.8849056846057897,0.09556894964829228,1123,1.1711469999999995,1.4592759999999991,0.0940793479193545,0.024200134768459225,6-stretch-all-three-axes,False
0.10937397321871475,0.07471481455865071,0.05058555918409898,0.09482948511303159,0.8940435134486776,0.10057520130681377,1124,1.1870370000000001,1.4715689999999988,0.0999776084531358,0.004800133053127764,6-stretch-all-three-axes,False
0.10836903100031446,0.0820269636944667,0.05219506393667948,0.09289248492696331,0.9159170509744715,0.10133934985334322,1125,1.1683949999999985,1.4631069999999973,0.1088398862517854,-0.014199868626835976,6-stretch-all-three-axes,False
0.1073149447612334,0.08849453308655986,0.05472552143939219,0.090703831290964,0.9403641603751753,0.10290995451630706,1126,1.1490929999999988,1.455327999999998,0.1198211986200536,-0.03279987027143205,6-stretch-all-three-axes,False
0.11207745271786042,0.08977654151375661,0.047175714286226675,0.09928976539988213,0.8755954633261198,0.08901783593588206,1127,1.1399320000000002,1.435485,0.0941643629221078,0.06420013830522481,6-stretch-all-three-axes,False
0.11287175078159875,0.09349435009724265,0.04668627380177361,0.10028431477016775,0.8751579438253795,0.08812320682318898,1128,1.124486000000001,1.4238110000000006,0.10061575069628,0.08480014012665943,6-stretch-all-three-axes,False
0.11361290976187587,0.09660081247332224,0.04650399462107159,0.10105230135449932,0.877139482022032,0.08794425147343729,1129,1.1091289999999996,1.4122099999999995,0.1108067305085479,0.1058001419834615,6-stretch-all-three-axes,False
0.11430283750308119,0.09912658093627769,0.046550826751061404,0.10162817961391003,0.8810887552739918,0.08712050871128761,1130,1.0937850000000005,1.400627,0.1240206997516666,0.1272001438756311,6-stretch-all-three-axes,False
0.10931774672851446,0.08744518513471905,0.05113375385604275,0.09444966638107008,0.9081481984746049,0.09733721247430568,1131,1.1526599999999991,1.4516350000000013,0.1034481626333886,0.005200133088495484,6-stretch-all-three-axes,False
0.10836903175660836,0.08202698753110874,0.05219507158307429,0.09289248695015927,0.9159170453177784,0.10133935705973561,1132,1.1683949999999985,1.4631069999999973,0.1088398862517854,-0.014199868626835976,6-stretch-all-three-axes,False
0.10736765775307733,0.0758913490648129,0.054115653116497665,0.0910987141125409,0.9266232583850023,0.10623386865118341,1133,1.184319,1.4748739999999998,0.1170329846094453,-0.03319987030679972,6-stretch-all-three-axes,False
0.10631636046884752,0.08258149640609189,0.05624013393926663,0.08908373838764455,0.9496619607999354,0.10801103325704084,1134,1.1648560000000021,1.466146000000002,0.1273095372941061,-0.05179987195139579,6-stretch-all-three-axes,False
0.11105335914565728,0.09619176860525014,0.04928147402800975,0.09687720176165954,0.9007990043803956,0.09272690998855843,1135,1.1215270000000004,1.429174999999999,0.103525484262666,0.04520013662526107,6-stretch-all-three-axes,False
0.11183926590395887,0.09955685082623546,0.048796538928427634,0.0977580923056649,0.9008878670785617,0.09267670703369181,1136,1.1060500000000002,1.4180580000000003,0.1094263585041056,0.06580013844669569,6-stretch-all-three-axes,False
0.1125712161298382,0.10229485319577154,0.04860684927322472,0.09844178733933473,0.903096340308065,0.09310893929778274,1137,1.0906000000000002,1.406991999999999,0.1188643351610862,0.08680014030349775,6-stretch-all-three-axes,False
0.1132501242003269,0.10443470977671149,0.048707013331556484,0.09896818947926504,0.9069268722293313,0.09220348127832487,1138,1.0751690000000007,1.3958469999999998,0.1312696941955229,0.10820014219566737,6-stretch-all-three-axes,False
0.10826069525156595,0.09366739632664246,0.05322677029561556,0.09208143053634325,0.9339085125697731,0.10073621177217218,1139,1.1334429999999995,1.4446720000000006,0.1149457313329589,-0.013399868556100591,6-stretch-all-three-axes,False
0.10731494526343428,0.08849453017035659,0.05472552676901642,0.0907038269407785,0.9403642033358549,0.10290995093072286,1140,1.1490929999999988,1.455327999999998,0.1198211986200536,-0.03279987027143205,6-stretch-all-three-axes,False
0.10631636110533814,0.08258153172315594,0.056240123354906746,0.08908373833015483,0.949662004241786,0.10801102123696092,1141,1.1648560000000021,1.466146000000002,0.1273095372941061,-0.05179987195139579,6-stretch-all-three-axes,False
0.10526725446294832,0.07591519037089091,0.05816824461351172,0.08722273996184231,0.9618479846468962,0.11391653304686519,1142,1.1808009999999993,1.4772589999999965,0.1368163626379686,-0.07039987359599187,6-stretch-all-three-axes,False
0.10998701350954028,0.10180201080564422,0.051470313741902564,0.09422930321547116,0.9281905992251723,0.09869352666272697,1143,1.1022930000000013,1.4236439999999995,0.1150153237236858,0.02660013498066499,6-stretch-all-three-axes,False
0.11076686407078774,0.10482379518787038,0.051010670028969037,0.09501753224391696,0.928568417501739,0.09936849582220511,1144,1.0867379999999989,1.413104999999998,0.1203541720710744,0.04720013680209961,6-stretch-all-three-axes,False
0.11149145623404412,0.10720250236753001,0.050845144234214545,0.09564972442116733,0.9306273968080238,0.09927797037333781,1145,1.071155000000001,1.402498000000001,0.1289950734436465,0.06820013865890168,6-stretch-all-three-axes,False
0.1121627563959377,0.1089688884753234,0.051060491356754355,0.09615326355950733,0.9340575655742515,0.09806206761557075,1146,1.0555759999999985,1.3918130000000009,0.1405088303759975,0.0896001405510713,6-stretch-all-three-axes,False
0.1130555547518356,0.08254665734009724,0.04547339562107214,0.1014567631598483,0.852740074705655,0.08570992791641999,1147,1.1576419999999992,1.4423909999999989,0.0878767816743926,0.08360014002055627,6-stretch-all-three-axes,False
0.1120774543469986,0.08977657581042424,0.04717571904371395,0.09928976589245292,0.8755954667590268,0.08901782253401934,1148,1.1399320000000002,1.435485,0.0941643629221078,0.06420013830522481,6-stretch-all-three-axes,False
0.11105337405550698,0.09619235378211405,0.04928146556396672,0.09687723359341935,0.9007992625954904,0.09272693442106252,1149,1.1215270000000004,1.4291759999999996,0.103525484262666,0.04520013662526107,6-stretch-all-three-axes,False
0.10998702470903983,0.10180166983213097,0.051470347718615306,0.0942293310387558,0.9281900991272359,0.0986934641497132,1150,1.1022920000000003,1.4236429999999984,0.1150153237236858,0.02660013498066499,6-stretch-all-three-axes,False
0.11486810717397462,0.0660558806212841,0.04307289037185601,0.10499688255746234,0.8151140610275357,0.08061462682237017,1151,1.1915649999999998,1.4579490000000002,0.0879677912479581,0.12360014355732185,6-stretch-all-three-axes,False
0.11570234419326464,0.07087185693795868,0.04230219140607836,0.1063848799013941,0.8120619398736298,0.07573260389109389,1152,1.1759110000000002,1.4446029999999999,0.0948416276784297,0.14420014537875647,6-stretch-all-three-axes,False
0.11648802742216635,0.07515623521922475,0.041850871642543745,0.10746493421511275,0.812351322497134,0.07426356756578277,1153,1.1604569999999992,1.4315280000000001,0.1055913660225677,0.16520014723555854,6-stretch-all-three-axes,False
0.11722694288737813,0.07893559021787361,0.041663170795011834,0.10827569346818143,0.815424727973842,0.0736511734768786,1154,1.1451319999999998,1.4186729999999992,0.1193839981714925,0.18660014912772815,6-stretch-all-three-axes,False
0.1138608225709119,0.0866337840649575,0.044583418096425256,0.1025805907279756,0.8515357128677659,0.08340217932811966,1155,1.1421670000000006,1.4301530000000007,0.0947572203111636,0.10420014184199089,6-stretch-all-three-axes,False
0.11287175039630794,0.09349433513970118,0.04668626648528463,0.10028431371828861,0.8751579581912595,0.08812321124532983,1156,1.124486000000001,1.4238110000000006,0.10061575069628,0.08480014012665943,6-stretch-all-three-axes,False
0.11183928128249152,0.09955722905888152,0.04879646713050563,0.09775811019063656,0.9008879155561188,0.09267676898847155,1157,1.1060500000000002,1.4180580000000003,0.1094263585041056,0.06580013844669569,6-stretch-all-three-axes,False
0.11076684720697298,0.10482392754875895,0.051010700816754566,0.09501749713331431,0.9285688957137933,0.09936846162876174,1158,1.0867380000000006,1.413105999999999,0.1203541720710744,0.04720013680209961,6-stretch-all-three-axes,False
0.11570234357316495,0.07087185002812492,0.042302194684464646,0.1063848788929522,0.8120619345873549,0.07573260752511353,1159,1.1759110000000002,1.4446029999999999,0.0948416276784297,0.14420014537875647,6-stretch-all-three-axes,False
0.11655368825720955,0.062104964955734046,0.04143571810678907,0.10783861148098982,0.796838862249115,0.07538100287051644,1160,1.1921489999999988,1.452551999999999,0.1012498710337125,0.1648001472001911,6-stretch-all-three-axes,False
0.11735921698457884,0.0667931409632226,0.04087242371484664,0.1090446181230023,0.7961767727907065,0.07171777917768456,1161,1.176582999999999,1.4390220000000005,0.1113828470733326,0.18580014905699316,6-stretch-all-three-axes,False
0.11811945764488614,0.07097862328846115,0.04058935181184814,0.10995152678902509,0.7985934658920746,0.07046058555692927,1162,1.161169000000001,1.4257149999999994,0.1245357019615679,0.20720015094916278,6-stretch-all-three-axes,False
0.11461460289940663,0.09012474340845207,0.04445972057707159,0.10344403256913047,0.8531242686566914,0.08305757836552442,1163,1.1268159999999998,1.418060999999998,0.10551555827894,0.12520014369879295,6-stretch-all-three-axes,False
0.11361291207076651,0.09660087044271116,0.04650398001635211,0.10105230495695404,0.8771394887507036,0.08794425128452016,1164,1.1091289999999996,1.4122099999999995,0.1108067305085479,0.1058001419834615,6-stretch-all-three-axes,False
0.11257121238428658,0.10229479143272474,0.04860687039980429,0.09844177783583477,0.903096424310379,0.09310886960618547,1165,1.0906000000000002,1.406991999999999,0.1188643351610862,0.08680014030349775,6-stretch-all-three-axes,False
0.11149144611315673,0.10720212199578129,0.050845155480994234,0.09564970374517198,0.9306273331177509,0.09927791234628537,1166,1.071155000000001,1.4024970000000003,0.1289950734436465,0.06820013865890168,6-stretch-all-three-axes,False
0.11648802425315398,0.0751561855531516,0.04185087201949773,0.10746493376212936,0.8123512764972812,0.0742635653371245,1167,1.1604569999999992,1.4315280000000001,0.1055913660225677,0.16520014723555854,6-stretch-all-three-axes,False
0.11735921795559429,0.06679311962544666,0.0408724168085183,0.10904461701978292,0.7961767632636074,0.07171778147304432,1168,1.176582999999999,1.4390220000000005,0.1113828470733326,0.18580014905699316,6-stretch-all-three-axes,False
0.11818696538225348,0.05792564274990417,0.040104927364713314,0.11032812060537645,0.7829355988000248,0.07012679627559296,1169,1.198128,1.4469450000000004,0.1206678949015826,0.20680015091379522,6-stretch-all-three-axes,False
0.11897112252224565,0.062512274054872,0.0397919918228887,0.11132979948245735,0.7845929318727538,0.06859003088280728,1170,1.1768049999999999,1.4331949999999987,0.1329050160862203,0.22820015280596484,6-stretch-all-three-axes,False
0.11531763953491553,0.09305446036151756,0.04464600606165448,0.1040947818642028,0.8568951800317448,0.08180373065895721,1171,1.1115109999999984,1.4060369999999995,0.1193169538658084,0.14660014559096257,6-stretch-all-three-axes,False
0.11430283383579114,0.0991265033940646,0.04655081053217587,0.10162817468232897,0.8810887564586448,0.0871204950313192,1172,1.0937850000000005,1.400627,0.1240206997516666,0.1272001438756311,6-stretch-all-three-axes,False
0.11325012473457248,0.10443472458777912,0.048707028790145476,0.09896818769872438,0.9069269003935081,0.09220348044890969,1173,1.0751690000000007,1.3958469999999998,0.1312696941955229,0.10820014219566737,6-stretch-all-three-axes,False
0.11216276019432316,0.10896911494495108,0.051060473983232595,0.09615327980589579,0.9340576457280604,0.09806213078267108,1174,1.0555759999999985,1.391814,0.1405088303759975,0.0896001405510713,6-stretch-all-three-axes,False
0.11722692387638972,0.07893629396310697,0.041663213076808994,0.1082756704686114,0.8154257401272182,0.07365105879895158,1175,1.145133,1.4186739999999993,0.1193839981714925,0.18660014912772815,6-stretch-all-three-axes,False
0.11811945883418569,0.07097852871455193,0.04058934871754238,0.10995151601266073,0.7985934450598661,0.07046059132419755,1176,1.161169000000001,1.4257149999999994,0.1245357019615679,0.20720015094916278,6-stretch-all-three-axes,False
0.11897111651174544,0.06251217398396315,0.03979200673619755,0.11132977955102401,0.7845930458426685,0.06858996317898476,1177,1.1768049999999999,1.4331949999999987,0.1329050160862203,0.22820015280596484,6-stretch-all-three-axes,False
0.11978094023412246,0.05355188705836946,0.03926901525251446,0.11240637670427316,0.7734502763886699,0.06829825718666148,1178,1.212142,1.4409849999999995,0.1441067165047401,0.24960015469813446,6-stretch-all-three-axes,False
