family,point,subrun,run,volume,e1,e2,e3,e4,e5,e6,strain_norm,max_abs_voigt,lhfcalc,aexx,ispin,encut,functional,nk,nb,energy,ionic_steps
1-scale-all-axes-uniformly,cell-volume-10.05-cubic-angstroms,1-cheap-pbe-atoms-relaxed,1-scale-all-axes-uniformly/cell-volume-10.05-cubic-angstroms/1-cheap-pbe-atoms-relaxed,10.05,-0.038844045112477465,-0.03884404509255551,-0.03884404509255557,-8.768381287514486e-13,-9.049689413378308e-12,9.049689413378308e-12,0.06727985968330465,0.038844045112477465,,,,550,PBE,172,8,-17.915772,1
1-scale-all-axes-uniformly,cell-volume-10.05-cubic-angstroms,2-accurate-hse06-atoms-fixed,1-scale-all-axes-uniformly/cell-volume-10.05-cubic-angstroms/2-accurate-hse06-atoms-fixed,10.049999999999988,-0.038844045112477854,-0.038844045092555846,-0.038844045092555846,-8.767584279318591e-13,-9.049665223709949e-12,9.049665223709949e-12,0.06727985968330522,0.038844045112477854,.TRUE.,0.27,,550,HSE,172,8,-21.138149,1
1-scale-all-axes-uniformly,cell-volume-10.10-cubic-angstroms,1-cheap-pbe-atoms-relaxed,1-scale-all-axes-uniformly/cell-volume-10.10-cubic-angstroms/1-cheap-pbe-atoms-relaxed,10.1,-0.03731577176835649,-0.037315771748368476,-0.037315771748368476,-8.797159204268232e-13,-9.07982318030823e-12,9.07987869145946e-12,0.0646328126033576,0.03731577176835649,,,,550,PBE,172,8,-17.93689,1
1-scale-all-axes-uniformly,cell-volume-10.10-cubic-angstroms,2-accurate-hse06-atoms-fixed,1-scale-all-axes-uniformly/cell-volume-10.10-cubic-angstroms/2-accurate-hse06-atoms-fixed,10.099999999999987,-0.037315771768356876,-0.037315771748368864,-0.03731577174836881,-8.79746834236314e-13,-9.07985409411772e-12,9.07979858296649e-12,0.06463281260335824,0.037315771768356876,.TRUE.,0.27,,550,HSE,172,8,-21.156042,1
1-scale-all-axes-uniformly,cell-volume-10.15-cubic-angstroms,1-cheap-pbe-atoms-relaxed,1-scale-all-axes-uniformly/cell-volume-10.15-cubic-angstroms/1-cheap-pbe-atoms-relaxed,10.150000000000004,-0.03579001825980738,-0.035790018239753474,-0.03579001823975342,-8.826261196583128e-13,-9.10971179903811e-12,9.10971179903811e-12,0.06199013000664795,0.03579001825980738,,,,550,PBE,172,8,-17.957084,1
1-scale-all-axes-uniformly,cell-volume-10.15-cubic-angstroms,2-accurate-hse06-atoms-fixed,1-scale-all-axes-uniformly/cell-volume-10.15-cubic-angstroms/2-accurate-hse06-atoms-fixed,10.150000000000004,-0.03579001825980738,-0.035790018239753474,-0.03579001823975342,-8.826261196583128e-13,-9.10971179903811e-12,9.10971179903811e-12,0.06199013000664795,0.03579001825980738,.TRUE.,0.27,,550,HSE,172,8,-21.173013,1
1-scale-all-axes-uniformly,cell-volume-10.20-cubic-angstroms,1-cheap-pbe-atoms-relaxed,1-scale-all-axes-uniformly/cell-volume-10.20-cubic-angstroms/1-cheap-pbe-atoms-relaxed,10.200000000000003,-0.03426676804963319,-0.034266768029513395,-0.034266768029513395,-8.853662450506217e-13,-9.139541366231273e-12,9.139485855080042e-12,0.05935178324991023,0.03426676804963319,,,,550,PBE,172,8,-17.976356,1
1-scale-all-axes-uniformly,cell-volume-10.20-cubic-angstroms,2-accurate-hse06-atoms-fixed,1-scale-all-axes-uniformly/cell-volume-10.20-cubic-angstroms/2-accurate-hse06-atoms-fixed,10.200000000000003,-0.03426676804963319,-0.034266768029513395,-0.034266768029513395,-8.853662450506217e-13,-9.139541366231273e-12,9.139485855080042e-12,0.05935178324991023,0.03426676804963319,.TRUE.,0.27,,550,HSE,172,8,-21.18908,1
1-scale-all-axes-uniformly,cell-volume-10.25-cubic-angstroms,1-cheap-pbe-atoms-relaxed,1-scale-all-axes-uniformly/cell-volume-10.25-cubic-angstroms/1-cheap-pbe-atoms-relaxed,10.25,-0.03274600478963524,-0.03274600476944989,-0.03274600476944989,-8.885736468229626e-13,-9.169449631745849e-12,9.16950514289708e-12,0.056717744017234006,0.03274600478963524,,,,550,PBE,172,8,-17.994483,1
1-scale-all-axes-uniformly,cell-volume-10.25-cubic-angstroms,2-accurate-hse06-atoms-fixed,1-scale-all-axes-uniformly/cell-volume-10.25-cubic-angstroms/2-accurate-hse06-atoms-fixed,10.25,-0.03274600478963524,-0.03274600476944989,-0.03274600476944989,-8.885736468229626e-13,-9.169449631745849e-12,9.16950514289708e-12,0.056717744017234006,0.03274600478963524,.TRUE.,0.27,,550,HSE,172,8,-21.203969,1
1-scale-all-axes-uniformly,cell-volume-10.30-cubic-angstroms,1-cheap-pbe-atoms-relaxed,1-scale-all-axes-uniformly/cell-volume-10.30-cubic-angstroms/1-cheap-pbe-atoms-relaxed,10.300000000000002,-0.03122771231754301,-0.031227712297292043,-0.031227712297292043,-8.913115792309874e-13,-9.199165983652264e-12,9.199165983652264e-12,0.054087984314745145,0.03122771231754301,,,,550,PBE,172,8,-18.011787,1
1-scale-all-axes-uniformly,cell-volume-10.30-cubic-angstroms,2-accurate-hse06-atoms-fixed,1-scale-all-axes-uniformly/cell-volume-10.30-cubic-angstroms/2-accurate-hse06-atoms-fixed,10.299999999999985,-0.0312277123175434,-0.031227712297292376,-0.031227712297292376,-8.912298533675619e-13,-9.199250791242534e-12,9.199195280091303e-12,0.054087984314745756,0.0312277123175434,.TRUE.,0.27,,550,HSE,172,8,-21.21805,1
1-scale-all-axes-uniformly,cell-volume-10.35-cubic-angstroms,1-cheap-pbe-atoms-relaxed,1-scale-all-axes-uniformly/cell-volume-10.35-cubic-angstroms/1-cheap-pbe-atoms-relaxed,10.350000000000003,-0.029711874654007486,-0.029711874633691016,-0.029711874633691016,-8.941807128200341e-13,-9.228791492134778e-12,9.228791492134778e-12,0.05146247646539948,0.029711874654007486,,,,550,PBE,172,8,-18.02803,1
1-scale-all-axes-uniformly,cell-volume-10.35-cubic-angstroms,2-accurate-hse06-atoms-fixed,1-scale-all-axes-uniformly/cell-volume-10.35-cubic-angstroms/2-accurate-hse06-atoms-fixed,10.349999999999985,-0.02971187465400804,-0.029711874633691515,-0.02971187463369146,-8.939875635883161e-13,-9.229097943264142e-12,9.229097943264142e-12,0.05146247646540035,0.02971187465400804,.TRUE.,0.27,,550,HSE,172,8,-21.231054,1
1-scale-all-axes-uniformly,cell-volume-10.40-cubic-angstroms,1-cheap-pbe-atoms-relaxed,1-scale-all-axes-uniformly/cell-volume-10.40-cubic-angstroms/1-cheap-pbe-atoms-relaxed,10.400000000000006,-0.028198475999658856,-0.028198475979276993,-0.028198475979276993,-8.971120802261584e-13,-9.258701279039294e-12,9.258756790190525e-12,0.04884119310388578,0.028198475999658856,,,,550,PBE,172,8,-18.043389,1
1-scale-all-axes-uniformly,cell-volume-10.40-cubic-angstroms,2-accurate-hse06-atoms-fixed,1-scale-all-axes-uniformly/cell-volume-10.40-cubic-angstroms/2-accurate-hse06-atoms-fixed,10.400000000000015,-0.028198475999658634,-0.028198475979276716,-0.028198475979276827,-8.97070076852051e-13,-9.25877029796765e-12,9.25877029796765e-12,0.04884119310388539,0.028198475999658634,.TRUE.,0.27,,550,HSE,172,8,-21.243175,1
1-scale-all-axes-uniformly,cell-volume-10.45-cubic-angstroms,1-cheap-pbe-atoms-relaxed,1-scale-all-axes-uniformly/cell-volume-10.45-cubic-angstroms/1-cheap-pbe-atoms-relaxed,10.450000000000001,-0.02668750073222309,-0.02668750071177589,-0.026687500711775947,-8.999224103828088e-13,-9.288323495240641e-12,9.288379006391872e-12,0.04622410717163165,0.02668750073222309,,,,550,PBE,172,8,-18.057895,1
1-scale-all-axes-uniformly,cell-volume-10.45-cubic-angstroms,2-accurate-hse06-atoms-fixed,1-scale-all-axes-uniformly/cell-volume-10.45-cubic-angstroms/2-accurate-hse06-atoms-fixed,10.450000000000001,-0.02668750073222309,-0.026687500711775947,-0.02668750071177589,-8.999224103828088e-13,-9.288323495240641e-12,9.288323495240641e-12,0.04622410717163165,0.02668750073222309,.TRUE.,0.27,,550,HSE,172,8,-21.254443,1
1-scale-all-axes-uniformly,cell-volume-10.50-cubic-angstroms,1-cheap-pbe-atoms-relaxed,1-scale-all-axes-uniformly/cell-volume-10.50-cubic-angstroms/1-cheap-pbe-atoms-relaxed,10.500000000000004,-0.025178933403700587,-0.025178933383188218,-0.025178933383188162,-9.026976407610081e-13,-9.31796612281477e-12,9.31796612281477e-12,0.04361119191191691,0.025178933403700587,,,,550,PBE,172,8,-18.07146,1
1-scale-all-axes-uniformly,cell-volume-10.50-cubic-angstroms,2-accurate-hse06-atoms-fixed,1-scale-all-axes-uniformly/cell-volume-10.50-cubic-angstroms/2-accurate-hse06-atoms-fixed,10.500000000000009,-0.025178933403700365,-0.02517893338318805,-0.025178933383188107,-9.029891021566706e-13,-9.317869006151814e-12,9.317924517303045e-12,0.043611191911916654,0.025178933403700365,.TRUE.,0.27,,550,HSE,172,8,-21.264759,1
1-scale-all-axes-uniformly,cell-volume-10.55-cubic-angstroms,1-cheap-pbe-atoms-relaxed,1-scale-all-axes-uniformly/cell-volume-10.55-cubic-angstroms/1-cheap-pbe-atoms-relaxed,10.550000000000002,-0.023672758737602162,-0.023672758717024678,-0.023672758717024678,-9.054501446816611e-13,-9.347419490477657e-12,9.347419490477657e-12,0.04100242086508619,0.023672758737602162,,,,550,PBE,172,8,-18.084238,1
1-scale-all-axes-uniformly,cell-volume-10.55-cubic-angstroms,2-accurate-hse06-atoms-fixed,1-scale-all-axes-uniformly/cell-volume-10.55-cubic-angstroms/2-accurate-hse06-atoms-fixed,10.550000000000017,-0.023672758737601718,-0.02367275871702429,-0.023672758717024234,-9.055479667045853e-13,-9.347572823651813e-12,9.347572823651813e-12,0.04100242086508545,0.023672758737601718,.TRUE.,0.27,,550,HSE,172,8,-21.274299,1
1-scale-all-axes-uniformly,cell-volume-10.60-cubic-angstroms,1-cheap-pbe-atoms-relaxed,1-scale-all-axes-uniformly/cell-volume-10.60-cubic-angstroms/1-cheap-pbe-atoms-relaxed,10.6,-0.0221689616262411,-0.022168961605598725,-0.02216896160559867,-9.083924871402171e-13,-9.376951674375986e-12,9.377007185527217e-12,0.03839776786385855,0.0221689616262411,,,,550,PBE,172,8,-18.095967,1
1-scale-all-axes-uniformly,cell-volume-10.60-cubic-angstroms,2-accurate-hse06-atoms-fixed,1-scale-all-axes-uniformly/cell-volume-10.60-cubic-angstroms/2-accurate-hse06-atoms-fixed,10.60000000000001,-0.02216896162624099,-0.02216896160559856,-0.02216896160559867,-9.086288327288721e-13,-9.376965975359717e-12,9.376965975359717e-12,0.0383977678638584,0.02216896162624099,.TRUE.,0.27,,550,HSE,172,8,-21.282756,1
1-scale-all-axes-uniformly,cell-volume-10.65-cubic-angstroms,1-cheap-pbe-atoms-relaxed,1-scale-all-axes-uniformly/cell-volume-10.65-cubic-angstroms/1-cheap-pbe-atoms-relaxed,10.650000000000006,-0.020667527128081564,-0.020667527107374406,-0.020667527107374406,-9.115819046912847e-13,-9.406564399913132e-12,9.406564399913132e-12,0.03579720702873479,0.020667527128081564,,,,550,PBE,172,8,-18.107174,1
1-scale-all-axes-uniformly,cell-volume-10.65-cubic-angstroms,2-accurate-hse06-atoms-fixed,1-scale-all-axes-uniformly/cell-volume-10.65-cubic-angstroms/2-accurate-hse06-atoms-fixed,10.65,-0.020667527128081786,-0.020667527107374517,-0.020667527107374517,-9.114008735136851e-13,-9.406549902189227e-12,9.406605413340459e-12,0.03579720702873504,0.020667527128081786,.TRUE.,0.27,,550,HSE,172,8,-21.29073,1
1-scale-all-axes-uniformly,cell-volume-10.70-cubic-angstroms,1-cheap-pbe-atoms-relaxed,1-scale-all-axes-uniformly/cell-volume-10.70-cubic-angstroms/1-cheap-pbe-atoms-relaxed,10.700000000000003,-0.01916844046514027,-0.019168440444368218,-0.019168440444368162,-9.140828017117886e-13,-9.435988205280796e-12,9.435988205280796e-12,0.03320071276349661,0.01916844046514027,,,,550,PBE,172,96,-18.117412,1
1-scale-all-axes-uniformly,cell-volume-10.70-cubic-angstroms,2-accurate-hse06-atoms-fixed,1-scale-all-axes-uniformly/cell-volume-10.70-cubic-angstroms/2-accurate-hse06-atoms-fixed,10.699999999999994,-0.01916844046514038,-0.019168440444368384,-0.01916844044436833,-9.140125967112914e-13,-9.43597351143153e-12,9.43597351143153e-12,0.03320071276349688,0.01916844046514038,.TRUE.,0.27,,550,HSE,172,8,-21.297716,1
1-scale-all-axes-uniformly,cell-volume-10.75-cubic-angstroms,1-cheap-pbe-atoms-relaxed,1-scale-all-axes-uniformly/cell-volume-10.75-cubic-angstroms/1-cheap-pbe-atoms-relaxed,10.750000000000002,-0.017671687020439975,-0.01767168699960342,-0.01767168699960342,-9.17055575181913e-13,-9.465217753283305e-12,9.465273264434537e-12,0.030608259750797524,0.017671687020439975,,,,550,PBE,172,8,-18.126888,1
1-scale-all-axes-uniformly,cell-volume-10.75-cubic-angstroms,2-accurate-hse06-atoms-fixed,1-scale-all-axes-uniformly/cell-volume-10.75-cubic-angstroms/2-accurate-hse06-atoms-fixed,10.750000000000012,-0.017671687020439697,-0.01767168699960303,-0.01767168699960303,-9.170298427598645e-13,-9.465303043163719e-12,9.465247532012488e-12,0.030608259750796913,0.017671687020439697,.TRUE.,0.27,,550,HSE,172,8,-21.303942,1
1-scale-all-axes-uniformly,cell-volume-10.80-cubic-angstroms,1-cheap-pbe-atoms-relaxed,1-scale-all-axes-uniformly/cell-volume-10.80-cubic-angstroms/1-cheap-pbe-atoms-relaxed,10.8,-0.016177252335517367,-0.016177252314616197,-0.016177252314616197,-9.200609333258925e-13,-9.494590908262134e-12,9.494535397110902e-12,0.02801982294784377,0.016177252335517367,,,,550,PBE,172,8,-18.135491,1
1-scale-all-axes-uniformly,cell-volume-10.80-cubic-angstroms,2-accurate-hse06-atoms-fixed,1-scale-all-axes-uniformly/cell-volume-10.80-cubic-angstroms/2-accurate-hse06-atoms-fixed,10.79999999999999,-0.0161772523355177,-0.01617725231461653,-0.016177252314616586,-9.19793635897156e-13,-9.494434633135859e-12,9.494379121984627e-12,0.02801982294784438,0.0161772523355177,.TRUE.,0.27,,550,HSE,172,8,-21.309276,1
1-scale-all-axes-uniformly,cell-volume-10.85-cubic-angstroms,1-cheap-pbe-atoms-relaxed,1-scale-all-axes-uniformly/cell-volume-10.85-cubic-angstroms/1-cheap-pbe-atoms-relaxed,10.850000000000009,-0.014685122107976456,-0.014685122087010838,-0.014685122087010949,-9.229002157325814e-13,-9.524020032108594e-12,9.524020032108594e-12,0.025435377582159246,0.014685122107976456,,,,550,PBE,172,8,-18.143396,1
1-scale-all-axes-uniformly,cell-volume-10.85-cubic-angstroms,2-accurate-hse06-atoms-fixed,1-scale-all-axes-uniformly/cell-volume-10.85-cubic-angstroms/2-accurate-hse06-atoms-fixed,10.849999999999984,-0.014685122107977122,-0.014685122087011393,-0.014685122087011393,-9.226170567917894e-13,-9.523903406621496e-12,9.523903406621496e-12,0.025435377582160208,0.014685122107977122,.TRUE.,0.27,,550,HSE,172,8,-21.313922,1
1-scale-all-axes-uniformly,cell-volume-10.90-cubic-angstroms,1-cheap-pbe-atoms-relaxed,1-scale-all-axes-uniformly/cell-volume-10.90-cubic-angstroms/1-cheap-pbe-atoms-relaxed,10.900000000000004,-0.013195282189094493,-0.013195282168064426,-0.013195282168064537,-9.255600966344545e-13,-9.553103220996545e-12,9.553103220996545e-12,0.022854899147436974,0.013195282189094493,,,,550,PBE,172,96,-18.150682,1
1-scale-all-axes-uniformly,cell-volume-10.90-cubic-angstroms,2-accurate-hse06-atoms-fixed,1-scale-all-axes-uniformly/cell-volume-10.90-cubic-angstroms/2-accurate-hse06-atoms-fixed,10.899999999999995,-0.013195282189094715,-0.013195282168064648,-0.013195282168064704,-9.255446243371682e-13,-9.55314325985049e-12,9.55314325985049e-12,0.022854899147437328,0.013195282189094715,.TRUE.,0.27,,550,HSE,172,8,-21.317957,1
1-scale-all-axes-uniformly,cell-volume-10.95-cubic-angstroms,1-cheap-pbe-atoms-relaxed,1-scale-all-axes-uniformly/cell-volume-10.95-cubic-angstroms/1-cheap-pbe-atoms-relaxed,10.950000000000003,-0.01170771858147257,-0.011707718560378277,-0.011707718560378388,-9.285202914790012e-13,-9.582320190373478e-12,9.582320190373478e-12,0.02027836339947119,0.01170771858147257,,,,550,PBE,172,8,-18.157013,1
1-scale-all-axes-uniformly,cell-volume-10.95-cubic-angstroms,2-accurate-hse06-atoms-fixed,1-scale-all-axes-uniformly/cell-volume-10.95-cubic-angstroms/2-accurate-hse06-atoms-fixed,10.949999999999983,-0.011707718581473181,-0.011707718560378833,-0.011707718560378833,-9.2830676176797e-13,-9.582439727569835e-12,9.582384216418604e-12,0.02027836339947212,0.011707718581473181,.TRUE.,0.27,,550,HSE,172,8,-21.321006,1
1-scale-all-axes-uniformly,cell-volume-11.00-cubic-angstroms,1-cheap-pbe-atoms-relaxed,1-scale-all-axes-uniformly/cell-volume-11.00-cubic-angstroms/1-cheap-pbe-atoms-relaxed,11.000000000000002,-0.010222417436736131,-0.010222417415577612,-0.010222417415577612,-9.3116688205604e-13,-9.611445600087827e-12,9.611445600087827e-12,0.017705746352173236,0.010222417436736131,,,,550,PBE,172,8,-18.162759,1
1-scale-all-axes-uniformly,cell-volume-11.00-cubic-angstroms,2-accurate-hse06-atoms-fixed,1-scale-all-axes-uniformly/cell-volume-11.00-cubic-angstroms/2-accurate-hse06-atoms-fixed,11.000000000000007,-0.010222417436735909,-0.0102224174155775,-0.0102224174155775,-9.3118274000998e-13,-9.611461458041766e-12,9.611461458041766e-12,0.017705746352172976,0.010222417436735909,.TRUE.,0.27,,550,HSE,172,8,-21.323492,1
1-scale-all-axes-uniformly,cell-volume-11.05-cubic-angstroms,1-cheap-pbe-atoms-relaxed,1-scale-all-axes-uniformly/cell-volume-11.05-cubic-angstroms/1-cheap-pbe-atoms-relaxed,11.050000000000002,-0.008739365053276549,-0.008739365032054025,-0.00873936503205408,-9.340859448105934e-13,-9.640732459677228e-12,9.640732459677228e-12,0.015137024273661244,0.008739365053276549,,,,550,PBE,172,8,-18.167698,1
1-scale-all-axes-uniformly,cell-volume-11.05-cubic-angstroms,2-accurate-hse06-atoms-fixed,1-scale-all-axes-uniformly/cell-volume-11.05-cubic-angstroms/2-accurate-hse06-atoms-fixed,11.049999999999988,-0.008739365053276937,-0.008739365032054414,-0.008739365032054414,-9.34164867300638e-13,-9.64070035986481e-12,9.64070035986481e-12,0.015137024273661884,0.008739365053276937,.TRUE.,0.27,,550,HSE,172,8,-21.325152,1
1-scale-all-axes-uniformly,cell-volume-11.10-cubic-angstroms,1-cheap-pbe-atoms-relaxed,1-scale-all-axes-uniformly/cell-volume-11.10-cubic-angstroms/1-cheap-pbe-atoms-relaxed,11.100000000000005,-0.007258547874040511,-0.007258547852754038,-0.007258547852754038,-9.368434943536194e-13,-9.669469227996482e-12,9.669469227996482e-12,0.012572173682429723,0.007258547874040511,,,,550,PBE,172,96,-18.172026,1
1-scale-all-axes-uniformly,cell-volume-11.10-cubic-angstroms,2-accurate-hse06-atoms-fixed,1-scale-all-axes-uniformly/cell-volume-11.10-cubic-angstroms/2-accurate-hse06-atoms-fixed,11.100000000000005,-0.007258547874040511,-0.007258547852754038,-0.007258547852754038,-9.368434943536194e-13,-9.669469227996482e-12,9.669469227996482e-12,0.012572173682429723,0.007258547874040511,.TRUE.,0.27,,550,HSE,172,8,-21.326208,1
1-scale-all-axes-uniformly,cell-volume-11.15-cubic-angstroms,1-cheap-pbe-atoms-relaxed,1-scale-all-axes-uniformly/cell-volume-11.15-cubic-angstroms/1-cheap-pbe-atoms-relaxed,11.150000000000002,-0.005779952484361028,-0.005779952463010607,-0.005779952463010607,-9.395375594865663e-13,-9.698531089964276e-12,9.698531089964276e-12,0.010011171343593915,0.005779952484361028,,,,550,PBE,172,8,-18.17562,1
1-scale-all-axes-uniformly,cell-volume-11.15-cubic-angstroms,2-accurate-hse06-atoms-fixed,1-scale-all-axes-uniformly/cell-volume-11.15-cubic-angstroms/2-accurate-hse06-atoms-fixed,11.149999999999997,-0.005779952484361195,-0.0057799524630107735,-0.0057799524630107735,-9.395375594865663e-13,-9.698753134569201e-12,9.698753134569201e-12,0.010011171343594203,0.005779952484361195,.TRUE.,0.27,,550,HSE,172,8,-21.326522,1
1-scale-all-axes-uniformly,cell-volume-11.20-cubic-angstroms,1-cheap-pbe-atoms-relaxed,1-scale-all-axes-uniformly/cell-volume-11.20-cubic-angstroms/1-cheap-pbe-atoms-relaxed,11.199999999999998,-0.004303565609829696,-0.004303565588415603,-0.004303565588415548,-9.42502611462589e-13,-9.727697405321454e-12,9.727641894170222e-12,0.007453994265204276,0.004303565609829696,,,,550,PBE,172,8,-18.178637,1
1-scale-all-axes-uniformly,cell-volume-11.20-cubic-angstroms,2-accurate-hse06-atoms-fixed,1-scale-all-axes-uniformly/cell-volume-11.20-cubic-angstroms/2-accurate-hse06-atoms-fixed,11.200000000000003,-0.00430356560982964,-0.004303565588415492,-0.004303565588415437,-9.424471003113578e-13,-9.72753087186776e-12,9.72753087186776e-12,0.007453994265204116,0.00430356560982964,.TRUE.,0.27,,550,HSE,172,8,-21.326268,1
1-scale-all-axes-uniformly,cell-volume-11.25-cubic-angstroms,1-cheap-pbe-atoms-relaxed,1-scale-all-axes-uniformly/cell-volume-11.25-cubic-angstroms/1-cheap-pbe-atoms-relaxed,11.250000000000002,-0.0028293741142120243,-0.002829374092734205,-0.002829374092734205,-9.451720305053513e-13,-9.756401554291676e-12,9.756346043140444e-12,0.004900619694634964,0.0028293741142120243,,,,550,PBE,172,8,-18.180925,1
1-scale-all-axes-uniformly,cell-volume-11.25-cubic-angstroms,2-accurate-hse06-atoms-fixed,1-scale-all-axes-uniformly/cell-volume-11.25-cubic-angstroms/2-accurate-hse06-atoms-fixed,11.249999999999986,-0.002829374114212524,-0.0028293740927347044,-0.0028293740927347044,-9.45304940005741e-13,-9.756478952640833e-12,9.756534463792064e-12,0.004900619694635829,0.002829374114212524,.TRUE.,0.27,,550,HSE,172,8,-21.325271,1
1-scale-all-axes-uniformly,cell-volume-11.30-cubic-angstroms,1-cheap-pbe-atoms-relaxed,1-scale-all-axes-uniformly/cell-volume-11.30-cubic-angstroms/1-cheap-pbe-atoms-relaxed,11.3,-0.0013573649974015223,-0.001357364975860087,-0.0013573649758600315,-9.481504671715405e-13,-9.785581254339017e-12,9.785636765490249e-12,0.0023510251150410948,0.0013573649974015223,,,,550,PBE,172,96,-18.182575,1
1-scale-all-axes-uniformly,cell-volume-11.30-cubic-angstroms,2-accurate-hse06-atoms-fixed,1-scale-all-axes-uniformly/cell-volume-11.30-cubic-angstroms/2-accurate-hse06-atoms-fixed,11.30000000000001,-0.0013573649974013002,-0.001357364975859754,-0.0013573649758596984,-9.478899124962753e-13,-9.785598255419908e-12,9.785598255419908e-12,0.002351025115040582,0.0013573649974013002,.TRUE.,0.27,,550,HSE,172,8,-21.323632,1
1-scale-all-axes-uniformly,cell-volume-11.35-cubic-angstroms,1-cheap-pbe-atoms-relaxed,1-scale-all-axes-uniformly/cell-volume-11.35-cubic-angstroms/1-cheap-pbe-atoms-relaxed,11.35,0.00011247460658669883,0.00011247462819163889,0.00011247462819152787,-9.509162589864932e-13,-9.814270753778968e-12,9.814215242627736e-12,0.00019481175811665634,0.00011247462819163889,,,,550,PBE,172,8,-18.183737,1
1-scale-all-axes-uniformly,cell-volume-11.35-cubic-angstroms,2-accurate-hse06-atoms-fixed,1-scale-all-axes-uniformly/cell-volume-11.35-cubic-angstroms/2-accurate-hse06-atoms-fixed,11.34999999999995,0.0001124746065850335,0.00011247462818997356,0.00011247462818997356,-9.50945275415229e-13,-9.814299770207704e-12,9.814299770207704e-12,0.000194811758113836,0.00011247462818997356,.TRUE.,0.27,,550,HSE,172,8,-21.321523,1
1-scale-all-axes-uniformly,cell-volume-11.40-cubic-angstroms,1-cheap-pbe-atoms-relaxed,1-scale-all-axes-uniformly/cell-volume-11.40-cubic-angstroms/1-cheap-pbe-atoms-relaxed,11.4,0.0015801574315835731,0.001580157453252018,0.001580157453252129,-9.535077741441982e-13,-9.843174554620289e-12,9.843174554620289e-12,0.0027369129804809197,0.001580157453252129,,,,550,PBE,172,8,-18.184123,1
1-scale-all-axes-uniformly,cell-volume-11.40-cubic-angstroms,2-accurate-hse06-atoms-fixed,1-scale-all-axes-uniformly/cell-volume-11.40-cubic-angstroms/2-accurate-hse06-atoms-fixed,11.400000000000091,0.0015801574315863487,0.0015801574532546825,0.0015801574532545715,-9.536226609332234e-13,-9.842900863350696e-12,9.842900863350696e-12,0.002736912980485471,0.0015801574532546825,.TRUE.,0.27,,550,HSE,172,8,-21.318611,1
1-scale-all-axes-uniformly,cell-volume-11.45-cubic-angstroms,1-cheap-pbe-atoms-relaxed,1-scale-all-axes-uniformly/cell-volume-11.45-cubic-angstroms/1-cheap-pbe-atoms-relaxed,11.45,0.0030456960811976463,0.003045696102929263,0.003045696102929263,-9.565329855424396e-13,-9.871845917887372e-12,9.871845917887372e-12,0.005275300382141257,0.003045696102929263,,,,550,PBE,172,8,-18.184043,1
1-scale-all-axes-uniformly,cell-volume-11.45-cubic-angstroms,2-accurate-hse06-atoms-fixed,1-scale-all-axes-uniformly/cell-volume-11.45-cubic-angstroms/2-accurate-hse06-atoms-fixed,11.45,0.0030456960811976463,0.003045696102929263,0.003045696102929263,-9.565329855424396e-13,-9.871845917887372e-12,9.871845917887372e-12,0.005275300382141257,0.003045696102929263,.TRUE.,0.27,,550,HSE,172,8,-21.315249,1
1-scale-all-axes-uniformly,cell-volume-11.50-cubic-angstroms,1-cheap-pbe-atoms-relaxed,1-scale-all-axes-uniformly/cell-volume-11.50-cubic-angstroms/1-cheap-pbe-atoms-relaxed,11.499999999999998,0.0045091030307082836,0.004509103052503072,0.004509103052503072,-9.59285705305229e-13,-9.900411322972697e-12,9.900411322972697e-12,0.007809995570916008,0.004509103052503072,,,,550,PBE,172,8,-18.1833,1
1-scale-all-axes-uniformly,cell-volume-11.50-cubic-angstroms,2-accurate-hse06-atoms-fixed,1-scale-all-axes-uniformly/cell-volume-11.50-cubic-angstroms/2-accurate-hse06-atoms-fixed,11.500000000000167,0.0045091030307132796,0.004509103052507957,0.004509103052507957,-9.594697007260335e-13,-9.900484296091038e-12,9.90053980724227e-12,0.0078099955709245335,0.004509103052507957,.TRUE.,0.27,,550,HSE,172,8,-21.311214,1
1-scale-all-axes-uniformly,cell-volume-11.55-cubic-angstroms,1-cheap-pbe-atoms-relaxed,1-scale-all-axes-uniformly/cell-volume-11.55-cubic-angstroms/1-cheap-pbe-atoms-relaxed,11.550000000000002,0.00597039062892446,0.00597039065078242,0.00597039065078242,-9.620053735733952e-13,-9.929332254622016e-12,9.929332254622016e-12,0.010341019935569667,0.00597039065078242,,,,550,PBE,172,8,-18.181877,1
1-scale-all-axes-uniformly,cell-volume-11.55-cubic-angstroms,2-accurate-hse06-atoms-fixed,1-scale-all-axes-uniformly/cell-volume-11.55-cubic-angstroms/2-accurate-hse06-atoms-fixed,11.549999999999931,0.005970390628922573,0.005970390650780533,0.005970390650780422,-9.621590572018158e-13,-9.929319404796742e-12,9.929319404796742e-12,0.010341019935566333,0.005970390650780533,.TRUE.,0.27,,550,HSE,172,8,-21.306484,1
1-scale-all-axes-uniformly,cell-volume-11.60-cubic-angstroms,1-cheap-pbe-atoms-relaxed,1-scale-all-axes-uniformly/cell-volume-11.60-cubic-angstroms/1-cheap-pbe-atoms-relaxed,11.599999999999996,0.007429571100008858,0.00742957112192999,0.00742957112192999,-9.64622133311234e-13,-9.95781721083362e-12,9.957872721984852e-12,0.012868394648973077,0.00742957112192999,,,,550,PBE,172,8,-18.180025,1
1-scale-all-axes-uniformly,cell-volume-11.60-cubic-angstroms,2-accurate-hse06-atoms-fixed,1-scale-all-axes-uniformly/cell-volume-11.60-cubic-angstroms/2-accurate-hse06-atoms-fixed,11.599999999999907,0.007429571100006194,0.007429571121927214,0.007429571121927214,-9.648306085660441e-13,-9.9579701749372e-12,9.958025686088431e-12,0.012868394648968334,0.007429571121927214,.TRUE.,0.27,,550,HSE,172,8,-21.30134,1
1-scale-all-axes-uniformly,cell-volume-11.65-cubic-angstroms,1-cheap-pbe-atoms-relaxed,1-scale-all-axes-uniformly/cell-volume-11.65-cubic-angstroms/1-cheap-pbe-atoms-relaxed,11.650000000000002,0.008886656545267213,0.008886656567251183,0.008886656567251294,-9.675282675603382e-13,-9.986258474649103e-12,9.986258474649103e-12,0.015392140671202292,0.008886656567251294,,,,550,PBE,172,8,-18.177666,1
1-scale-all-axes-uniformly,cell-volume-11.65-cubic-angstroms,2-accurate-hse06-atoms-fixed,1-scale-all-axes-uniformly/cell-volume-11.65-cubic-angstroms/2-accurate-hse06-atoms-fixed,11.649999999999991,0.00888665654526688,0.008886656567250961,0.008886656567250961,-9.673989358182054e-13,-9.98657323211682e-12,9.98651772096559e-12,0.01539214067120178,0.008886656567250961,.TRUE.,0.27,,550,HSE,172,8,-21.295694,1
1-scale-all-axes-uniformly,cell-volume-11.70-cubic-angstroms,1-cheap-pbe-atoms-relaxed,1-scale-all-axes-uniformly/cell-volume-11.70-cubic-angstroms/1-cheap-pbe-atoms-relaxed,11.7,0.010341658944904353,0.01034165896695105,0.01034165896695105,-9.704051058727815e-13,-1.0015003509435312e-11,1.0015003509435312e-11,0.01791227875258082,0.01034165896695105,,,,550,PBE,172,96,-18.174725,1
1-scale-all-axes-uniformly,cell-volume-11.70-cubic-angstroms,2-accurate-hse06-atoms-fixed,1-scale-all-axes-uniformly/cell-volume-11.70-cubic-angstroms/2-accurate-hse06-atoms-fixed,11.699999999999989,0.010341658944903798,0.010341658966950718,0.010341658966950606,-9.70257095171213e-13,-1.00151330544899e-11,1.00151330544899e-11,0.01791227875258005,0.010341658966950718,.TRUE.,0.27,,550,HSE,172,8,-21.28946,1
1-scale-all-axes-uniformly,cell-volume-11.75-cubic-angstroms,1-cheap-pbe-atoms-relaxed,1-scale-all-axes-uniformly/cell-volume-11.75-cubic-angstroms/1-cheap-pbe-atoms-relaxed,11.750000000000002,0.011794590159748486,0.011794590181858022,0.011794590181858022,-9.731368186881965e-13,-1.0043658929875725e-11,1.0043658929875725e-11,0.020428829436666192,0.011794590181858022,,,,550,PBE,172,8,-18.171302,1
1-scale-all-axes-uniformly,cell-volume-11.75-cubic-angstroms,2-accurate-hse06-atoms-fixed,1-scale-all-axes-uniformly/cell-volume-11.75-cubic-angstroms/2-accurate-hse06-atoms-fixed,11.750000000000053,0.011794590159750151,0.011794590181859688,0.011794590181859799,-9.730642015536828e-13,-1.0043586312741212e-11,1.0043641823892444e-11,0.02042882943666914,0.011794590181859799,.TRUE.,0.27,,550,HSE,172,8,-21.282747,1
1-scale-all-axes-uniformly,cell-volume-11.80-cubic-angstroms,1-cheap-pbe-atoms-relaxed,1-scale-all-axes-uniformly/cell-volume-11.80-cubic-angstroms/1-cheap-pbe-atoms-relaxed,11.800000000000011,0.013245461932943625,0.013245461955116,0.013245461955116,-9.757656527585513e-13,-1.0072100449268615e-11,1.0072155960419847e-11,0.022941813063180282,0.013245461955116,,,,550,PBE,172,8,-18.167406,1
1-scale-all-axes-uniformly,cell-volume-11.80-cubic-angstroms,2-accurate-hse06-atoms-fixed,1-scale-all-axes-uniformly/cell-volume-11.80-cubic-angstroms/2-accurate-hse06-atoms-fixed,11.800000000000153,0.013245461932947844,0.013245461955120108,0.013245461955120108,-9.757176686175993e-13,-1.0072052465127663e-11,1.0072052465127663e-11,0.02294181306318746,0.013245461955120108,.TRUE.,0.27,,550,HSE,172,8,-21.275566,1
1-scale-all-axes-uniformly,cell-volume-11.85-cubic-angstroms,1-cheap-pbe-atoms-relaxed,1-scale-all-axes-uniformly/cell-volume-11.85-cubic-angstroms/1-cheap-pbe-atoms-relaxed,11.85000000000001,0.014694285891609482,0.014694285913844363,0.014694285913844252,-9.786460348798905e-13,-1.0100460449805102e-11,1.0100460449805102e-11,0.025451249770884726,0.014694285913844363,,,,550,PBE,172,8,-18.16282,1
1-scale-all-axes-uniformly,cell-volume-11.85-cubic-angstroms,2-accurate-hse06-atoms-fixed,1-scale-all-axes-uniformly/cell-volume-11.85-cubic-angstroms/2-accurate-hse06-atoms-fixed,11.849999999999822,0.014694285891604153,0.014694285913839034,0.014694285913839034,-9.785758999031685e-13,-1.010044582597961e-11,1.0100501337130842e-11,0.025451249770875563,0.014694285913839034,.TRUE.,0.27,,550,HSE,172,8,-21.267671,1
1-scale-all-axes-uniformly,cell-volume-11.90-cubic-angstroms,1-cheap-pbe-atoms-relaxed,1-scale-all-axes-uniformly/cell-volume-11.90-cubic-angstroms/1-cheap-pbe-atoms-relaxed,11.900000000000006,0.016141073548473606,0.01614107357077088,0.01614107357077088,-9.814115222835526e-13,-1.0128705555623911e-11,1.0128761066775142e-11,0.02795715950040903,0.01614107357077088,,,,550,PBE,172,96,-18.157781,1
1-scale-all-axes-uniformly,cell-volume-11.90-cubic-angstroms,2-accurate-hse06-atoms-fixed,1-scale-all-axes-uniformly/cell-volume-11.90-cubic-angstroms/2-accurate-hse06-atoms-fixed,11.89999999999991,0.01614107354847094,0.016141073570768216,0.016141073570768216,-9.816056472365624e-13,-1.012884416942569e-11,1.0128899680576922e-11,0.02795715950040441,0.016141073570768216,.TRUE.,0.27,,550,HSE,172,8,-21.259327,1
1-scale-all-axes-uniformly,cell-volume-11.95-cubic-angstroms,1-cheap-pbe-atoms-relaxed,1-scale-all-axes-uniformly/cell-volume-11.95-cubic-angstroms/1-cheap-pbe-atoms-relaxed,11.949999999999996,0.017585836303470992,0.01758583632583066,0.01758583632583066,-9.84251601336113e-13,-1.0157191786545312e-11,1.0157191786545312e-11,0.030459561997019734,0.01758583632583066,,,,550,PBE,172,8,-18.152282,1
1-scale-all-axes-uniformly,cell-volume-11.95-cubic-angstroms,2-accurate-hse06-atoms-fixed,1-scale-all-axes-uniformly/cell-volume-11.95-cubic-angstroms/2-accurate-hse06-atoms-fixed,11.949999999999926,0.01758583630346866,0.017585836325828552,0.01758583632582844,-9.840186790767872e-13,-1.015712539773968e-11,1.015712539773968e-11,0.03045956199701589,0.017585836325828552,.TRUE.,0.27,,550,HSE,172,8,-21.250523,1
1-scale-all-axes-uniformly,cell-volume-12.00-cubic-angstroms,1-cheap-pbe-atoms-relaxed,1-scale-all-axes-uniformly/cell-volume-12.00-cubic-angstroms/1-cheap-pbe-atoms-relaxed,12.000000000000005,0.019028585445317936,0.01902858546774011,0.01902858546774011,-9.867081796501201e-13,-1.0185405539030624e-11,1.0185350027879392e-11,0.032958476813347216,0.01902858546774011,,,,550,PBE,172,8,-18.146289,1
1-scale-all-axes-uniformly,cell-volume-12.00-cubic-angstroms,2-accurate-hse06-atoms-fixed,1-scale-all-axes-uniformly/cell-volume-12.00-cubic-angstroms/2-accurate-hse06-atoms-fixed,11.999999999999936,0.01902858544531616,0.019028585467738113,0.019028585467738113,-9.869204310644761e-13,-1.0185395745840054e-11,1.0185451256991286e-11,0.03295847681334388,0.019028585467738113,.TRUE.,0.27,,550,HSE,172,8,-21.241228,1
1-scale-all-axes-uniformly,cell-volume-12.05-cubic-angstroms,1-cheap-pbe-atoms-relaxed,1-scale-all-axes-uniformly/cell-volume-12.05-cubic-angstroms/1-cheap-pbe-atoms-relaxed,12.049999999999999,0.020469332153053688,0.020469332175538035,0.020469332175538035,-9.895545410749166e-13,-1.0213787030021798e-11,1.0213731518870567e-11,0.035453923312054915,0.020469332175538035,,,,550,PBE,172,8,-18.139916,1
1-scale-all-axes-uniformly,cell-volume-12.05-cubic-angstroms,2-accurate-hse06-atoms-fixed,1-scale-all-axes-uniformly/cell-volume-12.05-cubic-angstroms/2-accurate-hse06-atoms-fixed,12.04999999999985,0.020469332153049358,0.020469332175533705,0.020469332175533705,-9.89563624141062e-13,-1.0213796113087944e-11,1.0213740601936713e-11,0.035453923312047414,0.020469332175533705,.TRUE.,0.27,,550,HSE,172,8,-21.231552,1
1-scale-all-axes-uniformly,cell-volume-12.10-cubic-angstroms,1-cheap-pbe-atoms-relaxed,1-scale-all-axes-uniformly/cell-volume-12.10-cubic-angstroms/1-cheap-pbe-atoms-relaxed,12.1,0.02190808749755735,0.02190808752010387,0.02190808752010376,-9.923518603770813e-13,-1.0242008456587879e-11,1.0242008456587879e-11,0.03794592066846825,0.02190808752010387,,,,550,PBE,172,96,-18.133097,1
1-scale-all-axes-uniformly,cell-volume-12.10-cubic-angstroms,2-accurate-hse06-atoms-fixed,1-scale-all-axes-uniformly/cell-volume-12.10-cubic-angstroms/2-accurate-hse06-atoms-fixed,12.099999999999989,0.021908087497557016,0.021908087520103647,0.021908087520103647,-9.922763955625842e-13,-1.0242155036378308e-11,1.0242155036378308e-11,0.037945920668467865,0.021908087520103647,.TRUE.,0.27,,550,HSE,172,8,-21.221433,1
1-scale-all-axes-uniformly,cell-volume-12.15-cubic-angstroms,1-cheap-pbe-atoms-relaxed,1-scale-all-axes-uniformly/cell-volume-12.15-cubic-angstroms/1-cheap-pbe-atoms-relaxed,12.150000000000004,0.02334486244303724,0.02334486246564582,0.02334486246564571,-9.951440583524866e-13,-1.0270280272978432e-11,1.0270280272978432e-11,0.04043448787315308,0.02334486246564582,,,,550,PBE,172,8,-18.125697,1
1-scale-all-axes-uniformly,cell-volume-12.15-cubic-angstroms,2-accurate-hse06-atoms-fixed,1-scale-all-axes-uniformly/cell-volume-12.15-cubic-angstroms/2-accurate-hse06-atoms-fixed,12.150000000000166,0.023344862443041903,0.023344862465650373,0.023344862465650373,-9.951630470717644e-13,-1.0270132728244015e-11,1.0270132728244015e-11,0.0404344878731611,0.023344862465650373,.TRUE.,0.27,,550,HSE,172,8,-21.210717,1
1-scale-all-axes-uniformly,cell-volume-12.20-cubic-angstroms,1-cheap-pbe-atoms-relaxed,1-scale-all-axes-uniformly/cell-volume-12.20-cubic-angstroms/1-cheap-pbe-atoms-relaxed,12.2,0.024779667848491838,0.02477966787116237,0.02477966787116237,-9.979198476430472e-13,-1.0298369147230446e-11,1.0298424658381677e-11,0.04291964373444651,0.02477966787116237,,,,550,PBE,172,8,-18.117941,1
1-scale-all-axes-uniformly,cell-volume-12.20-cubic-angstroms,2-accurate-hse06-atoms-fixed,1-scale-all-axes-uniformly/cell-volume-12.20-cubic-angstroms/2-accurate-hse06-atoms-fixed,12.199999999999864,0.024779667848487952,0.024779667871158595,0.024779667871158595,-9.976246001624004e-13,-1.0298406966657187e-11,1.0298351455505956e-11,0.042919643734439905,0.024779667871158595,.TRUE.,0.27,,550,HSE,172,8,-21.199657,1
1-scale-all-axes-uniformly,cell-volume-12.25-cubic-angstroms,1-cheap-pbe-atoms-relaxed,1-scale-all-axes-uniformly/cell-volume-12.25-cubic-angstroms/1-cheap-pbe-atoms-relaxed,12.250000000000007,0.02621251446914763,0.026212514491880112,0.026212514491880112,-1.0004918613191536e-12,-1.0326642823926625e-11,1.0326587312775393e-11,0.045401406880947244,0.026212514491880112,,,,550,PBE,172,8,-18.109669,1
1-scale-all-axes-uniformly,cell-volume-12.25-cubic-angstroms,2-accurate-hse06-atoms-fixed,1-scale-all-axes-uniformly/cell-volume-12.25-cubic-angstroms/2-accurate-hse06-atoms-fixed,12.249999999999915,0.026212514469145076,0.02621251449187756,0.026212514491877448,-1.000538030915387e-12,-1.0326355926615471e-11,1.0326355926615471e-11,0.04540140688094276,0.02621251449187756,.TRUE.,0.27,,550,HSE,172,8,-21.188068,1
1-scale-all-axes-uniformly,cell-volume-12.30-cubic-angstroms,1-cheap-pbe-atoms-relaxed,1-scale-all-axes-uniformly/cell-volume-12.30-cubic-angstroms/1-cheap-pbe-atoms-relaxed,12.300000000000002,0.027643412957867985,0.027643412980662307,0.027643412980662196,-1.0031577550574334e-12,-1.0354566291475128e-11,1.0354566291475128e-11,0.04787979576395576,0.027643412980662307,,,,550,PBE,172,96,-18.101065,1
1-scale-all-axes-uniformly,cell-volume-12.30-cubic-angstroms,2-accurate-hse06-atoms-fixed,1-scale-all-axes-uniformly/cell-volume-12.30-cubic-angstroms/2-accurate-hse06-atoms-fixed,12.299999999999839,0.027643412957863434,0.027643412980657756,0.027643412980657645,-1.0031819142738283e-12,-1.035453493954029e-11,1.035447942838906e-11,0.04787979576394788,0.027643412980657756,.TRUE.,0.27,,550,HSE,172,8,-21.176158,1
1-scale-all-axes-uniformly,cell-volume-12.35-cubic-angstroms,1-cheap-pbe-atoms-relaxed,1-scale-all-axes-uniformly/cell-volume-12.35-cubic-angstroms/1-cheap-pbe-atoms-relaxed,12.35,0.029072373866541823,0.029072373889397873,0.029072373889397873,-1.0059324423216836e-12,-1.03825985525496e-11,1.03825985525496e-11,0.05035482865987998,0.029072373889397873,,,,550,PBE,172,8,-18.092132,1
1-scale-all-axes-uniformly,cell-volume-12.35-cubic-angstroms,2-accurate-hse06-atoms-fixed,1-scale-all-axes-uniformly/cell-volume-12.35-cubic-angstroms/2-accurate-hse06-atoms-fixed,12.350000000000087,0.029072373866544376,0.029072373889400316,0.029072373889400316,-1.006071614733855e-12,-1.0382404658054383e-11,1.0382404658054383e-11,0.050354828659884276,0.029072373889400316,.TRUE.,0.27,,550,HSE,172,8,-21.163923,1
2-stretch-one-axis-or-two-axes,stretch-x-and-y-axes-by-minus-0.005,1-cheap-pbe-atoms-relaxed,2-stretch-one-axis-or-two-axes/stretch-x-and-y-axes-by-minus-0.005/1-cheap-pbe-atoms-relaxed,11.232994746692896,-0.004987456231418497,-0.004987456231418497,4.4209571892217525e-08,-2.7313468542767412e-17,3.677054185932125e-17,-9.457073316553842e-18,0.007053328244352794,0.004987456231418497,,,,550,PBE,172,8,-18.179641,1
2-stretch-one-axis-or-two-axes,stretch-x-and-y-axes-by-minus-0.005,2-accurate-hse06-atoms-fixed,2-stretch-one-axis-or-two-axes/stretch-x-and-y-axes-by-minus-0.005/2-accurate-hse06-atoms-fixed,11.232994746692896,-0.004987456231418497,-0.004987456231418497,4.4209571892217525e-08,-2.7313468542767412e-17,3.677054185932125e-17,-9.457073316553842e-18,0.007053328244352794,0.004987456231418497,.TRUE.,0.27,,550,HSE,172,8,-21.325069,1
2-stretch-one-axis-or-two-axes,stretch-x-and-y-axes-by-minus-0.010,1-cheap-pbe-atoms-relaxed,2-stretch-one-axis-or-two-axes/stretch-x-and-y-axes-by-minus-0.010/1-cheap-pbe-atoms-relaxed,11.120383981448654,-0.0099499566701986,-0.0099499566701986,4.4209571892217525e-08,-3.919576909835622e-17,2.4888241303732443e-17,1.4307527794623777e-17,0.01407136366808895,0.0099499566701986,,,,550,PBE,172,8,-18.171346,1
2-stretch-one-axis-or-two-axes,stretch-x-and-y-axes-by-minus-0.010,2-accurate-hse06-atoms-fixed,2-stretch-one-axis-or-two-axes/stretch-x-and-y-axes-by-minus-0.010/2-accurate-hse06-atoms-fixed,11.120383981448654,-0.0099499566701986,-0.0099499566701986,4.4209571892217525e-08,-3.919576909835622e-17,2.4888241303732443e-17,1.4307527794623777e-17,0.01407136366808895,0.0099499566701986,.TRUE.,0.27,,550,HSE,172,8,-21.32406,1
2-stretch-one-axis-or-two-axes,stretch-x-and-y-axes-by-minus-0.015,1-cheap-pbe-atoms-relaxed,2-stretch-one-axis-or-two-axes/stretch-x-and-y-axes-by-minus-0.015/1-cheap-pbe-atoms-relaxed,11.008340524845446,-0.014887457106768143,-0.014887457106768143,4.4209571892217525e-08,-5.759573655794864e-17,6.48827384414003e-18,5.11074627138086e-17,0.02105404374968564,0.014887457106768143,,,,550,PBE,172,8,-18.15851,1
2-stretch-one-axis-or-two-axes,stretch-x-and-y-axes-by-minus-0.015,2-accurate-hse06-atoms-fixed,2-stretch-one-axis-or-two-axes/stretch-x-and-y-axes-by-minus-0.015/2-accurate-hse06-atoms-fixed,11.008340524845446,-0.014887457106768143,-0.014887457106768143,4.4209571892217525e-08,-5.759573655794864e-17,6.48827384414003e-18,5.11074627138086e-17,0.02105404374968564,0.014887457106768143,.TRUE.,0.27,,550,HSE,172,8,-21.318397,1
2-stretch-one-axis-or-two-axes,stretch-x-and-y-axes-by-minus-0.020,1-cheap-pbe-atoms-relaxed,2-stretch-one-axis-or-two-axes/stretch-x-and-y-axes-by-minus-0.020/1-cheap-pbe-atoms-relaxed,10.896864376883267,-0.019799957541127067,-0.019799957541127067,4.4209571892217525e-08,-2.1407604902513524e-17,4.267640549957514e-17,-2.1268800597061615e-17,0.028001368489108235,0.019799957541127067,,,,550,PBE,172,8,-18.14106,1
2-stretch-one-axis-or-two-axes,stretch-x-and-y-axes-by-minus-0.020,2-accurate-hse06-atoms-fixed,2-stretch-one-axis-or-two-axes/stretch-x-and-y-axes-by-minus-0.020/2-accurate-hse06-atoms-fixed,10.896864376883267,-0.019799957541127067,-0.019799957541127067,4.4209571892217525e-08,-2.1407604902513524e-17,4.267640549957514e-17,-2.1268800597061615e-17,0.028001368489108235,0.019799957541127067,.TRUE.,0.27,,550,HSE,172,8,-21.307998,1
2-stretch-one-axis-or-two-axes,stretch-x-and-y-axes-by-minus-0.025,1-cheap-pbe-atoms-relaxed,2-stretch-one-axis-or-two-axes/stretch-x-and-y-axes-by-minus-0.025/1-cheap-pbe-atoms-relaxed,10.785955537562115,-0.024687457973275706,-0.024687457973275706,4.4209571892217525e-08,-3.314072627742167e-17,3.0943284124666995e-17,2.1974421527546754e-18,0.034913337886350294,0.024687457973275706,,,,550,PBE,172,8,-18.118834,1
2-stretch-one-axis-or-two-axes,stretch-x-and-y-axes-by-minus-0.025,2-accurate-hse06-atoms-fixed,2-stretch-one-axis-or-two-axes/stretch-x-and-y-axes-by-minus-0.025/2-accurate-hse06-atoms-fixed,10.785955537562115,-0.024687457973275706,-0.024687457973275706,4.4209571892217525e-08,-3.314072627742167e-17,3.0943284124666995e-17,2.1974421527546754e-18,0.034913337886350294,0.024687457973275706,.TRUE.,0.27,,550,HSE,172,8,-21.292702,1
2-stretch-one-axis-or-two-axes,stretch-x-and-y-axes-by-minus-0.030,1-cheap-pbe-atoms-relaxed,2-stretch-one-axis-or-two-axes/stretch-x-and-y-axes-by-minus-0.030/1-cheap-pbe-atoms-relaxed,10.675614006881993,-0.029549958403213783,-0.029549958403213783,4.4209571892217525e-08,-5.12904366356195e-17,1.2793573766469164e-17,3.8496862869150334e-17,0.04178995194140912,0.029549958403213783,,,,550,PBE,172,8,-18.091701,1
2-stretch-one-axis-or-two-axes,stretch-x-and-y-axes-by-minus-0.030,2-accurate-hse06-atoms-fixed,2-stretch-one-axis-or-two-axes/stretch-x-and-y-axes-by-minus-0.030/2-accurate-hse06-atoms-fixed,10.675614006881993,-0.029549958403213783,-0.029549958403213783,4.4209571892217525e-08,-5.12904366356195e-17,1.2793573766469164e-17,3.8496862869150334e-17,0.04178995194140912,0.029549958403213783,.TRUE.,0.27,,550,HSE,172,8,-21.272381,1
2-stretch-one-axis-or-two-axes,stretch-x-and-y-axes-by-minus-0.035,1-cheap-pbe-atoms-relaxed,2-stretch-one-axis-or-two-axes/stretch-x-and-y-axes-by-minus-0.035/1-cheap-pbe-atoms-relaxed,10.565839784842899,-0.03438745883094141,-0.03438745883094141,4.4209571892217525e-08,-9.182035618141615e-18,5.490197478394705e-17,-4.571993916580543e-17,0.04863121065428389,0.03438745883094141,,,,550,PBE,172,8,-18.059513,1
2-stretch-one-axis-or-two-axes,stretch-x-and-y-axes-by-minus-0.035,2-accurate-hse06-atoms-fixed,2-stretch-one-axis-or-two-axes/stretch-x-and-y-axes-by-minus-0.035/2-accurate-hse06-atoms-fixed,10.565839784842899,-0.03438745883094141,-0.03438745883094141,4.4209571892217525e-08,-9.182035618141615e-18,5.490197478394705e-17,-4.571993916580543e-17,0.04863121065428389,0.03438745883094141,.TRUE.,0.27,,550,HSE,172,8,-21.246882,1
2-stretch-one-axis-or-two-axes,stretch-x-and-y-axes-by-minus-0.040,1-cheap-pbe-atoms-relaxed,2-stretch-one-axis-or-two-axes/stretch-x-and-y-axes-by-minus-0.040/1-cheap-pbe-atoms-relaxed,10.456632871444832,-0.03919995925645853,-0.03919995925645853,4.4209571892217525e-08,-2.7268657378298014e-17,3.681535302379065e-17,-9.546695645492637e-18,0.055437114024974025,0.03919995925645853,,,,550,PBE,172,8,-18.022052,1
2-stretch-one-axis-or-two-axes,stretch-x-and-y-axes-by-minus-0.040,2-accurate-hse06-atoms-fixed,2-stretch-one-axis-or-two-axes/stretch-x-and-y-axes-by-minus-0.040/2-accurate-hse06-atoms-fixed,10.456632871444832,-0.03919995925645853,-0.03919995925645853,4.4209571892217525e-08,-2.7268657378298014e-17,3.681535302379065e-17,-9.546695645492637e-18,0.055437114024974025,0.03919995925645853,.TRUE.,0.27,,550,HSE,172,8,-21.215977,1
2-stretch-one-axis-or-two-axes,stretch-x-and-y-axes-by-minus-0.045,1-cheap-pbe-atoms-relaxed,2-stretch-one-axis-or-two-axes/stretch-x-and-y-axes-by-minus-0.045/1-cheap-pbe-atoms-relaxed,10.347993266687798,-0.043987459679765195,-0.043987459679765195,4.4209571892217525e-08,-4.5168110635101256e-17,1.891589976698741e-17,2.6252210868113848e-17,0.06220766205347933,0.043987459679765195,,,,550,PBE,172,8,-17.97928,1
2-stretch-one-axis-or-two-axes,stretch-x-and-y-axes-by-minus-0.045,2-accurate-hse06-atoms-fixed,2-stretch-one-axis-or-two-axes/stretch-x-and-y-axes-by-minus-0.045/2-accurate-hse06-atoms-fixed,10.347993266687798,-0.043987459679765195,-0.043987459679765195,4.4209571892217525e-08,-4.5168110635101256e-17,1.891589976698741e-17,2.6252210868113848e-17,0.06220766205347933,0.043987459679765195,.TRUE.,0.27,,550,HSE,172,8,-21.179635,1
2-stretch-one-axis-or-two-axes,stretch-x-and-y-axes-by-minus-0.050,1-cheap-pbe-atoms-relaxed,2-stretch-one-axis-or-two-axes/stretch-x-and-y-axes-by-minus-0.050/1-cheap-pbe-atoms-relaxed,10.239920970571792,-0.04874996010086147,-0.04874996010086147,4.4209571892217525e-08,-5.647879374333635e-17,7.605216658752321e-18,4.887357708458402e-17,0.06894285473979972,0.04874996010086147,,,,550,PBE,172,8,-17.930941,1
2-stretch-one-axis-or-two-axes,stretch-x-and-y-axes-by-minus-0.050,2-accurate-hse06-atoms-fixed,2-stretch-one-axis-or-two-axes/stretch-x-and-y-axes-by-minus-0.050/2-accurate-hse06-atoms-fixed,10.239920970571792,-0.04874996010086147,-0.04874996010086147,4.4209571892217525e-08,-5.647879374333635e-17,7.605216658752321e-18,4.887357708458402e-17,0.06894285473979972,0.04874996010086147,.TRUE.,0.27,,550,HSE,172,8,-21.137593,1
2-stretch-one-axis-or-two-axes,stretch-x-and-y-axes-by-minus-0.055,1-cheap-pbe-atoms-relaxed,2-stretch-one-axis-or-two-axes/stretch-x-and-y-axes-by-minus-0.055/1-cheap-pbe-atoms-relaxed,10.132415983096811,-0.053487460519747065,-0.053487460519747065,4.4209571892217525e-08,-2.157956240098525e-17,4.250444800110341e-17,-2.092488560011816e-17,0.07564269208393469,0.053487460519747065,,,,550,PBE,172,8,-17.876981,1
2-stretch-one-axis-or-two-axes,stretch-x-and-y-axes-by-minus-0.055,2-accurate-hse06-atoms-fixed,2-stretch-one-axis-or-two-axes/stretch-x-and-y-axes-by-minus-0.055/2-accurate-hse06-atoms-fixed,10.132415983096811,-0.053487460519747065,-0.053487460519747065,4.4209571892217525e-08,-2.157956240098525e-17,4.250444800110341e-17,-2.092488560011816e-17,0.07564269208393469,0.053487460519747065,.TRUE.,0.27,,550,HSE,172,8,-21.0898,1
2-stretch-one-axis-or-two-axes,stretch-x-and-y-axes-by-minus-0.060,1-cheap-pbe-atoms-relaxed,2-stretch-one-axis-or-two-axes/stretch-x-and-y-axes-by-minus-0.060/1-cheap-pbe-atoms-relaxed,10.025478304262863,-0.05819996093642227,-0.05819996093642227,4.4209571892217525e-08,-3.922875855639391e-17,2.4855251845694754e-17,1.4373506710699154e-17,0.08230717408588457,0.05819996093642227,,,,550,PBE,172,8,-17.817151,1
2-stretch-one-axis-or-two-axes,stretch-x-and-y-axes-by-minus-0.060,2-accurate-hse06-atoms-fixed,2-stretch-one-axis-or-two-axes/stretch-x-and-y-axes-by-minus-0.060/2-accurate-hse06-atoms-fixed,10.025478304262863,-0.05819996093642227,-0.05819996093642227,4.4209571892217525e-08,-3.922875855639391e-17,2.4855251845694754e-17,1.4373506710699154e-17,0.08230717408588457,0.05819996093642227,.TRUE.,0.27,,550,HSE,172,8,-21.035998,1
2-stretch-one-axis-or-two-axes,stretch-x-and-y-axes-by-minus-0.065,1-cheap-pbe-atoms-relaxed,2-stretch-one-axis-or-two-axes/stretch-x-and-y-axes-by-minus-0.065/1-cheap-pbe-atoms-relaxed,9.919107934069944,-0.06288746135088696,-0.06288746135088696,4.4209571892217525e-08,-5.669078620844941e-17,7.393224193639254e-18,4.9297562014810154e-17,0.08893630074564918,0.06288746135088696,,,,550,PBE,172,8,-17.751291,1
2-stretch-one-axis-or-two-axes,stretch-x-and-y-axes-by-minus-0.065,2-accurate-hse06-atoms-fixed,2-stretch-one-axis-or-two-axes/stretch-x-and-y-axes-by-minus-0.065/2-accurate-hse06-atoms-fixed,9.919107934069944,-0.06288746135088696,-0.06288746135088696,4.4209571892217525e-08,-5.669078620844941e-17,7.393224193639254e-18,4.9297562014810154e-17,0.08893630074564918,0.06288746135088696,.TRUE.,0.27,,550,HSE,172,8,-20.976024,1
2-stretch-one-axis-or-two-axes,stretch-x-and-y-axes-by-minus-0.070,1-cheap-pbe-atoms-relaxed,2-stretch-one-axis-or-two-axes/stretch-x-and-y-axes-by-minus-0.070/1-cheap-pbe-atoms-relaxed,9.813304872518051,-0.06754996176314126,-0.06754996176314126,4.4209571892217525e-08,-1.6073441345483383e-17,4.801056905660528e-17,-3.1937127711121896e-17,0.0955300720632286,0.06754996176314126,,,,550,PBE,172,8,-17.679236,1
2-stretch-one-axis-or-two-axes,stretch-x-and-y-axes-by-minus-0.070,2-accurate-hse06-atoms-fixed,2-stretch-one-axis-or-two-axes/stretch-x-and-y-axes-by-minus-0.070/2-accurate-hse06-atoms-fixed,9.813304872518051,-0.06754996176314126,-0.06754996176314126,4.4209571892217525e-08,-1.6073441345483383e-17,4.801056905660528e-17,-3.1937127711121896e-17,0.0955300720632286,0.06754996176314126,.TRUE.,0.27,,550,HSE,172,8,-20.909708,1
2-stretch-one-axis-or-two-axes,stretch-x-and-y-axes-by-minus-0.075,1-cheap-pbe-atoms-relaxed,2-stretch-one-axis-or-two-axes/stretch-x-and-y-axes-by-minus-0.075/1-cheap-pbe-atoms-relaxed,9.70806911960719,-0.072187462173185,-0.072187462173185,4.4209571892217525e-08,-3.3472380399497455e-17,3.0611630002591207e-17,2.8607503969062455e-18,0.10208848803862258,0.072187462173185,,,,550,PBE,172,8,-17.600737,1
2-stretch-one-axis-or-two-axes,stretch-x-and-y-axes-by-minus-0.075,2-accurate-hse06-atoms-fixed,2-stretch-one-axis-or-two-axes/stretch-x-and-y-axes-by-minus-0.075/2-accurate-hse06-atoms-fixed,9.70806911960719,-0.072187462173185,-0.072187462173185,4.4209571892217525e-08,-3.3472380399497455e-17,3.0611630002591207e-17,2.8607503969062455e-18,0.10208848803862258,0.072187462173185,.TRUE.,0.27,,550,HSE,172,8,-20.83679,1
2-stretch-one-axis-or-two-axes,stretch-x-and-y-axes-by-minus-0.080,1-cheap-pbe-atoms-relaxed,2-stretch-one-axis-or-two-axes/stretch-x-and-y-axes-by-minus-0.080/1-cheap-pbe-atoms-relaxed,9.603400675337356,-0.07679996258101834,-0.07679996258101834,4.4209571892217525e-08,-5.0684150950158373e-17,1.3399859451930292e-17,3.728429149822808e-17,0.10861154867183136,0.07679996258101834,,,,550,PBE,172,8,-17.515786,1
2-stretch-one-axis-or-two-axes,stretch-x-and-y-axes-by-minus-0.080,2-accurate-hse06-atoms-fixed,2-stretch-one-axis-or-two-axes/stretch-x-and-y-axes-by-minus-0.080/2-accurate-hse06-atoms-fixed,9.603400675337356,-0.07679996258101834,-0.07679996258101834,4.4209571892217525e-08,-5.0684150950158373e-17,1.3399859451930292e-17,3.728429149822808e-17,0.10861154867183136,0.07679996258101834,.TRUE.,0.27,,550,HSE,172,8,-20.757286,1
2-stretch-one-axis-or-two-axes,stretch-x-and-y-axes-by-minus-0.085,1-cheap-pbe-atoms-relaxed,2-stretch-one-axis-or-two-axes/stretch-x-and-y-axes-by-minus-0.085/1-cheap-pbe-atoms-relaxed,9.499299539708554,-0.08138746298664101,-0.08138746298664101,4.4209571892217525e-08,-1.691604737534159e-17,4.7167963026747073e-17,-3.0251915651405484e-17,0.11509925396285449,0.08138746298664101,,,,550,PBE,172,8,-17.42405,1
2-stretch-one-axis-or-two-axes,stretch-x-and-y-axes-by-minus-0.085,2-accurate-hse06-atoms-fixed,2-stretch-one-axis-or-two-axes/stretch-x-and-y-axes-by-minus-0.085/2-accurate-hse06-atoms-fixed,9.499299539708554,-0.08138746298664101,-0.08138746298664101,4.4209571892217525e-08,-1.691604737534159e-17,4.7167963026747073e-17,-3.0251915651405484e-17,0.11509925396285449,0.08138746298664101,.TRUE.,0.27,,550,HSE,172,8,-20.670834,1
2-stretch-one-axis-or-two-axes,stretch-x-and-y-axes-by-minus-0.090,1-cheap-pbe-atoms-relaxed,2-stretch-one-axis-or-two-axes/stretch-x-and-y-axes-by-minus-0.090/1-cheap-pbe-atoms-relaxed,9.395765712720776,-0.08594996339005345,-0.08594996339005345,4.4209571892217525e-08,-2.7898976164411896e-17,3.6185034237676767e-17,-8.286058073264872e-18,0.12155160391169263,0.08594996339005345,,,,550,PBE,172,8,-17.325398,1
2-stretch-one-axis-or-two-axes,stretch-x-and-y-axes-by-minus-0.090,2-accurate-hse06-atoms-fixed,2-stretch-one-axis-or-two-axes/stretch-x-and-y-axes-by-minus-0.090/2-accurate-hse06-atoms-fixed,9.395765712720776,-0.08594996339005345,-0.08594996339005345,4.4209571892217525e-08,-2.7898976164411896e-17,3.6185034237676767e-17,-8.286058073264872e-18,0.12155160391169263,0.08594996339005345,.TRUE.,0.27,,550,HSE,172,8,-20.577311,1
2-stretch-one-axis-or-two-axes,stretch-x-and-y-axes-by-minus-0.095,1-cheap-pbe-atoms-relaxed,2-stretch-one-axis-or-two-axes/stretch-x-and-y-axes-by-minus-0.095/1-cheap-pbe-atoms-relaxed,9.29279919437403,-0.09048746379125533,-0.09048746379125533,4.4209571892217525e-08,-4.4860489613678225e-17,1.9223520788410437e-17,2.5636968825267788e-17,0.12796859851834527,0.09048746379125533,,,,550,PBE,172,8,-17.219603,1
2-stretch-one-axis-or-two-axes,stretch-x-and-y-axes-by-minus-0.095,2-accurate-hse06-atoms-fixed,2-stretch-one-axis-or-two-axes/stretch-x-and-y-axes-by-minus-0.095/2-accurate-hse06-atoms-fixed,9.29279919437403,-0.09048746379125533,-0.09048746379125533,4.4209571892217525e-08,-4.4860489613678225e-17,1.9223520788410437e-17,2.5636968825267788e-17,0.12796859851834527,0.09048746379125533,.TRUE.,0.27,,550,HSE,172,8,-20.47648,1
2-stretch-one-axis-or-two-axes,stretch-x-and-y-axes-by-minus-0.100,1-cheap-pbe-atoms-relaxed,2-stretch-one-axis-or-two-axes/stretch-x-and-y-axes-by-minus-0.100/1-cheap-pbe-atoms-relaxed,9.19039998466831,-0.09499996419024664,-0.09499996419024664,4.4209571892217525e-08,-1.1674796242747588e-17,5.2409214159341074e-17,-4.0734417916593485e-17,0.13435023778281244,0.09499996419024664,,,,550,PBE,172,8,-17.106417,1
2-stretch-one-axis-or-two-axes,stretch-x-and-y-axes-by-minus-0.100,2-accurate-hse06-atoms-fixed,2-stretch-one-axis-or-two-axes/stretch-x-and-y-axes-by-minus-0.100/2-accurate-hse06-atoms-fixed,9.19039998466831,-0.09499996419024664,-0.09499996419024664,4.4209571892217525e-08,-1.1674796242747588e-17,5.2409214159341074e-17,-4.0734417916593485e-17,0.13435023778281244,0.09499996419024664,.TRUE.,0.27,,550,HSE,172,8,-20.368084,1
2-stretch-one-axis-or-two-axes,stretch-x-and-y-axes-by-plus-0.005,1-cheap-pbe-atoms-relaxed,2-stretch-one-axis-or-two-axes/stretch-x-and-y-axes-by-plus-0.005/1-cheap-pbe-atoms-relaxed,11.459918203104456,0.005012544652772677,0.005012544652772677,4.4209571892217525e-08,-3.8661565153268954e-17,2.5422445248819705e-17,1.3239119904449249e-17,0.007088808630089713,0.005012544652772677,,,,550,PBE,172,8,-18.183368,1
2-stretch-one-axis-or-two-axes,stretch-x-and-y-axes-by-plus-0.005,2-accurate-hse06-atoms-fixed,2-stretch-one-axis-or-two-axes/stretch-x-and-y-axes-by-plus-0.005/2-accurate-hse06-atoms-fixed,11.459918203104456,0.005012544652772677,0.005012544652772677,4.4209571892217525e-08,-3.8661565153268954e-17,2.5422445248819705e-17,1.3239119904449249e-17,0.007088808630089713,0.005012544652772677,.TRUE.,0.27,,550,HSE,172,8,-21.313887,1
2-stretch-one-axis-or-two-axes,stretch-x-and-y-axes-by-plus-0.010,1-cheap-pbe-atoms-relaxed,2-stretch-one-axis-or-two-axes/stretch-x-and-y-axes-by-plus-0.010/1-cheap-pbe-atoms-relaxed,11.574230894271784,0.010050045098184524,0.010050045098184524,4.4209571892217525e-08,2.266395911740364e-17,8.67479695194923e-17,-1.0941192863689594e-16,0.014212910080382554,0.010050045098184524,,,,550,PBE,172,8,-18.178963,1
2-stretch-one-axis-or-two-axes,stretch-x-and-y-axes-by-plus-0.010,2-accurate-hse06-atoms-fixed,2-stretch-one-axis-or-two-axes/stretch-x-and-y-axes-by-plus-0.010/2-accurate-hse06-atoms-fixed,11.574230894271784,0.010050045098184524,0.010050045098184524,4.4209571892217525e-08,2.266395911740364e-17,8.67479695194923e-17,-1.0941192863689594e-16,0.014212910080382554,0.010050045098184524,.TRUE.,0.27,,550,HSE,172,8,-21.301858,1
2-stretch-one-axis-or-two-axes,stretch-x-and-y-axes-by-plus-0.015,1-cheap-pbe-atoms-relaxed,2-stretch-one-axis-or-two-axes/stretch-x-and-y-axes-by-plus-0.015/1-cheap-pbe-atoms-relaxed,11.689110894080132,0.0151125455458061,0.0151125455458061,4.4209571892217525e-08,-6.391565219973092e-17,1.683582023577357e-19,6.374729399737319e-17,0.021372366872905817,0.0151125455458061,,,,550,PBE,172,8,-18.170647,1
2-stretch-one-axis-or-two-axes,stretch-x-and-y-axes-by-plus-0.015,2-accurate-hse06-atoms-fixed,2-stretch-one-axis-or-two-axes/stretch-x-and-y-axes-by-plus-0.015/2-accurate-hse06-atoms-fixed,11.689110894080132,0.0151125455458061,0.0151125455458061,4.4209571892217525e-08,-6.391565219973092e-17,1.683582023577357e-19,6.374729399737319e-17,0.021372366872905817,0.0151125455458061,.TRUE.,0.27,,550,HSE,172,8,-21.28582,1
2-stretch-one-axis-or-two-axes,stretch-x-and-y-axes-by-plus-0.020,1-cheap-pbe-atoms-relaxed,2-stretch-one-axis-or-two-axes/stretch-x-and-y-axes-by-plus-0.020/1-cheap-pbe-atoms-relaxed,11.804558202529522,0.020200045995638516,0.020200045995638516,4.4209571892217525e-08,-5.1854776505658e-17,1.222923389643066e-17,3.962554260922734e-17,0.02856717900762653,0.020200045995638516,,,,550,PBE,172,8,-18.158416,1
2-stretch-one-axis-or-two-axes,stretch-x-and-y-axes-by-plus-0.020,2-accurate-hse06-atoms-fixed,2-stretch-one-axis-or-two-axes/stretch-x-and-y-axes-by-plus-0.020/2-accurate-hse06-atoms-fixed,11.804558202529522,0.020200045995638516,0.020200045995638516,4.4209571892217525e-08,-5.1854776505658e-17,1.222923389643066e-17,3.962554260922734e-17,0.02856717900762653,0.020200045995638516,.TRUE.,0.27,,550,HSE,172,8,-21.265755,1
2-stretch-one-axis-or-two-axes,stretch-x-and-y-axes-by-plus-0.025,1-cheap-pbe-atoms-relaxed,2-stretch-one-axis-or-two-axes/stretch-x-and-y-axes-by-plus-0.025/1-cheap-pbe-atoms-relaxed,11.920572819619927,0.02531254644768155,0.02531254644768155,4.4209571892217525e-08,2.413180618759329e-17,8.821581658968195e-17,-1.1234762277727524e-16,0.03579734648453745,0.02531254644768155,,,,550,PBE,172,8,-18.142486,1
2-stretch-one-axis-or-two-axes,stretch-x-and-y-axes-by-plus-0.025,2-accurate-hse06-atoms-fixed,2-stretch-one-axis-or-two-axes/stretch-x-and-y-axes-by-plus-0.025/2-accurate-hse06-atoms-fixed,11.920572819619927,0.02531254644768155,0.02531254644768155,4.4209571892217525e-08,2.413180618759329e-17,8.821581658968195e-17,-1.1234762277727524e-16,0.03579734648453745,0.02531254644768155,.TRUE.,0.27,,550,HSE,172,8,-21.241892,1
2-stretch-one-axis-or-two-axes,stretch-x-and-y-axes-by-plus-0.030,1-cheap-pbe-atoms-relaxed,2-stretch-one-axis-or-two-axes/stretch-x-and-y-axes-by-plus-0.030/1-cheap-pbe-atoms-relaxed,12.037154745351376,0.030450046901934757,0.030450046901934757,4.4209571892217525e-08,-7.76094798558014e-17,-1.3525469453712745e-17,9.113494930951415e-17,0.04306286930363567,0.030450046901934757,,,,550,PBE,172,8,-18.122947,1
2-stretch-one-axis-or-two-axes,stretch-x-and-y-axes-by-plus-0.030,2-accurate-hse06-atoms-fixed,2-stretch-one-axis-or-two-axes/stretch-x-and-y-axes-by-plus-0.030/2-accurate-hse06-atoms-fixed,12.037154745351376,0.030450046901934757,0.030450046901934757,4.4209571892217525e-08,-7.76094798558014e-17,-1.3525469453712745e-17,9.113494930951415e-17,0.04306286930363567,0.030450046901934757,.TRUE.,0.27,,550,HSE,172,8,-21.214316,1
2-stretch-one-axis-or-two-axes,stretch-x-and-y-axes-by-plus-0.035,1-cheap-pbe-atoms-relaxed,2-stretch-one-axis-or-two-axes/stretch-x-and-y-axes-by-plus-0.035/1-cheap-pbe-atoms-relaxed,12.154303979723844,0.035612547358398694,0.035612547358398694,4.4209571892217525e-08,-1.004697027654865e-18,6.30793133744338e-17,-6.207461634677893e-17,0.05036374746492098,0.035612547358398694,,,,550,PBE,172,8,-18.099867,1
2-stretch-one-axis-or-two-axes,stretch-x-and-y-axes-by-plus-0.035,2-accurate-hse06-atoms-fixed,2-stretch-one-axis-or-two-axes/stretch-x-and-y-axes-by-plus-0.035/2-accurate-hse06-atoms-fixed,12.154303979723844,0.035612547358398694,0.035612547358398694,4.4209571892217525e-08,-1.004697027654865e-18,6.30793133744338e-17,-6.207461634677893e-17,0.05036374746492098,0.035612547358398694,.TRUE.,0.27,,550,HSE,172,8,-21.183095,1
2-stretch-one-axis-or-two-axes,stretch-x-and-y-axes-by-plus-0.040,1-cheap-pbe-atoms-relaxed,2-stretch-one-axis-or-two-axes/stretch-x-and-y-axes-by-plus-0.040/1-cheap-pbe-atoms-relaxed,12.272020522737343,0.04080004781707314,0.04080004781707314,4.4209571892217525e-08,1.1602696838402855e-17,7.568670724049151e-17,-8.728940407889437e-17,0.05769998096839256,0.04080004781707314,,,,550,PBE,172,8,-18.07343,1
2-stretch-one-axis-or-two-axes,stretch-x-and-y-axes-by-plus-0.040,2-accurate-hse06-atoms-fixed,2-stretch-one-axis-or-two-axes/stretch-x-and-y-axes-by-plus-0.040/2-accurate-hse06-atoms-fixed,12.272020522737343,0.04080004781707314,0.04080004781707314,4.4209571892217525e-08,1.1602696838402855e-17,7.568670724049151e-17,-8.728940407889437e-17,0.05769998096839256,0.04080004781707314,.TRUE.,0.27,,550,HSE,172,8,-21.148422,1
2-stretch-one-axis-or-two-axes,stretch-x-and-y-axes-by-plus-0.045,1-cheap-pbe-atoms-relaxed,2-stretch-one-axis-or-two-axes/stretch-x-and-y-axes-by-plus-0.045/1-cheap-pbe-atoms-relaxed,12.390304374391865,0.04601254827795753,0.04601254827795753,4.4209571892217525e-08,-7.760491365563761e-17,-1.3520903253548955e-17,9.112581690918657e-17,0.06507156981404935,0.04601254827795753,,,,550,PBE,172,8,-18.043664,1
2-stretch-one-axis-or-two-axes,stretch-x-and-y-axes-by-plus-0.045,2-accurate-hse06-atoms-fixed,2-stretch-one-axis-or-two-axes/stretch-x-and-y-axes-by-plus-0.045/2-accurate-hse06-atoms-fixed,12.390304374391865,0.04601254827795753,0.04601254827795753,4.4209571892217525e-08,-7.760491365563761e-17,-1.3520903253548955e-17,9.112581690918657e-17,0.06507156981404935,0.04601254827795753,.TRUE.,0.27,,550,HSE,172,8,-21.110322,1
2-stretch-one-axis-or-two-axes,stretch-x-and-y-axes-by-plus-0.050,1-cheap-pbe-atoms-relaxed,2-stretch-one-axis-or-two-axes/stretch-x-and-y-axes-by-plus-0.050/1-cheap-pbe-atoms-relaxed,12.509155534687428,0.05125004874105321,0.05125004874105321,4.4209571892217525e-08,-1.403442268052673e-17,5.0049587721561934e-17,-3.60151650410352e-17,0.0724785140018931,0.05125004874105321,,,,550,PBE,172,8,-18.010764,1
2-stretch-one-axis-or-two-axes,stretch-x-and-y-axes-by-plus-0.050,2-accurate-hse06-atoms-fixed,2-stretch-one-axis-or-two-axes/stretch-x-and-y-axes-by-plus-0.050/2-accurate-hse06-atoms-fixed,12.509155534687428,0.05125004874105321,0.05125004874105321,4.4209571892217525e-08,-1.403442268052673e-17,5.0049587721561934e-17,-3.60151650410352e-17,0.0724785140018931,0.05125004874105321,.TRUE.,0.27,,550,HSE,172,8,-21.068986,1
2-stretch-one-axis-or-two-axes,stretch-x-and-y-axes-by-plus-0.055,1-cheap-pbe-atoms-relaxed,2-stretch-one-axis-or-two-axes/stretch-x-and-y-axes-by-plus-0.055/1-cheap-pbe-atoms-relaxed,12.628574003624006,0.05651254920635884,0.05651254920635884,4.4209571892217525e-08,1.2906751906398561e-17,7.699076230848722e-17,-8.989751421488578e-17,0.07992081353192179,0.05651254920635884,,,,550,PBE,172,8,-17.974749,1
2-stretch-one-axis-or-two-axes,stretch-x-and-y-axes-by-plus-0.055,2-accurate-hse06-atoms-fixed,2-stretch-one-axis-or-two-axes/stretch-x-and-y-axes-by-plus-0.055/2-accurate-hse06-atoms-fixed,12.628574003624006,0.05651254920635884,0.05651254920635884,4.4209571892217525e-08,1.2906751906398561e-17,7.699076230848722e-17,-8.989751421488578e-17,0.07992081353192179,0.05651254920635884,.TRUE.,0.27,,550,HSE,172,8,-21.02444,1
2-stretch-one-axis-or-two-axes,stretch-x-and-y-axes-by-plus-0.060,1-cheap-pbe-atoms-relaxed,2-stretch-one-axis-or-two-axes/stretch-x-and-y-axes-by-plus-0.060/1-cheap-pbe-atoms-relaxed,12.748559781201624,0.0618000496738752,0.0618000496738752,4.4209571892217525e-08,2.5816800816252128e-17,8.990081121834079e-17,-1.1571761203459292e-16,0.08739846840413645,0.0618000496738752,,,,550,PBE,172,8,-17.935809,1
2-stretch-one-axis-or-two-axes,stretch-x-and-y-axes-by-plus-0.060,2-accurate-hse06-atoms-fixed,2-stretch-one-axis-or-two-axes/stretch-x-and-y-axes-by-plus-0.060/2-accurate-hse06-atoms-fixed,12.748559781201624,0.0618000496738752,0.0618000496738752,4.4209571892217525e-08,2.5816800816252128e-17,8.990081121834079e-17,-1.1571761203459292e-16,0.08739846840413645,0.0618000496738752,.TRUE.,0.27,,550,HSE,172,8,-20.976876,1
2-stretch-one-axis-or-two-axes,stretch-x-and-y-axes-by-plus-0.065,1-cheap-pbe-atoms-relaxed,2-stretch-one-axis-or-two-axes/stretch-x-and-y-axes-by-plus-0.065/1-cheap-pbe-atoms-relaxed,12.869112867420263,0.06711255014360173,0.06711255014360173,4.4209571892217525e-08,-1.3096213355260555e-17,5.098779704682811e-17,-3.789158369156755e-17,0.09491147861853629,0.06711255014360173,,,,550,PBE,172,8,-17.89401,1
2-stretch-one-axis-or-two-axes,stretch-x-and-y-axes-by-plus-0.065,2-accurate-hse06-atoms-fixed,2-stretch-one-axis-or-two-axes/stretch-x-and-y-axes-by-plus-0.065/2-accurate-hse06-atoms-fixed,12.869112867420263,0.06711255014360173,0.06711255014360173,4.4209571892217525e-08,-1.3096213355260555e-17,5.098779704682811e-17,-3.789158369156755e-17,0.09491147861853629,0.06711255014360173,.TRUE.,0.27,,550,HSE,172,8,-20.926361,1
2-stretch-one-axis-or-two-axes,stretch-x-and-y-axes-by-plus-0.070,1-cheap-pbe-atoms-relaxed,2-stretch-one-axis-or-two-axes/stretch-x-and-y-axes-by-plus-0.070/1-cheap-pbe-atoms-relaxed,12.99023326227994,0.072450050615539,0.072450050615539,4.4209571892217525e-08,-1.904611278415087e-19,6.389354927424716e-17,-6.370308814640565e-17,0.102459844175122,0.072450050615539,,,,550,PBE,172,8,-17.849394,1
2-stretch-one-axis-or-two-axes,stretch-x-and-y-axes-by-plus-0.070,2-accurate-hse06-atoms-fixed,2-stretch-one-axis-or-two-axes/stretch-x-and-y-axes-by-plus-0.070/2-accurate-hse06-atoms-fixed,12.99023326227994,0.072450050615539,0.072450050615539,4.4209571892217525e-08,-1.904611278415087e-19,6.389354927424716e-17,-6.370308814640565e-17,0.102459844175122,0.072450050615539,.TRUE.,0.27,,550,HSE,172,8,-20.872935,1
2-stretch-one-axis-or-two-axes,stretch-x-and-y-axes-by-plus-0.075,1-cheap-pbe-atoms-relaxed,2-stretch-one-axis-or-two-axes/stretch-x-and-y-axes-by-plus-0.075/1-cheap-pbe-atoms-relaxed,13.111920965780639,0.07781255108968654,0.07781255108968654,4.4209571892217525e-08,-3.959549823816658e-17,2.4488512163922086e-17,1.5106986074244494e-17,0.11004356507389296,0.07781255108968654,,,,550,PBE,172,8,-17.802156,1
2-stretch-one-axis-or-two-axes,stretch-x-and-y-axes-by-plus-0.075,2-accurate-hse06-atoms-fixed,2-stretch-one-axis-or-two-axes/stretch-x-and-y-axes-by-plus-0.075/2-accurate-hse06-atoms-fixed,13.111920965780639,0.07781255108968654,0.07781255108968654,4.4209571892217525e-08,-3.959549823816658e-17,2.4488512163922086e-17,1.5106986074244494e-17,0.11004356507389296,0.07781255108968654,.TRUE.,0.27,,550,HSE,172,8,-20.816804,1
2-stretch-one-axis-or-two-axes,stretch-x-and-y-axes-by-plus-0.080,1-cheap-pbe-atoms-relaxed,2-stretch-one-axis-or-two-axes/stretch-x-and-y-axes-by-plus-0.080/1-cheap-pbe-atoms-relaxed,13.234175977922375,0.08320005156604482,0.08320005156604482,4.4209571892217525e-08,-2.6694042693182053e-17,3.738996770890661e-17,-1.0695925015724557e-17,0.11766264131484976,0.08320005156604482,,,,550,PBE,172,8,-17.752326,1
2-stretch-one-axis-or-two-axes,stretch-x-and-y-axes-by-plus-0.080,2-accurate-hse06-atoms-fixed,2-stretch-one-axis-or-two-axes/stretch-x-and-y-axes-by-plus-0.080/2-accurate-hse06-atoms-fixed,13.234175977922375,0.08320005156604482,0.08320005156604482,4.4209571892217525e-08,-2.6694042693182053e-17,3.738996770890661e-17,-1.0695925015724557e-17,0.11766264131484976,0.08320005156604482,.TRUE.,0.27,,550,HSE,172,8,-20.757989,1
2-stretch-one-axis-or-two-axes,stretch-x-and-y-axes-by-plus-0.085,1-cheap-pbe-atoms-relaxed,2-stretch-one-axis-or-two-axes/stretch-x-and-y-axes-by-plus-0.085/1-cheap-pbe-atoms-relaxed,13.356998298705118,0.08861255204461327,0.08861255204461327,4.4209571892217525e-08,9.498019379602494e-19,6.503381234004891e-17,-6.598361427800916e-17,0.1253170728979916,0.08861255204461327,,,,550,PBE,172,8,-17.70002,1
2-stretch-one-axis-or-two-axes,stretch-x-and-y-axes-by-plus-0.085,2-accurate-hse06-atoms-fixed,2-stretch-one-axis-or-two-axes/stretch-x-and-y-axes-by-plus-0.085/2-accurate-hse06-atoms-fixed,13.356998298705118,0.08861255204461327,0.08861255204461327,4.4209571892217525e-08,9.498019379602494e-19,6.503381234004891e-17,-6.598361427800916e-17,0.1253170728979916,0.08861255204461327,.TRUE.,0.27,,550,HSE,172,8,-20.696611,1
2-stretch-one-axis-or-two-axes,stretch-x-and-y-axes-by-plus-0.090,1-cheap-pbe-atoms-relaxed,2-stretch-one-axis-or-two-axes/stretch-x-and-y-axes-by-plus-0.090/1-cheap-pbe-atoms-relaxed,13.480387928128915,0.09405005252539256,0.09405005252539256,4.4209571892217525e-08,-5.3693943879769507e-17,1.0390066522319155e-17,4.330387735745035e-17,0.13300685982331945,0.09405005252539256,,,,550,PBE,172,8,-17.645277,1
2-stretch-one-axis-or-two-axes,stretch-x-and-y-axes-by-plus-0.090,2-accurate-hse06-atoms-fixed,2-stretch-one-axis-or-two-axes/stretch-x-and-y-axes-by-plus-0.090/2-accurate-hse06-atoms-fixed,13.480387928128915,0.09405005252539256,0.09405005252539256,4.4209571892217525e-08,-5.3693943879769507e-17,1.0390066522319155e-17,4.330387735745035e-17,0.13300685982331945,0.09405005252539256,.TRUE.,0.27,,550,HSE,172,8,-20.632703,1
2-stretch-one-axis-or-two-axes,stretch-x-and-y-axes-by-plus-0.095,1-cheap-pbe-atoms-relaxed,2-stretch-one-axis-or-two-axes/stretch-x-and-y-axes-by-plus-0.095/1-cheap-pbe-atoms-relaxed,13.604344866193733,0.09951255300838191,0.09951255300838191,4.4209571892217525e-08,-2.5919625370109822e-17,3.8164385031978843e-17,-1.224475966186902e-17,0.14073200209083217,0.09951255300838191,,,,550,PBE,172,8,-17.588251,1
2-stretch-one-axis-or-two-axes,stretch-x-and-y-axes-by-plus-0.095,2-accurate-hse06-atoms-fixed,2-stretch-one-axis-or-two-axes/stretch-x-and-y-axes-by-plus-0.095/2-accurate-hse06-atoms-fixed,13.604344866193733,0.09951255300838191,0.09951255300838191,4.4209571892217525e-08,-2.5919625370109822e-17,3.8164385031978843e-17,-1.224475966186902e-17,0.14073200209083217,0.09951255300838191,.TRUE.,0.27,,550,HSE,172,8,-20.566424,1
2-stretch-one-axis-or-two-axes,stretch-x-and-y-axes-by-plus-0.100,1-cheap-pbe-atoms-relaxed,2-stretch-one-axis-or-two-axes/stretch-x-and-y-axes-by-plus-0.100/1-cheap-pbe-atoms-relaxed,13.728869112899575,0.1050000534935821,0.1050000534935821,4.4209571892217525e-08,-1.2715514781329449e-17,5.1368495620759216e-17,-3.8652980839429764e-17,0.14849249970053086,0.1050000534935821,,,,550,PBE,172,8,-17.529037,1
2-stretch-one-axis-or-two-axes,stretch-x-and-y-axes-by-plus-0.100,2-accurate-hse06-atoms-fixed,2-stretch-one-axis-or-two-axes/stretch-x-and-y-axes-by-plus-0.100/2-accurate-hse06-atoms-fixed,13.728869112899575,0.1050000534935821,0.1050000534935821,4.4209571892217525e-08,-1.2715514781329449e-17,5.1368495620759216e-17,-3.8652980839429764e-17,0.14849249970053086,0.1050000534935821,.TRUE.,0.27,,550,HSE,172,8,-20.497877,1
2-stretch-one-axis-or-two-axes,stretch-x-axis-by-minus-0.005,1-cheap-pbe-atoms-relaxed,2-stretch-one-axis-or-two-axes/stretch-x-axis-by-minus-0.005/1-cheap-pbe-atoms-relaxed,11.289441956475274,-0.004987456231418497,4.4209571892217525e-08,4.4209571892217525e-08,-6.408401040208867e-17,3.677054185932125e-17,2.7313468542767412e-17,0.004987456231810378,0.004987456231418497,,,,550,PBE,172,8,-18.181778,1
2-stretch-one-axis-or-two-axes,stretch-x-axis-by-minus-0.005,2-accurate-hse06-atoms-fixed,2-stretch-one-axis-or-two-axes/stretch-x-axis-by-minus-0.005/2-accurate-hse06-atoms-fixed,11.289441956475274,-0.004987456231418497,4.4209571892217525e-08,4.4209571892217525e-08,-6.408401040208867e-17,3.677054185932125e-17,2.7313468542767412e-17,0.004987456231810378,0.004987456231418497,.TRUE.,0.27,,550,HSE,172,8,-21.323505,1
2-stretch-one-axis-or-two-axes,stretch-x-axis-by-minus-0.010,1-cheap-pbe-atoms-relaxed,2-stretch-one-axis-or-two-axes/stretch-x-axis-by-minus-0.010/1-cheap-pbe-atoms-relaxed,11.232711092372385,-0.0099499566701986,4.4209571892217525e-08,4.4209571892217525e-08,-6.408401040208867e-17,2.4888241303732443e-17,3.919576909835622e-17,0.009949956670395032,0.0099499566701986,,,,550,PBE,172,8,-18.178004,1
2-stretch-one-axis-or-two-axes,stretch-x-axis-by-minus-0.010,2-accurate-hse06-atoms-fixed,2-stretch-one-axis-or-two-axes/stretch-x-axis-by-minus-0.010/2-accurate-hse06-atoms-fixed,11.232711092372385,-0.0099499566701986,4.4209571892217525e-08,4.4209571892217525e-08,-6.408401040208867e-17,2.4888241303732443e-17,3.919576909835622e-17,0.009949956670395032,0.0099499566701986,.TRUE.,0.27,,550,HSE,172,8,-21.323354,1
2-stretch-one-axis-or-two-axes,stretch-x-axis-by-minus-0.015,1-cheap-pbe-atoms-relaxed,2-stretch-one-axis-or-two-axes/stretch-x-axis-by-minus-0.015/1-cheap-pbe-atoms-relaxed,11.175980228269495,-0.014887457106768143,4.4209571892217525e-08,4.4209571892217525e-08,-6.408401040208867e-17,6.48827384414003e-18,5.759573655794864e-17,0.014887457106899427,0.014887457106768143,,,,550,PBE,172,8,-18.172317,1
2-stretch-one-axis-or-two-axes,stretch-x-axis-by-minus-0.015,2-accurate-hse06-atoms-fixed,2-stretch-one-axis-or-two-axes/stretch-x-axis-by-minus-0.015/2-accurate-hse06-atoms-fixed,11.175980228269495,-0.014887457106768143,4.4209571892217525e-08,4.4209571892217525e-08,-6.408401040208867e-17,6.48827384414003e-18,5.759573655794864e-17,0.014887457106899427,0.014887457106768143,.TRUE.,0.27,,550,HSE,172,8,-21.321228,1
2-stretch-one-axis-or-two-axes,stretch-x-axis-by-minus-0.020,1-cheap-pbe-atoms-relaxed,2-stretch-one-axis-or-two-axes/stretch-x-axis-by-minus-0.020/1-cheap-pbe-atoms-relaxed,11.119249364166599,-0.019799957541127067,4.4209571892217525e-08,4.4209571892217525e-08,-6.408401040208867e-17,4.267640549957514e-17,2.1407604902513524e-17,0.01979995754122578,0.019799957541127067,,,,550,PBE,172,8,-18.164649,1
2-stretch-one-axis-or-two-axes,stretch-x-axis-by-minus-0.020,2-accurate-hse06-atoms-fixed,2-stretch-one-axis-or-two-axes/stretch-x-axis-by-minus-0.020/2-accurate-hse06-atoms-fixed,11.119249364166599,-0.019799957541127067,4.4209571892217525e-08,4.4209571892217525e-08,-6.408401040208867e-17,4.267640549957514e-17,2.1407604902513524e-17,0.01979995754122578,0.019799957541127067,.TRUE.,0.27,,550,HSE,172,8,-21.317051,1
2-stretch-one-axis-or-two-axes,stretch-x-axis-by-minus-0.025,1-cheap-pbe-atoms-relaxed,2-stretch-one-axis-or-two-axes/stretch-x-axis-by-minus-0.025/1-cheap-pbe-atoms-relaxed,11.062518500063709,-0.024687457973275706,4.4209571892217525e-08,4.4209571892217525e-08,-6.408401040208867e-17,3.0943284124666995e-17,3.314072627742167e-17,0.024687457973354875,0.024687457973275706,,,,550,PBE,172,8,-18.155036,1
2-stretch-one-axis-or-two-axes,stretch-x-axis-by-minus-0.025,2-accurate-hse06-atoms-fixed,2-stretch-one-axis-or-two-axes/stretch-x-axis-by-minus-0.025/2-accurate-hse06-atoms-fixed,11.062518500063709,-0.024687457973275706,4.4209571892217525e-08,4.4209571892217525e-08,-6.408401040208867e-17,3.0943284124666995e-17,3.314072627742167e-17,0.024687457973354875,0.024687457973275706,.TRUE.,0.27,,550,HSE,172,8,-21.310868,1
2-stretch-one-axis-or-two-axes,stretch-x-axis-by-minus-0.030,1-cheap-pbe-atoms-relaxed,2-stretch-one-axis-or-two-axes/stretch-x-axis-by-minus-0.030/1-cheap-pbe-atoms-relaxed,11.005787635960818,-0.029549958403213783,4.4209571892217525e-08,4.4209571892217525e-08,-6.408401040208867e-17,1.2793573766469164e-17,5.12904366356195e-17,0.029549958403279925,0.029549958403213783,,,,550,PBE,172,8,-18.143402,1
2-stretch-one-axis-or-two-axes,stretch-x-axis-by-minus-0.030,2-accurate-hse06-atoms-fixed,2-stretch-one-axis-or-two-axes/stretch-x-axis-by-minus-0.030/2-accurate-hse06-atoms-fixed,11.005787635960818,-0.029549958403213783,4.4209571892217525e-08,4.4209571892217525e-08,-6.408401040208867e-17,1.2793573766469164e-17,5.12904366356195e-17,0.029549958403279925,0.029549958403213783,.TRUE.,0.27,,550,HSE,172,8,-21.30259,1
2-stretch-one-axis-or-two-axes,stretch-x-axis-by-minus-0.035,1-cheap-pbe-atoms-relaxed,2-stretch-one-axis-or-two-axes/stretch-x-axis-by-minus-0.035/1-cheap-pbe-atoms-relaxed,10.949056771857922,-0.03438745883094141,4.4209571892217525e-08,4.4209571892217525e-08,-6.408401040208867e-17,5.490197478394705e-17,9.182035618141613e-18,0.034387458830998245,0.03438745883094141,,,,550,PBE,172,8,-18.129684,1
2-stretch-one-axis-or-two-axes,stretch-x-axis-by-minus-0.035,2-accurate-hse06-atoms-fixed,2-stretch-one-axis-or-two-axes/stretch-x-axis-by-minus-0.035/2-accurate-hse06-atoms-fixed,10.949056771857922,-0.03438745883094141,4.4209571892217525e-08,4.4209571892217525e-08,-6.408401040208867e-17,5.490197478394705e-17,9.182035618141613e-18,0.034387458830998245,0.03438745883094141,.TRUE.,0.27,,550,HSE,172,8,-21.292154,1
2-stretch-one-axis-or-two-axes,stretch-x-axis-by-minus-0.040,1-cheap-pbe-atoms-relaxed,2-stretch-one-axis-or-two-axes/stretch-x-axis-by-minus-0.040/1-cheap-pbe-atoms-relaxed,10.89232590775504,-0.03919995925645853,4.4209571892217525e-08,4.4209571892217525e-08,-6.408401040208867e-17,3.681535302379065e-17,2.7268657378298014e-17,0.039199959256508383,0.03919995925645853,,,,550,PBE,172,8,-18.11395,1
2-stretch-one-axis-or-two-axes,stretch-x-axis-by-minus-0.040,2-accurate-hse06-atoms-fixed,2-stretch-one-axis-or-two-axes/stretch-x-axis-by-minus-0.040/2-accurate-hse06-atoms-fixed,10.89232590775504,-0.03919995925645853,4.4209571892217525e-08,4.4209571892217525e-08,-6.408401040208867e-17,3.681535302379065e-17,2.7268657378298014e-17,0.039199959256508383,0.03919995925645853,.TRUE.,0.27,,550,HSE,172,8,-21.279642,1
2-stretch-one-axis-or-two-axes,stretch-x-axis-by-minus-0.045,1-cheap-pbe-atoms-relaxed,2-stretch-one-axis-or-two-axes/stretch-x-axis-by-minus-0.045/1-cheap-pbe-atoms-relaxed,10.835595043652145,-0.043987459679765195,4.4209571892217525e-08,4.4209571892217525e-08,-6.408401040208867e-17,1.8915899766987406e-17,4.5168110635101256e-17,0.043987459679809625,0.043987459679765195,,,,550,PBE,172,8,-18.096157,1
2-stretch-one-axis-or-two-axes,stretch-x-axis-by-minus-0.045,2-accurate-hse06-atoms-fixed,2-stretch-one-axis-or-two-axes/stretch-x-axis-by-minus-0.045/2-accurate-hse06-atoms-fixed,10.835595043652145,-0.043987459679765195,4.4209571892217525e-08,4.4209571892217525e-08,-6.408401040208867e-17,1.8915899766987406e-17,4.5168110635101256e-17,0.043987459679809625,0.043987459679765195,.TRUE.,0.27,,550,HSE,172,8,-21.265005,1
2-stretch-one-axis-or-two-axes,stretch-x-axis-by-minus-0.050,1-cheap-pbe-atoms-relaxed,2-stretch-one-axis-or-two-axes/stretch-x-axis-by-minus-0.050/1-cheap-pbe-atoms-relaxed,10.778864179549254,-0.04874996010086147,4.4209571892217525e-08,4.4209571892217525e-08,-6.408401040208867e-17,7.605216658752321e-18,5.647879374333635e-17,0.04874996010090156,0.04874996010086147,,,,550,PBE,172,8,-18.076225,1
2-stretch-one-axis-or-two-axes,stretch-x-axis-by-minus-0.050,2-accurate-hse06-atoms-fixed,2-stretch-one-axis-or-two-axes/stretch-x-axis-by-minus-0.050/2-accurate-hse06-atoms-fixed,10.778864179549254,-0.04874996010086147,4.4209571892217525e-08,4.4209571892217525e-08,-6.408401040208867e-17,7.605216658752321e-18,5.647879374333635e-17,0.04874996010090156,0.04874996010086147,.TRUE.,0.27,,550,HSE,172,8,-21.248157,1
2-stretch-one-axis-or-two-axes,stretch-x-axis-by-minus-0.055,1-cheap-pbe-atoms-relaxed,2-stretch-one-axis-or-two-axes/stretch-x-axis-by-minus-0.055/1-cheap-pbe-atoms-relaxed,10.72213331544636,-0.053487460519747065,4.4209571892217525e-08,4.4209571892217525e-08,-6.408401040208867e-17,4.250444800110341e-17,2.157956240098525e-17,0.053487460519783606,0.053487460519747065,,,,550,PBE,172,8,-18.054142,1
2-stretch-one-axis-or-two-axes,stretch-x-axis-by-minus-0.055,2-accurate-hse06-atoms-fixed,2-stretch-one-axis-or-two-axes/stretch-x-axis-by-minus-0.055/2-accurate-hse06-atoms-fixed,10.72213331544636,-0.053487460519747065,4.4209571892217525e-08,4.4209571892217525e-08,-6.408401040208867e-17,4.250444800110341e-17,2.157956240098525e-17,0.053487460519783606,0.053487460519747065,.TRUE.,0.27,,550,HSE,172,8,-21.229091,1
2-stretch-one-axis-or-two-axes,stretch-x-axis-by-minus-0.060,1-cheap-pbe-atoms-relaxed,2-stretch-one-axis-or-two-axes/stretch-x-axis-by-minus-0.060/1-cheap-pbe-atoms-relaxed,10.665402451343473,-0.05819996093642227,4.4209571892217525e-08,4.4209571892217525e-08,-6.408401040208867e-17,2.4855251845694754e-17,3.922875855639391e-17,0.05819996093645585,0.05819996093642227,,,,550,PBE,172,8,-18.029939,1
2-stretch-one-axis-or-two-axes,stretch-x-axis-by-minus-0.060,2-accurate-hse06-atoms-fixed,2-stretch-one-axis-or-two-axes/stretch-x-axis-by-minus-0.060/2-accurate-hse06-atoms-fixed,10.665402451343473,-0.05819996093642227,4.4209571892217525e-08,4.4209571892217525e-08,-6.408401040208867e-17,2.4855251845694754e-17,3.922875855639391e-17,0.05819996093645585,0.05819996093642227,.TRUE.,0.27,,550,HSE,172,8,-21.20784,1
2-stretch-one-axis-or-two-axes,stretch-x-axis-by-minus-0.065,1-cheap-pbe-atoms-relaxed,2-stretch-one-axis-or-two-axes/stretch-x-axis-by-minus-0.065/1-cheap-pbe-atoms-relaxed,10.608671587240579,-0.06288746135088696,4.4209571892217525e-08,4.4209571892217525e-08,-6.408401040208867e-17,7.393224193639254e-18,5.669078620844941e-17,0.06288746135091804,0.06288746135088696,,,,550,PBE,172,8,-18.003517,1
2-stretch-one-axis-or-two-axes,stretch-x-axis-by-minus-0.065,2-accurate-hse06-atoms-fixed,2-stretch-one-axis-or-two-axes/stretch-x-axis-by-minus-0.065/2-accurate-hse06-atoms-fixed,10.608671587240579,-0.06288746135088696,4.4209571892217525e-08,4.4209571892217525e-08,-6.408401040208867e-17,7.393224193639254e-18,5.669078620844941e-17,0.06288746135091804,0.06288746135088696,.TRUE.,0.27,,550,HSE,172,8,-21.184299,1
2-stretch-one-axis-or-two-axes,stretch-x-axis-by-minus-0.070,1-cheap-pbe-atoms-relaxed,2-stretch-one-axis-or-two-axes/stretch-x-axis-by-minus-0.070/1-cheap-pbe-atoms-relaxed,10.55194072313769,-0.06754996176314126,4.4209571892217525e-08,4.4209571892217525e-08,-6.408401040208867e-17,4.801056905660528e-17,1.6073441345483383e-17,0.0675499617631702,0.06754996176314126,,,,550,PBE,172,8,-17.974952,1
2-stretch-one-axis-or-two-axes,stretch-x-axis-by-minus-0.070,2-accurate-hse06-atoms-fixed,2-stretch-one-axis-or-two-axes/stretch-x-axis-by-minus-0.070/2-accurate-hse06-atoms-fixed,10.55194072313769,-0.06754996176314126,4.4209571892217525e-08,4.4209571892217525e-08,-6.408401040208867e-17,4.801056905660528e-17,1.6073441345483383e-17,0.0675499617631702,0.06754996176314126,.TRUE.,0.27,,550,HSE,172,8,-21.15855,1
2-stretch-one-axis-or-two-axes,stretch-x-axis-by-minus-0.075,1-cheap-pbe-atoms-relaxed,2-stretch-one-axis-or-two-axes/stretch-x-axis-by-minus-0.075/1-cheap-pbe-atoms-relaxed,10.4952098590348,-0.072187462173185,4.4209571892217525e-08,4.4209571892217525e-08,-6.408401040208867e-17,3.0611630002591207e-17,3.3472380399497455e-17,0.07218746217321206,0.072187462173185,,,,550,PBE,172,8,-17.944105,1
2-stretch-one-axis-or-two-axes,stretch-x-axis-by-minus-0.075,2-accurate-hse06-atoms-fixed,2-stretch-one-axis-or-two-axes/stretch-x-axis-by-minus-0.075/2-accurate-hse06-atoms-fixed,10.4952098590348,-0.072187462173185,4.4209571892217525e-08,4.4209571892217525e-08,-6.408401040208867e-17,3.0611630002591207e-17,3.3472380399497455e-17,0.07218746217321206,0.072187462173185,.TRUE.,0.27,,550,HSE,172,8,-21.130448,1
2-stretch-one-axis-or-two-axes,stretch-x-axis-by-minus-0.080,1-cheap-pbe-atoms-relaxed,2-stretch-one-axis-or-two-axes/stretch-x-axis-by-minus-0.080/1-cheap-pbe-atoms-relaxed,10.438478994931907,-0.07679996258101834,4.4209571892217525e-08,4.4209571892217525e-08,-6.408401040208867e-17,1.3399859451930292e-17,5.0684150950158373e-17,0.0767999625810438,0.07679996258101834,,,,550,PBE,172,8,-17.910984,1
2-stretch-one-axis-or-two-axes,stretch-x-axis-by-minus-0.080,2-accurate-hse06-atoms-fixed,2-stretch-one-axis-or-two-axes/stretch-x-axis-by-minus-0.080/2-accurate-hse06-atoms-fixed,10.438478994931907,-0.07679996258101834,4.4209571892217525e-08,4.4209571892217525e-08,-6.408401040208867e-17,1.3399859451930292e-17,5.0684150950158373e-17,0.0767999625810438,0.07679996258101834,.TRUE.,0.27,,550,HSE,172,8,-21.100001,1
2-stretch-one-axis-or-two-axes,stretch-x-axis-by-minus-0.085,1-cheap-pbe-atoms-relaxed,2-stretch-one-axis-or-two-axes/stretch-x-axis-by-minus-0.085/1-cheap-pbe-atoms-relaxed,10.381748130829019,-0.08138746298664101,4.4209571892217525e-08,4.4209571892217525e-08,-6.408401040208867e-17,4.7167963026747073e-17,1.691604737534159e-17,0.08138746298666502,0.08138746298664101,,,,550,PBE,172,8,-17.875525,1
2-stretch-one-axis-or-two-axes,stretch-x-axis-by-minus-0.085,2-accurate-hse06-atoms-fixed,2-stretch-one-axis-or-two-axes/stretch-x-axis-by-minus-0.085/2-accurate-hse06-atoms-fixed,10.381748130829019,-0.08138746298664101,4.4209571892217525e-08,4.4209571892217525e-08,-6.408401040208867e-17,4.7167963026747073e-17,1.691604737534159e-17,0.08138746298666502,0.08138746298664101,.TRUE.,0.27,,550,HSE,172,8,-21.067144,1
2-stretch-one-axis-or-two-axes,stretch-x-axis-by-minus-0.090,1-cheap-pbe-atoms-relaxed,2-stretch-one-axis-or-two-axes/stretch-x-axis-by-minus-0.090/1-cheap-pbe-atoms-relaxed,10.32501726672613,-0.08594996339005345,4.4209571892217525e-08,4.4209571892217525e-08,-6.408401040208867e-17,3.6185034237676767e-17,2.7898976164411896e-17,0.08594996339007618,0.08594996339005345,,,,550,PBE,172,8,-17.837746,1
2-stretch-one-axis-or-two-axes,stretch-x-axis-by-minus-0.090,2-accurate-hse06-atoms-fixed,2-stretch-one-axis-or-two-axes/stretch-x-axis-by-minus-0.090/2-accurate-hse06-atoms-fixed,10.32501726672613,-0.08594996339005345,4.4209571892217525e-08,4.4209571892217525e-08,-6.408401040208867e-17,3.6185034237676767e-17,2.7898976164411896e-17,0.08594996339007618,0.08594996339005345,.TRUE.,0.27,,550,HSE,172,8,-21.031897,1
2-stretch-one-axis-or-two-axes,stretch-x-axis-by-minus-0.095,1-cheap-pbe-atoms-relaxed,2-stretch-one-axis-or-two-axes/stretch-x-axis-by-minus-0.095/1-cheap-pbe-atoms-relaxed,10.268286402623236,-0.09048746379125533,4.4209571892217525e-08,4.4209571892217525e-08,-6.408401040208867e-17,1.9223520788410437e-17,4.4860489613678225e-17,0.09048746379127694,0.09048746379125533,,,,550,PBE,172,8,-17.797597,1
2-stretch-one-axis-or-two-axes,stretch-x-axis-by-minus-0.095,2-accurate-hse06-atoms-fixed,2-stretch-one-axis-or-two-axes/stretch-x-axis-by-minus-0.095/2-accurate-hse06-atoms-fixed,10.268286402623236,-0.09048746379125533,4.4209571892217525e-08,4.4209571892217525e-08,-6.408401040208867e-17,1.9223520788410437e-17,4.4860489613678225e-17,0.09048746379127694,0.09048746379125533,.TRUE.,0.27,,550,HSE,172,8,-20.994208,1
2-stretch-one-axis-or-two-axes,stretch-x-axis-by-minus-0.100,1-cheap-pbe-atoms-relaxed,2-stretch-one-axis-or-two-axes/stretch-x-axis-by-minus-0.100/1-cheap-pbe-atoms-relaxed,10.21155553852035,-0.09499996419024664,4.4209571892217525e-08,4.4209571892217525e-08,-6.408401040208867e-17,5.2409214159341074e-17,1.1674796242747587e-17,0.09499996419026722,0.09499996419024664,,,,550,PBE,172,8,-17.755155,1
2-stretch-one-axis-or-two-axes,stretch-x-axis-by-minus-0.100,2-accurate-hse06-atoms-fixed,2-stretch-one-axis-or-two-axes/stretch-x-axis-by-minus-0.100/2-accurate-hse06-atoms-fixed,10.21155553852035,-0.09499996419024664,4.4209571892217525e-08,4.4209571892217525e-08,-6.408401040208867e-17,5.2409214159341074e-17,1.1674796242747587e-17,0.09499996419026722,0.09499996419024664,.TRUE.,0.27,,550,HSE,172,8,-20.95417,1
2-stretch-one-axis-or-two-axes,stretch-x-axis-by-plus-0.005,1-cheap-pbe-atoms-relaxed,2-stretch-one-axis-or-two-axes/stretch-x-axis-by-plus-0.005/1-cheap-pbe-atoms-relaxed,11.402903684681048,0.005012544652772677,4.4209571892217525e-08,4.4209571892217525e-08,-6.408401040208867e-17,2.5422445248819705e-17,3.8661565153268954e-17,0.005012544653162596,0.005012544652772677,,,,550,PBE,172,8,-18.183621,1
2-stretch-one-axis-or-two-axes,stretch-x-axis-by-plus-0.005,2-accurate-hse06-atoms-fixed,2-stretch-one-axis-or-two-axes/stretch-x-axis-by-plus-0.005/2-accurate-hse06-atoms-fixed,11.402903684681048,0.005012544652772677,4.4209571892217525e-08,4.4209571892217525e-08,-6.408401040208867e-17,2.5422445248819705e-17,3.8661565153268954e-17,0.005012544653162596,0.005012544652772677,.TRUE.,0.27,,550,HSE,172,8,-21.317891,1
2-stretch-one-axis-or-two-axes,stretch-x-axis-by-plus-0.010,1-cheap-pbe-atoms-relaxed,2-stretch-one-axis-or-two-axes/stretch-x-axis-by-plus-0.010/1-cheap-pbe-atoms-relaxed,11.459634548783942,0.010050045098184524,4.4209571892217525e-08,4.4209571892217525e-08,-6.408401040208867e-17,8.67479695194923e-17,-2.266395911740364e-17,0.010050045098379,0.010050045098184524,,,,550,PBE,172,8,-18.181723,1
2-stretch-one-axis-or-two-axes,stretch-x-axis-by-plus-0.010,2-accurate-hse06-atoms-fixed,2-stretch-one-axis-or-two-axes/stretch-x-axis-by-plus-0.010/2-accurate-hse06-atoms-fixed,11.459634548783942,0.010050045098184524,4.4209571892217525e-08,4.4209571892217525e-08,-6.408401040208867e-17,8.67479695194923e-17,-2.266395911740364e-17,0.010050045098379,0.010050045098184524,.TRUE.,0.27,,550,HSE,172,8,-21.312163,1
2-stretch-one-axis-or-two-axes,stretch-x-axis-by-plus-0.015,1-cheap-pbe-atoms-relaxed,2-stretch-one-axis-or-two-axes/stretch-x-axis-by-plus-0.015/1-cheap-pbe-atoms-relaxed,11.516365412886838,0.0151125455458061,4.4209571892217525e-08,4.4209571892217525e-08,-6.408401040208867e-17,1.683582023577357e-19,6.391565219973092e-17,0.015112545545935429,0.0151125455458061,,,,550,PBE,172,8,-18.17802,1
2-stretch-one-axis-or-two-axes,stretch-x-axis-by-plus-0.015,2-accurate-hse06-atoms-fixed,2-stretch-one-axis-or-two-axes/stretch-x-axis-by-plus-0.015/2-accurate-hse06-atoms-fixed,11.516365412886838,0.0151125455458061,4.4209571892217525e-08,4.4209571892217525e-08,-6.408401040208867e-17,1.683582023577357e-19,6.391565219973092e-17,0.015112545545935429,0.0151125455458061,.TRUE.,0.27,,550,HSE,172,8,-21.304567,1
2-stretch-one-axis-or-two-axes,stretch-x-axis-by-plus-0.020,1-cheap-pbe-atoms-relaxed,2-stretch-one-axis-or-two-axes/stretch-x-axis-by-plus-0.020/1-cheap-pbe-atoms-relaxed,11.573096276989727,0.020200045995638516,4.4209571892217525e-08,4.4209571892217525e-08,-6.408401040208867e-17,1.222923389643066e-17,5.1854776505658e-17,0.020200045995735272,0.020200045995638516,,,,550,PBE,172,8,-18.172495,1
2-stretch-one-axis-or-two-axes,stretch-x-axis-by-plus-0.020,2-accurate-hse06-atoms-fixed,2-stretch-one-axis-or-two-axes/stretch-x-axis-by-plus-0.020/2-accurate-hse06-atoms-fixed,11.573096276989727,0.020200045995638516,4.4209571892217525e-08,4.4209571892217525e-08,-6.408401040208867e-17,1.222923389643066e-17,5.1854776505658e-17,0.020200045995735272,0.020200045995638516,.TRUE.,0.27,,550,HSE,172,8,-21.295083,1
2-stretch-one-axis-or-two-axes,stretch-x-axis-by-plus-0.025,1-cheap-pbe-atoms-relaxed,2-stretch-one-axis-or-two-axes/stretch-x-axis-by-plus-0.025/1-cheap-pbe-atoms-relaxed,11.629827141092614,0.02531254644768155,4.4209571892217525e-08,4.4209571892217525e-08,-6.408401040208867e-17,8.821581658968195e-17,-2.413180618759329e-17,0.025312546447758766,0.02531254644768155,,,,550,PBE,172,8,-18.165162,1
2-stretch-one-axis-or-two-axes,stretch-x-axis-by-plus-0.025,2-accurate-hse06-atoms-fixed,2-stretch-one-axis-or-two-axes/stretch-x-axis-by-plus-0.025/2-accurate-hse06-atoms-fixed,11.629827141092614,0.02531254644768155,4.4209571892217525e-08,4.4209571892217525e-08,-6.408401040208867e-17,8.821581658968195e-17,-2.413180618759329e-17,0.025312546447758766,0.02531254644768155,.TRUE.,0.27,,550,HSE,172,8,-21.283726,1
2-stretch-one-axis-or-two-axes,stretch-x-axis-by-plus-0.030,1-cheap-pbe-atoms-relaxed,2-stretch-one-axis-or-two-axes/stretch-x-axis-by-plus-0.030/1-cheap-pbe-atoms-relaxed,11.686558005195504,0.030450046901934757,4.4209571892217525e-08,4.4209571892217525e-08,-6.408401040208867e-17,-1.3525469453712745e-17,7.76094798558014e-17,0.030450046901998946,0.030450046901934757,,,,550,PBE,172,8,-18.156089,1
2-stretch-one-axis-or-two-axes,stretch-x-axis-by-plus-0.030,2-accurate-hse06-atoms-fixed,2-stretch-one-axis-or-two-axes/stretch-x-axis-by-plus-0.030/2-accurate-hse06-atoms-fixed,11.686558005195504,0.030450046901934757,4.4209571892217525e-08,4.4209571892217525e-08,-6.408401040208867e-17,-1.3525469453712745e-17,7.76094798558014e-17,0.030450046901998946,0.030450046901934757,.TRUE.,0.27,,550,HSE,172,8,-21.270561,1
2-stretch-one-axis-or-two-axes,stretch-x-axis-by-plus-0.035,1-cheap-pbe-atoms-relaxed,2-stretch-one-axis-or-two-axes/stretch-x-axis-by-plus-0.035/1-cheap-pbe-atoms-relaxed,11.7432888692984,0.035612547358398694,4.4209571892217525e-08,4.4209571892217525e-08,-6.408401040208867e-17,6.30793133744338e-17,1.004697027654864e-18,0.035612547358453574,0.035612547358398694,,,,550,PBE,172,8,-18.145303,1
2-stretch-one-axis-or-two-axes,stretch-x-axis-by-plus-0.035,2-accurate-hse06-atoms-fixed,2-stretch-one-axis-or-two-axes/stretch-x-axis-by-plus-0.035/2-accurate-hse06-atoms-fixed,11.7432888692984,0.035612547358398694,4.4209571892217525e-08,4.4209571892217525e-08,-6.408401040208867e-17,6.30793133744338e-17,1.004697027654864e-18,0.035612547358453574,0.035612547358398694,.TRUE.,0.27,,550,HSE,172,8,-21.255617,1
2-stretch-one-axis-or-two-axes,stretch-x-axis-by-plus-0.040,1-cheap-pbe-atoms-relaxed,2-stretch-one-axis-or-two-axes/stretch-x-axis-by-plus-0.040/1-cheap-pbe-atoms-relaxed,11.800019733401292,0.04080004781707314,4.4209571892217525e-08,4.4209571892217525e-08,-6.408401040208867e-17,7.568670724049151e-17,-1.1602696838402856e-17,0.040800047817121037,0.04080004781707314,,,,550,PBE,172,8,-18.132777,1
2-stretch-one-axis-or-two-axes,stretch-x-axis-by-plus-0.040,2-accurate-hse06-atoms-fixed,2-stretch-one-axis-or-two-axes/stretch-x-axis-by-plus-0.040/2-accurate-hse06-atoms-fixed,11.800019733401292,0.04080004781707314,4.4209571892217525e-08,4.4209571892217525e-08,-6.408401040208867e-17,7.568670724049151e-17,-1.1602696838402856e-17,0.040800047817121037,0.04080004781707314,.TRUE.,0.27,,550,HSE,172,8,-21.23887,1
2-stretch-one-axis-or-two-axes,stretch-x-axis-by-plus-0.045,1-cheap-pbe-atoms-relaxed,2-stretch-one-axis-or-two-axes/stretch-x-axis-by-plus-0.045/1-cheap-pbe-atoms-relaxed,11.856750597504178,0.04601254827795753,4.4209571892217525e-08,4.4209571892217525e-08,-6.408401040208867e-17,-1.3520903253548955e-17,7.760491365563761e-17,0.04601254827800001,0.04601254827795753,,,,550,PBE,172,8,-18.118545,1
2-stretch-one-axis-or-two-axes,stretch-x-axis-by-plus-0.045,2-accurate-hse06-atoms-fixed,2-stretch-one-axis-or-two-axes/stretch-x-axis-by-plus-0.045/2-accurate-hse06-atoms-fixed,11.856750597504178,0.04601254827795753,4.4209571892217525e-08,4.4209571892217525e-08,-6.408401040208867e-17,-1.3520903253548955e-17,7.760491365563761e-17,0.04601254827800001,0.04601254827795753,.TRUE.,0.27,,550,HSE,172,8,-21.220351,1
2-stretch-one-axis-or-two-axes,stretch-x-axis-by-plus-0.050,1-cheap-pbe-atoms-relaxed,2-stretch-one-axis-or-two-axes/stretch-x-axis-by-plus-0.050/1-cheap-pbe-atoms-relaxed,11.913481461607073,0.05125004874105321,4.4209571892217525e-08,4.4209571892217525e-08,-6.408401040208867e-17,5.0049587721561934e-17,1.403442268052673e-17,0.05125004874109135,0.05125004874105321,,,,550,PBE,172,8,-18.102672,1
2-stretch-one-axis-or-two-axes,stretch-x-axis-by-plus-0.050,2-accurate-hse06-atoms-fixed,2-stretch-one-axis-or-two-axes/stretch-x-axis-by-plus-0.050/2-accurate-hse06-atoms-fixed,11.913481461607073,0.05125004874105321,4.4209571892217525e-08,4.4209571892217525e-08,-6.408401040208867e-17,5.0049587721561934e-17,1.403442268052673e-17,0.05125004874109135,0.05125004874105321,.TRUE.,0.27,,550,HSE,172,8,-21.200124,1
2-stretch-one-axis-or-two-axes,stretch-x-axis-by-plus-0.055,1-cheap-pbe-atoms-relaxed,2-stretch-one-axis-or-two-axes/stretch-x-axis-by-plus-0.055/1-cheap-pbe-atoms-relaxed,11.970212325709957,0.05651254920635884,4.4209571892217525e-08,4.4209571892217525e-08,-6.408401040208867e-17,7.699076230848722e-17,-1.2906751906398563e-17,0.056512549206393425,0.05651254920635884,,,,550,PBE,172,8,-18.085134,1
2-stretch-one-axis-or-two-axes,stretch-x-axis-by-plus-0.055,2-accurate-hse06-atoms-fixed,2-stretch-one-axis-or-two-axes/stretch-x-axis-by-plus-0.055/2-accurate-hse06-atoms-fixed,11.970212325709957,0.05651254920635884,4.4209571892217525e-08,4.4209571892217525e-08,-6.408401040208867e-17,7.699076230848722e-17,-1.2906751906398563e-17,0.056512549206393425,0.05651254920635884,.TRUE.,0.27,,550,HSE,172,8,-21.178166,1
2-stretch-one-axis-or-two-axes,stretch-x-axis-by-plus-0.060,1-cheap-pbe-atoms-relaxed,2-stretch-one-axis-or-two-axes/stretch-x-axis-by-plus-0.060/1-cheap-pbe-atoms-relaxed,12.026943189812856,0.0618000496738752,4.4209571892217525e-08,4.4209571892217525e-08,-6.408401040208867e-17,8.990081121834079e-17,-2.5816800816252128e-17,0.06180004967390683,0.0618000496738752,,,,550,PBE,172,8,-18.065953,1
2-stretch-one-axis-or-two-axes,stretch-x-axis-by-plus-0.060,2-accurate-hse06-atoms-fixed,2-stretch-one-axis-or-two-axes/stretch-x-axis-by-plus-0.060/2-accurate-hse06-atoms-fixed,12.026943189812856,0.0618000496738752,4.4209571892217525e-08,4.4209571892217525e-08,-6.408401040208867e-17,8.990081121834079e-17,-2.5816800816252128e-17,0.06180004967390683,0.0618000496738752,.TRUE.,0.27,,550,HSE,172,8,-21.154498,1
2-stretch-one-axis-or-two-axes,stretch-x-axis-by-plus-0.065,1-cheap-pbe-atoms-relaxed,2-stretch-one-axis-or-two-axes/stretch-x-axis-by-plus-0.065/1-cheap-pbe-atoms-relaxed,12.083674053915741,0.06711255014360173,4.4209571892217525e-08,4.4209571892217525e-08,-6.408401040208867e-17,5.098779704682811e-17,1.3096213355260553e-17,0.06711255014363085,0.06711255014360173,,,,550,PBE,172,8,-18.045211,1
2-stretch-one-axis-or-two-axes,stretch-x-axis-by-plus-0.065,2-accurate-hse06-atoms-fixed,2-stretch-one-axis-or-two-axes/stretch-x-axis-by-plus-0.065/2-accurate-hse06-atoms-fixed,12.083674053915741,0.06711255014360173,4.4209571892217525e-08,4.4209571892217525e-08,-6.408401040208867e-17,5.098779704682811e-17,1.3096213355260553e-17,0.06711255014363085,0.06711255014360173,.TRUE.,0.27,,550,HSE,172,8,-21.129208,1
2-stretch-one-axis-or-two-axes,stretch-x-axis-by-plus-0.070,1-cheap-pbe-atoms-relaxed,2-stretch-one-axis-or-two-axes/stretch-x-axis-by-plus-0.070/1-cheap-pbe-atoms-relaxed,12.140404918018636,0.072450050615539,4.4209571892217525e-08,4.4209571892217525e-08,-6.408401040208867e-17,6.389354927424716e-17,1.9046112784150768e-19,0.07245005061556596,0.072450050615539,,,,550,PBE,172,8,-18.022915,1
2-stretch-one-axis-or-two-axes,stretch-x-axis-by-plus-0.070,2-accurate-hse06-atoms-fixed,2-stretch-one-axis-or-two-axes/stretch-x-axis-by-plus-0.070/2-accurate-hse06-atoms-fixed,12.140404918018636,0.072450050615539,4.4209571892217525e-08,4.4209571892217525e-08,-6.408401040208867e-17,6.389354927424716e-17,1.9046112784150768e-19,0.07245005061556596,0.072450050615539,.TRUE.,0.27,,550,HSE,172,8,-21.102304,1
2-stretch-one-axis-or-two-axes,stretch-x-axis-by-plus-0.075,1-cheap-pbe-atoms-relaxed,2-stretch-one-axis-or-two-axes/stretch-x-axis-by-plus-0.075/1-cheap-pbe-atoms-relaxed,12.197135782121526,0.07781255108968654,4.4209571892217525e-08,4.4209571892217525e-08,-6.408401040208867e-17,2.4488512163922083e-17,3.959549823816658e-17,0.07781255108971166,0.07781255108968654,,,,550,PBE,172,8,-17.999057,1
2-stretch-one-axis-or-two-axes,stretch-x-axis-by-plus-0.075,2-accurate-hse06-atoms-fixed,2-stretch-one-axis-or-two-axes/stretch-x-axis-by-plus-0.075/2-accurate-hse06-atoms-fixed,12.197135782121526,0.07781255108968654,4.4209571892217525e-08,4.4209571892217525e-08,-6.408401040208867e-17,2.4488512163922083e-17,3.959549823816658e-17,0.07781255108971166,0.07781255108968654,.TRUE.,0.27,,550,HSE,172,8,-21.073772,1
2-stretch-one-axis-or-two-axes,stretch-x-axis-by-plus-0.080,1-cheap-pbe-atoms-relaxed,2-stretch-one-axis-or-two-axes/stretch-x-axis-by-plus-0.080/1-cheap-pbe-atoms-relaxed,12.253866646224413,0.08320005156604482,4.4209571892217525e-08,4.4209571892217525e-08,-6.408401040208867e-17,3.738996770890661e-17,2.6694042693182053e-17,0.08320005156606831,0.08320005156604482,,,,550,PBE,172,8,-17.973712,1
2-stretch-one-axis-or-two-axes,stretch-x-axis-by-plus-0.080,2-accurate-hse06-atoms-fixed,2-stretch-one-axis-or-two-axes/stretch-x-axis-by-plus-0.080/2-accurate-hse06-atoms-fixed,12.253866646224413,0.08320005156604482,4.4209571892217525e-08,4.4209571892217525e-08,-6.408401040208867e-17,3.738996770890661e-17,2.6694042693182053e-17,0.08320005156606831,0.08320005156604482,.TRUE.,0.27,,550,HSE,172,8,-21.043697,1
2-stretch-one-axis-or-two-axes,stretch-x-axis-by-plus-0.085,1-cheap-pbe-atoms-relaxed,2-stretch-one-axis-or-two-axes/stretch-x-axis-by-plus-0.085/1-cheap-pbe-atoms-relaxed,12.310597510327302,0.08861255204461327,4.4209571892217525e-08,4.4209571892217525e-08,-6.408401040208867e-17,6.503381234004891e-17,-9.498019379602503e-19,0.08861255204463533,0.08861255204461327,,,,550,PBE,172,8,-17.946792,1
2-stretch-one-axis-or-two-axes,stretch-x-axis-by-plus-0.085,2-accurate-hse06-atoms-fixed,2-stretch-one-axis-or-two-axes/stretch-x-axis-by-plus-0.085/2-accurate-hse06-atoms-fixed,12.310597510327302,0.08861255204461327,4.4209571892217525e-08,4.4209571892217525e-08,-6.408401040208867e-17,6.503381234004891e-17,-9.498019379602503e-19,0.08861255204463533,0.08861255204461327,.TRUE.,0.27,,550,HSE,172,8,-21.011975,1
2-stretch-one-axis-or-two-axes,stretch-x-axis-by-plus-0.090,1-cheap-pbe-atoms-relaxed,2-stretch-one-axis-or-two-axes/stretch-x-axis-by-plus-0.090/1-cheap-pbe-atoms-relaxed,12.3673283744302,0.09405005252539256,4.4209571892217525e-08,4.4209571892217525e-08,-6.408401040208867e-17,1.0390066522319155e-17,5.3693943879769507e-17,0.09405005252541335,0.09405005252539256,,,,550,PBE,172,8,-17.918402,1
2-stretch-one-axis-or-two-axes,stretch-x-axis-by-plus-0.090,2-accurate-hse06-atoms-fixed,2-stretch-one-axis-or-two-axes/stretch-x-axis-by-plus-0.090/2-accurate-hse06-atoms-fixed,12.3673283744302,0.09405005252539256,4.4209571892217525e-08,4.4209571892217525e-08,-6.408401040208867e-17,1.0390066522319155e-17,5.3693943879769507e-17,0.09405005252541335,0.09405005252539256,.TRUE.,0.27,,550,HSE,172,8,-20.978722,1
2-stretch-one-axis-or-two-axes,stretch-x-axis-by-plus-0.095,1-cheap-pbe-atoms-relaxed,2-stretch-one-axis-or-two-axes/stretch-x-axis-by-plus-0.095/1-cheap-pbe-atoms-relaxed,12.424059238533083,0.09951255300838191,4.4209571892217525e-08,4.4209571892217525e-08,-6.408401040208867e-17,3.816438503197884e-17,2.5919625370109822e-17,0.09951255300840156,0.09951255300838191,,,,550,PBE,172,8,-17.888568,1
2-stretch-one-axis-or-two-axes,stretch-x-axis-by-plus-0.095,2-accurate-hse06-atoms-fixed,2-stretch-one-axis-or-two-axes/stretch-x-axis-by-plus-0.095/2-accurate-hse06-atoms-fixed,12.424059238533083,0.09951255300838191,4.4209571892217525e-08,4.4209571892217525e-08,-6.408401040208867e-17,3.816438503197884e-17,2.5919625370109822e-17,0.09951255300840156,0.09951255300838191,.TRUE.,0.27,,550,HSE,172,8,-20.94396,1
2-stretch-one-axis-or-two-axes,stretch-x-axis-by-plus-0.100,1-cheap-pbe-atoms-relaxed,2-stretch-one-axis-or-two-axes/stretch-x-axis-by-plus-0.100/1-cheap-pbe-atoms-relaxed,12.480790102635979,0.1050000534935821,4.4209571892217525e-08,4.4209571892217525e-08,-6.408401040208867e-17,5.1368495620759216e-17,1.2715514781329448e-17,0.10500005349360073,0.1050000534935821,,,,550,PBE,172,8,-17.857276,1
2-stretch-one-axis-or-two-axes,stretch-x-axis-by-plus-0.100,2-accurate-hse06-atoms-fixed,2-stretch-one-axis-or-two-axes/stretch-x-axis-by-plus-0.100/2-accurate-hse06-atoms-fixed,12.480790102635979,0.1050000534935821,4.4209571892217525e-08,4.4209571892217525e-08,-6.408401040208867e-17,5.1368495620759216e-17,1.2715514781329448e-17,0.10500005349360073,0.1050000534935821,.TRUE.,0.27,,550,HSE,172,8,-20.907678,1
3-skew-one-plane,skew-x-toward-y-by-minus-0.005,1-cheap-pbe-atoms-relaxed,3-skew-one-plane/skew-x-toward-y-by-minus-0.005/1-cheap-pbe-atoms-relaxed,11.346172820578163,4.4209571892217525e-08,1.2544210677090106e-05,4.4209571892217525e-08,-6.410777189283377e-17,3.679430335006636e-17,-0.005000000442095687,0.0035355564726940823,0.005000000442095687,,,,550,PBE,172,8,-18.183122,3
3-skew-one-plane,skew-x-toward-y-by-minus-0.005,2-accurate-hse06-atoms-fixed,3-skew-one-plane/skew-x-toward-y-by-minus-0.005/2-accurate-hse06-atoms-fixed,11.346172820578163,4.4209571892217525e-08,1.2544210677090106e-05,4.4209571892217525e-08,-6.410777189283377e-17,3.679430335006636e-17,-0.005000000442095687,0.0035355564726940823,0.005000000442095687,.TRUE.,0.27,,550,HSE,172,8,-21.321131,1
3-skew-one-plane,skew-x-toward-y-by-minus-0.010,1-cheap-pbe-atoms-relaxed,3-skew-one-plane/skew-x-toward-y-by-minus-0.010/1-cheap-pbe-atoms-relaxed,11.346172820578163,4.4209571892217525e-08,5.0044213992794795e-05,4.4209571892217525e-08,-6.45668616975555e-17,8.032713474772746e-17,-0.010000000884191392,0.007071245524600135,0.010000000884191392,,,,550,PBE,172,8,-18.181615,3
3-skew-one-plane,skew-x-toward-y-by-minus-0.010,2-accurate-hse06-atoms-fixed,3-skew-one-plane/skew-x-toward-y-by-minus-0.010/2-accurate-hse06-atoms-fixed,11.346172820578163,4.4209571892217525e-08,5.0044213992794795e-05,4.4209571892217525e-08,-6.401175016070167e-17,2.4815981062345452e-17,-0.010000000884191392,0.007071245524600135,0.010000000884191392,.TRUE.,0.27,,550,HSE,172,8,-21.319561,1
3-skew-one-plane,skew-x-toward-y-by-minus-0.015,1-cheap-pbe-atoms-relaxed,3-skew-one-plane/skew-x-toward-y-by-minus-0.015/1-cheap-pbe-atoms-relaxed,11.346172820578163,4.4209571892217525e-08,0.00011254421951900628,4.4209571892217525e-08,-6.369486728497845e-17,6.099130727029811e-18,-0.015000001326287144,0.01060719972940852,0.015000001326287144,,,,550,PBE,172,8,-18.179098,3
3-skew-one-plane,skew-x-toward-y-by-minus-0.015,2-accurate-hse06-atoms-fixed,3-skew-one-plane/skew-x-toward-y-by-minus-0.015/2-accurate-hse06-atoms-fixed,11.346172820578163,4.4209571892217525e-08,0.00011254421951900628,4.4209571892217525e-08,-6.452753459025917e-17,6.161028441241182e-17,-0.015000001326287144,0.01060719972940852,0.015000001326287144,.TRUE.,0.27,,550,HSE,172,8,-21.316936,1
3-skew-one-plane,skew-x-toward-y-by-minus-0.020,1-cheap-pbe-atoms-relaxed,3-skew-one-plane/skew-x-toward-y-by-minus-0.020/1-cheap-pbe-atoms-relaxed,11.346172820578163,4.4209571892217525e-08,0.00020004422725572457,4.4209571892217525e-08,-6.319081590590206e-17,-1.2617719608285826e-17,-0.020000001768382784,0.014143551642512731,0.020000001768382784,,,,550,PBE,172,8,-18.175596,3
3-skew-one-plane,skew-x-toward-y-by-minus-0.020,2-accurate-hse06-atoms-fixed,3-skew-one-plane/skew-x-toward-y-by-minus-0.020/2-accurate-hse06-atoms-fixed,11.346172820578163,4.4209571892217525e-08,0.00020004422725572457,4.4209571892217525e-08,-6.319081590590206e-17,-1.2617719608285826e-17,-0.020000001768382784,0.014143551642512731,0.020000001768382784,.TRUE.,0.27,,550,HSE,172,8,-21.313289,1
3-skew-one-plane,skew-x-toward-y-by-minus-0.025,1-cheap-pbe-atoms-relaxed,3-skew-one-plane/skew-x-toward-y-by-minus-0.025/1-cheap-pbe-atoms-relaxed,11.346172820578163,4.4209571892217525e-08,0.00031254423720283864,4.4209571892217525e-08,-6.405583806679694e-17,3.0915111789375266e-17,-0.0250000022104786,0.017680433794624077,0.0250000022104786,,,,550,PBE,172,8,-18.171083,3
3-skew-one-plane,skew-x-toward-y-by-minus-0.025,2-accurate-hse06-atoms-fixed,3-skew-one-plane/skew-x-toward-y-by-minus-0.025/2-accurate-hse06-atoms-fixed,11.346172820578163,4.4209571892217525e-08,0.00031254423720283864,4.4209571892217525e-08,-6.544361690893148e-17,8.642626547475728e-17,-0.0250000022104786,0.017680433794624077,0.0250000022104786,.TRUE.,0.27,,550,HSE,172,8,-21.308587,1
3-skew-one-plane,skew-x-toward-y-by-minus-0.030,1-cheap-pbe-atoms-relaxed,3-skew-one-plane/skew-x-toward-y-by-minus-0.030/1-cheap-pbe-atoms-relaxed,11.346172820578163,4.4209571892217525e-08,0.0004500442493604595,4.4209571892217525e-08,-6.348869808967912e-17,1.2198261454059625e-17,-0.03000000265257424,0.021217978683360065,0.03000000265257424,,,,550,PBE,172,8,-18.16557,3
3-skew-one-plane,skew-x-toward-y-by-minus-0.030,2-accurate-hse06-atoms-fixed,3-skew-one-plane/skew-x-toward-y-by-minus-0.030/2-accurate-hse06-atoms-fixed,11.346172820578163,4.4209571892217525e-08,0.0004500442493604595,4.4209571892217525e-08,-6.348869808967912e-17,1.2198261454059625e-17,-0.03000000265257424,0.021217978683360065,0.03000000265257424,.TRUE.,0.27,,550,HSE,172,8,-21.302845,1
3-skew-one-plane,skew-x-toward-y-by-minus-0.035,1-cheap-pbe-atoms-relaxed,3-skew-one-plane/skew-x-toward-y-by-minus-0.035/1-cheap-pbe-atoms-relaxed,11.346172820578163,4.4209571892217525e-08,0.0006125442637285872,4.4209571892217525e-08,-6.273438960920815e-17,-6.518588881256018e-18,-0.03500000309466999,0.024756318764961607,0.03500000309466999,,,,550,PBE,172,8,-18.15904,3
3-skew-one-plane,skew-x-toward-y-by-minus-0.035,2-accurate-hse06-atoms-fixed,3-skew-one-plane/skew-x-toward-y-by-minus-0.035/2-accurate-hse06-atoms-fixed,11.346172820578163,4.4209571892217525e-08,0.0006125442637285872,4.4209571892217525e-08,-6.467727998819652e-17,4.899256480412599e-17,-0.03500000309466999,0.024756318764961607,0.03500000309466999,.TRUE.,0.27,,550,HSE,172,8,-21.296042,1
3-skew-one-plane,skew-x-toward-y-by-minus-0.040,1-cheap-pbe-atoms-relaxed,3-skew-one-plane/skew-x-toward-y-by-minus-0.040/1-cheap-pbe-atoms-relaxed,11.346172820578163,4.4209571892217525e-08,0.0008000442803072216,4.4209571892217525e-08,-6.42828998947031e-17,3.701424251640508e-17,-0.040000003536765694,0.028295586446034218,0.040000003536765694,,,,550,PBE,172,8,-18.151534,3
3-skew-one-plane,skew-x-toward-y-by-minus-0.040,2-accurate-hse06-atoms-fixed,3-skew-one-plane/skew-x-toward-y-by-minus-0.040/2-accurate-hse06-atoms-fixed,11.346172820578163,4.4209571892217525e-08,0.0008000442803072216,4.4209571892217525e-08,-6.42828998947031e-17,3.701424251640508e-17,-0.040000003536765694,0.028295586446034218,0.040000003536765694,.TRUE.,0.27,,550,HSE,172,8,-21.288222,1
3-skew-one-plane,skew-x-toward-y-by-minus-0.045,1-cheap-pbe-atoms-relaxed,3-skew-one-plane/skew-x-toward-y-by-minus-0.045/1-cheap-pbe-atoms-relaxed,11.346172820578163,4.4209571892217525e-08,0.0010125442990962519,4.4209571892217525e-08,-6.346550281619069e-17,1.8297392181089437e-17,-0.04500000397886145,0.03183591407530675,0.04500000397886145,,,,550,PBE,172,8,-18.143004,3
3-skew-one-plane,skew-x-toward-y-by-minus-0.045,2-accurate-hse06-atoms-fixed,3-skew-one-plane/skew-x-toward-y-by-minus-0.045/2-accurate-hse06-atoms-fixed,11.346172820578163,4.4209571892217525e-08,0.0010125442990962519,4.4209571892217525e-08,-6.346550281619069e-17,1.8297392181089437e-17,-0.04500000397886145,0.03183591407530675,0.04500000397886145,.TRUE.,0.27,,550,HSE,172,8,-21.279336,1
3-skew-one-plane,skew-x-toward-y-by-minus-0.050,1-cheap-pbe-atoms-relaxed,3-skew-one-plane/skew-x-toward-y-by-minus-0.050/1-cheap-pbe-atoms-relaxed,11.346172820578163,4.4209571892217525e-08,0.001250044320095789,4.4209571892217525e-08,-6.246093723432514e-17,-4.1945815422620356e-19,-0.05000000442095708,0.03537743393540544,0.05000000442095708,,,,550,PBE,172,8,-18.133494,3
3-skew-one-plane,skew-x-toward-y-by-minus-0.050,2-accurate-hse06-atoms-fixed,3-skew-one-plane/skew-x-toward-y-by-minus-0.050/2-accurate-hse06-atoms-fixed,11.346172820578163,4.420957211426213e-08,0.001250044320095789,4.4209571892217525e-08,-6.246093723432513e-17,-4.1945815422620973e-19,-0.05000000442095721,0.03537743393540553,0.05000000442095721,.TRUE.,0.27,,550,HSE,172,8,-21.269427,1
3-skew-one-plane,skew-x-toward-y-by-minus-0.055,1-cheap-pbe-atoms-relaxed,3-skew-one-plane/skew-x-toward-y-by-minus-0.055/1-cheap-pbe-atoms-relaxed,11.346172820578163,4.4209571892217525e-08,0.0015125443433058328,4.4209571892217525e-08,-6.469293564442014e-17,4.311337324343489e-17,-0.055000004863052905,0.038920278234646485,0.055000004863052905,,,,550,PBE,172,8,-18.122973,3
3-skew-one-plane,skew-x-toward-y-by-minus-0.055,2-accurate-hse06-atoms-fixed,3-skew-one-plane/skew-x-toward-y-by-minus-0.055/2-accurate-hse06-atoms-fixed,11.346172820578163,4.4209571892217525e-08,0.0015125443433058328,4.4209571892217525e-08,-6.469293564442014e-17,4.311337324343489e-17,-0.055000004863052905,0.038920278234646485,0.055000004863052905,.TRUE.,0.27,,550,HSE,172,8,-21.258464,1
3-skew-one-plane,skew-x-toward-y-by-minus-0.060,1-cheap-pbe-atoms-relaxed,3-skew-one-plane/skew-x-toward-y-by-minus-0.060/1-cheap-pbe-atoms-relaxed,11.346172820578163,4.4209571892217525e-08,0.0018000443687262724,4.4209571892217525e-08,-6.362528146451316e-17,2.4396522908119248e-17,-0.06000000530514854,0.04246457909884683,0.06000000530514854,,,,550,PBE,172,8,-18.111447,3
3-skew-one-plane,skew-x-toward-y-by-minus-0.060,2-accurate-hse06-atoms-fixed,3-skew-one-plane/skew-x-toward-y-by-minus-0.060/2-accurate-hse06-atoms-fixed,11.346172820578163,4.420957211426213e-08,0.0018000443687263834,4.4209571892217525e-08,-6.362528146451316e-17,2.4396522908119248e-17,-0.060000005305148665,0.04246457909884692,0.060000005305148665,.TRUE.,0.27,,550,HSE,172,8,-21.246454,1
3-skew-one-plane,skew-x-toward-y-by-minus-0.065,1-cheap-pbe-atoms-relaxed,3-skew-one-plane/skew-x-toward-y-by-minus-0.065/1-cheap-pbe-atoms-relaxed,11.346172820578163,4.4209571892217525e-08,0.00211254439635733,4.4209571892217525e-08,-6.237045878125301e-17,5.679672572803607e-18,-0.0650000057472443,0.04601046856315838,0.0650000057472443,,,,550,PBE,172,8,-18.098905,3
3-skew-one-plane,skew-x-toward-y-by-minus-0.065,2-accurate-hse06-atoms-fixed,3-skew-one-plane/skew-x-toward-y-by-minus-0.065/2-accurate-hse06-atoms-fixed,11.346172820578163,4.4209571892217525e-08,0.00211254439635733,4.4209571892217525e-08,-6.237045878125301e-17,5.679672572803607e-18,-0.0650000057472443,0.04601046856315838,0.0650000057472443,.TRUE.,0.27,,550,HSE,172,8,-21.233384,1
3-skew-one-plane,skew-x-toward-y-by-minus-0.070,1-cheap-pbe-atoms-relaxed,3-skew-one-plane/skew-x-toward-y-by-minus-0.070/1-cheap-pbe-atoms-relaxed,11.346172820578163,4.4209571892217525e-08,0.002450044426198783,4.4209571892217525e-08,-6.528594531594809e-17,4.92125039704647e-17,-0.07000000618934012,0.049558078563924204,0.07000000618934012,,,,550,PBE,172,8,-18.085388,3
3-skew-one-plane,skew-x-toward-y-by-minus-0.070,2-accurate-hse06-atoms-fixed,3-skew-one-plane/skew-x-toward-y-by-minus-0.070/2-accurate-hse06-atoms-fixed,11.346172820578163,4.4209571892217525e-08,0.002450044426198783,4.4209571892217525e-08,-6.528594531594809e-17,4.92125039704647e-17,-0.07000000618934012,0.049558078563924204,0.07000000618934012,.TRUE.,0.27,,550,HSE,172,8,-21.219299,1
3-skew-one-plane,skew-x-toward-y-by-minus-0.075,1-cheap-pbe-atoms-relaxed,3-skew-one-plane/skew-x-toward-y-by-minus-0.075/1-cheap-pbe-atoms-relaxed,11.346172820578163,4.4209571892217525e-08,0.002812544458250743,4.4209571892217525e-08,-6.396803403464652e-17,3.049565363514906e-17,-0.07500000663143576,0.05310754093056136,0.07500000663143576,,,,550,PBE,172,8,-18.070871,3
3-skew-one-plane,skew-x-toward-y-by-minus-0.075,2-accurate-hse06-atoms-fixed,3-skew-one-plane/skew-x-toward-y-by-minus-0.075/2-accurate-hse06-atoms-fixed,11.346172820578163,4.4209571892217525e-08,0.002812544458250743,4.4209571892217525e-08,-6.396803403464652e-17,3.049565363514906e-17,-0.07500000663143576,0.05310754093056136,0.07500000663143576,.TRUE.,0.27,,550,HSE,172,8,-21.204171,1
3-skew-one-plane,skew-x-toward-y-by-minus-0.080,1-cheap-pbe-atoms-relaxed,3-skew-one-plane/skew-x-toward-y-by-minus-0.080/1-cheap-pbe-atoms-relaxed,11.346172820578163,4.420957211426213e-08,0.003200044492513099,4.4209571892217525e-08,-6.24629542499918e-17,1.1778803299833415e-17,-0.08000000707353154,0.0566589873774719,0.08000000707353154,,,,550,PBE,172,8,-18.055347,3
3-skew-one-plane,skew-x-toward-y-by-minus-0.080,2-accurate-hse06-atoms-fixed,3-skew-one-plane/skew-x-toward-y-by-minus-0.080/2-accurate-hse06-atoms-fixed,11.346172820578163,4.420957211426213e-08,0.003200044492513099,4.4209571892217525e-08,-6.24629542499918e-17,1.1778803299833415e-17,-0.08000000707353154,0.0566589873774719,0.08000000707353154,.TRUE.,0.27,,550,HSE,172,8,-21.187992,1
3-skew-one-plane,skew-x-toward-y-by-minus-0.085,1-cheap-pbe-atoms-relaxed,3-skew-one-plane/skew-x-toward-y-by-minus-0.085/1-cheap-pbe-atoms-relaxed,11.346172820578163,4.4209571892217525e-08,0.0036125445289860725,4.4209571892217525e-08,-6.606192890928692e-17,5.531163469749452e-17,-0.08500000751562721,0.06021254949598263,0.08500000751562721,,,,550,PBE,172,8,-18.038833,3
3-skew-one-plane,skew-x-toward-y-by-minus-0.085,2-accurate-hse06-atoms-fixed,3-skew-one-plane/skew-x-toward-y-by-minus-0.085/2-accurate-hse06-atoms-fixed,11.346172820578163,4.4209571892217525e-08,0.0036125445289860725,4.4209571892217525e-08,-6.606192890928692e-17,5.531163469749452e-17,-0.08500000751562721,0.06021254949598263,0.08500000751562721,.TRUE.,0.27,,550,HSE,172,8,-21.170783,1
3-skew-one-plane,skew-x-toward-y-by-minus-0.090,1-cheap-pbe-atoms-relaxed,3-skew-one-plane/skew-x-toward-y-by-minus-0.090/1-cheap-pbe-atoms-relaxed,11.346172820578163,4.4209571892217525e-08,0.004050044567669442,4.4209571892217525e-08,-6.449376052659078e-17,3.6594784362178873e-17,-0.09000000795772296,0.06376835874631803,0.09000000795772296,,,,550,PBE,172,8,-18.021307,3
3-skew-one-plane,skew-x-toward-y-by-minus-0.090,2-accurate-hse06-atoms-fixed,3-skew-one-plane/skew-x-toward-y-by-minus-0.090/2-accurate-hse06-atoms-fixed,11.346172820578163,4.4209571892217525e-08,0.004050044567669442,4.4209571892217525e-08,-6.449376052659078e-17,3.6594784362178873e-17,-0.09000000795772296,0.06376835874631803,0.09000000795772296,.TRUE.,0.27,,550,HSE,172,8,-21.152517,1
3-skew-one-plane,skew-x-toward-y-by-minus-0.095,1-cheap-pbe-atoms-relaxed,3-skew-one-plane/skew-x-toward-y-by-minus-0.095/1-cheap-pbe-atoms-relaxed,11.346172820578163,4.4209571892217525e-08,0.004512544608563207,4.4209571892217525e-08,-6.273842364054145e-17,1.7877934026863233e-17,-0.0950000083998186,0.06732654644960623,0.0950000083998186,,,,550,PBE,172,8,-18.002783,3
3-skew-one-plane,skew-x-toward-y-by-minus-0.095,2-accurate-hse06-atoms-fixed,3-skew-one-plane/skew-x-toward-y-by-minus-0.095/2-accurate-hse06-atoms-fixed,11.346172820578163,4.4209571892217525e-08,0.004512544608563207,4.4209571892217525e-08,-6.273842364054145e-17,1.7877934026863233e-17,-0.0950000083998186,0.06732654644960623,0.0950000083998186,.TRUE.,0.27,,550,HSE,172,8,-21.133208,1
3-skew-one-plane,skew-x-toward-y-by-minus-0.100,1-cheap-pbe-atoms-relaxed,3-skew-one-plane/skew-x-toward-y-by-minus-0.100/1-cheap-pbe-atoms-relaxed,11.346172820578163,4.4209571892217525e-08,0.00500004465166759,4.4209571892217525e-08,-6.702088642443666e-17,6.141076542452433e-17,-0.10000000884191441,0.07088724377992178,0.10000000884191441,,,,550,PBE,172,8,-17.983273,3
3-skew-one-plane,skew-x-toward-y-by-minus-0.100,2-accurate-hse06-atoms-fixed,3-skew-one-plane/skew-x-toward-y-by-minus-0.100/2-accurate-hse06-atoms-fixed,11.346172820578163,4.4209571892217525e-08,0.00500004465166759,4.4209571892217525e-08,-6.702088642443666e-17,6.141076542452433e-17,-0.10000000884191441,0.07088724377992178,0.10000000884191441,.TRUE.,0.27,,550,HSE,172,8,-21.11287,1
3-skew-one-plane,skew-x-toward-y-by-plus-0.005,1-cheap-pbe-atoms-relaxed,3-skew-one-plane/skew-x-toward-y-by-plus-0.005/1-cheap-pbe-atoms-relaxed,11.346172820578163,4.4209571892217525e-08,1.2544210677090106e-05,4.4209571892217525e-08,-6.38730804079904e-17,7.422800402069765e-17,0.005000000442095705,0.0035355564726940944,0.005000000442095705,,,,550,PBE,172,8,-18.183122,3
3-skew-one-plane,skew-x-toward-y-by-plus-0.005,2-accurate-hse06-atoms-fixed,3-skew-one-plane/skew-x-toward-y-by-plus-0.005/2-accurate-hse06-atoms-fixed,11.346172820578163,4.4209571892217525e-08,1.2544210677090106e-05,4.4209571892217525e-08,-6.38730804079904e-17,7.422800402069765e-17,0.005000000442095705,0.0035355564726940944,0.005000000442095705,.TRUE.,0.27,,550,HSE,172,8,-21.321131,1
3-skew-one-plane,skew-x-toward-y-by-plus-0.010,1-cheap-pbe-atoms-relaxed,3-skew-one-plane/skew-x-toward-y-by-plus-0.010/1-cheap-pbe-atoms-relaxed,11.346172820578163,4.420957211426213e-08,5.0044213992794795e-05,4.4209571892217525e-08,-6.465259026472256e-17,-2.4815981062345467e-17,0.010000000884191467,0.007071245524600187,0.010000000884191467,,,,550,PBE,172,8,-18.181615,3
3-skew-one-plane,skew-x-toward-y-by-plus-0.010,2-accurate-hse06-atoms-fixed,3-skew-one-plane/skew-x-toward-y-by-plus-0.010/2-accurate-hse06-atoms-fixed,11.346172820578163,4.4209571892217525e-08,5.0044213992794795e-05,4.4209571892217525e-08,-6.465259026472257e-17,-2.4815981062345455e-17,0.010000000884191519,0.007071245524600225,0.010000000884191519,.TRUE.,0.27,,550,HSE,172,8,-21.319561,1
3-skew-one-plane,skew-x-toward-y-by-plus-0.015,1-cheap-pbe-atoms-relaxed,3-skew-one-plane/skew-x-toward-y-by-plus-0.015/1-cheap-pbe-atoms-relaxed,11.346172820578163,4.4209571892217525e-08,0.00011254421951900628,4.4209571892217525e-08,-6.382346013572904e-17,4.941202295835219e-17,0.015000001326287215,0.010607199729408568,0.015000001326287215,,,,550,PBE,172,8,-18.179098,3
3-skew-one-plane,skew-x-toward-y-by-plus-0.015,2-accurate-hse06-atoms-fixed,3-skew-one-plane/skew-x-toward-y-by-plus-0.015/2-accurate-hse06-atoms-fixed,11.346172820578163,4.4209571892217525e-08,0.00011254421951900628,4.4209571892217525e-08,-6.382346013572904e-17,4.941202295835219e-17,0.01500000132628716,0.01060719972940853,0.01500000132628716,.TRUE.,0.27,,550,HSE,172,8,-21.316936,1
3-skew-one-plane,skew-x-toward-y-by-plus-0.020,1-cheap-pbe-atoms-relaxed,3-skew-one-plane/skew-x-toward-y-by-plus-0.020/1-cheap-pbe-atoms-relaxed,11.346172820578163,4.4209571892217525e-08,0.00020004422725572457,4.4209571892217525e-08,-6.447249611394384e-17,1.261771960828583e-17,0.020000001768382913,0.014143551642512821,0.020000001768382913,,,,550,PBE,172,8,-18.175596,3
3-skew-one-plane,skew-x-toward-y-by-plus-0.020,2-accurate-hse06-atoms-fixed,3-skew-one-plane/skew-x-toward-y-by-plus-0.020/2-accurate-hse06-atoms-fixed,11.346172820578163,4.4209571892217525e-08,0.00020004422725572457,4.4209571892217525e-08,-6.447249611394384e-17,1.261771960828583e-17,0.020000001768382913,0.014143551642512821,0.020000001768382913,.TRUE.,0.27,,550,HSE,172,8,-21.313289,1
3-skew-one-plane,skew-x-toward-y-by-plus-0.025,1-cheap-pbe-atoms-relaxed,3-skew-one-plane/skew-x-toward-y-by-plus-0.025/1-cheap-pbe-atoms-relaxed,11.346172820578163,4.4209571892217525e-08,0.00031254423720283864,4.4209571892217525e-08,-6.42701594847146e-17,2.4596041896006737e-17,0.02500000221047867,0.017680433794624126,0.02500000221047867,,,,550,PBE,172,8,-18.171083,3
3-skew-one-plane,skew-x-toward-y-by-plus-0.025,2-accurate-hse06-atoms-fixed,3-skew-one-plane/skew-x-toward-y-by-plus-0.025/2-accurate-hse06-atoms-fixed,11.346172820578163,4.420957211426213e-08,0.00031254423720283864,4.4209571892217525e-08,-6.42701594847146e-17,2.4596041896006734e-17,0.02500000221047862,0.01768043379462409,0.02500000221047862,.TRUE.,0.27,,550,HSE,172,8,-21.308587,1
3-skew-one-plane,skew-x-toward-y-by-plus-0.030,1-cheap-pbe-atoms-relaxed,3-skew-one-plane/skew-x-toward-y-by-plus-0.030/1-cheap-pbe-atoms-relaxed,11.346172820578163,4.4209571892217525e-08,0.0004500442493604595,4.4209571892217525e-08,-6.541121840174179e-17,-1.2198261454059625e-17,0.030000002652574367,0.021217978683360155,0.030000002652574367,,,,550,PBE,172,8,-18.16557,3
3-skew-one-plane,skew-x-toward-y-by-plus-0.030,2-accurate-hse06-atoms-fixed,3-skew-one-plane/skew-x-toward-y-by-plus-0.030/2-accurate-hse06-atoms-fixed,11.346172820578163,4.4209571892217525e-08,0.0004500442493604595,4.4209571892217525e-08,-6.541121840174179e-17,-1.2198261454059625e-17,0.030000002652574367,0.021217978683360155,0.030000002652574367,.TRUE.,0.27,,550,HSE,172,8,-21.302845,1
3-skew-one-plane,skew-x-toward-y-by-plus-0.035,1-cheap-pbe-atoms-relaxed,3-skew-one-plane/skew-x-toward-y-by-plus-0.035/1-cheap-pbe-atoms-relaxed,11.346172820578163,4.4209571892217525e-08,0.0006125442637285872,4.4209571892217525e-08,-6.303443959429288e-17,6.202974256663802e-17,0.03500000309467007,0.024756318764961666,0.03500000309467007,,,,550,PBE,172,8,-18.15904,3
3-skew-one-plane,skew-x-toward-y-by-plus-0.035,2-accurate-hse06-atoms-fixed,3-skew-one-plane/skew-x-toward-y-by-plus-0.035/2-accurate-hse06-atoms-fixed,11.346172820578163,4.4209571892217525e-08,0.0006125442637285872,4.4209571892217525e-08,-6.303443959429288e-17,6.202974256663802e-17,0.03500000309467002,0.024756318764961628,0.03500000309467002,.TRUE.,0.27,,550,HSE,172,8,-21.296042,1
3-skew-one-plane,skew-x-toward-y-by-plus-0.040,1-cheap-pbe-atoms-relaxed,3-skew-one-plane/skew-x-toward-y-by-plus-0.040/1-cheap-pbe-atoms-relaxed,11.346172820578163,4.4209571892217525e-08,0.0008000442803072216,4.4209571892217525e-08,-6.684626031078664e-17,-3.701424251640508e-17,0.040000003536765825,0.02829558644603431,0.040000003536765825,,,,550,PBE,172,8,-18.151534,3
3-skew-one-plane,skew-x-toward-y-by-plus-0.040,2-accurate-hse06-atoms-fixed,3-skew-one-plane/skew-x-toward-y-by-plus-0.040/2-accurate-hse06-atoms-fixed,11.346172820578163,4.4209571892217525e-08,0.0008000442803072216,4.4209571892217525e-08,-6.684626031078664e-17,-3.701424251640508e-17,0.040000003536765825,0.02829558644603431,0.040000003536765825,.TRUE.,0.27,,550,HSE,172,8,-21.288222,1
3-skew-one-plane,skew-x-toward-y-by-plus-0.045,1-cheap-pbe-atoms-relaxed,3-skew-one-plane/skew-x-toward-y-by-plus-0.045/1-cheap-pbe-atoms-relaxed,11.346172820578163,4.4209571892217525e-08,0.0010125442990962519,4.4209571892217525e-08,-6.385128136844249e-17,3.7213761504292566e-17,0.04500000397886152,0.0318359140753068,0.04500000397886152,,,,550,PBE,172,8,-18.143004,3
3-skew-one-plane,skew-x-toward-y-by-plus-0.045,2-accurate-hse06-atoms-fixed,3-skew-one-plane/skew-x-toward-y-by-plus-0.045/2-accurate-hse06-atoms-fixed,11.346172820578163,4.4209571892217525e-08,0.0010125442990962519,4.4209571892217525e-08,-6.385128136844249e-17,3.7213761504292566e-17,0.04500000397886152,0.0318359140753068,0.04500000397886152,.TRUE.,0.27,,550,HSE,172,8,-21.279336,1
3-skew-one-plane,skew-x-toward-y-by-plus-0.050,1-cheap-pbe-atoms-relaxed,3-skew-one-plane/skew-x-toward-y-by-plus-0.050/1-cheap-pbe-atoms-relaxed,11.346172820578163,4.4209571892217525e-08,0.001250044320095789,4.4209571892217525e-08,-6.566513775442957e-17,4.1945815422620434e-19,0.05000000442095722,0.035377433935405544,0.05000000442095722,,,,550,PBE,172,8,-18.133494,3
3-skew-one-plane,skew-x-toward-y-by-plus-0.050,2-accurate-hse06-atoms-fixed,3-skew-one-plane/skew-x-toward-y-by-plus-0.050/2-accurate-hse06-atoms-fixed,11.346172820578163,4.4209571892217525e-08,0.001250044320095789,4.4209571892217525e-08,-6.011402238589136e-17,1.114417655249902e-16,0.05000000442095722,0.035377433935405544,0.05000000442095722,.TRUE.,0.27,,550,HSE,172,8,-21.269427,1
3-skew-one-plane,skew-x-toward-y-by-plus-0.055,1-cheap-pbe-atoms-relaxed,3-skew-one-plane/skew-x-toward-y-by-plus-0.055/1-cheap-pbe-atoms-relaxed,11.346172820578163,4.4209571892217525e-08,0.0015125443433058328,4.4209571892217525e-08,-6.516444276383901e-17,1.2397780441947111e-17,0.05500000486305298,0.03892027823464654,0.05500000486305298,,,,550,PBE,172,8,-18.122973,3
3-skew-one-plane,skew-x-toward-y-by-plus-0.055,2-accurate-hse06-atoms-fixed,3-skew-one-plane/skew-x-toward-y-by-plus-0.055/2-accurate-hse06-atoms-fixed,11.346172820578163,4.4209571892217525e-08,0.0015125443433058328,4.4209571892217525e-08,-6.516444276383901e-17,1.2397780441947111e-17,0.05500000486305298,0.03892027823464654,0.05500000486305298,.TRUE.,0.27,,550,HSE,172,8,-21.258464,1
3-skew-one-plane,skew-x-toward-y-by-plus-0.060,1-cheap-pbe-atoms-relaxed,3-skew-one-plane/skew-x-toward-y-by-plus-0.060/1-cheap-pbe-atoms-relaxed,11.346172820578163,4.4209571892217525e-08,0.0018000443687263834,4.4209571892217525e-08,-6.747032208863848e-17,-2.4396522908119254e-17,0.06000000530514867,0.042464579098846926,0.06000000530514867,,,,550,PBE,172,8,-18.111447,3
3-skew-one-plane,skew-x-toward-y-by-plus-0.060,2-accurate-hse06-atoms-fixed,3-skew-one-plane/skew-x-toward-y-by-plus-0.060/2-accurate-hse06-atoms-fixed,11.346172820578163,4.4209571892217525e-08,0.0018000443687263834,4.4209571892217525e-08,-6.080898364639263e-17,8.662578446264476e-17,0.06000000530514867,0.042464579098846926,0.06000000530514867,.TRUE.,0.27,,550,HSE,172,8,-21.246454,1
3-skew-one-plane,skew-x-toward-y-by-plus-0.065,1-cheap-pbe-atoms-relaxed,3-skew-one-plane/skew-x-toward-y-by-plus-0.065/1-cheap-pbe-atoms-relaxed,11.346172820578163,4.4209571892217525e-08,0.00211254439635733,4.4209571892217525e-08,-6.292769446783895e-17,4.9831481112578395e-17,0.06500000574724436,0.04601046856315843,0.06500000574724436,,,,550,PBE,172,8,-18.098904,3
3-skew-one-plane,skew-x-toward-y-by-plus-0.065,2-accurate-hse06-atoms-fixed,3-skew-one-plane/skew-x-toward-y-by-plus-0.065/2-accurate-hse06-atoms-fixed,11.346172820578163,4.4209571892217525e-08,0.00211254439635733,4.4209571892217525e-08,-6.292769446783895e-17,4.9831481112578395e-17,0.06500000574724436,0.04601046856315843,0.06500000574724436,.TRUE.,0.27,,550,HSE,172,8,-21.233384,1
3-skew-one-plane,skew-x-toward-y-by-plus-0.070,1-cheap-pbe-atoms-relaxed,3-skew-one-plane/skew-x-toward-y-by-plus-0.070/1-cheap-pbe-atoms-relaxed,11.346172820578163,4.4209571892217525e-08,0.002450044426198783,4.4209571892217525e-08,-6.200026452814081e-17,6.18098034002993e-17,0.07000000618934013,0.04955807856392422,0.07000000618934013,,,,550,PBE,172,8,-18.085388,3
3-skew-one-plane,skew-x-toward-y-by-plus-0.070,2-accurate-hse06-atoms-fixed,3-skew-one-plane/skew-x-toward-y-by-plus-0.070/2-accurate-hse06-atoms-fixed,11.346172820578163,4.4209571892217525e-08,0.002450044426198783,4.4209571892217525e-08,-6.200026452814081e-17,6.18098034002993e-17,0.07000000618934013,0.04955807856392422,0.07000000618934013,.TRUE.,0.27,,550,HSE,172,8,-21.219299,1
3-skew-one-plane,skew-x-toward-y-by-plus-0.075,1-cheap-pbe-atoms-relaxed,3-skew-one-plane/skew-x-toward-y-by-plus-0.075/1-cheap-pbe-atoms-relaxed,11.346172820578163,4.4209571892217525e-08,0.002812544458250743,4.4209571892217525e-08,-6.461099828839952e-17,2.5015500050232937e-17,0.07500000663143583,0.05310754093056141,0.07500000663143583,,,,550,PBE,172,8,-18.070871,3
3-skew-one-plane,skew-x-toward-y-by-plus-0.075,2-accurate-hse06-atoms-fixed,3-skew-one-plane/skew-x-toward-y-by-plus-0.075/2-accurate-hse06-atoms-fixed,11.346172820578163,4.4209571892217525e-08,0.002812544458250743,4.4209571892217525e-08,-6.461099828839952e-17,2.5015500050232937e-17,0.07500000663143583,0.05310754093056141,0.07500000663143583,.TRUE.,0.27,,550,HSE,172,8,-21.204171,1
3-skew-one-plane,skew-x-toward-y-by-plus-0.080,1-cheap-pbe-atoms-relaxed,3-skew-one-plane/skew-x-toward-y-by-plus-0.080/1-cheap-pbe-atoms-relaxed,11.346172820578158,4.4209571892217525e-08,0.003200044492513099,4.4209571892217525e-08,-5.870789049249776e-17,9.924350407093058e-17,0.08000000707353151,0.05665898737747188,0.08000000707353151,,,,550,PBE,172,8,-18.055347,3
3-skew-one-plane,skew-x-toward-y-by-plus-0.080,2-accurate-hse06-atoms-fixed,3-skew-one-plane/skew-x-toward-y-by-plus-0.080/2-accurate-hse06-atoms-fixed,11.346172820578158,4.4209571892217525e-08,0.003200044492513099,4.4209571892217525e-08,-5.870789049249776e-17,9.924350407093058e-17,0.08000000707353151,0.05665898737747188,0.08000000707353151,.TRUE.,0.27,,550,HSE,172,8,-21.187992,1
3-skew-one-plane,skew-x-toward-y-by-plus-0.085,1-cheap-pbe-atoms-relaxed,3-skew-one-plane/skew-x-toward-y-by-plus-0.085/1-cheap-pbe-atoms-relaxed,11.346172820578163,4.4209571892217525e-08,0.0036125445289860725,4.4209571892217525e-08,-6.679062173020699e-17,1.9951898788748292e-19,0.08500000751562727,0.06021254949598266,0.08500000751562727,,,,550,PBE,172,8,-18.038833,3
3-skew-one-plane,skew-x-toward-y-by-plus-0.085,2-accurate-hse06-atoms-fixed,3-skew-one-plane/skew-x-toward-y-by-plus-0.085/2-accurate-hse06-atoms-fixed,11.346172820578163,4.4209571892217525e-08,0.0036125445289860725,4.4209571892217525e-08,-6.679062173020699e-17,1.9951898788748292e-19,0.08500000751562727,0.06021254949598266,0.08500000751562727,.TRUE.,0.27,,550,HSE,172,8,-21.170783,1
3-skew-one-plane,skew-x-toward-y-by-plus-0.090,1-cheap-pbe-atoms-relaxed,3-skew-one-plane/skew-x-toward-y-by-plus-0.090/1-cheap-pbe-atoms-relaxed,11.346172820578163,4.4209571892217525e-08,0.004050044567669442,4.4209571892217525e-08,-6.026931379940999e-17,7.442752300858513e-17,0.09000000795772298,0.06376835874631805,0.09000000795772298,,,,550,PBE,172,8,-18.021307,3
3-skew-one-plane,skew-x-toward-y-by-plus-0.090,2-accurate-hse06-atoms-fixed,3-skew-one-plane/skew-x-toward-y-by-plus-0.090/2-accurate-hse06-atoms-fixed,11.346172820578163,4.4209571892217525e-08,0.004050044567669442,4.4209571892217525e-08,-6.026931379940999e-17,7.442752300858513e-17,0.09000000795772298,0.06376835874631805,0.09000000795772298,.TRUE.,0.27,,550,HSE,172,8,-21.152517,1
3-skew-one-plane,skew-x-toward-y-by-plus-0.095,1-cheap-pbe-atoms-relaxed,3-skew-one-plane/skew-x-toward-y-by-plus-0.095/1-cheap-pbe-atoms-relaxed,11.346172820578163,4.4209571892217525e-08,0.004512544608563207,4.4209571892217525e-08,-6.355284502862859e-17,3.7633219658518767e-17,0.09500000839981868,0.06732654644960627,0.09500000839981868,,,,550,PBE,172,8,-18.002784,3
3-skew-one-plane,skew-x-toward-y-by-plus-0.095,2-accurate-hse06-atoms-fixed,3-skew-one-plane/skew-x-toward-y-by-plus-0.095/2-accurate-hse06-atoms-fixed,11.346172820578163,4.4209571892217525e-08,0.004512544608563207,4.4209571892217525e-08,-6.355284502862859e-17,3.7633219658518767e-17,0.09500000839981868,0.06732654644960627,0.09500000839981868,.TRUE.,0.27,,550,HSE,172,8,-21.133209,1
3-skew-one-plane,skew-x-toward-y-by-plus-0.100,1-cheap-pbe-atoms-relaxed,3-skew-one-plane/skew-x-toward-y-by-plus-0.100/1-cheap-pbe-atoms-relaxed,11.346172820578163,4.4209571892217525e-08,0.00500004465166759,4.4209571892217525e-08,-6.232705672756913e-17,4.961154194623968e-17,0.10000000884191443,0.0708872437799218,0.10000000884191443,,,,550,PBE,172,8,-17.983274,3
3-skew-one-plane,skew-x-toward-y-by-plus-0.100,2-accurate-hse06-atoms-fixed,3-skew-one-plane/skew-x-toward-y-by-plus-0.100/2-accurate-hse06-atoms-fixed,11.346172820578163,4.4209571892217525e-08,0.00500004465166759,4.4209571892217525e-08,-6.232705672756913e-17,4.961154194623968e-17,0.10000000884191443,0.0708872437799218,0.10000000884191443,.TRUE.,0.27,,550,HSE,172,8,-21.112871,1
3-skew-one-plane,skew-x-toward-z-by-minus-0.005,1-cheap-pbe-atoms-relaxed,3-skew-one-plane/skew-x-toward-z-by-minus-0.005/1-cheap-pbe-atoms-relaxed,11.346172820578163,4.4209571892217525e-08,4.4209571892217525e-08,1.2544210677090106e-05,-6.424422042809389e-17,-0.00500000044209566,6.408401040208867e-17,0.0035355564726940623,0.00500000044209566,,,,550,PBE,172,8,-18.183122,3
3-skew-one-plane,skew-x-toward-z-by-minus-0.005,2-accurate-hse06-atoms-fixed,3-skew-one-plane/skew-x-toward-z-by-minus-0.005/2-accurate-hse06-atoms-fixed,11.346172820578163,4.4209571892217525e-08,4.4209571892217525e-08,1.2544210677090106e-05,-6.424422042809389e-17,-0.00500000044209566,6.408401040208867e-17,0.0035355564726940623,0.00500000044209566,.TRUE.,0.27,,550,HSE,172,8,-21.321131,1
3-skew-one-plane,skew-x-toward-z-by-minus-0.010,1-cheap-pbe-atoms-relaxed,3-skew-one-plane/skew-x-toward-z-by-minus-0.010/1-cheap-pbe-atoms-relaxed,11.346172820578163,4.4209571892217525e-08,4.4209571892217525e-08,5.0044213992794795e-05,-6.44044304540991e-17,-0.01000000088419143,6.408401040208867e-17,0.007071245524600162,0.01000000088419143,,,,550,PBE,172,8,-18.181615,3
3-skew-one-plane,skew-x-toward-z-by-minus-0.010,2-accurate-hse06-atoms-fixed,3-skew-one-plane/skew-x-toward-z-by-minus-0.010/2-accurate-hse06-atoms-fixed,11.346172820578163,4.4209571892217525e-08,4.4209571892217525e-08,5.0044213992794795e-05,-6.44044304540991e-17,-0.01000000088419143,6.408401040208867e-17,0.007071245524600162,0.01000000088419143,.TRUE.,0.27,,550,HSE,172,8,-21.319561,1
3-skew-one-plane,skew-x-toward-z-by-minus-0.015,1-cheap-pbe-atoms-relaxed,3-skew-one-plane/skew-x-toward-z-by-minus-0.015/1-cheap-pbe-atoms-relaxed,11.346172820578163,4.4209571892217525e-08,4.4209571892217525e-08,0.00011254421951900628,-6.456464048010433e-17,-0.015000001326287146,6.408401040208867e-17,0.01060719972940852,0.015000001326287146,,,,550,PBE,172,8,-18.179098,3
3-skew-one-plane,skew-x-toward-z-by-minus-0.015,2-accurate-hse06-atoms-fixed,3-skew-one-plane/skew-x-toward-z-by-minus-0.015/2-accurate-hse06-atoms-fixed,11.346172820578163,4.4209571892217525e-08,4.4209571892217525e-08,0.00011254421951900628,-6.456464048010433e-17,-0.01500000132628709,6.408401040208867e-17,0.010607199729408481,0.01500000132628709,.TRUE.,0.27,,550,HSE,172,8,-21.316936,1
3-skew-one-plane,skew-x-toward-z-by-minus-0.020,1-cheap-pbe-atoms-relaxed,3-skew-one-plane/skew-x-toward-z-by-minus-0.020/1-cheap-pbe-atoms-relaxed,11.346172820578163,4.4209571892217525e-08,4.4209571892217525e-08,0.00020004422725572457,-6.472485050610955e-17,-0.020000001768382805,6.408401040208867e-17,0.014143551642512745,0.020000001768382805,,,,550,PBE,172,8,-18.175596,3
3-skew-one-plane,skew-x-toward-z-by-minus-0.020,2-accurate-hse06-atoms-fixed,3-skew-one-plane/skew-x-toward-z-by-minus-0.020/2-accurate-hse06-atoms-fixed,11.346172820578163,4.4209571892217525e-08,4.4209571892217525e-08,0.00020004422725572457,-6.472485050610955e-17,-0.020000001768382805,6.408401040208867e-17,0.014143551642512745,0.020000001768382805,.TRUE.,0.27,,550,HSE,172,8,-21.313289,1
3-skew-one-plane,skew-x-toward-z-by-minus-0.025,1-cheap-pbe-atoms-relaxed,3-skew-one-plane/skew-x-toward-z-by-minus-0.025/1-cheap-pbe-atoms-relaxed,11.346172820578163,4.4209571892217525e-08,4.4209571892217525e-08,0.00031254423720283864,-6.488506053211477e-17,-0.025000002210478576,6.408401040208867e-17,0.01768043379462406,0.025000002210478576,,,,550,PBE,172,8,-18.171083,3
3-skew-one-plane,skew-x-toward-z-by-minus-0.025,2-accurate-hse06-atoms-fixed,3-skew-one-plane/skew-x-toward-z-by-minus-0.025/2-accurate-hse06-atoms-fixed,11.346172820578163,4.4209571892217525e-08,4.4209571892217525e-08,0.00031254423720283864,-6.488506053211477e-17,-0.025000002210478576,6.408401040208867e-17,0.01768043379462406,0.025000002210478576,.TRUE.,0.27,,550,HSE,172,8,-21.308587,1
3-skew-one-plane,skew-x-toward-z-by-minus-0.030,1-cheap-pbe-atoms-relaxed,3-skew-one-plane/skew-x-toward-z-by-minus-0.030/1-cheap-pbe-atoms-relaxed,11.346172820578163,4.4209571892217525e-08,4.4209571892217525e-08,0.0004500442493604595,-6.504527055812e-17,-0.03000000265257429,6.408401040208867e-17,0.021217978683360103,0.03000000265257429,,,,550,PBE,172,8,-18.16557,3
3-skew-one-plane,skew-x-toward-z-by-minus-0.030,2-accurate-hse06-atoms-fixed,3-skew-one-plane/skew-x-toward-z-by-minus-0.030/2-accurate-hse06-atoms-fixed,11.346172820578163,4.4209571892217525e-08,4.4209571892217525e-08,0.0004500442493604595,-6.504527055812e-17,-0.03000000265257429,6.408401040208867e-17,0.021217978683360103,0.03000000265257429,.TRUE.,0.27,,550,HSE,172,8,-21.302845,1
3-skew-one-plane,skew-x-toward-z-by-minus-0.035,1-cheap-pbe-atoms-relaxed,3-skew-one-plane/skew-x-toward-z-by-minus-0.035/1-cheap-pbe-atoms-relaxed,11.346172820578163,4.4209571892217525e-08,4.4209571892217525e-08,0.0006125442637285872,-6.520548058412521e-17,-0.03500000309467001,6.408401040208867e-17,0.02475631876496162,0.03500000309467001,,,,550,PBE,172,8,-18.15904,3
3-skew-one-plane,skew-x-toward-z-by-minus-0.035,2-accurate-hse06-atoms-fixed,3-skew-one-plane/skew-x-toward-z-by-minus-0.035/2-accurate-hse06-atoms-fixed,11.346172820578163,4.4209571892217525e-08,4.4209571892217525e-08,0.0006125442637285872,-6.520548058412521e-17,-0.035000003094669954,6.408401040208867e-17,0.024756318764961583,0.035000003094669954,.TRUE.,0.27,,550,HSE,172,8,-21.296042,1
3-skew-one-plane,skew-x-toward-z-by-minus-0.040,1-cheap-pbe-atoms-relaxed,3-skew-one-plane/skew-x-toward-z-by-minus-0.040/1-cheap-pbe-atoms-relaxed,11.346172820578163,4.4209571892217525e-08,4.4209571892217525e-08,0.0008000442803072216,-6.536569061013043e-17,-0.04000000353676572,6.408401040208867e-17,0.02829558644603424,0.04000000353676572,,,,550,PBE,172,8,-18.151534,3
3-skew-one-plane,skew-x-toward-z-by-minus-0.040,2-accurate-hse06-atoms-fixed,3-skew-one-plane/skew-x-toward-z-by-minus-0.040/2-accurate-hse06-atoms-fixed,11.346172820578163,4.4209571892217525e-08,4.4209571892217525e-08,0.0008000442803072216,-6.536569061013043e-17,-0.04000000353676572,6.408401040208867e-17,0.02829558644603424,0.04000000353676572,.TRUE.,0.27,,550,HSE,172,8,-21.288222,1
3-skew-one-plane,skew-x-toward-z-by-minus-0.045,1-cheap-pbe-atoms-relaxed,3-skew-one-plane/skew-x-toward-z-by-minus-0.045/1-cheap-pbe-atoms-relaxed,11.346172820578163,4.4209571892217525e-08,4.4209571892217525e-08,0.0010125442990962519,-6.552590063613566e-17,-0.04500000397886144,6.408401040208867e-17,0.03183591407530674,0.04500000397886144,,,,550,PBE,172,8,-18.143004,3
3-skew-one-plane,skew-x-toward-z-by-minus-0.045,2-accurate-hse06-atoms-fixed,3-skew-one-plane/skew-x-toward-z-by-minus-0.045/2-accurate-hse06-atoms-fixed,11.346172820578163,4.4209571892217525e-08,4.4209571892217525e-08,0.0010125442990962519,-6.552590063613566e-17,-0.04500000397886144,6.408401040208867e-17,0.03183591407530674,0.04500000397886144,.TRUE.,0.27,,550,HSE,172,8,-21.279336,1
3-skew-one-plane,skew-x-toward-z-by-minus-0.050,1-cheap-pbe-atoms-relaxed,3-skew-one-plane/skew-x-toward-z-by-minus-0.050/1-cheap-pbe-atoms-relaxed,11.346172820578163,4.4209571892217525e-08,4.4209571892217525e-08,0.001250044320095789,-6.568611066214088e-17,-0.05000000442095715,6.408401040208867e-17,0.03537743393540549,0.05000000442095715,,,,550,PBE,172,8,-18.133494,3
3-skew-one-plane,skew-x-toward-z-by-minus-0.050,2-accurate-hse06-atoms-fixed,3-skew-one-plane/skew-x-toward-z-by-minus-0.050/2-accurate-hse06-atoms-fixed,11.346172820578163,4.420957211426213e-08,4.4209571892217525e-08,0.001250044320095789,-6.013499529360268e-17,-0.050000004420957166,-4.6938296968675356e-17,0.0353774339354055,0.050000004420957166,.TRUE.,0.27,,550,HSE,172,8,-21.269427,1
3-skew-one-plane,skew-x-toward-z-by-minus-0.055,1-cheap-pbe-atoms-relaxed,3-skew-one-plane/skew-x-toward-z-by-minus-0.055/1-cheap-pbe-atoms-relaxed,11.346172820578163,4.4209571892217525e-08,4.4209571892217525e-08,0.0015125443433058328,-6.58463206881461e-17,-0.055000004863052926,6.408401040208867e-17,0.0389202782346465,0.055000004863052926,,,,550,PBE,172,8,-18.122973,3
3-skew-one-plane,skew-x-toward-z-by-minus-0.055,2-accurate-hse06-atoms-fixed,3-skew-one-plane/skew-x-toward-z-by-minus-0.055/2-accurate-hse06-atoms-fixed,11.346172820578163,4.4209571892217525e-08,4.4209571892217525e-08,0.0015125443433058328,-6.58463206881461e-17,-0.05500000486305287,6.408401040208867e-17,0.038920278234646465,0.05500000486305287,.TRUE.,0.27,,550,HSE,172,8,-21.258464,1
3-skew-one-plane,skew-x-toward-z-by-minus-0.060,1-cheap-pbe-atoms-relaxed,3-skew-one-plane/skew-x-toward-z-by-minus-0.060/1-cheap-pbe-atoms-relaxed,11.346172820578163,4.4209571892217525e-08,4.4209571892217525e-08,0.0018000443687263834,-6.600653071415132e-17,-0.06000000530514858,6.408401040208867e-17,0.042464579098846864,0.06000000530514858,,,,550,PBE,172,8,-18.111447,3
3-skew-one-plane,skew-x-toward-z-by-minus-0.060,2-accurate-hse06-atoms-fixed,3-skew-one-plane/skew-x-toward-z-by-minus-0.060/2-accurate-hse06-atoms-fixed,11.346172820578163,4.4209571892217525e-08,4.4209571892217525e-08,0.0018000443687263834,-6.600653071415132e-17,-0.06000000530514858,6.408401040208867e-17,0.042464579098846864,0.06000000530514858,.TRUE.,0.27,,550,HSE,172,8,-21.246454,1
3-skew-one-plane,skew-x-toward-z-by-minus-0.065,1-cheap-pbe-atoms-relaxed,3-skew-one-plane/skew-x-toward-z-by-minus-0.065/1-cheap-pbe-atoms-relaxed,11.346172820578163,4.4209571892217525e-08,4.4209571892217525e-08,0.00211254439635733,-6.616674074015654e-17,-0.0650000057472443,6.408401040208867e-17,0.04601046856315838,0.0650000057472443,,,,550,PBE,172,8,-18.098905,3
3-skew-one-plane,skew-x-toward-z-by-minus-0.065,2-accurate-hse06-atoms-fixed,3-skew-one-plane/skew-x-toward-z-by-minus-0.065/2-accurate-hse06-atoms-fixed,11.346172820578163,4.4209571892217525e-08,4.4209571892217525e-08,0.00211254439635733,-6.616674074015654e-17,-0.0650000057472443,6.408401040208867e-17,0.04601046856315838,0.0650000057472443,.TRUE.,0.27,,550,HSE,172,8,-21.233384,1
3-skew-one-plane,skew-x-toward-z-by-minus-0.070,1-cheap-pbe-atoms-relaxed,3-skew-one-plane/skew-x-toward-z-by-minus-0.070/1-cheap-pbe-atoms-relaxed,11.346172820578163,4.4209571892217525e-08,4.4209571892217525e-08,0.002450044426198783,-6.632695076616177e-17,-0.07000000618934007,6.408401040208867e-17,0.04955807856392418,0.07000000618934007,,,,550,PBE,172,8,-18.085388,3
3-skew-one-plane,skew-x-toward-z-by-minus-0.070,2-accurate-hse06-atoms-fixed,3-skew-one-plane/skew-x-toward-z-by-minus-0.070/2-accurate-hse06-atoms-fixed,11.346172820578163,4.4209571892217525e-08,4.4209571892217525e-08,0.002450044426198783,-6.632695076616177e-17,-0.07000000618934007,6.408401040208867e-17,0.04955807856392418,0.07000000618934007,.TRUE.,0.27,,550,HSE,172,8,-21.219299,1
3-skew-one-plane,skew-x-toward-z-by-minus-0.075,1-cheap-pbe-atoms-relaxed,3-skew-one-plane/skew-x-toward-z-by-minus-0.075/1-cheap-pbe-atoms-relaxed,11.346172820578163,4.4209571892217525e-08,4.4209571892217525e-08,0.002812544458250743,-6.648716079216699e-17,-0.07500000663143573,6.408401040208867e-17,0.05310754093056134,0.07500000663143573,,,,550,PBE,172,8,-18.070871,3
3-skew-one-plane,skew-x-toward-z-by-minus-0.075,2-accurate-hse06-atoms-fixed,3-skew-one-plane/skew-x-toward-z-by-minus-0.075/2-accurate-hse06-atoms-fixed,11.346172820578163,4.4209571892217525e-08,4.4209571892217525e-08,0.002812544458250743,-6.648716079216699e-17,-0.07500000663143573,6.408401040208867e-17,0.05310754093056134,0.07500000663143573,.TRUE.,0.27,,550,HSE,172,8,-21.204171,1
3-skew-one-plane,skew-x-toward-z-by-minus-0.080,1-cheap-pbe-atoms-relaxed,3-skew-one-plane/skew-x-toward-z-by-minus-0.080/1-cheap-pbe-atoms-relaxed,11.346172820578163,4.4209571892217525e-08,4.4209571892217525e-08,0.003200044492513099,-6.66473708181722e-17,-0.08000000707353144,6.408401040208867e-17,0.05665898737747184,0.08000000707353144,,,,550,PBE,172,8,-18.055347,3
3-skew-one-plane,skew-x-toward-z-by-minus-0.080,2-accurate-hse06-atoms-fixed,3-skew-one-plane/skew-x-toward-z-by-minus-0.080/2-accurate-hse06-atoms-fixed,11.346172820578163,4.4209571892217525e-08,4.4209571892217525e-08,0.003200044492513099,-6.66473708181722e-17,-0.08000000707353144,6.408401040208867e-17,0.05665898737747184,0.08000000707353144,.TRUE.,0.27,,550,HSE,172,8,-21.187992,1
3-skew-one-plane,skew-x-toward-z-by-minus-0.085,1-cheap-pbe-atoms-relaxed,3-skew-one-plane/skew-x-toward-z-by-minus-0.085/1-cheap-pbe-atoms-relaxed,11.346172820578163,4.4209571892217525e-08,4.4209571892217525e-08,0.0036125445289860725,-6.680758084417743e-17,-0.08500000751562721,6.408401040208867e-17,0.06021254949598263,0.08500000751562721,,,,550,PBE,172,8,-18.038833,3
3-skew-one-plane,skew-x-toward-z-by-minus-0.085,2-accurate-hse06-atoms-fixed,3-skew-one-plane/skew-x-toward-z-by-minus-0.085/2-accurate-hse06-atoms-fixed,11.346172820578163,4.4209571892217525e-08,4.4209571892217525e-08,0.0036125445289860725,-6.680758084417743e-17,-0.08500000751562721,6.408401040208867e-17,0.06021254949598263,0.08500000751562721,.TRUE.,0.27,,550,HSE,172,8,-21.170783,1
3-skew-one-plane,skew-x-toward-z-by-minus-0.090,1-cheap-pbe-atoms-relaxed,3-skew-one-plane/skew-x-toward-z-by-minus-0.090/1-cheap-pbe-atoms-relaxed,11.346172820578163,4.4209571892217525e-08,4.4209571892217525e-08,0.004050044567669442,-6.696779087018265e-17,-0.09000000795772294,6.408401040208867e-17,0.06376835874631802,0.09000000795772294,,,,550,PBE,172,8,-18.021307,3
3-skew-one-plane,skew-x-toward-z-by-minus-0.090,2-accurate-hse06-atoms-fixed,3-skew-one-plane/skew-x-toward-z-by-minus-0.090/2-accurate-hse06-atoms-fixed,11.346172820578163,4.4209571892217525e-08,4.4209571892217525e-08,0.004050044567669442,-6.696779087018265e-17,-0.09000000795772294,6.408401040208867e-17,0.06376835874631802,0.09000000795772294,.TRUE.,0.27,,550,HSE,172,8,-21.152517,1
3-skew-one-plane,skew-x-toward-z-by-minus-0.095,1-cheap-pbe-atoms-relaxed,3-skew-one-plane/skew-x-toward-z-by-minus-0.095/1-cheap-pbe-atoms-relaxed,11.346172820578163,4.4209571892217525e-08,4.4209571892217525e-08,0.004512544608563207,-6.712800089618787e-17,-0.09500000839981859,6.408401040208867e-17,0.06732654644960621,0.09500000839981859,,,,550,PBE,172,8,-18.002783,3
3-skew-one-plane,skew-x-toward-z-by-minus-0.095,2-accurate-hse06-atoms-fixed,3-skew-one-plane/skew-x-toward-z-by-minus-0.095/2-accurate-hse06-atoms-fixed,11.346172820578163,4.4209571892217525e-08,4.4209571892217525e-08,0.004512544608563207,-6.712800089618787e-17,-0.09500000839981859,6.408401040208867e-17,0.06732654644960621,0.09500000839981859,.TRUE.,0.27,,550,HSE,172,8,-21.133208,1
3-skew-one-plane,skew-x-toward-z-by-minus-0.100,1-cheap-pbe-atoms-relaxed,3-skew-one-plane/skew-x-toward-z-by-minus-0.100/1-cheap-pbe-atoms-relaxed,11.346172820578163,4.4209571892217525e-08,4.4209571892217525e-08,0.00500004465166759,-6.72882109221931e-17,-0.10000000884191436,6.408401040208867e-17,0.07088724377992174,0.10000000884191436,,,,550,PBE,172,8,-17.983273,3
3-skew-one-plane,skew-x-toward-z-by-minus-0.100,2-accurate-hse06-atoms-fixed,3-skew-one-plane/skew-x-toward-z-by-minus-0.100/2-accurate-hse06-atoms-fixed,11.346172820578163,4.4209571892217525e-08,4.4209571892217525e-08,0.00500004465166759,-6.72882109221931e-17,-0.10000000884191436,6.408401040208867e-17,0.07088724377992174,0.10000000884191436,.TRUE.,0.27,,550,HSE,172,8,-21.11287,1
3-skew-one-plane,skew-x-toward-z-by-plus-0.005,1-cheap-pbe-atoms-relaxed,3-skew-one-plane/skew-x-toward-z-by-plus-0.005/1-cheap-pbe-atoms-relaxed,11.346172820578163,4.4209571892217525e-08,4.4209571892217525e-08,1.2544210677090106e-05,-6.392380037608344e-17,0.005000000442095715,6.408401040208867e-17,0.0035355564726941018,0.005000000442095715,,,,550,PBE,172,8,-18.183122,3
3-skew-one-plane,skew-x-toward-z-by-plus-0.005,2-accurate-hse06-atoms-fixed,3-skew-one-plane/skew-x-toward-z-by-plus-0.005/2-accurate-hse06-atoms-fixed,11.346172820578163,4.4209571892217525e-08,4.4209571892217525e-08,1.2544210677090106e-05,-6.392380037608344e-17,0.005000000442095715,6.408401040208867e-17,0.0035355564726941018,0.005000000442095715,.TRUE.,0.27,,550,HSE,172,8,-21.321131,1
3-skew-one-plane,skew-x-toward-z-by-plus-0.010,1-cheap-pbe-atoms-relaxed,3-skew-one-plane/skew-x-toward-z-by-plus-0.010/1-cheap-pbe-atoms-relaxed,11.346172820578163,4.4209571892217525e-08,4.4209571892217525e-08,5.0044213992794795e-05,-6.376359035007822e-17,0.010000000884191541,6.408401040208867e-17,0.00707124552460024,0.010000000884191541,,,,550,PBE,172,8,-18.181615,3
3-skew-one-plane,skew-x-toward-z-by-plus-0.010,2-accurate-hse06-atoms-fixed,3-skew-one-plane/skew-x-toward-z-by-plus-0.010/2-accurate-hse06-atoms-fixed,11.346172820578163,4.4209571892217525e-08,4.4209571892217525e-08,5.0044213992794795e-05,-6.376359035007822e-17,0.010000000884191541,6.408401040208867e-17,0.00707124552460024,0.010000000884191541,.TRUE.,0.27,,550,HSE,172,8,-21.319561,1
3-skew-one-plane,skew-x-toward-z-by-plus-0.015,1-cheap-pbe-atoms-relaxed,3-skew-one-plane/skew-x-toward-z-by-plus-0.015/1-cheap-pbe-atoms-relaxed,11.346172820578163,4.4209571892217525e-08,4.4209571892217525e-08,0.00011254421951900628,-6.3603380324073e-17,0.015000001326287146,6.408401040208867e-17,0.01060719972940852,0.015000001326287146,,,,550,PBE,172,8,-18.179098,3
3-skew-one-plane,skew-x-toward-z-by-plus-0.015,2-accurate-hse06-atoms-fixed,3-skew-one-plane/skew-x-toward-z-by-plus-0.015/2-accurate-hse06-atoms-fixed,11.346172820578163,4.4209571892217525e-08,4.4209571892217525e-08,0.00011254421951900628,-6.3603380324073e-17,0.015000001326287146,6.408401040208867e-17,0.01060719972940852,0.015000001326287146,.TRUE.,0.27,,550,HSE,172,8,-21.316936,1
3-skew-one-plane,skew-x-toward-z-by-plus-0.020,1-cheap-pbe-atoms-relaxed,3-skew-one-plane/skew-x-toward-z-by-plus-0.020/1-cheap-pbe-atoms-relaxed,11.346172820578163,4.4209571892217525e-08,4.4209571892217525e-08,0.00020004422725572457,-6.344317029806778e-17,0.02000000176838286,6.408401040208867e-17,0.014143551642512785,0.02000000176838286,,,,550,PBE,172,8,-18.175596,3
3-skew-one-plane,skew-x-toward-z-by-plus-0.020,2-accurate-hse06-atoms-fixed,3-skew-one-plane/skew-x-toward-z-by-plus-0.020/2-accurate-hse06-atoms-fixed,11.346172820578163,4.4209571892217525e-08,4.4209571892217525e-08,0.00020004422725572457,-6.344317029806778e-17,0.02000000176838286,6.408401040208867e-17,0.014143551642512785,0.02000000176838286,.TRUE.,0.27,,550,HSE,172,8,-21.313289,1
3-skew-one-plane,skew-x-toward-z-by-plus-0.025,1-cheap-pbe-atoms-relaxed,3-skew-one-plane/skew-x-toward-z-by-plus-0.025/1-cheap-pbe-atoms-relaxed,11.346172820578163,4.4209571892217525e-08,4.4209571892217525e-08,0.00031254423720283864,-6.328296027206256e-17,0.025000002210478687,6.408401040208867e-17,0.01768043379462414,0.025000002210478687,,,,550,PBE,172,8,-18.171083,3
3-skew-one-plane,skew-x-toward-z-by-plus-0.025,2-accurate-hse06-atoms-fixed,3-skew-one-plane/skew-x-toward-z-by-plus-0.025/2-accurate-hse06-atoms-fixed,11.346172820578163,4.420957211426213e-08,4.4209571892217525e-08,0.00031254423720283864,-6.605851795633166e-17,0.025000002210478694,-4.6938296968675356e-17,0.017680433794624143,0.025000002210478694,.TRUE.,0.27,,550,HSE,172,8,-21.308587,1
3-skew-one-plane,skew-x-toward-z-by-plus-0.030,1-cheap-pbe-atoms-relaxed,3-skew-one-plane/skew-x-toward-z-by-plus-0.030/1-cheap-pbe-atoms-relaxed,11.346172820578163,4.4209571892217525e-08,4.4209571892217525e-08,0.0004500442493604595,-6.312275024605733e-17,0.03000000265257429,6.408401040208867e-17,0.021217978683360103,0.03000000265257429,,,,550,PBE,172,8,-18.16557,3
3-skew-one-plane,skew-x-toward-z-by-plus-0.030,2-accurate-hse06-atoms-fixed,3-skew-one-plane/skew-x-toward-z-by-plus-0.030/2-accurate-hse06-atoms-fixed,11.346172820578163,4.4209571892217525e-08,4.4209571892217525e-08,0.0004500442493604595,-6.312275024605733e-17,0.030000002652574402,6.408401040208867e-17,0.02121797868336018,0.030000002652574402,.TRUE.,0.27,,550,HSE,172,8,-21.302845,1
3-skew-one-plane,skew-x-toward-z-by-plus-0.035,1-cheap-pbe-atoms-relaxed,3-skew-one-plane/skew-x-toward-z-by-plus-0.035/1-cheap-pbe-atoms-relaxed,11.346172820578163,4.4209571892217525e-08,4.4209571892217525e-08,0.0006125442637285872,-6.296254022005211e-17,0.03500000309467001,6.408401040208867e-17,0.02475631876496162,0.03500000309467001,,,,550,PBE,172,8,-18.15904,3
3-skew-one-plane,skew-x-toward-z-by-plus-0.035,2-accurate-hse06-atoms-fixed,3-skew-one-plane/skew-x-toward-z-by-plus-0.035/2-accurate-hse06-atoms-fixed,11.346172820578163,4.4209571892217525e-08,4.4209571892217525e-08,0.0006125442637285872,-6.296254022005211e-17,0.03500000309467001,6.408401040208867e-17,0.02475631876496162,0.03500000309467001,.TRUE.,0.27,,550,HSE,172,8,-21.296042,1
3-skew-one-plane,skew-x-toward-z-by-plus-0.040,1-cheap-pbe-atoms-relaxed,3-skew-one-plane/skew-x-toward-z-by-plus-0.040/1-cheap-pbe-atoms-relaxed,11.346172820578163,4.4209571892217525e-08,4.4209571892217525e-08,0.0008000442803072216,-6.280233019404688e-17,0.04000000353676583,6.408401040208867e-17,0.028295586446034318,0.04000000353676583,,,,550,PBE,172,8,-18.151534,3
3-skew-one-plane,skew-x-toward-z-by-plus-0.040,2-accurate-hse06-atoms-fixed,3-skew-one-plane/skew-x-toward-z-by-plus-0.040/2-accurate-hse06-atoms-fixed,11.346172820578163,4.4209571892217525e-08,4.4209571892217525e-08,0.0008000442803072216,-6.280233019404688e-17,0.04000000353676583,6.408401040208867e-17,0.028295586446034318,0.04000000353676583,.TRUE.,0.27,,550,HSE,172,8,-21.288222,1
3-skew-one-plane,skew-x-toward-z-by-plus-0.045,1-cheap-pbe-atoms-relaxed,3-skew-one-plane/skew-x-toward-z-by-plus-0.045/1-cheap-pbe-atoms-relaxed,11.346172820578163,4.4209571892217525e-08,4.4209571892217525e-08,0.0010125442990962519,-6.264212016804166e-17,0.04500000397886155,6.408401040208867e-17,0.03183591407530682,0.04500000397886155,,,,550,PBE,172,8,-18.143004,3
3-skew-one-plane,skew-x-toward-z-by-plus-0.045,2-accurate-hse06-atoms-fixed,3-skew-one-plane/skew-x-toward-z-by-plus-0.045/2-accurate-hse06-atoms-fixed,11.346172820578163,4.4209571892217525e-08,4.4209571892217525e-08,0.0010125442990962519,-6.264212016804166e-17,0.04500000397886155,6.408401040208867e-17,0.03183591407530682,0.04500000397886155,.TRUE.,0.27,,550,HSE,172,8,-21.279336,1
3-skew-one-plane,skew-x-toward-z-by-plus-0.050,1-cheap-pbe-atoms-relaxed,3-skew-one-plane/skew-x-toward-z-by-plus-0.050/1-cheap-pbe-atoms-relaxed,11.346172820578163,4.4209571892217525e-08,4.4209571892217525e-08,0.001250044320095789,-6.248191014203645e-17,0.05000000442095715,6.408401040208867e-17,0.03537743393540549,0.05000000442095715,,,,550,PBE,172,8,-18.133494,3
3-skew-one-plane,skew-x-toward-z-by-plus-0.050,2-accurate-hse06-atoms-fixed,3-skew-one-plane/skew-x-toward-z-by-plus-0.050/2-accurate-hse06-atoms-fixed,11.346172820578163,4.4209571892217525e-08,4.4209571892217525e-08,0.001250044320095789,-6.248191014203645e-17,0.05000000442095726,6.408401040208867e-17,0.03537743393540557,0.05000000442095726,.TRUE.,0.27,,550,HSE,172,8,-21.269427,1
3-skew-one-plane,skew-x-toward-z-by-plus-0.055,1-cheap-pbe-atoms-relaxed,3-skew-one-plane/skew-x-toward-z-by-plus-0.055/1-cheap-pbe-atoms-relaxed,11.346172820578163,4.4209571892217525e-08,4.4209571892217525e-08,0.0015125443433058328,-6.232170011603122e-17,0.05500000486305298,6.408401040208867e-17,0.03892027823464654,0.05500000486305298,,,,550,PBE,172,8,-18.122973,3
3-skew-one-plane,skew-x-toward-z-by-plus-0.055,2-accurate-hse06-atoms-fixed,3-skew-one-plane/skew-x-toward-z-by-plus-0.055/2-accurate-hse06-atoms-fixed,11.346172820578163,4.420957211426213e-08,4.4209571892217525e-08,0.0015125443433058328,-6.842792702142325e-17,0.055000004863052995,-4.6938296968675356e-17,0.038920278234646555,0.055000004863052995,.TRUE.,0.27,,550,HSE,172,8,-21.258464,1
3-skew-one-plane,skew-x-toward-z-by-plus-0.060,1-cheap-pbe-atoms-relaxed,3-skew-one-plane/skew-x-toward-z-by-plus-0.060/1-cheap-pbe-atoms-relaxed,11.346172820578163,4.4209571892217525e-08,4.4209571892217525e-08,0.0018000443687263834,-6.2161490090026e-17,0.06000000530514869,6.408401040208867e-17,0.04246457909884694,0.06000000530514869,,,,550,PBE,172,8,-18.111447,3
3-skew-one-plane,skew-x-toward-z-by-plus-0.060,2-accurate-hse06-atoms-fixed,3-skew-one-plane/skew-x-toward-z-by-plus-0.060/2-accurate-hse06-atoms-fixed,11.346172820578163,4.4209571892217525e-08,4.4209571892217525e-08,0.0018000443687263834,-6.2161490090026e-17,0.06000000530514869,6.408401040208867e-17,0.04246457909884694,0.06000000530514869,.TRUE.,0.27,,550,HSE,172,8,-21.246454,1
3-skew-one-plane,skew-x-toward-z-by-plus-0.065,1-cheap-pbe-atoms-relaxed,3-skew-one-plane/skew-x-toward-z-by-plus-0.065/1-cheap-pbe-atoms-relaxed,11.346172820578163,4.4209571892217525e-08,4.4209571892217525e-08,0.00211254439635733,-6.200128006402078e-17,0.0650000057472444,6.408401040208867e-17,0.046010468563158456,0.0650000057472444,,,,550,PBE,172,8,-18.098904,3
3-skew-one-plane,skew-x-toward-z-by-plus-0.065,2-accurate-hse06-atoms-fixed,3-skew-one-plane/skew-x-toward-z-by-plus-0.065/2-accurate-hse06-atoms-fixed,11.346172820578163,4.4209571892217525e-08,4.4209571892217525e-08,0.00211254439635733,-6.200128006402078e-17,0.0650000057472443,6.408401040208867e-17,0.04601046856315838,0.0650000057472443,.TRUE.,0.27,,550,HSE,172,8,-21.233384,1
3-skew-one-plane,skew-x-toward-z-by-plus-0.070,1-cheap-pbe-atoms-relaxed,3-skew-one-plane/skew-x-toward-z-by-plus-0.070/1-cheap-pbe-atoms-relaxed,11.346172820578163,4.4209571892217525e-08,4.4209571892217525e-08,0.002450044426198783,-6.184107003801555e-17,0.07000000618934013,6.408401040208867e-17,0.04955807856392422,0.07000000618934013,,,,550,PBE,172,8,-18.085388,3
3-skew-one-plane,skew-x-toward-z-by-plus-0.070,2-accurate-hse06-atoms-fixed,3-skew-one-plane/skew-x-toward-z-by-plus-0.070/2-accurate-hse06-atoms-fixed,11.346172820578163,4.4209571892217525e-08,4.4209571892217525e-08,0.002450044426198783,-6.184107003801555e-17,0.07000000618934013,6.408401040208867e-17,0.04955807856392422,0.07000000618934013,.TRUE.,0.27,,550,HSE,172,8,-21.219299,1
3-skew-one-plane,skew-x-toward-z-by-plus-0.075,1-cheap-pbe-atoms-relaxed,3-skew-one-plane/skew-x-toward-z-by-plus-0.075/1-cheap-pbe-atoms-relaxed,11.346172820578163,4.4209571892217525e-08,4.4209571892217525e-08,0.002812544458250743,-6.168086001201034e-17,0.07500000663143584,6.408401040208867e-17,0.053107540930561414,0.07500000663143584,,,,550,PBE,172,8,-18.070871,3
3-skew-one-plane,skew-x-toward-z-by-plus-0.075,2-accurate-hse06-atoms-fixed,3-skew-one-plane/skew-x-toward-z-by-plus-0.075/2-accurate-hse06-atoms-fixed,11.346172820578163,4.4209571892217525e-08,4.4209571892217525e-08,0.002812544458250743,-6.168086001201034e-17,0.07500000663143584,6.408401040208867e-17,0.053107540930561414,0.07500000663143584,.TRUE.,0.27,,550,HSE,172,8,-21.204171,1
3-skew-one-plane,skew-x-toward-z-by-plus-0.080,1-cheap-pbe-atoms-relaxed,3-skew-one-plane/skew-x-toward-z-by-plus-0.080/1-cheap-pbe-atoms-relaxed,11.346172820578163,4.4209571892217525e-08,4.4209571892217525e-08,0.003200044492513099,-6.152064998600512e-17,0.08000000707353155,6.408401040208867e-17,0.056658987377471916,0.08000000707353155,,,,550,PBE,172,8,-18.055347,3
3-skew-one-plane,skew-x-toward-z-by-plus-0.080,2-accurate-hse06-atoms-fixed,3-skew-one-plane/skew-x-toward-z-by-plus-0.080/2-accurate-hse06-atoms-fixed,11.346172820578163,4.4209571892217525e-08,4.4209571892217525e-08,0.003200044492513099,-6.152064998600512e-17,0.08000000707353155,6.408401040208867e-17,0.056658987377471916,0.08000000707353155,.TRUE.,0.27,,550,HSE,172,8,-21.187992,1
3-skew-one-plane,skew-x-toward-z-by-plus-0.085,1-cheap-pbe-atoms-relaxed,3-skew-one-plane/skew-x-toward-z-by-plus-0.085/1-cheap-pbe-atoms-relaxed,11.346172820578163,4.4209571892217525e-08,4.4209571892217525e-08,0.0036125445289860725,-6.136043995999989e-17,0.08500000751562727,6.408401040208867e-17,0.06021254949598266,0.08500000751562727,,,,550,PBE,172,8,-18.038833,3
3-skew-one-plane,skew-x-toward-z-by-plus-0.085,2-accurate-hse06-atoms-fixed,3-skew-one-plane/skew-x-toward-z-by-plus-0.085/2-accurate-hse06-atoms-fixed,11.346172820578163,4.420957211426213e-08,4.4209571892217525e-08,0.0036125445289860725,-7.079733608651484e-17,0.0850000075156273,-4.6938296968675356e-17,0.06021254949598268,0.0850000075156273,.TRUE.,0.27,,550,HSE,172,8,-21.170783,1
3-skew-one-plane,skew-x-toward-z-by-plus-0.090,1-cheap-pbe-atoms-relaxed,3-skew-one-plane/skew-x-toward-z-by-plus-0.090/1-cheap-pbe-atoms-relaxed,11.346172820578163,4.4209571892217525e-08,4.4209571892217525e-08,0.004050044567669442,-6.120022993399467e-17,0.09000000795772299,6.408401040208867e-17,0.06376835874631806,0.09000000795772299,,,,550,PBE,172,8,-18.021307,3
3-skew-one-plane,skew-x-toward-z-by-plus-0.090,2-accurate-hse06-atoms-fixed,3-skew-one-plane/skew-x-toward-z-by-plus-0.090/2-accurate-hse06-atoms-fixed,11.346172820578163,4.4209571892217525e-08,4.4209571892217525e-08,0.004050044567669442,-6.120022993399467e-17,0.09000000795772299,6.408401040208867e-17,0.06376835874631806,0.09000000795772299,.TRUE.,0.27,,550,HSE,172,8,-21.152517,1
3-skew-one-plane,skew-x-toward-z-by-plus-0.095,1-cheap-pbe-atoms-relaxed,3-skew-one-plane/skew-x-toward-z-by-plus-0.095/1-cheap-pbe-atoms-relaxed,11.346172820578163,4.4209571892217525e-08,4.4209571892217525e-08,0.004512544608563207,-6.104001990798946e-17,0.0950000083998187,6.408401040208867e-17,0.0673265464496063,0.0950000083998187,,,,550,PBE,172,8,-18.002784,3
3-skew-one-plane,skew-x-toward-z-by-plus-0.095,2-accurate-hse06-atoms-fixed,3-skew-one-plane/skew-x-toward-z-by-plus-0.095/2-accurate-hse06-atoms-fixed,11.346172820578163,4.4209571892217525e-08,4.4209571892217525e-08,0.004512544608563207,-6.104001990798946e-17,0.0950000083998187,6.408401040208867e-17,0.0673265464496063,0.0950000083998187,.TRUE.,0.27,,550,HSE,172,8,-21.133209,1
3-skew-one-plane,skew-x-toward-z-by-plus-0.100,1-cheap-pbe-atoms-relaxed,3-skew-one-plane/skew-x-toward-z-by-plus-0.100/1-cheap-pbe-atoms-relaxed,11.346172820578163,4.420957211426213e-08,4.4209571892217525e-08,0.00500004465166759,-7.198204061906063e-17,0.10000000884191444,-4.6938296968675356e-17,0.0708872437799218,0.10000000884191444,,,,550,PBE,172,8,-17.983274,3
3-skew-one-plane,skew-x-toward-z-by-plus-0.100,2-accurate-hse06-atoms-fixed,3-skew-one-plane/skew-x-toward-z-by-plus-0.100/2-accurate-hse06-atoms-fixed,11.346172820578163,4.4209571892217525e-08,4.4209571892217525e-08,0.00500004465166759,-6.087980988198423e-17,0.10000000884191441,6.408401040208867e-17,0.07088724377992178,0.10000000884191441,.TRUE.,0.27,,550,HSE,172,8,-21.112871,1
3-skew-one-plane,skew-y-toward-z-by-minus-0.005,1-cheap-pbe-atoms-relaxed,3-skew-one-plane/skew-y-toward-z-by-minus-0.005/1-cheap-pbe-atoms-relaxed,11.346172820578163,4.4209571892217525e-08,4.420957211426213e-08,1.2544210677090106e-05,-0.005000000442095726,3.9490151084859366e-19,-4.6938296968675356e-17,0.0035355564726941087,0.005000000442095726,,,,550,PBE,172,8,-18.183122,3
3-skew-one-plane,skew-y-toward-z-by-minus-0.005,2-accurate-hse06-atoms-fixed,3-skew-one-plane/skew-y-toward-z-by-minus-0.005/2-accurate-hse06-atoms-fixed,11.346172820578163,4.4209571892217525e-08,4.4209571892217525e-08,1.2544210677090106e-05,-0.005000000442095724,-1.6021002600522602e-19,6.408401040208867e-17,0.003535556472694108,0.005000000442095724,.TRUE.,0.27,,550,HSE,172,8,-21.321131,1
3-skew-one-plane,skew-y-toward-z-by-minus-0.010,1-cheap-pbe-atoms-relaxed,3-skew-one-plane/skew-y-toward-z-by-minus-0.010/1-cheap-pbe-atoms-relaxed,11.346172820578163,4.4209571892217525e-08,4.4209571892217525e-08,5.0044213992794795e-05,-0.010000000884191493,-3.204200520104493e-19,6.408401040208867e-17,0.0070712455246002065,0.010000000884191493,,,,550,PBE,172,8,-18.181615,3
3-skew-one-plane,skew-y-toward-z-by-minus-0.010,2-accurate-hse06-atoms-fixed,3-skew-one-plane/skew-y-toward-z-by-minus-0.010/2-accurate-hse06-atoms-fixed,11.346172820578163,4.4209571892217525e-08,4.4209571892217525e-08,5.0044213992794795e-05,-0.010000000884191493,-3.204200520104493e-19,6.408401040208867e-17,0.0070712455246002065,0.010000000884191493,.TRUE.,0.27,,550,HSE,172,8,-21.319561,1
3-skew-one-plane,skew-y-toward-z-by-minus-0.015,1-cheap-pbe-atoms-relaxed,3-skew-one-plane/skew-y-toward-z-by-minus-0.015/1-cheap-pbe-atoms-relaxed,11.346172820578163,4.4209571892217525e-08,4.4209571892217525e-08,0.00011254421951900628,-0.015000001326287208,-4.806300780156664e-19,6.408401040208867e-17,0.010607199729408564,0.015000001326287208,,,,550,PBE,172,8,-18.179098,3
3-skew-one-plane,skew-y-toward-z-by-minus-0.015,2-accurate-hse06-atoms-fixed,3-skew-one-plane/skew-y-toward-z-by-minus-0.015/2-accurate-hse06-atoms-fixed,11.346172820578163,4.4209571892217525e-08,4.4209571892217525e-08,0.00011254421951900628,-0.015000001326287208,-4.806300780156664e-19,6.408401040208867e-17,0.010607199729408564,0.015000001326287208,.TRUE.,0.27,,550,HSE,172,8,-21.316936,1
3-skew-one-plane,skew-y-toward-z-by-minus-0.020,1-cheap-pbe-atoms-relaxed,3-skew-one-plane/skew-y-toward-z-by-minus-0.020/1-cheap-pbe-atoms-relaxed,11.346172820578163,4.4209571892217525e-08,4.420957211426213e-08,0.00020004422725572457,-0.020000001768382875,1.5796060433943889e-18,-4.6938296968675356e-17,0.014143551642512795,0.020000001768382875,,,,550,PBE,172,8,-18.175596,3
3-skew-one-plane,skew-y-toward-z-by-minus-0.020,2-accurate-hse06-atoms-fixed,3-skew-one-plane/skew-y-toward-z-by-minus-0.020/2-accurate-hse06-atoms-fixed,11.346172820578163,4.4209571892217525e-08,4.420957211426213e-08,0.00020004422725572457,-0.020000001768382875,1.5796060433943889e-18,-4.6938296968675356e-17,0.014143551642512795,0.020000001768382875,.TRUE.,0.27,,550,HSE,172,8,-21.313289,1
3-skew-one-plane,skew-y-toward-z-by-minus-0.025,1-cheap-pbe-atoms-relaxed,3-skew-one-plane/skew-y-toward-z-by-minus-0.025/1-cheap-pbe-atoms-relaxed,11.346172820578163,4.4209571892217525e-08,4.4209571892217525e-08,0.00031254423720283864,-0.02500000221047864,-8.010501300261131e-19,6.408401040208867e-17,0.017680433794624105,0.02500000221047864,,,,550,PBE,172,8,-18.171083,3
3-skew-one-plane,skew-y-toward-z-by-minus-0.025,2-accurate-hse06-atoms-fixed,3-skew-one-plane/skew-y-toward-z-by-minus-0.025/2-accurate-hse06-atoms-fixed,11.346172820578163,4.4209571892217525e-08,4.4209571892217525e-08,0.00031254423720283864,-0.02500000221047864,-8.010501300261131e-19,6.408401040208867e-17,0.017680433794624105,0.02500000221047864,.TRUE.,0.27,,550,HSE,172,8,-21.308587,1
3-skew-one-plane,skew-y-toward-z-by-minus-0.030,1-cheap-pbe-atoms-relaxed,3-skew-one-plane/skew-y-toward-z-by-minus-0.030/1-cheap-pbe-atoms-relaxed,11.346172820578163,4.4209571892217525e-08,4.4209571892217525e-08,0.0004500442493604595,-0.030000002652574354,-9.612601560313302e-19,6.408401040208867e-17,0.021217978683360145,0.030000002652574354,,,,550,PBE,172,8,-18.16557,3
3-skew-one-plane,skew-y-toward-z-by-minus-0.030,2-accurate-hse06-atoms-fixed,3-skew-one-plane/skew-y-toward-z-by-minus-0.030/2-accurate-hse06-atoms-fixed,11.346172820578163,4.4209571892217525e-08,4.4209571892217525e-08,0.0004500442493604595,-0.030000002652574354,-9.612601560313302e-19,6.408401040208867e-17,0.021217978683360145,0.030000002652574354,.TRUE.,0.27,,550,HSE,172,8,-21.302845,1
3-skew-one-plane,skew-y-toward-z-by-minus-0.035,1-cheap-pbe-atoms-relaxed,3-skew-one-plane/skew-y-toward-z-by-minus-0.035/1-cheap-pbe-atoms-relaxed,11.346172820578163,4.4209571892217525e-08,4.420957211426213e-08,0.0006125442637285872,-0.03500000309467003,2.764310575940184e-18,-4.6938296968675356e-17,0.024756318764961635,0.03500000309467003,,,,550,PBE,172,8,-18.15904,3
3-skew-one-plane,skew-y-toward-z-by-minus-0.035,2-accurate-hse06-atoms-fixed,3-skew-one-plane/skew-y-toward-z-by-minus-0.035/2-accurate-hse06-atoms-fixed,11.346172820578163,4.4209571892217525e-08,4.420957211426213e-08,0.0006125442637285872,-0.03500000309467003,2.764310575940184e-18,-4.6938296968675356e-17,0.024756318764961635,0.03500000309467003,.TRUE.,0.27,,550,HSE,172,8,-21.296042,1
3-skew-one-plane,skew-y-toward-z-by-minus-0.040,1-cheap-pbe-atoms-relaxed,3-skew-one-plane/skew-y-toward-z-by-minus-0.040/1-cheap-pbe-atoms-relaxed,11.346172820578163,4.4209571892217525e-08,4.4209571892217525e-08,0.0008000442803072216,-0.04000000353676579,-1.2816802080417768e-18,6.408401040208867e-17,0.028295586446034287,0.04000000353676579,,,,550,PBE,172,8,-18.151534,3
3-skew-one-plane,skew-y-toward-z-by-minus-0.040,2-accurate-hse06-atoms-fixed,3-skew-one-plane/skew-y-toward-z-by-minus-0.040/2-accurate-hse06-atoms-fixed,11.346172820578163,4.4209571892217525e-08,4.4209571892217525e-08,0.0008000442803072216,-0.04000000353676579,-1.2816802080417768e-18,6.408401040208867e-17,0.028295586446034287,0.04000000353676579,.TRUE.,0.27,,550,HSE,172,8,-21.288222,1
3-skew-one-plane,skew-y-toward-z-by-minus-0.045,1-cheap-pbe-atoms-relaxed,3-skew-one-plane/skew-y-toward-z-by-minus-0.045/1-cheap-pbe-atoms-relaxed,11.346172820578163,4.4209571892217525e-08,4.4209571892217525e-08,0.0010125442990962519,-0.04500000397886151,-1.4418902340470001e-18,6.408401040208867e-17,0.03183591407530679,0.04500000397886151,,,,550,PBE,172,8,-18.143004,3
3-skew-one-plane,skew-y-toward-z-by-minus-0.045,2-accurate-hse06-atoms-fixed,3-skew-one-plane/skew-y-toward-z-by-minus-0.045/2-accurate-hse06-atoms-fixed,11.346172820578163,4.4209571892217525e-08,4.4209571892217525e-08,0.0010125442990962519,-0.04500000397886151,-1.4418902340470001e-18,6.408401040208867e-17,0.03183591407530679,0.04500000397886151,.TRUE.,0.27,,550,HSE,172,8,-21.279336,1
3-skew-one-plane,skew-y-toward-z-by-minus-0.050,1-cheap-pbe-atoms-relaxed,3-skew-one-plane/skew-y-toward-z-by-minus-0.050/1-cheap-pbe-atoms-relaxed,11.346172820578163,4.4209571892217525e-08,4.420957211426213e-08,0.001250044320095789,-0.05000000442095718,3.949015108485979e-18,-4.6938296968675356e-17,0.03537743393540552,0.05000000442095718,,,,550,PBE,172,8,-18.133494,3
3-skew-one-plane,skew-y-toward-z-by-minus-0.050,2-accurate-hse06-atoms-fixed,3-skew-one-plane/skew-y-toward-z-by-minus-0.050/2-accurate-hse06-atoms-fixed,11.346172820578163,4.4209571892217525e-08,4.420957211426213e-08,0.001250044320095789,-0.05000000442095718,3.949015108485979e-18,-4.6938296968675356e-17,0.03537743393540552,0.05000000442095718,.TRUE.,0.27,,550,HSE,172,8,-21.269427,1
3-skew-one-plane,skew-y-toward-z-by-minus-0.055,1-cheap-pbe-atoms-relaxed,3-skew-one-plane/skew-y-toward-z-by-minus-0.055/1-cheap-pbe-atoms-relaxed,11.346172820578163,4.4209571892217525e-08,4.4209571892217525e-08,0.0015125443433058328,-0.05500000486305294,-1.7623102860574405e-18,6.408401040208867e-17,0.03892027823464651,0.05500000486305294,,,,550,PBE,172,8,-18.122973,3
3-skew-one-plane,skew-y-toward-z-by-minus-0.055,2-accurate-hse06-atoms-fixed,3-skew-one-plane/skew-y-toward-z-by-minus-0.055/2-accurate-hse06-atoms-fixed,11.346172820578163,4.4209571892217525e-08,4.4209571892217525e-08,0.0015125443433058328,-0.05500000486305294,-1.7623102860574405e-18,6.408401040208867e-17,0.03892027823464651,0.05500000486305294,.TRUE.,0.27,,550,HSE,172,8,-21.258464,1
3-skew-one-plane,skew-y-toward-z-by-minus-0.060,1-cheap-pbe-atoms-relaxed,3-skew-one-plane/skew-y-toward-z-by-minus-0.060/1-cheap-pbe-atoms-relaxed,11.346172820578163,4.4209571892217525e-08,4.4209571892217525e-08,0.0018000443687263834,-0.06000000530514865,-1.922520312062664e-18,6.408401040208867e-17,0.04246457909884691,0.06000000530514865,,,,550,PBE,172,8,-18.111447,3
3-skew-one-plane,skew-y-toward-z-by-minus-0.060,2-accurate-hse06-atoms-fixed,3-skew-one-plane/skew-y-toward-z-by-minus-0.060/2-accurate-hse06-atoms-fixed,11.346172820578163,4.4209571892217525e-08,4.4209571892217525e-08,0.0018000443687263834,-0.06000000530514871,-1.922520312062664e-18,6.408401040208867e-17,0.04246457909884695,0.06000000530514871,.TRUE.,0.27,,550,HSE,172,8,-21.246454,1
3-skew-one-plane,skew-y-toward-z-by-minus-0.065,1-cheap-pbe-atoms-relaxed,3-skew-one-plane/skew-y-toward-z-by-minus-0.065/1-cheap-pbe-atoms-relaxed,11.346172820578163,4.4209571892217525e-08,4.4209571892217525e-08,0.00211254439635733,-0.06500000574724435,-2.082730338067881e-18,6.408401040208867e-17,0.046010468563158415,0.06500000574724435,,,,550,PBE,172,8,-18.098905,3
3-skew-one-plane,skew-y-toward-z-by-minus-0.065,2-accurate-hse06-atoms-fixed,3-skew-one-plane/skew-y-toward-z-by-minus-0.065/2-accurate-hse06-atoms-fixed,11.346172820578163,4.4209571892217525e-08,4.4209571892217525e-08,0.00211254439635733,-0.06500000574724435,-2.082730338067881e-18,6.408401040208867e-17,0.046010468563158415,0.06500000574724435,.TRUE.,0.27,,550,HSE,172,8,-21.233384,1
3-skew-one-plane,skew-y-toward-z-by-minus-0.070,1-cheap-pbe-atoms-relaxed,3-skew-one-plane/skew-y-toward-z-by-minus-0.070/1-cheap-pbe-atoms-relaxed,11.346172820578163,4.4209571892217525e-08,4.4209571892217525e-08,0.002450044426198783,-0.07000000618934013,-2.2429403640731043e-18,6.408401040208867e-17,0.04955807856392422,0.07000000618934013,,,,550,PBE,172,8,-18.085388,3
3-skew-one-plane,skew-y-toward-z-by-minus-0.070,2-accurate-hse06-atoms-fixed,3-skew-one-plane/skew-y-toward-z-by-minus-0.070/2-accurate-hse06-atoms-fixed,11.346172820578163,4.4209571892217525e-08,4.4209571892217525e-08,0.002450044426198783,-0.07000000618934013,-2.2429403640731043e-18,6.408401040208867e-17,0.04955807856392422,0.07000000618934013,.TRUE.,0.27,,550,HSE,172,8,-21.219299,1
3-skew-one-plane,skew-y-toward-z-by-minus-0.075,1-cheap-pbe-atoms-relaxed,3-skew-one-plane/skew-y-toward-z-by-minus-0.075/1-cheap-pbe-atoms-relaxed,11.346172820578163,4.4209571892217525e-08,4.4209571892217525e-08,0.002812544458250743,-0.07500000663143579,-2.4031503900783276e-18,6.408401040208867e-17,0.05310754093056138,0.07500000663143579,,,,550,PBE,172,8,-18.070871,3
3-skew-one-plane,skew-y-toward-z-by-minus-0.075,2-accurate-hse06-atoms-fixed,3-skew-one-plane/skew-y-toward-z-by-minus-0.075/2-accurate-hse06-atoms-fixed,11.346172820578163,4.4209571892217525e-08,4.4209571892217525e-08,0.002812544458250743,-0.07500000663143579,-2.4031503900783276e-18,6.408401040208867e-17,0.05310754093056138,0.07500000663143579,.TRUE.,0.27,,550,HSE,172,8,-21.204171,1
3-skew-one-plane,skew-y-toward-z-by-minus-0.080,1-cheap-pbe-atoms-relaxed,3-skew-one-plane/skew-y-toward-z-by-minus-0.080/1-cheap-pbe-atoms-relaxed,11.346172820578163,4.4209571892217525e-08,4.4209571892217525e-08,0.003200044492513099,-0.0800000070735315,-2.563360416083551e-18,6.408401040208867e-17,0.056658987377471874,0.0800000070735315,,,,550,PBE,172,8,-18.055347,3
3-skew-one-plane,skew-y-toward-z-by-minus-0.080,2-accurate-hse06-atoms-fixed,3-skew-one-plane/skew-y-toward-z-by-minus-0.080/2-accurate-hse06-atoms-fixed,11.346172820578163,4.4209571892217525e-08,4.4209571892217525e-08,0.003200044492513099,-0.08000000707353155,-2.563360416083551e-18,6.408401040208867e-17,0.056658987377471916,0.08000000707353155,.TRUE.,0.27,,550,HSE,172,8,-21.187992,1
3-skew-one-plane,skew-y-toward-z-by-minus-0.085,1-cheap-pbe-atoms-relaxed,3-skew-one-plane/skew-y-toward-z-by-minus-0.085/1-cheap-pbe-atoms-relaxed,11.346172820578163,4.4209571892217525e-08,4.4209571892217525e-08,0.0036125445289860725,-0.08500000751562727,-2.7235704420887742e-18,6.408401040208867e-17,0.06021254949598266,0.08500000751562727,,,,550,PBE,172,8,-18.038833,3
3-skew-one-plane,skew-y-toward-z-by-minus-0.085,2-accurate-hse06-atoms-fixed,3-skew-one-plane/skew-y-toward-z-by-minus-0.085/2-accurate-hse06-atoms-fixed,11.346172820578163,4.4209571892217525e-08,4.4209571892217525e-08,0.0036125445289860725,-0.08500000751562721,-2.723570442088768e-18,6.408401040208867e-17,0.06021254949598263,0.08500000751562721,.TRUE.,0.27,,550,HSE,172,8,-21.170783,1
3-skew-one-plane,skew-y-toward-z-by-minus-0.090,1-cheap-pbe-atoms-relaxed,3-skew-one-plane/skew-y-toward-z-by-minus-0.090/1-cheap-pbe-atoms-relaxed,11.346172820578163,4.4209571892217525e-08,4.4209571892217525e-08,0.004050044567669442,-0.09000000795772299,-2.8837804680939913e-18,6.408401040208867e-17,0.06376835874631806,0.09000000795772299,,,,550,PBE,172,8,-18.021307,3
3-skew-one-plane,skew-y-toward-z-by-minus-0.090,2-accurate-hse06-atoms-fixed,3-skew-one-plane/skew-y-toward-z-by-minus-0.090/2-accurate-hse06-atoms-fixed,11.346172820578163,4.4209571892217525e-08,4.4209571892217525e-08,0.004050044567669442,-0.09000000795772299,-2.8837804680939913e-18,6.408401040208867e-17,0.06376835874631806,0.09000000795772299,.TRUE.,0.27,,550,HSE,172,8,-21.152517,1
3-skew-one-plane,skew-y-toward-z-by-minus-0.095,1-cheap-pbe-atoms-relaxed,3-skew-one-plane/skew-y-toward-z-by-minus-0.095/1-cheap-pbe-atoms-relaxed,11.346172820578163,4.4209571892217525e-08,4.4209571892217525e-08,0.004512544608563207,-0.0950000083998187,-3.0439904940992147e-18,6.408401040208867e-17,0.0673265464496063,0.0950000083998187,,,,550,PBE,172,8,-18.002783,3
3-skew-one-plane,skew-y-toward-z-by-minus-0.095,2-accurate-hse06-atoms-fixed,3-skew-one-plane/skew-y-toward-z-by-minus-0.095/2-accurate-hse06-atoms-fixed,11.346172820578163,4.4209571892217525e-08,4.4209571892217525e-08,0.004512544608563207,-0.09500000839981865,-3.0439904940992147e-18,6.408401040208867e-17,0.06732654644960626,0.09500000839981865,.TRUE.,0.27,,550,HSE,172,8,-21.133208,1
3-skew-one-plane,skew-y-toward-z-by-minus-0.100,1-cheap-pbe-atoms-relaxed,3-skew-one-plane/skew-y-toward-z-by-minus-0.100/1-cheap-pbe-atoms-relaxed,11.346172820578163,4.4209571892217525e-08,4.4209571892217525e-08,0.00500004465166759,-0.10000000884191447,-3.204200520104438e-18,6.408401040208867e-17,0.07088724377992181,0.10000000884191447,,,,550,PBE,172,8,-17.983273,3
3-skew-one-plane,skew-y-toward-z-by-minus-0.100,2-accurate-hse06-atoms-fixed,3-skew-one-plane/skew-y-toward-z-by-minus-0.100/2-accurate-hse06-atoms-fixed,11.346172820578163,4.4209571892217525e-08,4.4209571892217525e-08,0.00500004465166759,-0.10000000884191447,-3.204200520104438e-18,6.408401040208867e-17,0.07088724377992181,0.10000000884191447,.TRUE.,0.27,,550,HSE,172,8,-21.11287,1
3-skew-one-plane,skew-y-toward-z-by-plus-0.005,1-cheap-pbe-atoms-relaxed,3-skew-one-plane/skew-y-toward-z-by-plus-0.005/1-cheap-pbe-atoms-relaxed,11.346172820578163,4.4209571892217525e-08,4.4209571892217525e-08,1.2544210677090106e-05,0.005000000442095762,1.6021002600522058e-19,6.408401040208867e-17,0.0035355564726941347,0.005000000442095762,,,,550,PBE,172,8,-18.183122,3
3-skew-one-plane,skew-y-toward-z-by-plus-0.005,2-accurate-hse06-atoms-fixed,3-skew-one-plane/skew-y-toward-z-by-plus-0.005/2-accurate-hse06-atoms-fixed,11.346172820578163,4.4209571892217525e-08,4.420957211426213e-08,1.2544210677090106e-05,0.005000000442095653,-3.9490151084859905e-19,-4.6938296968675356e-17,0.0035355564726940575,0.005000000442095653,.TRUE.,0.27,,550,HSE,172,8,-21.321131,1
3-skew-one-plane,skew-y-toward-z-by-plus-0.010,1-cheap-pbe-atoms-relaxed,3-skew-one-plane/skew-y-toward-z-by-plus-0.010/1-cheap-pbe-atoms-relaxed,11.346172820578163,4.4209571892217525e-08,4.420957211426213e-08,5.0044213992794795e-05,0.010000000884191482,-7.898030216972077e-19,-4.6938296968675356e-17,0.007071245524600199,0.010000000884191482,,,,550,PBE,172,8,-18.181615,3
3-skew-one-plane,skew-y-toward-z-by-plus-0.010,2-accurate-hse06-atoms-fixed,3-skew-one-plane/skew-y-toward-z-by-plus-0.010/2-accurate-hse06-atoms-fixed,11.346172820578163,4.4209571892217525e-08,4.420957211426213e-08,5.0044213992794795e-05,0.010000000884191482,-7.898030216972077e-19,-4.6938296968675356e-17,0.007071245524600199,0.010000000884191482,.TRUE.,0.27,,550,HSE,172,8,-21.319561,1
3-skew-one-plane,skew-y-toward-z-by-plus-0.015,1-cheap-pbe-atoms-relaxed,3-skew-one-plane/skew-y-toward-z-by-plus-0.015/1-cheap-pbe-atoms-relaxed,11.346172820578163,4.4209571892217525e-08,4.4209571892217525e-08,0.00011254421951900628,0.015000001326287194,4.806300780156672e-19,6.408401040208867e-17,0.010607199729408554,0.015000001326287194,,,,550,PBE,172,8,-18.179098,3
3-skew-one-plane,skew-y-toward-z-by-plus-0.015,2-accurate-hse06-atoms-fixed,3-skew-one-plane/skew-y-toward-z-by-plus-0.015/2-accurate-hse06-atoms-fixed,11.346172820578163,4.4209571892217525e-08,4.420957211426213e-08,0.00011254421951900628,0.015000001326287087,-1.1847045325457918e-18,-4.6938296968675356e-17,0.010607199729408478,0.015000001326287087,.TRUE.,0.27,,550,HSE,172,8,-21.316936,1
3-skew-one-plane,skew-y-toward-z-by-plus-0.020,1-cheap-pbe-atoms-relaxed,3-skew-one-plane/skew-y-toward-z-by-plus-0.020/1-cheap-pbe-atoms-relaxed,11.346172820578163,4.4209571892217525e-08,4.4209571892217525e-08,0.00020004422725572457,0.020000001768382798,6.408401040208844e-19,6.408401040208867e-17,0.01414355164251274,0.020000001768382798,,,,550,PBE,172,8,-18.175596,3
3-skew-one-plane,skew-y-toward-z-by-plus-0.020,2-accurate-hse06-atoms-fixed,3-skew-one-plane/skew-y-toward-z-by-plus-0.020/2-accurate-hse06-atoms-fixed,11.346172820578163,4.4209571892217525e-08,4.4209571892217525e-08,0.00020004422725572457,0.020000001768382798,6.408401040208844e-19,6.408401040208867e-17,0.01414355164251274,0.020000001768382798,.TRUE.,0.27,,550,HSE,172,8,-21.313289,1
3-skew-one-plane,skew-y-toward-z-by-plus-0.025,1-cheap-pbe-atoms-relaxed,3-skew-one-plane/skew-y-toward-z-by-plus-0.025/1-cheap-pbe-atoms-relaxed,11.346172820578163,4.4209571892217525e-08,4.4209571892217525e-08,0.00031254423720283864,0.025000002210478624,8.010501300261077e-19,6.408401040208867e-17,0.017680433794624095,0.025000002210478624,,,,550,PBE,172,8,-18.171083,3
3-skew-one-plane,skew-y-toward-z-by-plus-0.025,2-accurate-hse06-atoms-fixed,3-skew-one-plane/skew-y-toward-z-by-plus-0.025/2-accurate-hse06-atoms-fixed,11.346172820578163,4.4209571892217525e-08,4.420957211426213e-08,0.00031254423720283864,0.02500000221047852,-1.9745075542429906e-18,-4.6938296968675356e-17,0.01768043379462402,0.02500000221047852,.TRUE.,0.27,,550,HSE,172,8,-21.308587,1
3-skew-one-plane,skew-y-toward-z-by-plus-0.030,1-cheap-pbe-atoms-relaxed,3-skew-one-plane/skew-y-toward-z-by-plus-0.030/1-cheap-pbe-atoms-relaxed,11.346172820578163,4.4209571892217525e-08,4.4209571892217525e-08,0.0004500442493604595,0.03000000265257423,9.612601560313248e-19,6.408401040208867e-17,0.021217978683360058,0.03000000265257423,,,,550,PBE,172,8,-18.16557,3
3-skew-one-plane,skew-y-toward-z-by-plus-0.030,2-accurate-hse06-atoms-fixed,3-skew-one-plane/skew-y-toward-z-by-plus-0.030/2-accurate-hse06-atoms-fixed,11.346172820578163,4.4209571892217525e-08,4.4209571892217525e-08,0.0004500442493604595,0.03000000265257423,9.612601560313248e-19,6.408401040208867e-17,0.021217978683360058,0.03000000265257423,.TRUE.,0.27,,550,HSE,172,8,-21.302845,1
3-skew-one-plane,skew-y-toward-z-by-plus-0.035,1-cheap-pbe-atoms-relaxed,3-skew-one-plane/skew-y-toward-z-by-plus-0.035/1-cheap-pbe-atoms-relaxed,11.346172820578163,4.4209571892217525e-08,4.4209571892217525e-08,0.0006125442637285872,0.03500000309467005,1.1214701820365481e-18,6.408401040208867e-17,0.024756318764961652,0.03500000309467005,,,,550,PBE,172,8,-18.15904,3
3-skew-one-plane,skew-y-toward-z-by-plus-0.035,2-accurate-hse06-atoms-fixed,3-skew-one-plane/skew-y-toward-z-by-plus-0.035/2-accurate-hse06-atoms-fixed,11.346172820578163,4.4209571892217525e-08,4.4209571892217525e-08,0.0006125442637285872,0.03500000309467005,1.1214701820365481e-18,6.408401040208867e-17,0.024756318764961652,0.03500000309467005,.TRUE.,0.27,,550,HSE,172,8,-21.296042,1
3-skew-one-plane,skew-y-toward-z-by-plus-0.040,1-cheap-pbe-atoms-relaxed,3-skew-one-plane/skew-y-toward-z-by-plus-0.040/1-cheap-pbe-atoms-relaxed,11.346172820578163,4.4209571892217525e-08,4.420957211426213e-08,0.0008000442803072216,0.04000000353676578,-3.159212086788792e-18,-4.6938296968675356e-17,0.028295586446034277,0.04000000353676578,,,,550,PBE,172,8,-18.151534,3
3-skew-one-plane,skew-y-toward-z-by-plus-0.040,2-accurate-hse06-atoms-fixed,3-skew-one-plane/skew-y-toward-z-by-plus-0.040/2-accurate-hse06-atoms-fixed,11.346172820578163,4.4209571892217525e-08,4.420957211426213e-08,0.0008000442803072216,0.04000000353676578,-3.159212086788792e-18,-4.6938296968675356e-17,0.028295586446034277,0.04000000353676578,.TRUE.,0.27,,550,HSE,172,8,-21.288222,1
3-skew-one-plane,skew-y-toward-z-by-plus-0.045,1-cheap-pbe-atoms-relaxed,3-skew-one-plane/skew-y-toward-z-by-plus-0.045/1-cheap-pbe-atoms-relaxed,11.346172820578163,4.4209571892217525e-08,4.4209571892217525e-08,0.0010125442990962519,0.04500000397886148,1.4418902340469947e-18,6.408401040208867e-17,0.031835914075306775,0.04500000397886148,,,,550,PBE,172,8,-18.143004,3
3-skew-one-plane,skew-y-toward-z-by-plus-0.045,2-accurate-hse06-atoms-fixed,3-skew-one-plane/skew-y-toward-z-by-plus-0.045/2-accurate-hse06-atoms-fixed,11.346172820578163,4.4209571892217525e-08,4.4209571892217525e-08,0.0010125442990962519,0.04500000397886148,1.4418902340469947e-18,6.408401040208867e-17,0.031835914075306775,0.04500000397886148,.TRUE.,0.27,,550,HSE,172,8,-21.279336,1
3-skew-one-plane,skew-y-toward-z-by-plus-0.050,1-cheap-pbe-atoms-relaxed,3-skew-one-plane/skew-y-toward-z-by-plus-0.050/1-cheap-pbe-atoms-relaxed,11.346172820578163,4.4209571892217525e-08,4.4209571892217525e-08,0.001250044320095789,0.05000000442095708,1.6021002600522119e-18,6.408401040208867e-17,0.03537743393540544,0.05000000442095708,,,,550,PBE,172,8,-18.133494,3
3-skew-one-plane,skew-y-toward-z-by-plus-0.050,2-accurate-hse06-atoms-fixed,3-skew-one-plane/skew-y-toward-z-by-plus-0.050/2-accurate-hse06-atoms-fixed,11.346172820578163,4.4209571892217525e-08,4.4209571892217525e-08,0.001250044320095789,0.05000000442095708,1.6021002600522119e-18,6.408401040208867e-17,0.03537743393540544,0.05000000442095708,.TRUE.,0.27,,550,HSE,172,8,-21.269427,1
3-skew-one-plane,skew-y-toward-z-by-plus-0.055,1-cheap-pbe-atoms-relaxed,3-skew-one-plane/skew-y-toward-z-by-plus-0.055/1-cheap-pbe-atoms-relaxed,11.346172820578163,4.4209571892217525e-08,4.4209571892217525e-08,0.0015125443433058328,0.05500000486305291,1.762310286057435e-18,6.408401040208867e-17,0.03892027823464649,0.05500000486305291,,,,550,PBE,172,8,-18.122973,3
3-skew-one-plane,skew-y-toward-z-by-plus-0.055,2-accurate-hse06-atoms-fixed,3-skew-one-plane/skew-y-toward-z-by-plus-0.055/2-accurate-hse06-atoms-fixed,11.346172820578163,4.4209571892217525e-08,4.4209571892217525e-08,0.0015125443433058328,0.05500000486305291,1.762310286057435e-18,6.408401040208867e-17,0.03892027823464649,0.05500000486305291,.TRUE.,0.27,,550,HSE,172,8,-21.258464,1
3-skew-one-plane,skew-y-toward-z-by-plus-0.060,1-cheap-pbe-atoms-relaxed,3-skew-one-plane/skew-y-toward-z-by-plus-0.060/1-cheap-pbe-atoms-relaxed,11.346172820578163,4.4209571892217525e-08,4.420957211426213e-08,0.0018000443687263834,0.06000000530514864,-4.738818130183184e-18,-4.6938296968675356e-17,0.0424645790988469,0.06000000530514864,,,,550,PBE,172,8,-18.111447,3
3-skew-one-plane,skew-y-toward-z-by-plus-0.060,2-accurate-hse06-atoms-fixed,3-skew-one-plane/skew-y-toward-z-by-plus-0.060/2-accurate-hse06-atoms-fixed,11.346172820578163,4.4209571892217525e-08,4.420957211426213e-08,0.0018000443687263834,0.06000000530514864,-4.738818130183184e-18,-4.6938296968675356e-17,0.0424645790988469,0.06000000530514864,.TRUE.,0.27,,550,HSE,172,8,-21.246454,1
3-skew-one-plane,skew-y-toward-z-by-plus-0.065,1-cheap-pbe-atoms-relaxed,3-skew-one-plane/skew-y-toward-z-by-plus-0.065/1-cheap-pbe-atoms-relaxed,11.346172820578163,4.4209571892217525e-08,4.4209571892217525e-08,0.00211254439635733,0.06500000574724435,2.0827303380678818e-18,6.408401040208867e-17,0.046010468563158415,0.06500000574724435,,,,550,PBE,172,8,-18.098904,3
3-skew-one-plane,skew-y-toward-z-by-plus-0.065,2-accurate-hse06-atoms-fixed,3-skew-one-plane/skew-y-toward-z-by-plus-0.065/2-accurate-hse06-atoms-fixed,11.346172820578163,4.4209571892217525e-08,4.4209571892217525e-08,0.00211254439635733,0.06500000574724435,2.0827303380678818e-18,6.408401040208867e-17,0.046010468563158415,0.06500000574724435,.TRUE.,0.27,,550,HSE,172,8,-21.233384,1
3-skew-one-plane,skew-y-toward-z-by-plus-0.070,1-cheap-pbe-atoms-relaxed,3-skew-one-plane/skew-y-toward-z-by-plus-0.070/1-cheap-pbe-atoms-relaxed,11.346172820578163,4.4209571892217525e-08,4.420957211426213e-08,0.002450044426198783,0.07000000618934009,-5.528621151880383e-18,-4.6938296968675356e-17,0.04955807856392419,0.07000000618934009,,,,550,PBE,172,8,-18.085388,3
3-skew-one-plane,skew-y-toward-z-by-plus-0.070,2-accurate-hse06-atoms-fixed,3-skew-one-plane/skew-y-toward-z-by-plus-0.070/2-accurate-hse06-atoms-fixed,11.346172820578163,4.4209571892217525e-08,4.420957211426213e-08,0.002450044426198783,0.07000000618934009,-5.528621151880383e-18,-4.6938296968675356e-17,0.04955807856392419,0.07000000618934009,.TRUE.,0.27,,550,HSE,172,8,-21.219299,1
3-skew-one-plane,skew-y-toward-z-by-plus-0.075,1-cheap-pbe-atoms-relaxed,3-skew-one-plane/skew-y-toward-z-by-plus-0.075/1-cheap-pbe-atoms-relaxed,11.346172820578163,4.4209571892217525e-08,4.4209571892217525e-08,0.002812544458250743,0.07500000663143579,2.4031503900783222e-18,6.408401040208867e-17,0.05310754093056138,0.07500000663143579,,,,550,PBE,172,8,-18.070871,3
3-skew-one-plane,skew-y-toward-z-by-plus-0.075,2-accurate-hse06-atoms-fixed,3-skew-one-plane/skew-y-toward-z-by-plus-0.075/2-accurate-hse06-atoms-fixed,11.346172820578163,4.4209571892217525e-08,4.4209571892217525e-08,0.002812544458250743,0.07500000663143579,2.4031503900783222e-18,6.408401040208867e-17,0.05310754093056138,0.07500000663143579,.TRUE.,0.27,,550,HSE,172,8,-21.204171,1
3-skew-one-plane,skew-y-toward-z-by-plus-0.080,1-cheap-pbe-atoms-relaxed,3-skew-one-plane/skew-y-toward-z-by-plus-0.080/1-cheap-pbe-atoms-relaxed,11.346172820578163,4.4209571892217525e-08,4.4209571892217525e-08,0.003200044492513099,0.08000000707353139,2.5633604160835393e-18,6.408401040208867e-17,0.0566589873774718,0.08000000707353139,,,,550,PBE,172,8,-18.055347,3
3-skew-one-plane,skew-y-toward-z-by-plus-0.080,2-accurate-hse06-atoms-fixed,3-skew-one-plane/skew-y-toward-z-by-plus-0.080/2-accurate-hse06-atoms-fixed,11.346172820578163,4.4209571892217525e-08,4.4209571892217525e-08,0.003200044492513099,0.08000000707353139,2.5633604160835393e-18,6.408401040208867e-17,0.0566589873774718,0.08000000707353139,.TRUE.,0.27,,550,HSE,172,8,-21.187992,1
3-skew-one-plane,skew-y-toward-z-by-plus-0.085,1-cheap-pbe-atoms-relaxed,3-skew-one-plane/skew-y-toward-z-by-plus-0.085/1-cheap-pbe-atoms-relaxed,11.346172820578163,4.4209571892217525e-08,4.4209571892217525e-08,0.0036125445289860725,0.08500000751562721,2.723570442088769e-18,6.408401040208867e-17,0.06021254949598263,0.08500000751562721,,,,550,PBE,172,8,-18.038833,3
3-skew-one-plane,skew-y-toward-z-by-plus-0.085,2-accurate-hse06-atoms-fixed,3-skew-one-plane/skew-y-toward-z-by-plus-0.085/2-accurate-hse06-atoms-fixed,11.346172820578163,4.4209571892217525e-08,4.4209571892217525e-08,0.0036125445289860725,0.08500000751562721,2.723570442088769e-18,6.408401040208867e-17,0.06021254949598263,0.08500000751562721,.TRUE.,0.27,,550,HSE,172,8,-21.170783,1
3-skew-one-plane,skew-y-toward-z-by-plus-0.090,1-cheap-pbe-atoms-relaxed,3-skew-one-plane/skew-y-toward-z-by-plus-0.090/1-cheap-pbe-atoms-relaxed,11.346172820578163,4.4209571892217525e-08,4.420957211426213e-08,0.004050044567669442,0.09000000795772295,-7.108227195274774e-18,-4.6938296968675356e-17,0.06376835874631802,0.09000000795772295,,,,550,PBE,172,8,-18.021307,3
3-skew-one-plane,skew-y-toward-z-by-plus-0.090,2-accurate-hse06-atoms-fixed,3-skew-one-plane/skew-y-toward-z-by-plus-0.090/2-accurate-hse06-atoms-fixed,11.346172820578163,4.4209571892217525e-08,4.420957211426213e-08,0.004050044567669442,0.09000000795772295,-7.108227195274774e-18,-4.6938296968675356e-17,0.06376835874631802,0.09000000795772295,.TRUE.,0.27,,550,HSE,172,8,-21.152517,1
3-skew-one-plane,skew-y-toward-z-by-plus-0.095,1-cheap-pbe-atoms-relaxed,3-skew-one-plane/skew-y-toward-z-by-plus-0.095/1-cheap-pbe-atoms-relaxed,11.346172820578163,4.4209571892217525e-08,4.4209571892217525e-08,0.004512544608563207,0.09500000839981865,3.0439904940992093e-18,6.408401040208867e-17,0.06732654644960626,0.09500000839981865,,,,550,PBE,172,8,-18.002784,3
3-skew-one-plane,skew-y-toward-z-by-plus-0.095,2-accurate-hse06-atoms-fixed,3-skew-one-plane/skew-y-toward-z-by-plus-0.095/2-accurate-hse06-atoms-fixed,11.346172820578163,4.4209571892217525e-08,4.4209571892217525e-08,0.004512544608563207,0.09500000839981865,3.0439904940992093e-18,6.408401040208867e-17,0.06732654644960626,0.09500000839981865,.TRUE.,0.27,,550,HSE,172,8,-21.133209,1
3-skew-one-plane,skew-y-toward-z-by-plus-0.100,1-cheap-pbe-atoms-relaxed,3-skew-one-plane/skew-y-toward-z-by-plus-0.100/1-cheap-pbe-atoms-relaxed,11.346172820578163,4.4209571892217525e-08,4.420957211426213e-08,0.00500004465166759,0.10000000884191439,-7.898030216971973e-18,-4.6938296968675356e-17,0.07088724377992175,0.10000000884191439,,,,550,PBE,172,8,-17.983274,3
3-skew-one-plane,skew-y-toward-z-by-plus-0.100,2-accurate-hse06-atoms-fixed,3-skew-one-plane/skew-y-toward-z-by-plus-0.100/2-accurate-hse06-atoms-fixed,11.346172820578163,4.4209571892217525e-08,4.420957211426213e-08,0.00500004465166759,0.10000000884191439,-7.898030216971973e-18,-4.6938296968675356e-17,0.07088724377992175,0.10000000884191439,.TRUE.,0.27,,550,HSE,172,8,-21.112871,1
4-skew-two-planes,skew-xy-minus-0.025-xz-minus-0.025,1-cheap-pbe-atoms-relaxed,4-skew-two-planes/skew-xy-minus-0.025-xz-minus-0.025/1-cheap-pbe-atoms-relaxed,11.346172820578163,4.4209571892217525e-08,0.00031254423720283864,0.00031254423720283864,0.0006250000552619012,-0.025000002210478545,-0.0250000022104786,0.025007814595858713,0.0250000022104786,,,,550,PBE,172,8,-18.158584,5
4-skew-two-planes,skew-xy-minus-0.025-xz-minus-0.025,2-accurate-hse06-atoms-fixed,4-skew-two-planes/skew-xy-minus-0.025-xz-minus-0.025/2-accurate-hse06-atoms-fixed,11.346172820578163,4.4209571892217525e-08,0.00031254423720283864,0.00031254423720283864,0.0006250000552619012,-0.025000002210478545,-0.0250000022104786,0.025007814595858713,0.0250000022104786,.TRUE.,0.27,,550,HSE,172,8,-21.295567,1
4-skew-two-planes,skew-xy-minus-0.025-xz-minus-0.050,1-cheap-pbe-atoms-relaxed,4-skew-two-planes/skew-xy-minus-0.025-xz-minus-0.050/1-cheap-pbe-atoms-relaxed,11.346172820578163,4.4209571892217525e-08,0.00031254423720283864,0.001250044320095789,0.0012500001105238666,-0.05000000442095712,-0.0250000022104786,0.039559345560213136,0.05000000442095712,,,,550,PBE,172,8,-18.121025,6
4-skew-two-planes,skew-xy-minus-0.025-xz-minus-0.050,2-accurate-hse06-atoms-fixed,4-skew-two-planes/skew-xy-minus-0.025-xz-minus-0.050/2-accurate-hse06-atoms-fixed,11.346172820578163,4.4209571892217525e-08,0.00031254423720283864,0.001250044320095789,0.0012500001105238666,-0.05000000442095712,-0.0250000022104786,0.039559345560213136,0.05000000442095712,.TRUE.,0.27,,550,HSE,172,8,-21.256431,1
4-skew-two-planes,skew-xy-minus-0.025-xz-minus-0.075,1-cheap-pbe-atoms-relaxed,4-skew-two-planes/skew-xy-minus-0.025-xz-minus-0.075/1-cheap-pbe-atoms-relaxed,11.346172820578163,4.4209571892217525e-08,0.00031254423720283864,0.002812544458250743,0.001875000165785832,-0.0750000066314357,-0.0250000022104786,0.05598898512799027,0.0750000066314357,,,,550,PBE,172,8,-18.058505,5
4-skew-two-planes,skew-xy-minus-0.025-xz-minus-0.075,2-accurate-hse06-atoms-fixed,4-skew-two-planes/skew-xy-minus-0.025-xz-minus-0.075/2-accurate-hse06-atoms-fixed,11.346172820578163,4.4209571892217525e-08,0.00031254423720283864,0.002812544458250743,0.0018750001657858333,-0.07500000663143576,-0.0250000022104786,0.05598898512799031,0.07500000663143576,.TRUE.,0.27,,550,HSE,172,8,-21.191276,1
4-skew-two-planes,skew-xy-minus-0.025-xz-minus-0.100,1-cheap-pbe-atoms-relaxed,4-skew-two-planes/skew-xy-minus-0.025-xz-minus-0.100/1-cheap-pbe-atoms-relaxed,11.346172820578163,4.4209571892217525e-08,0.00031254423720283864,0.00500004465166759,0.0025000002210477986,-0.10000000884191433,-0.0250000022104786,0.07308025773371965,0.10000000884191433,,,,550,PBE,172,8,-17.970998,12
4-skew-two-planes,skew-xy-minus-0.025-xz-minus-0.100,2-accurate-hse06-atoms-fixed,4-skew-two-planes/skew-xy-minus-0.025-xz-minus-0.100/2-accurate-hse06-atoms-fixed,11.346172820578163,4.4209571892217525e-08,0.00031254423720283864,0.00500004465166759,0.0025000002210477986,-0.10000000884191433,-0.0250000022104786,0.07308025773371965,0.10000000884191433,.TRUE.,0.27,,550,HSE,172,8,-21.100056,1
4-skew-two-planes,skew-xy-minus-0.025-xz-plus-0.000,1-cheap-pbe-atoms-relaxed,4-skew-two-planes/skew-xy-minus-0.025-xz-plus-0.000/1-cheap-pbe-atoms-relaxed,11.346172820578163,4.4209571892217525e-08,0.00031254423720283864,4.4209571892217525e-08,-6.405583806679694e-17,3.0915111789375266e-17,-0.0250000022104786,0.017680433794624077,0.0250000022104786,,,,550,PBE,172,8,-18.171083,3
4-skew-two-planes,skew-xy-minus-0.025-xz-plus-0.000,2-accurate-hse06-atoms-fixed,4-skew-two-planes/skew-xy-minus-0.025-xz-plus-0.000/2-accurate-hse06-atoms-fixed,11.346172820578163,4.4209571892217525e-08,0.00031254423720283864,4.4209571892217525e-08,-6.544361690893148e-17,8.642626547475728e-17,-0.0250000022104786,0.017680433794624077,0.0250000022104786,.TRUE.,0.27,,550,HSE,172,8,-21.308587,1
4-skew-two-planes,skew-xy-minus-0.025-xz-plus-0.025,1-cheap-pbe-atoms-relaxed,4-skew-two-planes/skew-xy-minus-0.025-xz-plus-0.025/1-cheap-pbe-atoms-relaxed,11.346172820578163,4.4209571892217525e-08,0.00031254423720283864,0.00031254423720283864,-0.000625000055262031,0.025000002210478663,-0.0250000022104786,0.025007814595858775,0.025000002210478663,,,,550,PBE,172,8,-18.158584,5
4-skew-two-planes,skew-xy-minus-0.025-xz-plus-0.025,2-accurate-hse06-atoms-fixed,4-skew-two-planes/skew-xy-minus-0.025-xz-plus-0.025/2-accurate-hse06-atoms-fixed,11.346172820578163,4.4209571892217525e-08,0.00031254423720283864,0.00031254423720283864,-0.000625000055262031,0.025000002210478663,-0.0250000022104786,0.025007814595858775,0.025000002210478663,.TRUE.,0.27,,550,HSE,172,8,-21.295567,1
4-skew-two-planes,skew-xy-minus-0.025-xz-plus-0.050,1-cheap-pbe-atoms-relaxed,4-skew-two-planes/skew-xy-minus-0.025-xz-plus-0.050/1-cheap-pbe-atoms-relaxed,11.346172820578163,4.4209571892217525e-08,0.00031254423720283864,0.001250044320095789,-0.0012500001105239964,0.05000000442095724,-0.0250000022104786,0.03955934556021322,0.05000000442095724,,,,550,PBE,172,8,-18.121025,6
4-skew-two-planes,skew-xy-minus-0.025-xz-plus-0.050,2-accurate-hse06-atoms-fixed,4-skew-two-planes/skew-xy-minus-0.025-xz-plus-0.050/2-accurate-hse06-atoms-fixed,11.346172820578163,4.4209571892217525e-08,0.00031254423720283864,0.001250044320095789,-0.0012500001105239964,0.05000000442095724,-0.0250000022104786,0.03955934556021322,0.05000000442095724,.TRUE.,0.27,,550,HSE,172,8,-21.256431,1
4-skew-two-planes,skew-xy-minus-0.025-xz-plus-0.075,1-cheap-pbe-atoms-relaxed,4-skew-two-planes/skew-xy-minus-0.025-xz-plus-0.075/1-cheap-pbe-atoms-relaxed,11.346172820578163,4.4209571892217525e-08,0.00031254423720283864,0.002812544458250743,-0.0018750001657859617,0.07500000663143581,-0.0250000022104786,0.05598898512799035,0.07500000663143581,,,,550,PBE,172,8,-18.058505,5
4-skew-two-planes,skew-xy-minus-0.025-xz-plus-0.075,2-accurate-hse06-atoms-fixed,4-skew-two-planes/skew-xy-minus-0.025-xz-plus-0.075/2-accurate-hse06-atoms-fixed,11.346172820578163,4.4209571892217525e-08,0.00031254423720283864,0.002812544458250743,-0.0018750001657859617,0.07500000663143581,-0.0250000022104786,0.05598898512799035,0.07500000663143581,.TRUE.,0.27,,550,HSE,172,8,-21.191276,1
4-skew-two-planes,skew-xy-minus-0.025-xz-plus-0.100,1-cheap-pbe-atoms-relaxed,4-skew-two-planes/skew-xy-minus-0.025-xz-plus-0.100/1-cheap-pbe-atoms-relaxed,11.346172820578163,4.4209571892217525e-08,0.00031254423720283864,0.00500004465166759,-0.00250000022104793,0.1000000088419145,-0.0250000022104786,0.07308025773371978,0.1000000088419145,,,,550,PBE,172,8,-17.970999,12
4-skew-two-planes,skew-xy-minus-0.025-xz-plus-0.100,2-accurate-hse06-atoms-fixed,4-skew-two-planes/skew-xy-minus-0.025-xz-plus-0.100/2-accurate-hse06-atoms-fixed,11.346172820578163,4.4209571892217525e-08,0.00031254423720283864,0.00500004465166759,-0.00250000022104793,0.1000000088419145,-0.0250000022104786,0.07308025773371978,0.1000000088419145,.TRUE.,0.27,,550,HSE,172,8,-21.100057,1
4-skew-two-planes,skew-xy-minus-0.025-yz-minus-0.025,1-cheap-pbe-atoms-relaxed,4-skew-two-planes/skew-xy-minus-0.025-yz-minus-0.025/1-cheap-pbe-atoms-relaxed,11.346172820578163,4.4209571892217525e-08,0.00031254423720283864,0.00031254423720283864,-0.02500000221047864,3.0114061659349156e-17,-0.0250000022104786,0.025003909260879743,0.02500000221047864,,,,550,PBE,172,8,-18.158573,5
4-skew-two-planes,skew-xy-minus-0.025-yz-minus-0.025,2-accurate-hse06-atoms-fixed,4-skew-two-planes/skew-xy-minus-0.025-yz-minus-0.025/2-accurate-hse06-atoms-fixed,11.346172820578163,4.4209571892217525e-08,0.00031254423720283864,0.00031254423720283864,-0.025000002210478642,8.562521534473116e-17,-0.0250000022104786,0.025003909260879746,0.025000002210478642,.TRUE.,0.27,,550,HSE,172,8,-21.295556,1
4-skew-two-planes,skew-xy-minus-0.025-yz-minus-0.050,1-cheap-pbe-atoms-relaxed,4-skew-two-planes/skew-xy-minus-0.025-yz-minus-0.050/1-cheap-pbe-atoms-relaxed,11.346172820578163,4.4209571892217525e-08,0.0003125442372030607,0.001250044320095789,-0.05000000442095718,3.486412689786125e-17,-0.02500000221047871,0.03954946992077398,0.05000000442095718,,,,550,PBE,172,8,-18.121008,6
4-skew-two-planes,skew-xy-minus-0.025-yz-minus-0.050,2-accurate-hse06-atoms-fixed,4-skew-two-planes/skew-xy-minus-0.025-yz-minus-0.050/2-accurate-hse06-atoms-fixed,11.346172820578163,4.4209571892217525e-08,0.0003125442372030607,0.001250044320095789,-0.05000000442095718,9.037528058324325e-17,-0.02500000221047871,0.03954946992077398,0.05000000442095718,.TRUE.,0.27,,550,HSE,172,8,-21.256414,1
4-skew-two-planes,skew-xy-minus-0.025-yz-minus-0.075,1-cheap-pbe-atoms-relaxed,4-skew-two-planes/skew-xy-minus-0.025-yz-minus-0.075/1-cheap-pbe-atoms-relaxed,11.346172820578163,4.4209571892217525e-08,0.00031254423720283864,0.002812544458250743,-0.07500000663143579,2.851196139929694e-17,-0.0250000022104786,0.05597328508182697,0.07500000663143579,,,,550,PBE,172,8,-18.058442,5
4-skew-two-planes,skew-xy-minus-0.025-yz-minus-0.075,2-accurate-hse06-atoms-fixed,4-skew-two-planes/skew-xy-minus-0.025-yz-minus-0.075/2-accurate-hse06-atoms-fixed,11.346172820578163,4.4209571892217525e-08,0.00031254423720283864,0.002812544458250743,-0.07500000663143579,8.402311508467894e-17,-0.0250000022104786,0.05597328508182697,0.07500000663143579,.TRUE.,0.27,,550,HSE,172,8,-21.191212,1
4-skew-two-planes,skew-xy-minus-0.025-yz-minus-0.100,1-cheap-pbe-atoms-relaxed,4-skew-two-planes/skew-xy-minus-0.025-yz-minus-0.100/1-cheap-pbe-atoms-relaxed,11.346172820578163,4.4209571892217525e-08,0.00031254423720283864,0.00500004465166759,-0.10000000884191447,2.771091126927083e-17,-0.0250000022104786,0.0730588739981276,0.10000000884191447,,,,550,PBE,172,8,-17.9709,10
4-skew-two-planes,skew-xy-minus-0.025-yz-minus-0.100,2-accurate-hse06-atoms-fixed,4-skew-two-planes/skew-xy-minus-0.025-yz-minus-0.100/2-accurate-hse06-atoms-fixed,11.346172820578163,4.4209571892217525e-08,0.00031254423720283864,0.00500004465166759,-0.10000000884191447,8.322206495465283e-17,-0.0250000022104786,0.0730588739981276,0.10000000884191447,.TRUE.,0.27,,550,HSE,172,8,-21.099957,1
4-skew-two-planes,skew-xy-minus-0.025-yz-plus-0.000,1-cheap-pbe-atoms-relaxed,4-skew-two-planes/skew-xy-minus-0.025-yz-plus-0.000/1-cheap-pbe-atoms-relaxed,11.346172820578163,4.4209571892217525e-08,0.00031254423720283864,4.4209571892217525e-08,-6.405583806679694e-17,3.0915111789375266e-17,-0.0250000022104786,0.017680433794624077,0.0250000022104786,,,,550,PBE,172,8,-18.171083,3
4-skew-two-planes,skew-xy-minus-0.025-yz-plus-0.000,2-accurate-hse06-atoms-fixed,4-skew-two-planes/skew-xy-minus-0.025-yz-plus-0.000/2-accurate-hse06-atoms-fixed,11.346172820578163,4.4209571892217525e-08,0.00031254423720283864,4.4209571892217525e-08,-6.544361690893148e-17,8.642626547475728e-17,-0.0250000022104786,0.017680433794624077,0.0250000022104786,.TRUE.,0.27,,550,HSE,172,8,-21.308587,1
4-skew-two-planes,skew-xy-minus-0.025-yz-plus-0.025,1-cheap-pbe-atoms-relaxed,4-skew-two-planes/skew-xy-minus-0.025-yz-plus-0.025/1-cheap-pbe-atoms-relaxed,11.346172820578163,4.4209571892217525e-08,0.00031254423720283864,0.00031254423720283864,0.025000002210478624,3.1716161919401376e-17,-0.0250000022104786,0.025003909260879736,0.025000002210478624,,,,550,PBE,172,8,-18.158573,5
4-skew-two-planes,skew-xy-minus-0.025-yz-plus-0.025,2-accurate-hse06-atoms-fixed,4-skew-two-planes/skew-xy-minus-0.025-yz-plus-0.025/2-accurate-hse06-atoms-fixed,11.346172820578163,4.4209571892217525e-08,0.0003125442372030607,0.00031254423720283864,0.025000002210478517,8.445175792051429e-17,-0.02500000221047871,0.02500390926087974,0.02500000221047871,.TRUE.,0.27,,550,HSE,172,8,-21.295556,1
4-skew-two-planes,skew-xy-minus-0.025-yz-plus-0.050,1-cheap-pbe-atoms-relaxed,4-skew-two-planes/skew-xy-minus-0.025-yz-plus-0.050/1-cheap-pbe-atoms-relaxed,11.346172820578163,4.4209571892217525e-08,0.00031254423720283864,0.001250044320095789,0.05000000442095708,3.251721204942748e-17,-0.0250000022104786,0.039549469920773885,0.05000000442095708,,,,550,PBE,172,8,-18.121008,6
4-skew-two-planes,skew-xy-minus-0.025-yz-plus-0.050,2-accurate-hse06-atoms-fixed,4-skew-two-planes/skew-xy-minus-0.025-yz-plus-0.050/2-accurate-hse06-atoms-fixed,11.346172820578163,4.4209571892217525e-08,0.00031254423720283864,0.001250044320095789,0.05000000442095708,8.802836573480948e-17,-0.0250000022104786,0.039549469920773885,0.05000000442095708,.TRUE.,0.27,,550,HSE,172,8,-21.256414,1
4-skew-two-planes,skew-xy-minus-0.025-yz-plus-0.075,1-cheap-pbe-atoms-relaxed,4-skew-two-planes/skew-xy-minus-0.025-yz-plus-0.075/1-cheap-pbe-atoms-relaxed,11.346172820578163,4.4209571892217525e-08,0.00031254423720283864,0.002812544458250743,0.07500000663143579,3.331826217945359e-17,-0.0250000022104786,0.05597328508182697,0.07500000663143579,,,,550,PBE,172,8,-18.058442,5
4-skew-two-planes,skew-xy-minus-0.025-yz-plus-0.075,2-accurate-hse06-atoms-fixed,4-skew-two-planes/skew-xy-minus-0.025-yz-plus-0.075/2-accurate-hse06-atoms-fixed,11.346172820578163,4.4209571892217525e-08,0.00031254423720283864,0.002812544458250743,0.07500000663143579,8.882941586483559e-17,-0.0250000022104786,0.05597328508182697,0.07500000663143579,.TRUE.,0.27,,550,HSE,172,8,-21.191212,1
4-skew-two-planes,skew-xy-minus-0.025-yz-plus-0.100,1-cheap-pbe-atoms-relaxed,4-skew-two-planes/skew-xy-minus-0.025-yz-plus-0.100/1-cheap-pbe-atoms-relaxed,11.346172820578163,4.4209571892217525e-08,0.0003125442372030607,0.00500004465166759,0.10000000884191439,2.30170815724033e-17,-0.02500000221047871,0.07305887399812758,0.10000000884191439,,,,550,PBE,172,8,-17.970901,10
4-skew-two-planes,skew-xy-minus-0.025-yz-plus-0.100,2-accurate-hse06-atoms-fixed,4-skew-two-planes/skew-xy-minus-0.025-yz-plus-0.100/2-accurate-hse06-atoms-fixed,11.346172820578163,4.4209571892217525e-08,0.0003125442372030607,0.00500004465166759,0.10000000884191439,7.85282352577853e-17,-0.02500000221047871,0.07305887399812758,0.10000000884191439,.TRUE.,0.27,,550,HSE,172,8,-21.099958,1
4-skew-two-planes,skew-xy-minus-0.050-xz-minus-0.025,1-cheap-pbe-atoms-relaxed,4-skew-two-planes/skew-xy-minus-0.050-xz-minus-0.025/1-cheap-pbe-atoms-relaxed,11.346172820578163,4.4209571892217525e-08,0.001250044320095789,0.00031254423720283864,0.0012500001105238646,-0.025000002210478576,-0.05000000442095708,0.03955934556021311,0.05000000442095708,,,,550,PBE,172,8,-18.121025,6
4-skew-two-planes,skew-xy-minus-0.050-xz-minus-0.025,2-accurate-hse06-atoms-fixed,4-skew-two-planes/skew-xy-minus-0.050-xz-minus-0.025/2-accurate-hse06-atoms-fixed,11.346172820578163,4.4209571892217525e-08,0.001250044320095789,0.00031254423720283864,0.0012500001105238646,-0.025000002210478576,-0.05000000442095708,0.03955934556021311,0.05000000442095708,.TRUE.,0.27,,550,HSE,172,8,-21.256431,1
4-skew-two-planes,skew-xy-minus-0.050-xz-minus-0.075,1-cheap-pbe-atoms-relaxed,4-skew-two-planes/skew-xy-minus-0.050-xz-minus-0.075/1-cheap-pbe-atoms-relaxed,11.346172820578163,4.4209571892217525e-08,0.001250044320095789,0.002812544458250743,0.0037500003315717213,-0.07500000663143579,-0.05000000442095708,0.06386708844767201,0.07500000663143579,,,,550,PBE,172,8,-18.02138,5
4-skew-two-planes,skew-xy-minus-0.050-xz-minus-0.075,2-accurate-hse06-atoms-fixed,4-skew-two-planes/skew-xy-minus-0.050-xz-minus-0.075/2-accurate-hse06-atoms-fixed,11.346172820578163,4.4209571892217525e-08,0.001250044320095789,0.002812544458250743,0.0037500003315717213,-0.07500000663143579,-0.05000000442095708,0.06386708844767201,0.07500000663143579,.TRUE.,0.27,,550,HSE,172,8,-21.152555,1
4-skew-two-planes,skew-xy-minus-0.050-xz-minus-0.100,1-cheap-pbe-atoms-relaxed,4-skew-two-planes/skew-xy-minus-0.050-xz-minus-0.100/1-cheap-pbe-atoms-relaxed,11.346172820578163,4.4209571892217525e-08,0.001250044320095789,0.00500004465166759,0.005000000442095651,-0.10000000884191441,-0.05000000442095708,0.07930362012400602,0.10000000884191441,,,,550,PBE,172,8,-17.934287,7
4-skew-two-planes,skew-xy-minus-0.050-xz-minus-0.100,2-accurate-hse06-atoms-fixed,4-skew-two-planes/skew-xy-minus-0.050-xz-minus-0.100/2-accurate-hse06-atoms-fixed,11.346172820578163,4.4209571892217525e-08,0.001250044320095789,0.00500004465166759,0.005000000442095651,-0.10000000884191441,-0.05000000442095708,0.07930362012400602,0.10000000884191441,.TRUE.,0.27,,550,HSE,172,8,-21.061733,1
4-skew-two-planes,skew-xy-minus-0.050-xz-plus-0.000,1-cheap-pbe-atoms-relaxed,4-skew-two-planes/skew-xy-minus-0.050-xz-plus-0.000/1-cheap-pbe-atoms-relaxed,11.346172820578163,4.4209571892217525e-08,0.001250044320095789,4.4209571892217525e-08,-6.246093723432514e-17,-4.1945815422620356e-19,-0.05000000442095708,0.03537743393540544,0.05000000442095708,,,,550,PBE,172,8,-18.133494,3
4-skew-two-planes,skew-xy-minus-0.050-xz-plus-0.000,2-accurate-hse06-atoms-fixed,4-skew-two-planes/skew-xy-minus-0.050-xz-plus-0.000/2-accurate-hse06-atoms-fixed,11.346172820578163,4.420957211426213e-08,0.001250044320095789,4.4209571892217525e-08,-6.246093723432513e-17,-4.1945815422620973e-19,-0.05000000442095721,0.03537743393540553,0.05000000442095721,.TRUE.,0.27,,550,HSE,172,8,-21.269427,1
4-skew-two-planes,skew-xy-minus-0.050-xz-plus-0.025,1-cheap-pbe-atoms-relaxed,4-skew-two-planes/skew-xy-minus-0.050-xz-plus-0.025/1-cheap-pbe-atoms-relaxed,11.346172820578163,4.420957211426213e-08,0.001250044320095789,0.00031254423720283864,-0.0012500001105239925,0.025000002210478583,-0.05000000442095721,0.03955934556021319,0.05000000442095721,,,,550,PBE,172,8,-18.121025,6
4-skew-two-planes,skew-xy-minus-0.050-xz-plus-0.025,2-accurate-hse06-atoms-fixed,4-skew-two-planes/skew-xy-minus-0.050-xz-plus-0.025/2-accurate-hse06-atoms-fixed,11.346172820578163,4.420957211426213e-08,0.001250044320095789,0.00031254423720283864,-0.0012500001105239982,0.025000002210478694,-0.05000000442095721,0.039559345560213226,0.05000000442095721,.TRUE.,0.27,,550,HSE,172,8,-21.256431,1
4-skew-two-planes,skew-xy-minus-0.050-xz-plus-0.075,1-cheap-pbe-atoms-relaxed,4-skew-two-planes/skew-xy-minus-0.050-xz-plus-0.075/1-cheap-pbe-atoms-relaxed,11.346172820578163,4.420957211426213e-08,0.001250044320095789,0.002812544458250743,-0.003750000331571858,0.07500000663143586,-0.05000000442095721,0.06386708844767211,0.07500000663143586,,,,550,PBE,172,8,-18.02138,5
4-skew-two-planes,skew-xy-minus-0.050-xz-plus-0.075,2-accurate-hse06-atoms-fixed,4-skew-two-planes/skew-xy-minus-0.050-xz-plus-0.075/2-accurate-hse06-atoms-fixed,11.346172820578163,4.420957211426213e-08,0.001250044320095789,0.002812544458250743,-0.003750000331571858,0.07500000663143586,-0.05000000442095721,0.06386708844767211,0.07500000663143586,.TRUE.,0.27,,550,HSE,172,8,-21.152555,1
4-skew-two-planes,skew-xy-minus-0.050-xz-plus-0.100,1-cheap-pbe-atoms-relaxed,4-skew-two-planes/skew-xy-minus-0.050-xz-plus-0.100/1-cheap-pbe-atoms-relaxed,11.346172820578163,4.420957211426213e-08,0.001250044320095789,0.00500004465166759,-0.005000000442095788,0.10000000884191444,-0.05000000442095721,0.07930362012400607,0.10000000884191444,,,,550,PBE,172,8,-17.934287,7
4-skew-two-planes,skew-xy-minus-0.050-xz-plus-0.100,2-accurate-hse06-atoms-fixed,4-skew-two-planes/skew-xy-minus-0.050-xz-plus-0.100/2-accurate-hse06-atoms-fixed,11.346172820578163,4.420957211426213e-08,0.001250044320095789,0.00500004465166759,-0.005000000442095788,0.10000000884191444,-0.05000000442095721,0.07930362012400607,0.10000000884191444,.TRUE.,0.27,,550,HSE,172,8,-21.061733,1
4-skew-two-planes,skew-xy-minus-0.050-yz-minus-0.025,1-cheap-pbe-atoms-relaxed,4-skew-two-planes/skew-xy-minus-0.050-yz-minus-0.025/1-cheap-pbe-atoms-relaxed,11.346172820578163,4.4209571892217525e-08,0.001250044320095789,0.00031254423720283864,-0.02500000221047864,-1.220508284252314e-18,-0.05000000442095708,0.0395494699207739,0.05000000442095708,,,,550,PBE,172,8,-18.121007,6
4-skew-two-planes,skew-xy-minus-0.050-yz-minus-0.025,2-accurate-hse06-atoms-fixed,4-skew-two-planes/skew-xy-minus-0.050-yz-minus-0.025/2-accurate-hse06-atoms-fixed,11.346172820578163,4.420957211426213e-08,0.001250044320095789,0.00031254423720283864,-0.02500000221047864,-1.22050828425232e-18,-0.05000000442095721,0.039549469920773975,0.05000000442095721,.TRUE.,0.27,,550,HSE,172,8,-21.256413,1
4-skew-two-planes,skew-xy-minus-0.050-yz-minus-0.075,1-cheap-pbe-atoms-relaxed,4-skew-two-planes/skew-xy-minus-0.050-yz-minus-0.075/1-cheap-pbe-atoms-relaxed,11.346172820578163,4.4209571892217525e-08,0.001250044320095789,0.002812544458250743,-0.07500000663143579,-2.8226085443045285e-18,-0.05000000442095708,0.0638120187389442,0.07500000663143579,,,,550,PBE,172,8,-18.02117,5
4-skew-two-planes,skew-xy-minus-0.050-yz-minus-0.075,2-accurate-hse06-atoms-fixed,4-skew-two-planes/skew-xy-minus-0.050-yz-minus-0.075/2-accurate-hse06-atoms-fixed,11.346172820578163,4.420957211426213e-08,0.001250044320095789,0.002812544458250743,-0.07500000663143579,-2.8226085443045346e-18,-0.05000000442095721,0.06381201873894425,0.07500000663143579,.TRUE.,0.27,,550,HSE,172,8,-21.152343,1
4-skew-two-planes,skew-xy-minus-0.050-yz-minus-0.100,1-cheap-pbe-atoms-relaxed,4-skew-two-planes/skew-xy-minus-0.050-yz-minus-0.100/1-cheap-pbe-atoms-relaxed,11.346172820578163,4.4209571892217525e-08,0.001250044320095789,0.00500004465166759,-0.10000000884191447,-3.623658674330639e-18,-0.05000000442095708,0.07922476988014657,0.10000000884191447,,,,550,PBE,172,8,-17.933914,7
4-skew-two-planes,skew-xy-minus-0.050-yz-minus-0.100,2-accurate-hse06-atoms-fixed,4-skew-two-planes/skew-xy-minus-0.050-yz-minus-0.100/2-accurate-hse06-atoms-fixed,11.346172820578163,4.420957211426213e-08,0.001250044320095789,0.00500004465166759,-0.10000000884191447,-3.623658674330645e-18,-0.05000000442095721,0.07922476988014661,0.10000000884191447,.TRUE.,0.27,,550,HSE,172,8,-21.06136,1
4-skew-two-planes,skew-xy-minus-0.050-yz-plus-0.000,1-cheap-pbe-atoms-relaxed,4-skew-two-planes/skew-xy-minus-0.050-yz-plus-0.000/1-cheap-pbe-atoms-relaxed,11.346172820578163,4.4209571892217525e-08,0.001250044320095789,4.4209571892217525e-08,-6.246093723432514e-17,-4.1945815422620356e-19,-0.05000000442095708,0.03537743393540544,0.05000000442095708,,,,550,PBE,172,8,-18.133494,3
4-skew-two-planes,skew-xy-minus-0.050-yz-plus-0.000,2-accurate-hse06-atoms-fixed,4-skew-two-planes/skew-xy-minus-0.050-yz-plus-0.000/2-accurate-hse06-atoms-fixed,11.346172820578163,4.420957211426213e-08,0.001250044320095789,4.4209571892217525e-08,-6.246093723432513e-17,-4.1945815422620973e-19,-0.05000000442095721,0.03537743393540553,0.05000000442095721,.TRUE.,0.27,,550,HSE,172,8,-21.269427,1
4-skew-two-planes,skew-xy-minus-0.050-yz-plus-0.025,1-cheap-pbe-atoms-relaxed,4-skew-two-planes/skew-xy-minus-0.050-yz-plus-0.025/1-cheap-pbe-atoms-relaxed,11.346172820578163,4.4209571892217525e-08,0.001250044320095789,0.00031254423720283864,0.025000002210478628,3.815919757999068e-19,-0.05000000442095708,0.03954946992077389,0.05000000442095708,,,,550,PBE,172,8,-18.121007,6
4-skew-two-planes,skew-xy-minus-0.050-yz-plus-0.025,2-accurate-hse06-atoms-fixed,4-skew-two-planes/skew-xy-minus-0.050-yz-plus-0.025/2-accurate-hse06-atoms-fixed,11.346172820578163,4.420957211426213e-08,0.001250044320096011,0.00031254423720283864,0.02500000221047852,-2.3939657084691977e-18,-0.05000000442095732,0.039549469920774016,0.05000000442095732,.TRUE.,0.27,,550,HSE,172,8,-21.256413,1
4-skew-two-planes,skew-xy-minus-0.050-yz-plus-0.075,1-cheap-pbe-atoms-relaxed,4-skew-two-planes/skew-xy-minus-0.050-yz-plus-0.075/1-cheap-pbe-atoms-relaxed,11.346172820578163,4.4209571892217525e-08,0.001250044320095789,0.002812544458250743,0.07500000663143579,1.9836922358521213e-18,-0.05000000442095708,0.0638120187389442,0.07500000663143579,,,,550,PBE,172,8,-18.02117,5
4-skew-two-planes,skew-xy-minus-0.050-yz-plus-0.075,2-accurate-hse06-atoms-fixed,4-skew-two-planes/skew-xy-minus-0.050-yz-plus-0.075/2-accurate-hse06-atoms-fixed,11.346172820578163,4.420957211426213e-08,0.001250044320095789,0.002812544458250743,0.07500000663143579,1.983692235852115e-18,-0.05000000442095721,0.06381201873894425,0.07500000663143579,.TRUE.,0.27,,550,HSE,172,8,-21.152343,1
4-skew-two-planes,skew-xy-minus-0.050-yz-plus-0.100,1-cheap-pbe-atoms-relaxed,4-skew-two-planes/skew-xy-minus-0.050-yz-plus-0.100/1-cheap-pbe-atoms-relaxed,11.346172820578163,4.4209571892217525e-08,0.001250044320096011,0.00500004465166759,0.10000000884191439,-8.317488371198174e-18,-0.05000000442095719,0.07922476988014655,0.10000000884191439,,,,550,PBE,172,8,-17.933915,7
4-skew-two-planes,skew-xy-minus-0.050-yz-plus-0.100,2-accurate-hse06-atoms-fixed,4-skew-two-planes/skew-xy-minus-0.050-yz-plus-0.100/2-accurate-hse06-atoms-fixed,11.346172820578163,4.420957211426213e-08,0.001250044320096011,0.00500004465166759,0.10000000884191439,-8.31748837119818e-18,-0.05000000442095732,0.07922476988014658,0.10000000884191439,.TRUE.,0.27,,550,HSE,172,8,-21.06136,1
4-skew-two-planes,skew-xy-minus-0.075-xz-minus-0.025,1-cheap-pbe-atoms-relaxed,4-skew-two-planes/skew-xy-minus-0.075-xz-minus-0.025/1-cheap-pbe-atoms-relaxed,11.346172820578163,4.4209571892217525e-08,0.002812544458250743,0.00031254423720283864,0.0018750001657858292,-0.025000002210478545,-0.07500000663143576,0.0559889851279903,0.07500000663143576,,,,550,PBE,172,8,-18.058505,5
4-skew-two-planes,skew-xy-minus-0.075-xz-minus-0.025,2-accurate-hse06-atoms-fixed,4-skew-two-planes/skew-xy-minus-0.075-xz-minus-0.025/2-accurate-hse06-atoms-fixed,11.346172820578163,4.4209571892217525e-08,0.002812544458250743,0.00031254423720283864,0.0018750001657858333,-0.0250000022104786,-0.07500000663143576,0.05598898512799031,0.07500000663143576,.TRUE.,0.27,,550,HSE,172,8,-21.191276,1
4-skew-two-planes,skew-xy-minus-0.075-xz-minus-0.050,1-cheap-pbe-atoms-relaxed,4-skew-two-planes/skew-xy-minus-0.075-xz-minus-0.050/1-cheap-pbe-atoms-relaxed,11.346172820578163,4.4209571892217525e-08,0.002812544458250743,0.001250044320095789,0.0037500003315717226,-0.05000000442095712,-0.07500000663143576,0.063867088447672,0.07500000663143576,,,,550,PBE,172,8,-18.02138,5
4-skew-two-planes,skew-xy-minus-0.075-xz-minus-0.050,2-accurate-hse06-atoms-fixed,4-skew-two-planes/skew-xy-minus-0.075-xz-minus-0.050/2-accurate-hse06-atoms-fixed,11.346172820578163,4.4209571892217525e-08,0.002812544458250743,0.001250044320095789,0.0037500003315717226,-0.05000000442095712,-0.07500000663143576,0.063867088447672,0.07500000663143576,.TRUE.,0.27,,550,HSE,172,8,-21.152555,1
4-skew-two-planes,skew-xy-minus-0.075-xz-minus-0.075,1-cheap-pbe-atoms-relaxed,4-skew-two-planes/skew-xy-minus-0.075-xz-minus-0.075/1-cheap-pbe-atoms-relaxed,11.346172820578163,4.4209571892217525e-08,0.002812544458250743,0.002812544458250743,0.00562500049735762,-0.07500000663143576,-0.07500000663143576,0.07521065165702444,0.07500000663143576,,,,550,PBE,172,8,-17.959586,5
4-skew-two-planes,skew-xy-minus-0.075-xz-minus-0.075,2-accurate-hse06-atoms-fixed,4-skew-two-planes/skew-xy-minus-0.075-xz-minus-0.075/2-accurate-hse06-atoms-fixed,11.346172820578163,4.4209571892217525e-08,0.002812544458250743,0.002812544458250743,0.00562500049735762,-0.07500000663143576,-0.07500000663143576,0.07521065165702444,0.07500000663143576,.TRUE.,0.27,,550,HSE,172,8,-21.088093,1
4-skew-two-planes,skew-xy-minus-0.075-xz-minus-0.100,1-cheap-pbe-atoms-relaxed,4-skew-two-planes/skew-xy-minus-0.075-xz-minus-0.100/1-cheap-pbe-atoms-relaxed,11.346172820578163,4.4209571892217525e-08,0.002812544458250743,0.00500004465166759,0.007500000663143518,-0.10000000884191439,-0.07500000663143576,0.08873295464128882,0.10000000884191439,,,,550,PBE,172,8,-17.873133,7
4-skew-two-planes,skew-xy-minus-0.075-xz-minus-0.100,2-accurate-hse06-atoms-fixed,4-skew-two-planes/skew-xy-minus-0.075-xz-minus-0.100/2-accurate-hse06-atoms-fixed,11.346172820578163,4.4209571892217525e-08,0.002812544458250743,0.00500004465166759,0.007500000663143518,-0.10000000884191439,-0.07500000663143576,0.08873295464128882,0.10000000884191439,.TRUE.,0.27,,550,HSE,172,8,-20.997876,1
4-skew-two-planes,skew-xy-minus-0.075-xz-plus-0.000,1-cheap-pbe-atoms-relaxed,4-skew-two-planes/skew-xy-minus-0.075-xz-plus-0.000/1-cheap-pbe-atoms-relaxed,11.346172820578163,4.4209571892217525e-08,0.002812544458250743,4.4209571892217525e-08,-6.396803403464652e-17,3.049565363514906e-17,-0.07500000663143576,0.05310754093056136,0.07500000663143576,,,,550,PBE,172,8,-18.070871,3
4-skew-two-planes,skew-xy-minus-0.075-xz-plus-0.000,2-accurate-hse06-atoms-fixed,4-skew-two-planes/skew-xy-minus-0.075-xz-plus-0.000/2-accurate-hse06-atoms-fixed,11.346172820578163,4.4209571892217525e-08,0.002812544458250743,4.4209571892217525e-08,-6.396803403464652e-17,3.049565363514906e-17,-0.07500000663143576,0.05310754093056136,0.07500000663143576,.TRUE.,0.27,,550,HSE,172,8,-21.204171,1
4-skew-two-planes,skew-xy-minus-0.075-xz-plus-0.025,1-cheap-pbe-atoms-relaxed,4-skew-two-planes/skew-xy-minus-0.075-xz-plus-0.025/1-cheap-pbe-atoms-relaxed,11.346172820578163,4.4209571892217525e-08,0.002812544458250743,0.00031254423720283864,-0.0018750001657859617,0.025000002210478663,-0.07500000663143576,0.055988985127990325,0.07500000663143576,,,,550,PBE,172,8,-18.058505,5
4-skew-two-planes,skew-xy-minus-0.075-xz-plus-0.025,2-accurate-hse06-atoms-fixed,4-skew-two-planes/skew-xy-minus-0.075-xz-plus-0.025/2-accurate-hse06-atoms-fixed,11.346172820578163,4.4209571892217525e-08,0.002812544458250743,0.00031254423720283864,-0.0018750001657859617,0.025000002210478663,-0.07500000663143576,0.055988985127990325,0.07500000663143576,.TRUE.,0.27,,550,HSE,172,8,-21.191276,1
4-skew-two-planes,skew-xy-minus-0.075-xz-plus-0.050,1-cheap-pbe-atoms-relaxed,4-skew-two-planes/skew-xy-minus-0.075-xz-plus-0.050/1-cheap-pbe-atoms-relaxed,11.346172820578163,4.4209571892217525e-08,0.002812544458250743,0.001250044320095789,-0.0037500003315718553,0.05000000442095724,-0.07500000663143576,0.06386708844767205,0.07500000663143576,,,,550,PBE,172,8,-18.02138,5
4-skew-two-planes,skew-xy-minus-0.075-xz-plus-0.050,2-accurate-hse06-atoms-fixed,4-skew-two-planes/skew-xy-minus-0.075-xz-plus-0.050/2-accurate-hse06-atoms-fixed,11.346172820578163,4.4209571892217525e-08,0.002812544458250743,0.001250044320095789,-0.0037500003315718553,0.05000000442095724,-0.07500000663143576,0.06386708844767205,0.07500000663143576,.TRUE.,0.27,,550,HSE,172,8,-21.152555,1
4-skew-two-planes,skew-xy-minus-0.075-xz-plus-0.075,1-cheap-pbe-atoms-relaxed,4-skew-two-planes/skew-xy-minus-0.075-xz-plus-0.075/1-cheap-pbe-atoms-relaxed,11.346172820578163,4.4209571892217525e-08,0.002812544458250743,0.002812544458250743,-0.0056250004973577485,0.07500000663143581,-0.07500000663143576,0.07521065165702447,0.07500000663143581,,,,550,PBE,172,8,-17.959586,5
4-skew-two-planes,skew-xy-minus-0.075-xz-plus-0.075,2-accurate-hse06-atoms-fixed,4-skew-two-planes/skew-xy-minus-0.075-xz-plus-0.075/2-accurate-hse06-atoms-fixed,11.346172820578163,4.4209571892217525e-08,0.002812544458250743,0.002812544458250743,-0.0056250004973577485,0.07500000663143581,-0.07500000663143576,0.07521065165702447,0.07500000663143581,.TRUE.,0.27,,550,HSE,172,8,-21.088093,1
4-skew-two-planes,skew-xy-minus-0.075-xz-plus-0.100,1-cheap-pbe-atoms-relaxed,4-skew-two-planes/skew-xy-minus-0.075-xz-plus-0.100/1-cheap-pbe-atoms-relaxed,11.346172820578163,4.4209571892217525e-08,0.002812544458250743,0.00500004465166759,-0.007500000663143642,0.10000000884191439,-0.07500000663143576,0.08873295464128883,0.10000000884191439,,,,550,PBE,172,8,-17.873133,7
4-skew-two-planes,skew-xy-minus-0.075-xz-plus-0.100,2-accurate-hse06-atoms-fixed,4-skew-two-planes/skew-xy-minus-0.075-xz-plus-0.100/2-accurate-hse06-atoms-fixed,11.346172820578163,4.4209571892217525e-08,0.002812544458250743,0.00500004465166759,-0.00750000066314365,0.1000000088419145,-0.07500000663143576,0.08873295464128889,0.1000000088419145,.TRUE.,0.27,,550,HSE,172,8,-20.997876,1
4-skew-two-planes,skew-xy-minus-0.075-yz-minus-0.025,1-cheap-pbe-atoms-relaxed,4-skew-two-planes/skew-xy-minus-0.075-yz-minus-0.025/1-cheap-pbe-atoms-relaxed,11.346172820578163,4.4209571892217525e-08,0.002812544458250743,0.00031254423720283864,-0.02500000221047864,2.9694603505122955e-17,-0.07500000663143576,0.05597328508182696,0.07500000663143576,,,,550,PBE,172,8,-18.058446,5
4-skew-two-planes,skew-xy-minus-0.075-yz-minus-0.025,2-accurate-hse06-atoms-fixed,4-skew-two-planes/skew-xy-minus-0.075-yz-minus-0.025/2-accurate-hse06-atoms-fixed,11.346172820578163,4.4209571892217525e-08,0.002812544458250743,0.00031254423720283864,-0.02500000221047864,2.9694603505122955e-17,-0.07500000663143576,0.05597328508182696,0.07500000663143576,.TRUE.,0.27,,550,HSE,172,8,-21.191216,1
4-skew-two-planes,skew-xy-minus-0.075-yz-minus-0.050,1-cheap-pbe-atoms-relaxed,4-skew-two-planes/skew-xy-minus-0.075-yz-minus-0.050/1-cheap-pbe-atoms-relaxed,11.346172820578163,4.4209571892217525e-08,0.002812544458250965,0.001250044320095789,-0.05000000442095718,3.444466874363504e-17,-0.07500000663143587,0.06381201873894429,0.07500000663143587,,,,550,PBE,172,8,-18.021186,5
4-skew-two-planes,skew-xy-minus-0.075-yz-minus-0.050,2-accurate-hse06-atoms-fixed,4-skew-two-planes/skew-xy-minus-0.075-yz-minus-0.050/2-accurate-hse06-atoms-fixed,11.346172820578163,4.4209571892217525e-08,0.002812544458250965,0.001250044320095789,-0.05000000442095718,3.444466874363504e-17,-0.07500000663143587,0.06381201873894429,0.07500000663143587,.TRUE.,0.27,,550,HSE,172,8,-21.15236,1
4-skew-two-planes,skew-xy-minus-0.075-yz-minus-0.075,1-cheap-pbe-atoms-relaxed,4-skew-two-planes/skew-xy-minus-0.075-yz-minus-0.075/1-cheap-pbe-atoms-relaxed,11.346172820578163,4.4209571892217525e-08,0.002812544458250743,0.002812544458250743,-0.07500000663143579,2.809250324507074e-17,-0.07500000663143576,0.07510540464824511,0.07500000663143579,,,,550,PBE,172,8,-17.959099,5
4-skew-two-planes,skew-xy-minus-0.075-yz-minus-0.075,2-accurate-hse06-atoms-fixed,4-skew-two-planes/skew-xy-minus-0.075-yz-minus-0.075/2-accurate-hse06-atoms-fixed,11.346172820578163,4.4209571892217525e-08,0.002812544458250743,0.002812544458250743,-0.07500000663143579,2.809250324507074e-17,-0.07500000663143576,0.07510540464824511,0.07500000663143579,.TRUE.,0.27,,550,HSE,172,8,-21.087601,1
4-skew-two-planes,skew-xy-minus-0.075-yz-minus-0.100,1-cheap-pbe-atoms-relaxed,4-skew-two-planes/skew-xy-minus-0.075-yz-minus-0.100/1-cheap-pbe-atoms-relaxed,11.346172820578163,4.4209571892217525e-08,0.002812544458250743,0.00500004465166759,-0.10000000884191447,2.7291453115044627e-17,-0.07500000663143576,0.08857433169039126,0.10000000884191447,,,,550,PBE,172,8,-17.872261,7
4-skew-two-planes,skew-xy-minus-0.075-yz-minus-0.100,2-accurate-hse06-atoms-fixed,4-skew-two-planes/skew-xy-minus-0.075-yz-minus-0.100/2-accurate-hse06-atoms-fixed,11.346172820578163,4.4209571892217525e-08,0.002812544458250743,0.00500004465166759,-0.10000000884191447,2.7291453115044627e-17,-0.07500000663143576,0.08857433169039126,0.10000000884191447,.TRUE.,0.27,,550,HSE,172,8,-20.996998,1
4-skew-two-planes,skew-xy-minus-0.075-yz-plus-0.000,1-cheap-pbe-atoms-relaxed,4-skew-two-planes/skew-xy-minus-0.075-yz-plus-0.000/1-cheap-pbe-atoms-relaxed,11.346172820578163,4.4209571892217525e-08,0.002812544458250743,4.4209571892217525e-08,-6.396803403464652e-17,3.049565363514906e-17,-0.07500000663143576,0.05310754093056136,0.07500000663143576,,,,550,PBE,172,8,-18.070871,3
4-skew-two-planes,skew-xy-minus-0.075-yz-plus-0.000,2-accurate-hse06-atoms-fixed,4-skew-two-planes/skew-xy-minus-0.075-yz-plus-0.000/2-accurate-hse06-atoms-fixed,11.346172820578163,4.4209571892217525e-08,0.002812544458250743,4.4209571892217525e-08,-6.396803403464652e-17,3.049565363514906e-17,-0.07500000663143576,0.05310754093056136,0.07500000663143576,.TRUE.,0.27,,550,HSE,172,8,-21.204171,1
4-skew-two-planes,skew-xy-minus-0.075-yz-plus-0.025,1-cheap-pbe-atoms-relaxed,4-skew-two-planes/skew-xy-minus-0.075-yz-plus-0.025/1-cheap-pbe-atoms-relaxed,11.346172820578163,4.4209571892217525e-08,0.002812544458250743,0.00031254423720283864,0.025000002210478624,3.1296703765175176e-17,-0.07500000663143576,0.05597328508182696,0.07500000663143576,,,,550,PBE,172,8,-18.058446,5
4-skew-two-planes,skew-xy-minus-0.075-yz-plus-0.025,2-accurate-hse06-atoms-fixed,4-skew-two-planes/skew-xy-minus-0.075-yz-plus-0.025/2-accurate-hse06-atoms-fixed,11.346172820578163,4.4209571892217525e-08,0.002812544458250965,0.00031254423720283864,0.02500000221047852,2.852114608090608e-17,-0.07500000663143587,0.05597328508182702,0.07500000663143587,.TRUE.,0.27,,550,HSE,172,8,-21.191216,1
4-skew-two-planes,skew-xy-minus-0.075-yz-plus-0.050,1-cheap-pbe-atoms-relaxed,4-skew-two-planes/skew-xy-minus-0.075-yz-plus-0.050/1-cheap-pbe-atoms-relaxed,11.346172820578163,4.4209571892217525e-08,0.002812544458250743,0.001250044320095789,0.05000000442095708,3.209775389520128e-17,-0.07500000663143576,0.06381201873894418,0.07500000663143576,,,,550,PBE,172,8,-18.021186,5
4-skew-two-planes,skew-xy-minus-0.075-yz-plus-0.050,2-accurate-hse06-atoms-fixed,4-skew-two-planes/skew-xy-minus-0.075-yz-plus-0.050/2-accurate-hse06-atoms-fixed,11.346172820578163,4.4209571892217525e-08,0.002812544458250743,0.001250044320095789,0.05000000442095708,3.209775389520128e-17,-0.07500000663143576,0.06381201873894418,0.07500000663143576,.TRUE.,0.27,,550,HSE,172,8,-21.15236,1
4-skew-two-planes,skew-xy-minus-0.075-yz-plus-0.075,1-cheap-pbe-atoms-relaxed,4-skew-two-planes/skew-xy-minus-0.075-yz-plus-0.075/1-cheap-pbe-atoms-relaxed,11.346172820578163,4.4209571892217525e-08,0.002812544458250743,0.002812544458250743,0.07500000663143579,3.289880402522739e-17,-0.07500000663143576,0.07510540464824511,0.07500000663143579,,,,550,PBE,172,8,-17.959099,5
4-skew-two-planes,skew-xy-minus-0.075-yz-plus-0.075,2-accurate-hse06-atoms-fixed,4-skew-two-planes/skew-xy-minus-0.075-yz-plus-0.075/2-accurate-hse06-atoms-fixed,11.346172820578163,4.4209571892217525e-08,0.002812544458250743,0.002812544458250743,0.07500000663143579,3.289880402522739e-17,-0.07500000663143576,0.07510540464824511,0.07500000663143579,.TRUE.,0.27,,550,HSE,172,8,-21.087601,1
4-skew-two-planes,skew-xy-minus-0.075-yz-plus-0.100,1-cheap-pbe-atoms-relaxed,4-skew-two-planes/skew-xy-minus-0.075-yz-plus-0.100/1-cheap-pbe-atoms-relaxed,11.346172820578163,4.4209571892217525e-08,0.002812544458250965,0.00500004465166759,0.10000000884191439,2.2597623418177095e-17,-0.07500000663143587,0.08857433169039129,0.10000000884191439,,,,550,PBE,172,8,-17.87226,7
4-skew-two-planes,skew-xy-minus-0.075-yz-plus-0.100,2-accurate-hse06-atoms-fixed,4-skew-two-planes/skew-xy-minus-0.075-yz-plus-0.100/2-accurate-hse06-atoms-fixed,11.346172820578163,4.4209571892217525e-08,0.002812544458250965,0.00500004465166759,0.10000000884191439,2.2597623418177095e-17,-0.07500000663143587,0.08857433169039129,0.10000000884191439,.TRUE.,0.27,,550,HSE,172,8,-20.996998,1
4-skew-two-planes,skew-xy-minus-0.100-xz-minus-0.025,1-cheap-pbe-atoms-relaxed,4-skew-two-planes/skew-xy-minus-0.100-xz-minus-0.025/1-cheap-pbe-atoms-relaxed,11.346172820578163,4.4209571892217525e-08,0.00500004465166759,0.00031254423720283864,0.002500000221047795,-0.025000002210478572,-0.1000000088419143,0.07308025773371964,0.1000000088419143,,,,550,PBE,172,8,-17.970998,12
4-skew-two-planes,skew-xy-minus-0.100-xz-minus-0.025,2-accurate-hse06-atoms-fixed,4-skew-two-planes/skew-xy-minus-0.100-xz-minus-0.025/2-accurate-hse06-atoms-fixed,11.346172820578163,4.4209571892217525e-08,0.00500004465166759,0.00031254423720283864,0.002500000221047795,-0.025000002210478572,-0.1000000088419143,0.07308025773371964,0.1000000088419143,.TRUE.,0.27,,550,HSE,172,8,-21.100056,1
4-skew-two-planes,skew-xy-minus-0.100-xz-minus-0.050,1-cheap-pbe-atoms-relaxed,4-skew-two-planes/skew-xy-minus-0.100-xz-minus-0.050/1-cheap-pbe-atoms-relaxed,11.346172820578163,4.4209571892217525e-08,0.00500004465166759,0.001250044320095789,0.005000000442095652,-0.05000000442095709,-0.10000000884191441,0.07930362012400602,0.10000000884191441,,,,550,PBE,172,8,-17.934287,7
4-skew-two-planes,skew-xy-minus-0.100-xz-minus-0.050,2-accurate-hse06-atoms-fixed,4-skew-two-planes/skew-xy-minus-0.100-xz-minus-0.050/2-accurate-hse06-atoms-fixed,11.346172820578163,4.4209571892217525e-08,0.00500004465166759,0.001250044320095789,0.005000000442095652,-0.05000000442095709,-0.10000000884191441,0.07930362012400602,0.10000000884191441,.TRUE.,0.27,,550,HSE,172,8,-21.061733,1
4-skew-two-planes,skew-xy-minus-0.100-xz-minus-0.075,1-cheap-pbe-atoms-relaxed,4-skew-two-planes/skew-xy-minus-0.100-xz-minus-0.075/1-cheap-pbe-atoms-relaxed,11.346172820578163,4.4209571892217525e-08,0.00500004465166759,0.002812544458250743,0.007500000663143517,-0.07500000663143573,-0.10000000884191441,0.08873295464128882,0.10000000884191441,,,,550,PBE,172,8,-17.873133,7
4-skew-two-planes,skew-xy-minus-0.100-xz-minus-0.075,2-accurate-hse06-atoms-fixed,4-skew-two-planes/skew-xy-minus-0.100-xz-minus-0.075/2-accurate-hse06-atoms-fixed,11.346172820578163,4.4209571892217525e-08,0.00500004465166759,0.002812544458250743,0.007500000663143517,-0.07500000663143573,-0.10000000884191441,0.08873295464128882,0.10000000884191441,.TRUE.,0.27,,550,HSE,172,8,-20.997876,1
4-skew-two-planes,skew-xy-minus-0.100-xz-minus-0.100,1-cheap-pbe-atoms-relaxed,4-skew-two-planes/skew-xy-minus-0.100-xz-minus-0.100/1-cheap-pbe-atoms-relaxed,11.346172820578163,4.4209571892217525e-08,0.00500004465166759,0.00500004465166759,0.010000000884191373,-0.10000000884191436,-0.1000000088419143,0.10049876949626872,0.10000000884191436,,,,550,PBE,172,8,-17.787631,10
4-skew-two-planes,skew-xy-minus-0.100-xz-minus-0.100,2-accurate-hse06-atoms-fixed,4-skew-two-planes/skew-xy-minus-0.100-xz-minus-0.100/2-accurate-hse06-atoms-fixed,11.346172820578163,4.4209571892217525e-08,0.00500004465166759,0.00500004465166759,0.010000000884191384,-0.10000000884191436,-0.10000000884191441,0.10049876949626878,0.10000000884191441,.TRUE.,0.27,,550,HSE,172,8,-20.908561,1
4-skew-two-planes,skew-xy-minus-0.100-xz-plus-0.000,1-cheap-pbe-atoms-relaxed,4-skew-two-planes/skew-xy-minus-0.100-xz-plus-0.000/1-cheap-pbe-atoms-relaxed,11.346172820578163,4.4209571892217525e-08,0.00500004465166759,4.4209571892217525e-08,-6.702088642443666e-17,6.141076542452433e-17,-0.10000000884191441,0.07088724377992178,0.10000000884191441,,,,550,PBE,172,8,-17.983273,3
4-skew-two-planes,skew-xy-minus-0.100-xz-plus-0.000,2-accurate-hse06-atoms-fixed,4-skew-two-planes/skew-xy-minus-0.100-xz-plus-0.000/2-accurate-hse06-atoms-fixed,11.346172820578163,4.4209571892217525e-08,0.00500004465166759,4.4209571892217525e-08,-6.702088642443666e-17,6.141076542452433e-17,-0.10000000884191441,0.07088724377992178,0.10000000884191441,.TRUE.,0.27,,550,HSE,172,8,-21.11287,1
4-skew-two-planes,skew-xy-minus-0.100-xz-plus-0.025,1-cheap-pbe-atoms-relaxed,4-skew-two-planes/skew-xy-minus-0.100-xz-plus-0.025/1-cheap-pbe-atoms-relaxed,11.346172820578163,4.4209571892217525e-08,0.00500004465166759,0.00031254423720283864,-0.002500000221047932,0.02500000221047869,-0.10000000884191441,0.07308025773371973,0.10000000884191441,,,,550,PBE,172,8,-17.970998,12
4-skew-two-planes,skew-xy-minus-0.100-xz-plus-0.025,2-accurate-hse06-atoms-fixed,4-skew-two-planes/skew-xy-minus-0.100-xz-plus-0.025/2-accurate-hse06-atoms-fixed,11.346172820578163,4.4209571892217525e-08,0.00500004465166759,0.00031254423720283864,-0.002500000221047932,0.02500000221047869,-0.10000000884191441,0.07308025773371973,0.10000000884191441,.TRUE.,0.27,,550,HSE,172,8,-21.100056,1
4-skew-two-planes,skew-xy-minus-0.100-xz-plus-0.050,1-cheap-pbe-atoms-relaxed,4-skew-two-planes/skew-xy-minus-0.100-xz-plus-0.050/1-cheap-pbe-atoms-relaxed,11.346172820578163,4.4209571892217525e-08,0.00500004465166759,0.001250044320095789,-0.00500000044209578,0.050000004420957214,-0.1000000088419143,0.07930362012400598,0.1000000088419143,,,,550,PBE,172,8,-17.934286,7
4-skew-two-planes,skew-xy-minus-0.100-xz-plus-0.050,2-accurate-hse06-atoms-fixed,4-skew-two-planes/skew-xy-minus-0.100-xz-plus-0.050/2-accurate-hse06-atoms-fixed,11.346172820578163,4.4209571892217525e-08,0.00500004465166759,0.001250044320095789,-0.005000000442095786,0.050000004420957214,-0.10000000884191441,0.07930362012400606,0.10000000884191441,.TRUE.,0.27,,550,HSE,172,8,-21.061732,1
4-skew-two-planes,skew-xy-minus-0.100-xz-plus-0.075,1-cheap-pbe-atoms-relaxed,4-skew-two-planes/skew-xy-minus-0.100-xz-plus-0.075/1-cheap-pbe-atoms-relaxed,11.346172820578163,4.4209571892217525e-08,0.00500004465166759,0.002812544458250743,-0.007500000663143646,0.07500000663143579,-0.10000000884191441,0.08873295464128886,0.10000000884191441,,,,550,PBE,172,8,-17.873133,7
4-skew-two-planes,skew-xy-minus-0.100-xz-plus-0.075,2-accurate-hse06-atoms-fixed,4-skew-two-planes/skew-xy-minus-0.100-xz-plus-0.075/2-accurate-hse06-atoms-fixed,11.346172820578163,4.4209571892217525e-08,0.00500004465166759,0.002812544458250743,-0.007500000663143646,0.07500000663143579,-0.10000000884191441,0.08873295464128886,0.10000000884191441,.TRUE.,0.27,,550,HSE,172,8,-20.997875,1
4-skew-two-planes,skew-xy-minus-0.100-xz-plus-0.100,1-cheap-pbe-atoms-relaxed,4-skew-two-planes/skew-xy-minus-0.100-xz-plus-0.100/1-cheap-pbe-atoms-relaxed,11.346172820578163,4.4209571892217525e-08,0.00500004465166759,0.00500004465166759,-0.010000000884191514,0.10000000884191447,-0.10000000884191441,0.10049876949626883,0.10000000884191447,,,,550,PBE,172,8,-17.78763,10
4-skew-two-planes,skew-xy-minus-0.100-xz-plus-0.100,2-accurate-hse06-atoms-fixed,4-skew-two-planes/skew-xy-minus-0.100-xz-plus-0.100/2-accurate-hse06-atoms-fixed,11.346172820578163,4.4209571892217525e-08,0.00500004465166759,0.00500004465166759,-0.010000000884191514,0.10000000884191447,-0.10000000884191441,0.10049876949626883,0.10000000884191447,.TRUE.,0.27,,550,HSE,172,8,-20.90856,1
4-skew-two-planes,skew-xy-minus-0.100-yz-minus-0.025,1-cheap-pbe-atoms-relaxed,4-skew-two-planes/skew-xy-minus-0.100-yz-minus-0.025/1-cheap-pbe-atoms-relaxed,11.346172820578163,4.4209571892217525e-08,0.00500004465166759,0.00031254423720283864,-0.025000002210478642,6.060971529449822e-17,-0.10000000884191441,0.07305887399812758,0.10000000884191441,,,,550,PBE,172,8,-17.970924,10
4-skew-two-planes,skew-xy-minus-0.100-yz-minus-0.025,2-accurate-hse06-atoms-fixed,4-skew-two-planes/skew-xy-minus-0.100-yz-minus-0.025/2-accurate-hse06-atoms-fixed,11.346172820578163,4.4209571892217525e-08,0.00500004465166759,0.00031254423720283864,-0.025000002210478642,6.060971529449822e-17,-0.10000000884191441,0.07305887399812758,0.10000000884191441,.TRUE.,0.27,,550,HSE,172,8,-21.099984,1
4-skew-two-planes,skew-xy-minus-0.100-yz-minus-0.050,1-cheap-pbe-atoms-relaxed,4-skew-two-planes/skew-xy-minus-0.100-yz-minus-0.050/1-cheap-pbe-atoms-relaxed,11.346172820578163,4.4209571892217525e-08,0.005000044651667812,0.001250044320095789,-0.05000000442095718,6.535978053301031e-17,-0.10000000884191453,0.07922476988014664,0.10000000884191453,,,,550,PBE,172,8,-17.933919,8
4-skew-two-planes,skew-xy-minus-0.100-yz-minus-0.050,2-accurate-hse06-atoms-fixed,4-skew-two-planes/skew-xy-minus-0.100-yz-minus-0.050/2-accurate-hse06-atoms-fixed,11.346172820578163,4.4209571892217525e-08,0.005000044651667812,0.001250044320095789,-0.05000000442095718,6.535978053301031e-17,-0.10000000884191453,0.07922476988014664,0.10000000884191453,.TRUE.,0.27,,550,HSE,172,8,-21.061362,1
4-skew-two-planes,skew-xy-minus-0.100-yz-minus-0.075,1-cheap-pbe-atoms-relaxed,4-skew-two-planes/skew-xy-minus-0.100-yz-minus-0.075/1-cheap-pbe-atoms-relaxed,11.346172820578163,4.4209571892217525e-08,0.00500004465166759,0.002812544458250743,-0.07500000663143579,5.9007615034446e-17,-0.10000000884191441,0.08857433169039126,0.10000000884191441,,,,550,PBE,172,8,-17.872289,7
4-skew-two-planes,skew-xy-minus-0.100-yz-minus-0.075,2-accurate-hse06-atoms-fixed,4-skew-two-planes/skew-xy-minus-0.100-yz-minus-0.075/2-accurate-hse06-atoms-fixed,11.346172820578163,4.4209571892217525e-08,0.00500004465166759,0.002812544458250743,-0.07500000663143579,5.9007615034446e-17,-0.10000000884191441,0.08857433169039126,0.10000000884191441,.TRUE.,0.27,,550,HSE,172,8,-20.997026,1
4-skew-two-planes,skew-xy-minus-0.100-yz-minus-0.100,1-cheap-pbe-atoms-relaxed,4-skew-two-planes/skew-xy-minus-0.100-yz-minus-0.100/1-cheap-pbe-atoms-relaxed,11.346172820578163,4.4209571892217525e-08,0.00500004465166759,0.00500004465166759,-0.10000000884191447,5.820656490441989e-17,-0.10000000884191441,0.10024970155278398,0.10000000884191447,,,,550,PBE,172,8,-17.786093,8
4-skew-two-planes,skew-xy-minus-0.100-yz-minus-0.100,2-accurate-hse06-atoms-fixed,4-skew-two-planes/skew-xy-minus-0.100-yz-minus-0.100/2-accurate-hse06-atoms-fixed,11.346172820578163,4.4209571892217525e-08,0.00500004465166759,0.00500004465166759,-0.10000000884191447,5.820656490441989e-17,-0.10000000884191441,0.10024970155278398,0.10000000884191447,.TRUE.,0.27,,550,HSE,172,8,-20.907019,1
4-skew-two-planes,skew-xy-minus-0.100-yz-plus-0.000,1-cheap-pbe-atoms-relaxed,4-skew-two-planes/skew-xy-minus-0.100-yz-plus-0.000/1-cheap-pbe-atoms-relaxed,11.346172820578163,4.4209571892217525e-08,0.00500004465166759,4.4209571892217525e-08,-6.702088642443666e-17,6.141076542452433e-17,-0.10000000884191441,0.07088724377992178,0.10000000884191441,,,,550,PBE,172,8,-17.983273,3
4-skew-two-planes,skew-xy-minus-0.100-yz-plus-0.000,2-accurate-hse06-atoms-fixed,4-skew-two-planes/skew-xy-minus-0.100-yz-plus-0.000/2-accurate-hse06-atoms-fixed,11.346172820578163,4.4209571892217525e-08,0.00500004465166759,4.4209571892217525e-08,-6.702088642443666e-17,6.141076542452433e-17,-0.10000000884191441,0.07088724377992178,0.10000000884191441,.TRUE.,0.27,,550,HSE,172,8,-21.11287,1
4-skew-two-planes,skew-xy-minus-0.100-yz-plus-0.025,1-cheap-pbe-atoms-relaxed,4-skew-two-planes/skew-xy-minus-0.100-yz-plus-0.025/1-cheap-pbe-atoms-relaxed,11.346172820578163,4.4209571892217525e-08,0.00500004465166759,0.00031254423720283864,0.02500000221047862,6.221181555455044e-17,-0.10000000884191441,0.07305887399812758,0.10000000884191441,,,,550,PBE,172,8,-17.970924,10
4-skew-two-planes,skew-xy-minus-0.100-yz-plus-0.025,2-accurate-hse06-atoms-fixed,4-skew-two-planes/skew-xy-minus-0.100-yz-plus-0.025/2-accurate-hse06-atoms-fixed,11.346172820578163,4.4209571892217525e-08,0.005000044651667812,0.00031254423720283864,0.025000002210478517,5.943625787028134e-17,-0.10000000884191453,0.07305887399812765,0.10000000884191453,.TRUE.,0.27,,550,HSE,172,8,-21.099984,1
4-skew-two-planes,skew-xy-minus-0.100-yz-plus-0.050,1-cheap-pbe-atoms-relaxed,4-skew-two-planes/skew-xy-minus-0.100-yz-plus-0.050/1-cheap-pbe-atoms-relaxed,11.346172820578163,4.4209571892217525e-08,0.00500004465166759,0.001250044320095789,0.05000000442095708,6.301286568457654e-17,-0.10000000884191441,0.07922476988014653,0.10000000884191441,,,,550,PBE,172,8,-17.933919,8
4-skew-two-planes,skew-xy-minus-0.100-yz-plus-0.050,2-accurate-hse06-atoms-fixed,4-skew-two-planes/skew-xy-minus-0.100-yz-plus-0.050/2-accurate-hse06-atoms-fixed,11.346172820578163,4.4209571892217525e-08,0.00500004465166759,0.001250044320095789,0.05000000442095708,6.301286568457654e-17,-0.10000000884191441,0.07922476988014653,0.10000000884191441,.TRUE.,0.27,,550,HSE,172,8,-21.061362,1
4-skew-two-planes,skew-xy-minus-0.100-yz-plus-0.075,1-cheap-pbe-atoms-relaxed,4-skew-two-planes/skew-xy-minus-0.100-yz-plus-0.075/1-cheap-pbe-atoms-relaxed,11.346172820578163,4.4209571892217525e-08,0.00500004465166759,0.002812544458250743,0.07500000663143579,6.381391581460265e-17,-0.10000000884191441,0.08857433169039126,0.10000000884191441,,,,550,PBE,172,8,-17.872288,7
4-skew-two-planes,skew-xy-minus-0.100-yz-plus-0.075,2-accurate-hse06-atoms-fixed,4-skew-two-planes/skew-xy-minus-0.100-yz-plus-0.075/2-accurate-hse06-atoms-fixed,11.346172820578163,4.4209571892217525e-08,0.00500004465166759,0.002812544458250743,0.07500000663143579,6.381391581460265e-17,-0.10000000884191441,0.08857433169039126,0.10000000884191441,.TRUE.,0.27,,550,HSE,172,8,-20.997026,1
4-skew-two-planes,skew-xy-minus-0.100-yz-plus-0.100,1-cheap-pbe-atoms-relaxed,4-skew-two-planes/skew-xy-minus-0.100-yz-plus-0.100/1-cheap-pbe-atoms-relaxed,11.346172820578163,4.4209571892217525e-08,0.005000044651667812,0.00500004465166759,0.10000000884191439,5.351273520755236e-17,-0.10000000884191453,0.10024970155278402,0.10000000884191453,,,,550,PBE,172,8,-17.786092,8
4-skew-two-planes,skew-xy-minus-0.100-yz-plus-0.100,2-accurate-hse06-atoms-fixed,4-skew-two-planes/skew-xy-minus-0.100-yz-plus-0.100/2-accurate-hse06-atoms-fixed,11.346172820578163,4.4209571892217525e-08,0.005000044651667812,0.00500004465166759,0.10000000884191439,5.351273520755236e-17,-0.10000000884191453,0.10024970155278402,0.10000000884191453,.TRUE.,0.27,,550,HSE,172,8,-20.907018,1
4-skew-two-planes,skew-xy-plus-0.000-xz-minus-0.025,1-cheap-pbe-atoms-relaxed,4-skew-two-planes/skew-xy-plus-0.000-xz-minus-0.025/1-cheap-pbe-atoms-relaxed,11.346172820578163,4.4209571892217525e-08,4.4209571892217525e-08,0.00031254423720283864,-6.488506053211477e-17,-0.025000002210478576,6.408401040208867e-17,0.01768043379462406,0.025000002210478576,,,,550,PBE,172,8,-18.171083,3
4-skew-two-planes,skew-xy-plus-0.000-xz-minus-0.025,2-accurate-hse06-atoms-fixed,4-skew-two-planes/skew-xy-plus-0.000-xz-minus-0.025/2-accurate-hse06-atoms-fixed,11.346172820578163,4.4209571892217525e-08,4.4209571892217525e-08,0.00031254423720283864,-6.488506053211477e-17,-0.025000002210478576,6.408401040208867e-17,0.01768043379462406,0.025000002210478576,.TRUE.,0.27,,550,HSE,172,8,-21.308587,1
4-skew-two-planes,skew-xy-plus-0.000-xz-minus-0.050,1-cheap-pbe-atoms-relaxed,4-skew-two-planes/skew-xy-plus-0.000-xz-minus-0.050/1-cheap-pbe-atoms-relaxed,11.346172820578163,4.4209571892217525e-08,4.4209571892217525e-08,0.001250044320095789,-6.568611066214088e-17,-0.05000000442095715,6.408401040208867e-17,0.03537743393540549,0.05000000442095715,,,,550,PBE,172,8,-18.133494,3
4-skew-two-planes,skew-xy-plus-0.000-xz-minus-0.050,2-accurate-hse06-atoms-fixed,4-skew-two-planes/skew-xy-plus-0.000-xz-minus-0.050/2-accurate-hse06-atoms-fixed,11.346172820578163,4.420957211426213e-08,4.4209571892217525e-08,0.001250044320095789,-6.013499529360268e-17,-0.050000004420957166,-4.6938296968675356e-17,0.0353774339354055,0.050000004420957166,.TRUE.,0.27,,550,HSE,172,8,-21.269427,1
4-skew-two-planes,skew-xy-plus-0.000-xz-minus-0.075,1-cheap-pbe-atoms-relaxed,4-skew-two-planes/skew-xy-plus-0.000-xz-minus-0.075/1-cheap-pbe-atoms-relaxed,11.346172820578163,4.4209571892217525e-08,4.4209571892217525e-08,0.002812544458250743,-6.648716079216699e-17,-0.07500000663143573,6.408401040208867e-17,0.05310754093056134,0.07500000663143573,,,,550,PBE,172,8,-18.070871,3
4-skew-two-planes,skew-xy-plus-0.000-xz-minus-0.075,2-accurate-hse06-atoms-fixed,4-skew-two-planes/skew-xy-plus-0.000-xz-minus-0.075/2-accurate-hse06-atoms-fixed,11.346172820578163,4.4209571892217525e-08,4.4209571892217525e-08,0.002812544458250743,-6.648716079216699e-17,-0.07500000663143573,6.408401040208867e-17,0.05310754093056134,0.07500000663143573,.TRUE.,0.27,,550,HSE,172,8,-21.204171,1
4-skew-two-planes,skew-xy-plus-0.000-xz-minus-0.100,1-cheap-pbe-atoms-relaxed,4-skew-two-planes/skew-xy-plus-0.000-xz-minus-0.100/1-cheap-pbe-atoms-relaxed,11.346172820578163,4.4209571892217525e-08,4.4209571892217525e-08,0.00500004465166759,-6.72882109221931e-17,-0.10000000884191436,6.408401040208867e-17,0.07088724377992174,0.10000000884191436,,,,550,PBE,172,8,-17.983273,3
4-skew-two-planes,skew-xy-plus-0.000-xz-minus-0.100,2-accurate-hse06-atoms-fixed,4-skew-two-planes/skew-xy-plus-0.000-xz-minus-0.100/2-accurate-hse06-atoms-fixed,11.346172820578163,4.4209571892217525e-08,4.4209571892217525e-08,0.00500004465166759,-6.72882109221931e-17,-0.10000000884191436,6.408401040208867e-17,0.07088724377992174,0.10000000884191436,.TRUE.,0.27,,550,HSE,172,8,-21.11287,1
4-skew-two-planes,skew-xy-plus-0.000-xz-plus-0.025,1-cheap-pbe-atoms-relaxed,4-skew-two-planes/skew-xy-plus-0.000-xz-plus-0.025/1-cheap-pbe-atoms-relaxed,11.346172820578163,4.4209571892217525e-08,4.4209571892217525e-08,0.00031254423720283864,-6.328296027206256e-17,0.025000002210478687,6.408401040208867e-17,0.01768043379462414,0.025000002210478687,,,,550,PBE,172,8,-18.171083,3
4-skew-two-planes,skew-xy-plus-0.000-xz-plus-0.025,2-accurate-hse06-atoms-fixed,4-skew-two-planes/skew-xy-plus-0.000-xz-plus-0.025/2-accurate-hse06-atoms-fixed,11.346172820578163,4.420957211426213e-08,4.4209571892217525e-08,0.00031254423720283864,-6.605851795633166e-17,0.025000002210478694,-4.6938296968675356e-17,0.017680433794624143,0.025000002210478694,.TRUE.,0.27,,550,HSE,172,8,-21.308587,1
4-skew-two-planes,skew-xy-plus-0.000-xz-plus-0.050,1-cheap-pbe-atoms-relaxed,4-skew-two-planes/skew-xy-plus-0.000-xz-plus-0.050/1-cheap-pbe-atoms-relaxed,11.346172820578163,4.4209571892217525e-08,4.4209571892217525e-08,0.001250044320095789,-6.248191014203645e-17,0.05000000442095715,6.408401040208867e-17,0.03537743393540549,0.05000000442095715,,,,550,PBE,172,8,-18.133494,3
4-skew-two-planes,skew-xy-plus-0.000-xz-plus-0.050,2-accurate-hse06-atoms-fixed,4-skew-two-planes/skew-xy-plus-0.000-xz-plus-0.050/2-accurate-hse06-atoms-fixed,11.346172820578163,4.4209571892217525e-08,4.4209571892217525e-08,0.001250044320095789,-6.248191014203645e-17,0.05000000442095726,6.408401040208867e-17,0.03537743393540557,0.05000000442095726,.TRUE.,0.27,,550,HSE,172,8,-21.269427,1
4-skew-two-planes,skew-xy-plus-0.000-xz-plus-0.075,1-cheap-pbe-atoms-relaxed,4-skew-two-planes/skew-xy-plus-0.000-xz-plus-0.075/1-cheap-pbe-atoms-relaxed,11.346172820578163,4.4209571892217525e-08,4.4209571892217525e-08,0.002812544458250743,-6.168086001201034e-17,0.07500000663143584,6.408401040208867e-17,0.053107540930561414,0.07500000663143584,,,,550,PBE,172,8,-18.070871,3
4-skew-two-planes,skew-xy-plus-0.000-xz-plus-0.075,2-accurate-hse06-atoms-fixed,4-skew-two-planes/skew-xy-plus-0.000-xz-plus-0.075/2-accurate-hse06-atoms-fixed,11.346172820578163,4.4209571892217525e-08,4.4209571892217525e-08,0.002812544458250743,-6.168086001201034e-17,0.07500000663143584,6.408401040208867e-17,0.053107540930561414,0.07500000663143584,.TRUE.,0.27,,550,HSE,172,8,-21.204171,1
4-skew-two-planes,skew-xy-plus-0.000-xz-plus-0.100,1-cheap-pbe-atoms-relaxed,4-skew-two-planes/skew-xy-plus-0.000-xz-plus-0.100/1-cheap-pbe-atoms-relaxed,11.346172820578163,4.420957211426213e-08,4.4209571892217525e-08,0.00500004465166759,-7.198204061906063e-17,0.10000000884191444,-4.6938296968675356e-17,0.0708872437799218,0.10000000884191444,,,,550,PBE,172,8,-17.983274,3
4-skew-two-planes,skew-xy-plus-0.000-xz-plus-0.100,2-accurate-hse06-atoms-fixed,4-skew-two-planes/skew-xy-plus-0.000-xz-plus-0.100/2-accurate-hse06-atoms-fixed,11.346172820578163,4.4209571892217525e-08,4.4209571892217525e-08,0.00500004465166759,-6.087980988198423e-17,0.10000000884191441,6.408401040208867e-17,0.07088724377992178,0.10000000884191441,.TRUE.,0.27,,550,HSE,172,8,-21.112871,1
4-skew-two-planes,skew-xy-plus-0.000-yz-minus-0.025,1-cheap-pbe-atoms-relaxed,4-skew-two-planes/skew-xy-plus-0.000-yz-minus-0.025/1-cheap-pbe-atoms-relaxed,11.346172820578163,4.4209571892217525e-08,4.4209571892217525e-08,0.00031254423720283864,-0.02500000221047864,-8.010501300261131e-19,6.408401040208867e-17,0.017680433794624105,0.02500000221047864,,,,550,PBE,172,8,-18.171083,3
4-skew-two-planes,skew-xy-plus-0.000-yz-minus-0.025,2-accurate-hse06-atoms-fixed,4-skew-two-planes/skew-xy-plus-0.000-yz-minus-0.025/2-accurate-hse06-atoms-fixed,11.346172820578163,4.4209571892217525e-08,4.4209571892217525e-08,0.00031254423720283864,-0.02500000221047864,-8.010501300261131e-19,6.408401040208867e-17,0.017680433794624105,0.02500000221047864,.TRUE.,0.27,,550,HSE,172,8,-21.308587,1
4-skew-two-planes,skew-xy-plus-0.000-yz-minus-0.050,1-cheap-pbe-atoms-relaxed,4-skew-two-planes/skew-xy-plus-0.000-yz-minus-0.050/1-cheap-pbe-atoms-relaxed,11.346172820578163,4.4209571892217525e-08,4.420957211426213e-08,0.001250044320095789,-0.05000000442095718,3.949015108485979e-18,-4.6938296968675356e-17,0.03537743393540552,0.05000000442095718,,,,550,PBE,172,8,-18.133494,3
4-skew-two-planes,skew-xy-plus-0.000-yz-minus-0.050,2-accurate-hse06-atoms-fixed,4-skew-two-planes/skew-xy-plus-0.000-yz-minus-0.050/2-accurate-hse06-atoms-fixed,11.346172820578163,4.4209571892217525e-08,4.420957211426213e-08,0.001250044320095789,-0.05000000442095718,3.949015108485979e-18,-4.6938296968675356e-17,0.03537743393540552,0.05000000442095718,.TRUE.,0.27,,550,HSE,172,8,-21.269427,1
4-skew-two-planes,skew-xy-plus-0.000-yz-minus-0.075,1-cheap-pbe-atoms-relaxed,4-skew-two-planes/skew-xy-plus-0.000-yz-minus-0.075/1-cheap-pbe-atoms-relaxed,11.346172820578163,4.4209571892217525e-08,4.4209571892217525e-08,0.002812544458250743,-0.07500000663143579,-2.4031503900783276e-18,6.408401040208867e-17,0.05310754093056138,0.07500000663143579,,,,550,PBE,172,8,-18.070871,3
4-skew-two-planes,skew-xy-plus-0.000-yz-minus-0.075,2-accurate-hse06-atoms-fixed,4-skew-two-planes/skew-xy-plus-0.000-yz-minus-0.075/2-accurate-hse06-atoms-fixed,11.346172820578163,4.4209571892217525e-08,4.4209571892217525e-08,0.002812544458250743,-0.07500000663143579,-2.4031503900783276e-18,6.408401040208867e-17,0.05310754093056138,0.07500000663143579,.TRUE.,0.27,,550,HSE,172,8,-21.204171,1
4-skew-two-planes,skew-xy-plus-0.000-yz-minus-0.100,1-cheap-pbe-atoms-relaxed,4-skew-two-planes/skew-xy-plus-0.000-yz-minus-0.100/1-cheap-pbe-atoms-relaxed,11.346172820578163,4.4209571892217525e-08,4.4209571892217525e-08,0.00500004465166759,-0.10000000884191447,-3.204200520104438e-18,6.408401040208867e-17,0.07088724377992181,0.10000000884191447,,,,550,PBE,172,8,-17.983273,3
4-skew-two-planes,skew-xy-plus-0.000-yz-minus-0.100,2-accurate-hse06-atoms-fixed,4-skew-two-planes/skew-xy-plus-0.000-yz-minus-0.100/2-accurate-hse06-atoms-fixed,11.346172820578163,4.4209571892217525e-08,4.4209571892217525e-08,0.00500004465166759,-0.10000000884191447,-3.204200520104438e-18,6.408401040208867e-17,0.07088724377992181,0.10000000884191447,.TRUE.,0.27,,550,HSE,172,8,-21.11287,1
4-skew-two-planes,skew-xy-plus-0.000-yz-plus-0.025,1-cheap-pbe-atoms-relaxed,4-skew-two-planes/skew-xy-plus-0.000-yz-plus-0.025/1-cheap-pbe-atoms-relaxed,11.346172820578163,4.4209571892217525e-08,4.4209571892217525e-08,0.00031254423720283864,0.025000002210478624,8.010501300261077e-19,6.408401040208867e-17,0.017680433794624095,0.025000002210478624,,,,550,PBE,172,8,-18.171083,3
4-skew-two-planes,skew-xy-plus-0.000-yz-plus-0.025,2-accurate-hse06-atoms-fixed,4-skew-two-planes/skew-xy-plus-0.000-yz-plus-0.025/2-accurate-hse06-atoms-fixed,11.346172820578163,4.4209571892217525e-08,4.420957211426213e-08,0.00031254423720283864,0.02500000221047852,-1.9745075542429906e-18,-4.6938296968675356e-17,0.01768043379462402,0.02500000221047852,.TRUE.,0.27,,550,HSE,172,8,-21.308587,1
4-skew-two-planes,skew-xy-plus-0.000-yz-plus-0.050,1-cheap-pbe-atoms-relaxed,4-skew-two-planes/skew-xy-plus-0.000-yz-plus-0.050/1-cheap-pbe-atoms-relaxed,11.346172820578163,4.4209571892217525e-08,4.4209571892217525e-08,0.001250044320095789,0.05000000442095708,1.6021002600522119e-18,6.408401040208867e-17,0.03537743393540544,0.05000000442095708,,,,550,PBE,172,8,-18.133494,3
4-skew-two-planes,skew-xy-plus-0.000-yz-plus-0.050,2-accurate-hse06-atoms-fixed,4-skew-two-planes/skew-xy-plus-0.000-yz-plus-0.050/2-accurate-hse06-atoms-fixed,11.346172820578163,4.4209571892217525e-08,4.4209571892217525e-08,0.001250044320095789,0.05000000442095708,1.6021002600522119e-18,6.408401040208867e-17,0.03537743393540544,0.05000000442095708,.TRUE.,0.27,,550,HSE,172,8,-21.269427,1
4-skew-two-planes,skew-xy-plus-0.000-yz-plus-0.075,1-cheap-pbe-atoms-relaxed,4-skew-two-planes/skew-xy-plus-0.000-yz-plus-0.075/1-cheap-pbe-atoms-relaxed,11.346172820578163,4.4209571892217525e-08,4.4209571892217525e-08,0.002812544458250743,0.07500000663143579,2.4031503900783222e-18,6.408401040208867e-17,0.05310754093056138,0.07500000663143579,,,,550,PBE,172,8,-18.070871,3
4-skew-two-planes,skew-xy-plus-0.000-yz-plus-0.075,2-accurate-hse06-atoms-fixed,4-skew-two-planes/skew-xy-plus-0.000-yz-plus-0.075/2-accurate-hse06-atoms-fixed,11.346172820578163,4.4209571892217525e-08,4.4209571892217525e-08,0.002812544458250743,0.07500000663143579,2.4031503900783222e-18,6.408401040208867e-17,0.05310754093056138,0.07500000663143579,.TRUE.,0.27,,550,HSE,172,8,-21.204171,1
4-skew-two-planes,skew-xy-plus-0.000-yz-plus-0.100,1-cheap-pbe-atoms-relaxed,4-skew-two-planes/skew-xy-plus-0.000-yz-plus-0.100/1-cheap-pbe-atoms-relaxed,11.346172820578163,4.4209571892217525e-08,4.420957211426213e-08,0.00500004465166759,0.10000000884191439,-7.898030216971973e-18,-4.6938296968675356e-17,0.07088724377992175,0.10000000884191439,,,,550,PBE,172,8,-17.983274,3
4-skew-two-planes,skew-xy-plus-0.000-yz-plus-0.100,2-accurate-hse06-atoms-fixed,4-skew-two-planes/skew-xy-plus-0.000-yz-plus-0.100/2-accurate-hse06-atoms-fixed,11.346172820578163,4.4209571892217525e-08,4.420957211426213e-08,0.00500004465166759,0.10000000884191439,-7.898030216971973e-18,-4.6938296968675356e-17,0.07088724377992175,0.10000000884191439,.TRUE.,0.27,,550,HSE,172,8,-21.112871,1
4-skew-two-planes,skew-xy-plus-0.025-xz-minus-0.025,1-cheap-pbe-atoms-relaxed,4-skew-two-planes/skew-xy-plus-0.025-xz-minus-0.025/1-cheap-pbe-atoms-relaxed,11.346172820578163,4.4209571892217525e-08,0.00031254423720283864,0.00031254423720283864,-0.0006250000552620313,-0.025000002210478607,0.02500000221047867,0.025007814595858782,0.02500000221047867,,,,550,PBE,172,8,-18.158584,5
4-skew-two-planes,skew-xy-plus-0.025-xz-minus-0.025,2-accurate-hse06-atoms-fixed,4-skew-two-planes/skew-xy-plus-0.025-xz-minus-0.025/2-accurate-hse06-atoms-fixed,11.346172820578163,4.4209571892217525e-08,0.00031254423720283864,0.00031254423720283864,-0.0006250000552620313,-0.025000002210478607,0.02500000221047867,0.025007814595858782,0.02500000221047867,.TRUE.,0.27,,550,HSE,172,8,-21.295567,1
4-skew-two-planes,skew-xy-plus-0.025-xz-minus-0.050,1-cheap-pbe-atoms-relaxed,4-skew-two-planes/skew-xy-plus-0.025-xz-minus-0.050/1-cheap-pbe-atoms-relaxed,11.346172820578163,4.420957211426213e-08,0.00031254423720283864,0.001250044320095789,-0.001250000110523994,-0.05000000442095719,0.02500000221047862,0.0395593455602132,0.05000000442095719,,,,550,PBE,172,8,-18.121025,6
4-skew-two-planes,skew-xy-plus-0.025-xz-minus-0.050,2-accurate-hse06-atoms-fixed,4-skew-two-planes/skew-xy-plus-0.025-xz-minus-0.050/2-accurate-hse06-atoms-fixed,11.346172820578163,4.420957211426213e-08,0.00031254423720283864,0.001250044320095789,-0.0012500001105239928,-0.05000000442095714,0.02500000221047862,0.03955934556021316,0.05000000442095714,.TRUE.,0.27,,550,HSE,172,8,-21.256431,1
4-skew-two-planes,skew-xy-plus-0.025-xz-minus-0.075,1-cheap-pbe-atoms-relaxed,4-skew-two-planes/skew-xy-plus-0.025-xz-minus-0.075/1-cheap-pbe-atoms-relaxed,11.346172820578163,4.4209571892217525e-08,0.00031254423720283864,0.002812544458250743,-0.0018750001657859626,-0.07500000663143577,0.02500000221047867,0.05598898512799034,0.07500000663143577,,,,550,PBE,172,8,-18.058505,5
4-skew-two-planes,skew-xy-plus-0.025-xz-minus-0.075,2-accurate-hse06-atoms-fixed,4-skew-two-planes/skew-xy-plus-0.025-xz-minus-0.075/2-accurate-hse06-atoms-fixed,11.346172820578163,4.4209571892217525e-08,0.00031254423720283864,0.002812544458250743,-0.0018750001657859626,-0.07500000663143577,0.02500000221047867,0.05598898512799034,0.07500000663143577,.TRUE.,0.27,,550,HSE,172,8,-21.191276,1
4-skew-two-planes,skew-xy-plus-0.025-xz-minus-0.100,1-cheap-pbe-atoms-relaxed,4-skew-two-planes/skew-xy-plus-0.025-xz-minus-0.100/1-cheap-pbe-atoms-relaxed,11.346172820578163,4.4209571892217525e-08,0.00031254423720283864,0.00500004465166759,-0.0025000002210479296,-0.1000000088419144,0.02500000221047867,0.07308025773371972,0.1000000088419144,,,,550,PBE,172,8,-17.970998,12
4-skew-two-planes,skew-xy-plus-0.025-xz-minus-0.100,2-accurate-hse06-atoms-fixed,4-skew-two-planes/skew-xy-plus-0.025-xz-minus-0.100/2-accurate-hse06-atoms-fixed,11.346172820578163,4.4209571892217525e-08,0.00031254423720283864,0.00500004465166759,-0.0025000002210479296,-0.1000000088419144,0.02500000221047867,0.07308025773371972,0.1000000088419144,.TRUE.,0.27,,550,HSE,172,8,-21.100056,1
4-skew-two-planes,skew-xy-plus-0.025-xz-plus-0.000,1-cheap-pbe-atoms-relaxed,4-skew-two-planes/skew-xy-plus-0.025-xz-plus-0.000/1-cheap-pbe-atoms-relaxed,11.346172820578163,4.4209571892217525e-08,0.00031254423720283864,4.4209571892217525e-08,-6.42701594847146e-17,2.4596041896006737e-17,0.02500000221047867,0.017680433794624126,0.02500000221047867,,,,550,PBE,172,8,-18.171083,3
4-skew-two-planes,skew-xy-plus-0.025-xz-plus-0.000,2-accurate-hse06-atoms-fixed,4-skew-two-planes/skew-xy-plus-0.025-xz-plus-0.000/2-accurate-hse06-atoms-fixed,11.346172820578163,4.420957211426213e-08,0.00031254423720283864,4.4209571892217525e-08,-6.42701594847146e-17,2.4596041896006734e-17,0.02500000221047862,0.01768043379462409,0.02500000221047862,.TRUE.,0.27,,550,HSE,172,8,-21.308587,1
4-skew-two-planes,skew-xy-plus-0.025-xz-plus-0.025,1-cheap-pbe-atoms-relaxed,4-skew-two-planes/skew-xy-plus-0.025-xz-plus-0.025/1-cheap-pbe-atoms-relaxed,11.346172820578163,4.420957211426213e-08,0.00031254423720283864,0.00031254423720283864,0.0006250000552618998,0.025000002210478607,0.02500000221047862,0.025007814595858758,0.02500000221047862,,,,550,PBE,172,8,-18.158584,5
4-skew-two-planes,skew-xy-plus-0.025-xz-plus-0.025,2-accurate-hse06-atoms-fixed,4-skew-two-planes/skew-xy-plus-0.025-xz-plus-0.025/2-accurate-hse06-atoms-fixed,11.346172820578163,4.420957211426213e-08,0.00031254423720283864,0.00031254423720283864,0.0006250000552618998,0.025000002210478607,0.02500000221047862,0.025007814595858758,0.02500000221047862,.TRUE.,0.27,,550,HSE,172,8,-21.295567,1
4-skew-two-planes,skew-xy-plus-0.025-xz-plus-0.050,1-cheap-pbe-atoms-relaxed,4-skew-two-planes/skew-xy-plus-0.025-xz-plus-0.050/1-cheap-pbe-atoms-relaxed,11.346172820578163,4.4209571892217525e-08,0.00031254423720283864,0.001250044320095789,0.0012500001105238668,0.05000000442095718,0.02500000221047867,0.0395593455602132,0.05000000442095718,,,,550,PBE,172,8,-18.121025,6
4-skew-two-planes,skew-xy-plus-0.025-xz-plus-0.050,2-accurate-hse06-atoms-fixed,4-skew-two-planes/skew-xy-plus-0.025-xz-plus-0.050/2-accurate-hse06-atoms-fixed,11.346172820578163,4.4209571892217525e-08,0.00031254423720283864,0.001250044320095789,0.0012500001105238668,0.05000000442095718,0.02500000221047867,0.0395593455602132,0.05000000442095718,.TRUE.,0.27,,550,HSE,172,8,-21.256431,1
4-skew-two-planes,skew-xy-plus-0.025-xz-plus-0.075,1-cheap-pbe-atoms-relaxed,4-skew-two-planes/skew-xy-plus-0.025-xz-plus-0.075/1-cheap-pbe-atoms-relaxed,11.346172820578163,4.420957211426213e-08,0.00031254423720283864,0.002812544458250743,0.001875000165785828,0.07500000663143576,0.02500000221047862,0.05598898512799031,0.07500000663143576,,,,550,PBE,172,8,-18.058505,5
4-skew-two-planes,skew-xy-plus-0.025-xz-plus-0.075,2-accurate-hse06-atoms-fixed,4-skew-two-planes/skew-xy-plus-0.025-xz-plus-0.075/2-accurate-hse06-atoms-fixed,11.346172820578163,4.4209571892217525e-08,0.00031254423720283864,0.002812544458250743,0.0018750001657858349,0.07500000663143586,0.02500000221047867,0.055988985127990394,0.07500000663143586,.TRUE.,0.27,,550,HSE,172,8,-21.191276,1
4-skew-two-planes,skew-xy-plus-0.025-xz-plus-0.100,1-cheap-pbe-atoms-relaxed,4-skew-two-planes/skew-xy-plus-0.025-xz-plus-0.100/1-cheap-pbe-atoms-relaxed,11.346172820578163,4.420957211426213e-08,0.00031254423720283864,0.00500004465166759,0.002500000221047795,0.10000000884191446,0.02500000221047862,0.07308025773371975,0.10000000884191446,,,,550,PBE,172,8,-17.970999,12
4-skew-two-planes,skew-xy-plus-0.025-xz-plus-0.100,2-accurate-hse06-atoms-fixed,4-skew-two-planes/skew-xy-plus-0.025-xz-plus-0.100/2-accurate-hse06-atoms-fixed,11.346172820578163,4.420957211426213e-08,0.00031254423720283864,0.00500004465166759,0.002500000221047795,0.10000000884191446,0.02500000221047862,0.07308025773371975,0.10000000884191446,.TRUE.,0.27,,550,HSE,172,8,-21.100057,1
4-skew-two-planes,skew-xy-plus-0.025-yz-minus-0.025,1-cheap-pbe-atoms-relaxed,4-skew-two-planes/skew-xy-plus-0.025-yz-minus-0.025/1-cheap-pbe-atoms-relaxed,11.346172820578163,4.4209571892217525e-08,0.00031254423720283864,0.00031254423720283864,-0.02500000221047864,2.379499176598063e-17,0.02500000221047867,0.025003909260879777,0.02500000221047867,,,,550,PBE,172,8,-18.158573,5
4-skew-two-planes,skew-xy-plus-0.025-yz-minus-0.025,2-accurate-hse06-atoms-fixed,4-skew-two-planes/skew-xy-plus-0.025-yz-minus-0.025/2-accurate-hse06-atoms-fixed,11.346172820578163,4.420957211426213e-08,0.00031254423720283864,0.00031254423720283864,-0.02500000221047864,2.3794991765980626e-17,0.02500000221047862,0.025003909260879753,0.02500000221047864,.TRUE.,0.27,,550,HSE,172,8,-21.295556,1
4-skew-two-planes,skew-xy-plus-0.025-yz-minus-0.050,1-cheap-pbe-atoms-relaxed,4-skew-two-planes/skew-xy-plus-0.025-yz-minus-0.050/1-cheap-pbe-atoms-relaxed,11.346172820578163,4.4209571892217525e-08,0.0003125442372030607,0.001250044320095789,-0.05000000442095718,2.854505700449272e-17,0.02500000221047856,0.03954946992077394,0.05000000442095718,,,,550,PBE,172,8,-18.121008,6
4-skew-two-planes,skew-xy-plus-0.025-yz-minus-0.050,2-accurate-hse06-atoms-fixed,4-skew-two-planes/skew-xy-plus-0.025-yz-minus-0.050/2-accurate-hse06-atoms-fixed,11.346172820578163,4.420957211426213e-08,0.0003125442372030607,0.001250044320095789,-0.05000000442095718,2.854505700449271e-17,0.02500000221047851,0.03954946992077392,0.05000000442095718,.TRUE.,0.27,,550,HSE,172,8,-21.256414,1
4-skew-two-planes,skew-xy-plus-0.025-yz-minus-0.075,1-cheap-pbe-atoms-relaxed,4-skew-two-planes/skew-xy-plus-0.025-yz-minus-0.075/1-cheap-pbe-atoms-relaxed,11.346172820578163,4.4209571892217525e-08,0.00031254423720283864,0.002812544458250743,-0.07500000663143579,2.2192891505928412e-17,0.02500000221047867,0.05597328508182699,0.07500000663143579,,,,550,PBE,172,8,-18.058442,5
4-skew-two-planes,skew-xy-plus-0.025-yz-minus-0.075,2-accurate-hse06-atoms-fixed,4-skew-two-planes/skew-xy-plus-0.025-yz-minus-0.075/2-accurate-hse06-atoms-fixed,11.346172820578163,4.420957211426213e-08,0.00031254423720283864,0.002812544458250743,-0.07500000663143579,2.219289150592841e-17,0.02500000221047862,0.05597328508182697,0.07500000663143579,.TRUE.,0.27,,550,HSE,172,8,-21.191212,1
4-skew-two-planes,skew-xy-plus-0.025-yz-minus-0.100,1-cheap-pbe-atoms-relaxed,4-skew-two-planes/skew-xy-plus-0.025-yz-minus-0.100/1-cheap-pbe-atoms-relaxed,11.346172820578163,4.4209571892217525e-08,0.00031254423720283864,0.00500004465166759,-0.10000000884191447,2.13918413759023e-17,0.02500000221047867,0.07305887399812762,0.10000000884191447,,,,550,PBE,172,8,-17.9709,10
4-skew-two-planes,skew-xy-plus-0.025-yz-minus-0.100,2-accurate-hse06-atoms-fixed,4-skew-two-planes/skew-xy-plus-0.025-yz-minus-0.100/2-accurate-hse06-atoms-fixed,11.346172820578163,4.420957211426213e-08,0.00031254423720283864,0.00500004465166759,-0.10000000884191447,2.1391841375902298e-17,0.02500000221047862,0.07305887399812762,0.10000000884191447,.TRUE.,0.27,,550,HSE,172,8,-21.099957,1
4-skew-two-planes,skew-xy-plus-0.025-yz-plus-0.000,1-cheap-pbe-atoms-relaxed,4-skew-two-planes/skew-xy-plus-0.025-yz-plus-0.000/1-cheap-pbe-atoms-relaxed,11.346172820578163,4.4209571892217525e-08,0.00031254423720283864,4.4209571892217525e-08,-6.42701594847146e-17,2.4596041896006737e-17,0.02500000221047867,0.017680433794624126,0.02500000221047867,,,,550,PBE,172,8,-18.171083,3
4-skew-two-planes,skew-xy-plus-0.025-yz-plus-0.000,2-accurate-hse06-atoms-fixed,4-skew-two-planes/skew-xy-plus-0.025-yz-plus-0.000/2-accurate-hse06-atoms-fixed,11.346172820578163,4.420957211426213e-08,0.00031254423720283864,4.4209571892217525e-08,-6.42701594847146e-17,2.4596041896006734e-17,0.02500000221047862,0.01768043379462409,0.02500000221047862,.TRUE.,0.27,,550,HSE,172,8,-21.308587,1
4-skew-two-planes,skew-xy-plus-0.025-yz-plus-0.025,1-cheap-pbe-atoms-relaxed,4-skew-two-planes/skew-xy-plus-0.025-yz-plus-0.025/1-cheap-pbe-atoms-relaxed,11.346172820578163,4.4209571892217525e-08,0.00031254423720283864,0.00031254423720283864,0.025000002210478624,2.5397092026032847e-17,0.02500000221047867,0.02500390926087977,0.02500000221047867,,,,550,PBE,172,8,-18.158573,5
4-skew-two-planes,skew-xy-plus-0.025-yz-plus-0.025,2-accurate-hse06-atoms-fixed,4-skew-two-planes/skew-xy-plus-0.025-yz-plus-0.025/2-accurate-hse06-atoms-fixed,11.346172820578163,4.420957211426213e-08,0.0003125442372030607,0.00031254423720283864,0.02500000221047852,2.2621534341763746e-17,0.02500000221047851,0.025003909260879642,0.02500000221047852,.TRUE.,0.27,,550,HSE,172,8,-21.295556,1
4-skew-two-planes,skew-xy-plus-0.025-yz-plus-0.050,1-cheap-pbe-atoms-relaxed,4-skew-two-planes/skew-xy-plus-0.025-yz-plus-0.050/1-cheap-pbe-atoms-relaxed,11.346172820578163,4.4209571892217525e-08,0.00031254423720283864,0.001250044320095789,0.05000000442095708,2.619814215605895e-17,0.02500000221047867,0.039549469920773905,0.05000000442095708,,,,550,PBE,172,8,-18.121008,6
4-skew-two-planes,skew-xy-plus-0.025-yz-plus-0.050,2-accurate-hse06-atoms-fixed,4-skew-two-planes/skew-xy-plus-0.025-yz-plus-0.050/2-accurate-hse06-atoms-fixed,11.346172820578163,4.420957211426213e-08,0.00031254423720283864,0.001250044320095789,0.05000000442095708,2.6198142156058948e-17,0.02500000221047862,0.03954946992077389,0.05000000442095708,.TRUE.,0.27,,550,HSE,172,8,-21.256414,1
4-skew-two-planes,skew-xy-plus-0.025-yz-plus-0.075,1-cheap-pbe-atoms-relaxed,4-skew-two-planes/skew-xy-plus-0.025-yz-plus-0.075/1-cheap-pbe-atoms-relaxed,11.346172820578163,4.4209571892217525e-08,0.00031254423720283864,0.002812544458250743,0.07500000663143579,2.699919228608506e-17,0.02500000221047867,0.05597328508182699,0.07500000663143579,,,,550,PBE,172,8,-18.058442,5
4-skew-two-planes,skew-xy-plus-0.025-yz-plus-0.075,2-accurate-hse06-atoms-fixed,4-skew-two-planes/skew-xy-plus-0.025-yz-plus-0.075/2-accurate-hse06-atoms-fixed,11.346172820578163,4.420957211426213e-08,0.00031254423720283864,0.002812544458250743,0.07500000663143579,2.6999192286085058e-17,0.02500000221047862,0.05597328508182697,0.07500000663143579,.TRUE.,0.27,,550,HSE,172,8,-21.191212,1
4-skew-two-planes,skew-xy-plus-0.025-yz-plus-0.100,1-cheap-pbe-atoms-relaxed,4-skew-two-planes/skew-xy-plus-0.025-yz-plus-0.100/1-cheap-pbe-atoms-relaxed,11.346172820578163,4.4209571892217525e-08,0.0003125442372030607,0.00500004465166759,0.10000000884191439,1.6698011679034766e-17,0.02500000221047856,0.07305887399812755,0.10000000884191439,,,,550,PBE,172,8,-17.970901,10
4-skew-two-planes,skew-xy-plus-0.025-yz-plus-0.100,2-accurate-hse06-atoms-fixed,4-skew-two-planes/skew-xy-plus-0.025-yz-plus-0.100/2-accurate-hse06-atoms-fixed,11.346172820578163,4.420957211426213e-08,0.0003125442372030607,0.00500004465166759,0.10000000884191439,1.6698011679034763e-17,0.02500000221047851,0.07305887399812754,0.10000000884191439,.TRUE.,0.27,,550,HSE,172,8,-21.099958,1
4-skew-two-planes,skew-xy-plus-0.050-xz-minus-0.025,1-cheap-pbe-atoms-relaxed,4-skew-two-planes/skew-xy-plus-0.050-xz-minus-0.025/1-cheap-pbe-atoms-relaxed,11.346172820578163,4.4209571892217525e-08,0.001250044320095789,0.00031254423720283864,-0.0012500001105239947,-0.025000002210478576,0.05000000442095722,0.0395593455602132,0.05000000442095722,,,,550,PBE,172,8,-18.121025,6
4-skew-two-planes,skew-xy-plus-0.050-xz-minus-0.025,2-accurate-hse06-atoms-fixed,4-skew-two-planes/skew-xy-plus-0.050-xz-minus-0.025/2-accurate-hse06-atoms-fixed,11.346172820578163,4.4209571892217525e-08,0.001250044320095789,0.00031254423720283864,-0.0012500001105239947,-0.025000002210478576,0.05000000442095722,0.0395593455602132,0.05000000442095722,.TRUE.,0.27,,550,HSE,172,8,-21.256431,1
4-skew-two-planes,skew-xy-plus-0.050-xz-minus-0.075,1-cheap-pbe-atoms-relaxed,4-skew-two-planes/skew-xy-plus-0.050-xz-minus-0.075/1-cheap-pbe-atoms-relaxed,11.346172820578163,4.4209571892217525e-08,0.001250044320095789,0.002812544458250743,-0.0037500003315718523,-0.07500000663143573,0.05000000442095722,0.06386708844767203,0.07500000663143573,,,,550,PBE,172,8,-18.02138,5
4-skew-two-planes,skew-xy-plus-0.050-xz-minus-0.075,2-accurate-hse06-atoms-fixed,4-skew-two-planes/skew-xy-plus-0.050-xz-minus-0.075/2-accurate-hse06-atoms-fixed,11.346172820578163,4.4209571892217525e-08,0.001250044320095789,0.002812544458250743,-0.0037500003315718523,-0.07500000663143573,0.05000000442095722,0.06386708844767203,0.07500000663143573,.TRUE.,0.27,,550,HSE,172,8,-21.152555,1
4-skew-two-planes,skew-xy-plus-0.050-xz-minus-0.100,1-cheap-pbe-atoms-relaxed,4-skew-two-planes/skew-xy-plus-0.050-xz-minus-0.100/1-cheap-pbe-atoms-relaxed,11.346172820578163,4.4209571892217525e-08,0.001250044320095789,0.00500004465166759,-0.005000000442095784,-0.10000000884191436,0.05000000442095722,0.07930362012400602,0.10000000884191436,,,,550,PBE,172,8,-17.934286,7
4-skew-two-planes,skew-xy-plus-0.050-xz-minus-0.100,2-accurate-hse06-atoms-fixed,4-skew-two-planes/skew-xy-plus-0.050-xz-minus-0.100/2-accurate-hse06-atoms-fixed,11.346172820578163,4.4209571892217525e-08,0.001250044320095789,0.00500004465166759,-0.005000000442095784,-0.10000000884191436,0.05000000442095722,0.07930362012400602,0.10000000884191436,.TRUE.,0.27,,550,HSE,172,8,-21.061732,1
4-skew-two-planes,skew-xy-plus-0.050-xz-plus-0.000,1-cheap-pbe-atoms-relaxed,4-skew-two-planes/skew-xy-plus-0.050-xz-plus-0.000/1-cheap-pbe-atoms-relaxed,11.346172820578163,4.4209571892217525e-08,0.001250044320095789,4.4209571892217525e-08,-6.566513775442957e-17,4.1945815422620434e-19,0.05000000442095722,0.035377433935405544,0.05000000442095722,,,,550,PBE,172,8,-18.133494,3
4-skew-two-planes,skew-xy-plus-0.050-xz-plus-0.000,2-accurate-hse06-atoms-fixed,4-skew-two-planes/skew-xy-plus-0.050-xz-plus-0.000/2-accurate-hse06-atoms-fixed,11.346172820578163,4.4209571892217525e-08,0.001250044320095789,4.4209571892217525e-08,-6.011402238589136e-17,1.114417655249902e-16,0.05000000442095722,0.035377433935405544,0.05000000442095722,.TRUE.,0.27,,550,HSE,172,8,-21.269427,1
4-skew-two-planes,skew-xy-plus-0.050-xz-plus-0.025,1-cheap-pbe-atoms-relaxed,4-skew-two-planes/skew-xy-plus-0.050-xz-plus-0.025/1-cheap-pbe-atoms-relaxed,11.346172820578163,4.4209571892217525e-08,0.001250044320095789,0.00031254423720283864,0.0012500001105238672,0.025000002210478687,0.050000004420957166,0.0395593455602132,0.050000004420957166,,,,550,PBE,172,8,-18.121025,6
4-skew-two-planes,skew-xy-plus-0.050-xz-plus-0.025,2-accurate-hse06-atoms-fixed,4-skew-two-planes/skew-xy-plus-0.050-xz-plus-0.025/2-accurate-hse06-atoms-fixed,11.346172820578163,4.4209571892217525e-08,0.001250044320095789,0.00031254423720283864,0.0012500001105238672,0.025000002210478687,0.050000004420957166,0.0395593455602132,0.050000004420957166,.TRUE.,0.27,,550,HSE,172,8,-21.256431,1
4-skew-two-planes,skew-xy-plus-0.050-xz-plus-0.075,1-cheap-pbe-atoms-relaxed,4-skew-two-planes/skew-xy-plus-0.050-xz-plus-0.075/1-cheap-pbe-atoms-relaxed,11.346172820578163,4.4209571892217525e-08,0.001250044320095789,0.002812544458250743,0.0037500003315717265,0.07500000663143584,0.05000000442095722,0.0638670884476721,0.07500000663143584,,,,550,PBE,172,8,-18.02138,5
4-skew-two-planes,skew-xy-plus-0.050-xz-plus-0.075,2-accurate-hse06-atoms-fixed,4-skew-two-planes/skew-xy-plus-0.050-xz-plus-0.075/2-accurate-hse06-atoms-fixed,11.346172820578163,4.4209571892217525e-08,0.001250044320095789,0.002812544458250743,0.0037500003315717265,0.07500000663143584,0.05000000442095722,0.0638670884476721,0.07500000663143584,.TRUE.,0.27,,550,HSE,172,8,-21.152555,1
4-skew-two-planes,skew-xy-plus-0.050-xz-plus-0.100,1-cheap-pbe-atoms-relaxed,4-skew-two-planes/skew-xy-plus-0.050-xz-plus-0.100/1-cheap-pbe-atoms-relaxed,11.346172820578163,4.4209571892217525e-08,0.001250044320095789,0.00500004465166759,0.00500000044209565,0.10000000884191441,0.050000004420957166,0.07930362012400603,0.10000000884191441,,,,550,PBE,172,8,-17.934287,7
4-skew-two-planes,skew-xy-plus-0.050-xz-plus-0.100,2-accurate-hse06-atoms-fixed,4-skew-two-planes/skew-xy-plus-0.050-xz-plus-0.100/2-accurate-hse06-atoms-fixed,11.346172820578163,4.4209571892217525e-08,0.001250044320095789,0.00500004465166759,0.00500000044209565,0.10000000884191441,0.050000004420957166,0.07930362012400603,0.10000000884191441,.TRUE.,0.27,,550,HSE,172,8,-21.061733,1
4-skew-two-planes,skew-xy-plus-0.050-yz-minus-0.025,1-cheap-pbe-atoms-relaxed,4-skew-two-planes/skew-xy-plus-0.050-yz-minus-0.025/1-cheap-pbe-atoms-relaxed,11.346172820578163,4.4209571892217525e-08,0.001250044320095789,0.00031254423720283864,-0.025000002210478642,-3.81591975799906e-19,0.05000000442095722,0.03954946992077398,0.05000000442095722,,,,550,PBE,172,8,-18.121007,6
4-skew-two-planes,skew-xy-plus-0.050-yz-minus-0.025,2-accurate-hse06-atoms-fixed,4-skew-two-planes/skew-xy-plus-0.050-yz-minus-0.025/2-accurate-hse06-atoms-fixed,11.346172820578163,4.4209571892217525e-08,0.001250044320095789,0.00031254423720283864,-0.025000002210478635,1.106407153949641e-16,0.05000000442095722,0.03954946992077398,0.05000000442095722,.TRUE.,0.27,,550,HSE,172,8,-21.256413,1
4-skew-two-planes,skew-xy-plus-0.050-yz-minus-0.075,1-cheap-pbe-atoms-relaxed,4-skew-two-planes/skew-xy-plus-0.050-yz-minus-0.075/1-cheap-pbe-atoms-relaxed,11.346172820578163,4.4209571892217525e-08,0.001250044320095789,0.002812544458250743,-0.07500000663143579,-1.9836922358521206e-18,0.05000000442095722,0.06381201873894425,0.07500000663143579,,,,550,PBE,172,8,-18.02117,5
4-skew-two-planes,skew-xy-plus-0.050-yz-minus-0.075,2-accurate-hse06-atoms-fixed,4-skew-two-planes/skew-xy-plus-0.050-yz-minus-0.075/2-accurate-hse06-atoms-fixed,11.346172820578163,4.4209571892217525e-08,0.001250044320095789,0.002812544458250743,-0.07500000663143579,1.0903861513491189e-16,0.05000000442095722,0.06381201873894425,0.07500000663143579,.TRUE.,0.27,,550,HSE,172,8,-21.152343,1
4-skew-two-planes,skew-xy-plus-0.050-yz-minus-0.100,1-cheap-pbe-atoms-relaxed,4-skew-two-planes/skew-xy-plus-0.050-yz-minus-0.100/1-cheap-pbe-atoms-relaxed,11.346172820578163,4.4209571892217525e-08,0.001250044320095789,0.00500004465166759,-0.10000000884191447,-2.784742365878231e-18,0.05000000442095722,0.07922476988014661,0.10000000884191447,,,,550,PBE,172,8,-17.933914,7
4-skew-two-planes,skew-xy-plus-0.050-yz-minus-0.100,2-accurate-hse06-atoms-fixed,4-skew-two-planes/skew-xy-plus-0.050-yz-minus-0.100/2-accurate-hse06-atoms-fixed,11.346172820578163,4.4209571892217525e-08,0.001250044320095789,0.00500004465166759,-0.10000000884191447,1.0823756500488576e-16,0.05000000442095722,0.07922476988014661,0.10000000884191447,.TRUE.,0.27,,550,HSE,172,8,-21.06136,1
4-skew-two-planes,skew-xy-plus-0.050-yz-plus-0.000,1-cheap-pbe-atoms-relaxed,4-skew-two-planes/skew-xy-plus-0.050-yz-plus-0.000/1-cheap-pbe-atoms-relaxed,11.346172820578163,4.4209571892217525e-08,0.001250044320095789,4.4209571892217525e-08,-6.566513775442957e-17,4.1945815422620434e-19,0.05000000442095722,0.035377433935405544,0.05000000442095722,,,,550,PBE,172,8,-18.133494,3
4-skew-two-planes,skew-xy-plus-0.050-yz-plus-0.000,2-accurate-hse06-atoms-fixed,4-skew-two-planes/skew-xy-plus-0.050-yz-plus-0.000/2-accurate-hse06-atoms-fixed,11.346172820578163,4.4209571892217525e-08,0.001250044320095789,4.4209571892217525e-08,-6.011402238589136e-17,1.114417655249902e-16,0.05000000442095722,0.035377433935405544,0.05000000442095722,.TRUE.,0.27,,550,HSE,172,8,-21.269427,1
4-skew-two-planes,skew-xy-plus-0.050-yz-plus-0.025,1-cheap-pbe-atoms-relaxed,4-skew-two-planes/skew-xy-plus-0.050-yz-plus-0.025/1-cheap-pbe-atoms-relaxed,11.346172820578163,4.4209571892217525e-08,0.001250044320095789,0.00031254423720283864,0.025000002210478624,1.2205082842523147e-18,0.05000000442095722,0.03954946992077398,0.05000000442095722,,,,550,PBE,172,8,-18.121007,6
4-skew-two-planes,skew-xy-plus-0.050-yz-plus-0.025,2-accurate-hse06-atoms-fixed,4-skew-two-planes/skew-xy-plus-0.050-yz-plus-0.025/2-accurate-hse06-atoms-fixed,11.346172820578163,4.4209571892217525e-08,0.001250044320096011,0.00031254423720283864,0.025000002210478524,1.0946725797074722e-16,0.05000000442095711,0.03954946992077389,0.05000000442095711,.TRUE.,0.27,,550,HSE,172,8,-21.256413,1
4-skew-two-planes,skew-xy-plus-0.050-yz-plus-0.075,1-cheap-pbe-atoms-relaxed,4-skew-two-planes/skew-xy-plus-0.050-yz-plus-0.075/1-cheap-pbe-atoms-relaxed,11.346172820578163,4.4209571892217525e-08,0.001250044320095789,0.002812544458250743,0.07500000663143579,2.8226085443045292e-18,0.05000000442095722,0.06381201873894425,0.07500000663143579,,,,550,PBE,172,8,-18.02117,5
4-skew-two-planes,skew-xy-plus-0.050-yz-plus-0.075,2-accurate-hse06-atoms-fixed,4-skew-two-planes/skew-xy-plus-0.050-yz-plus-0.075/2-accurate-hse06-atoms-fixed,11.346172820578163,4.4209571892217525e-08,0.001250044320095789,0.002812544458250743,0.07500000663143579,1.1384491591506854e-16,0.05000000442095722,0.06381201873894425,0.07500000663143579,.TRUE.,0.27,,550,HSE,172,8,-21.152342,1
4-skew-two-planes,skew-xy-plus-0.050-yz-plus-0.100,1-cheap-pbe-atoms-relaxed,4-skew-two-planes/skew-xy-plus-0.050-yz-plus-0.100/1-cheap-pbe-atoms-relaxed,11.346172820578163,4.4209571892217525e-08,0.001250044320096011,0.00500004465166759,0.10000000884191439,-7.478572062745766e-18,0.05000000442095711,0.07922476988014653,0.10000000884191439,,,,550,PBE,172,8,-17.933914,7
4-skew-two-planes,skew-xy-plus-0.050-yz-plus-0.100,2-accurate-hse06-atoms-fixed,4-skew-two-planes/skew-xy-plus-0.050-yz-plus-0.100/2-accurate-hse06-atoms-fixed,11.346172820578163,4.4209571892217525e-08,0.001250044320096011,0.00500004465166759,0.10000000884191439,1.0354373530801824e-16,0.05000000442095711,0.07922476988014653,0.10000000884191439,.TRUE.,0.27,,550,HSE,172,8,-21.06136,1
4-skew-two-planes,skew-xy-plus-0.075-xz-minus-0.025,1-cheap-pbe-atoms-relaxed,4-skew-two-planes/skew-xy-plus-0.075-xz-minus-0.025/1-cheap-pbe-atoms-relaxed,11.346172820578163,4.4209571892217525e-08,0.002812544458250743,0.00031254423720283864,-0.0018750001657859585,-0.02500000221047855,0.07500000663143583,0.05598898512799035,0.07500000663143583,,,,550,PBE,172,8,-18.058505,5
4-skew-two-planes,skew-xy-plus-0.075-xz-minus-0.025,2-accurate-hse06-atoms-fixed,4-skew-two-planes/skew-xy-plus-0.075-xz-minus-0.025/2-accurate-hse06-atoms-fixed,11.346172820578163,4.4209571892217525e-08,0.002812544458250743,0.00031254423720283864,-0.0018750001657859585,-0.02500000221047855,0.07500000663143583,0.05598898512799035,0.07500000663143583,.TRUE.,0.27,,550,HSE,172,8,-21.191276,1
4-skew-two-planes,skew-xy-plus-0.075-xz-minus-0.050,1-cheap-pbe-atoms-relaxed,4-skew-two-planes/skew-xy-plus-0.075-xz-minus-0.050/1-cheap-pbe-atoms-relaxed,11.346172820578163,4.420957211426213e-08,0.002812544458250743,0.001250044320095789,-0.0037500003315718493,-0.05000000442095714,0.07500000663143579,0.06386708844767204,0.07500000663143579,,,,550,PBE,172,8,-18.02138,5
4-skew-two-planes,skew-xy-plus-0.075-xz-minus-0.050,2-accurate-hse06-atoms-fixed,4-skew-two-planes/skew-xy-plus-0.075-xz-minus-0.050/2-accurate-hse06-atoms-fixed,11.346172820578163,4.420957211426213e-08,0.002812544458250743,0.001250044320095789,-0.0037500003315718493,-0.05000000442095714,0.07500000663143579,0.06386708844767204,0.07500000663143579,.TRUE.,0.27,,550,HSE,172,8,-21.152555,1
4-skew-two-planes,skew-xy-plus-0.075-xz-minus-0.075,1-cheap-pbe-atoms-relaxed,4-skew-two-planes/skew-xy-plus-0.075-xz-minus-0.075/1-cheap-pbe-atoms-relaxed,11.346172820578163,4.4209571892217525e-08,0.002812544458250743,0.002812544458250743,-0.00562500049735775,-0.07500000663143577,0.07500000663143583,0.0752106516570245,0.07500000663143583,,,,550,PBE,172,8,-17.959586,5
4-skew-two-planes,skew-xy-plus-0.075-xz-minus-0.075,2-accurate-hse06-atoms-fixed,4-skew-two-planes/skew-xy-plus-0.075-xz-minus-0.075/2-accurate-hse06-atoms-fixed,11.346172820578163,4.4209571892217525e-08,0.002812544458250743,0.002812544458250743,-0.00562500049735775,-0.07500000663143577,0.07500000663143583,0.0752106516570245,0.07500000663143583,.TRUE.,0.27,,550,HSE,172,8,-21.088092,1
4-skew-two-planes,skew-xy-plus-0.075-xz-minus-0.100,1-cheap-pbe-atoms-relaxed,4-skew-two-planes/skew-xy-plus-0.075-xz-minus-0.100/1-cheap-pbe-atoms-relaxed,11.346172820578163,4.4209571892217525e-08,0.002812544458250743,0.00500004465166759,-0.007500000663143648,-0.1000000088419144,0.07500000663143583,0.08873295464128886,0.1000000088419144,,,,550,PBE,172,8,-17.873133,7
4-skew-two-planes,skew-xy-plus-0.075-xz-minus-0.100,2-accurate-hse06-atoms-fixed,4-skew-two-planes/skew-xy-plus-0.075-xz-minus-0.100/2-accurate-hse06-atoms-fixed,11.346172820578163,4.4209571892217525e-08,0.002812544458250743,0.00500004465166759,-0.007500000663143648,-0.1000000088419144,0.07500000663143583,0.08873295464128886,0.1000000088419144,.TRUE.,0.27,,550,HSE,172,8,-20.997875,1
4-skew-two-planes,skew-xy-plus-0.075-xz-plus-0.000,1-cheap-pbe-atoms-relaxed,4-skew-two-planes/skew-xy-plus-0.075-xz-plus-0.000/1-cheap-pbe-atoms-relaxed,11.346172820578163,4.4209571892217525e-08,0.002812544458250743,4.4209571892217525e-08,-6.461099828839952e-17,2.5015500050232937e-17,0.07500000663143583,0.05310754093056141,0.07500000663143583,,,,550,PBE,172,8,-18.070871,3
4-skew-two-planes,skew-xy-plus-0.075-xz-plus-0.000,2-accurate-hse06-atoms-fixed,4-skew-two-planes/skew-xy-plus-0.075-xz-plus-0.000/2-accurate-hse06-atoms-fixed,11.346172820578163,4.4209571892217525e-08,0.002812544458250743,4.4209571892217525e-08,-6.461099828839952e-17,2.5015500050232937e-17,0.07500000663143583,0.05310754093056141,0.07500000663143583,.TRUE.,0.27,,550,HSE,172,8,-21.204171,1
4-skew-two-planes,skew-xy-plus-0.075-xz-plus-0.025,1-cheap-pbe-atoms-relaxed,4-skew-two-planes/skew-xy-plus-0.075-xz-plus-0.025/1-cheap-pbe-atoms-relaxed,11.346172820578163,4.420957211426213e-08,0.002812544458250743,0.00031254423720283864,0.0018750001657858277,0.025000002210478607,0.07500000663143579,0.05598898512799033,0.07500000663143579,,,,550,PBE,172,8,-18.058505,5
4-skew-two-planes,skew-xy-plus-0.075-xz-plus-0.025,2-accurate-hse06-atoms-fixed,4-skew-two-planes/skew-xy-plus-0.075-xz-plus-0.025/2-accurate-hse06-atoms-fixed,11.346172820578163,4.4209571892217525e-08,0.002812544458250743,0.00031254423720283864,0.0018750001657858375,0.02500000221047871,0.07500000663143583,0.05598898512799038,0.07500000663143583,.TRUE.,0.27,,550,HSE,172,8,-21.191276,1
4-skew-two-planes,skew-xy-plus-0.075-xz-plus-0.050,1-cheap-pbe-atoms-relaxed,4-skew-two-planes/skew-xy-plus-0.075-xz-plus-0.050/1-cheap-pbe-atoms-relaxed,11.346172820578163,4.4209571892217525e-08,0.002812544458250743,0.001250044320095789,0.0037500003315717226,0.05000000442095718,0.07500000663143583,0.06386708844767207,0.07500000663143583,,,,550,PBE,172,8,-18.02138,5
4-skew-two-planes,skew-xy-plus-0.075-xz-plus-0.050,2-accurate-hse06-atoms-fixed,4-skew-two-planes/skew-xy-plus-0.075-xz-plus-0.050/2-accurate-hse06-atoms-fixed,11.346172820578163,4.4209571892217525e-08,0.002812544458250743,0.001250044320095789,0.0037500003315717226,0.05000000442095718,0.07500000663143583,0.06386708844767207,0.07500000663143583,.TRUE.,0.27,,550,HSE,172,8,-21.152555,1
4-skew-two-planes,skew-xy-plus-0.075-xz-plus-0.075,1-cheap-pbe-atoms-relaxed,4-skew-two-planes/skew-xy-plus-0.075-xz-plus-0.075/1-cheap-pbe-atoms-relaxed,11.346172820578163,4.4209571892217525e-08,0.002812544458250743,0.002812544458250743,0.005625000497357616,0.07500000663143574,0.07500000663143583,0.07521065165702447,0.07500000663143583,,,,550,PBE,172,8,-17.959586,5
4-skew-two-planes,skew-xy-plus-0.075-xz-plus-0.075,2-accurate-hse06-atoms-fixed,4-skew-two-planes/skew-xy-plus-0.075-xz-plus-0.075/2-accurate-hse06-atoms-fixed,11.346172820578163,4.4209571892217525e-08,0.002812544458250743,0.002812544458250743,0.005625000497357616,0.07500000663143574,0.07500000663143583,0.07521065165702447,0.07500000663143583,.TRUE.,0.27,,550,HSE,172,8,-21.088092,1
4-skew-two-planes,skew-xy-plus-0.075-xz-plus-0.100,1-cheap-pbe-atoms-relaxed,4-skew-two-planes/skew-xy-plus-0.075-xz-plus-0.100/1-cheap-pbe-atoms-relaxed,11.346172820578163,4.420957211426213e-08,0.002812544458250743,0.00500004465166759,0.007500000663143513,0.10000000884191446,0.07500000663143579,0.08873295464128889,0.10000000884191446,,,,550,PBE,172,8,-17.873133,7
4-skew-two-planes,skew-xy-plus-0.075-xz-plus-0.100,2-accurate-hse06-atoms-fixed,4-skew-two-planes/skew-xy-plus-0.075-xz-plus-0.100/2-accurate-hse06-atoms-fixed,11.346172820578163,4.420957211426213e-08,0.002812544458250743,0.00500004465166759,0.007500000663143513,0.10000000884191446,0.07500000663143579,0.08873295464128889,0.10000000884191446,.TRUE.,0.27,,550,HSE,172,8,-20.997876,1
4-skew-two-planes,skew-xy-plus-0.075-yz-minus-0.025,1-cheap-pbe-atoms-relaxed,4-skew-two-planes/skew-xy-plus-0.075-yz-minus-0.025/1-cheap-pbe-atoms-relaxed,11.346172820578163,4.4209571892217525e-08,0.002812544458250743,0.00031254423720283864,-0.02500000221047864,2.421444992020683e-17,0.07500000663143583,0.05597328508182701,0.07500000663143583,,,,550,PBE,172,8,-18.058446,5
4-skew-two-planes,skew-xy-plus-0.075-yz-minus-0.025,2-accurate-hse06-atoms-fixed,4-skew-two-planes/skew-xy-plus-0.075-yz-minus-0.025/2-accurate-hse06-atoms-fixed,11.346172820578163,4.4209571892217525e-08,0.002812544458250743,0.00031254423720283864,-0.02500000221047864,2.421444992020683e-17,0.07500000663143583,0.05597328508182701,0.07500000663143583,.TRUE.,0.27,,550,HSE,172,8,-21.191216,1
4-skew-two-planes,skew-xy-plus-0.075-yz-minus-0.050,1-cheap-pbe-atoms-relaxed,4-skew-two-planes/skew-xy-plus-0.075-yz-minus-0.050/1-cheap-pbe-atoms-relaxed,11.346172820578163,4.4209571892217525e-08,0.002812544458250965,0.001250044320095789,-0.05000000442095718,2.896451515871892e-17,0.07500000663143572,0.0638120187389442,0.07500000663143572,,,,550,PBE,172,8,-18.021186,5
4-skew-two-planes,skew-xy-plus-0.075-yz-minus-0.050,2-accurate-hse06-atoms-fixed,4-skew-two-planes/skew-xy-plus-0.075-yz-minus-0.050/2-accurate-hse06-atoms-fixed,11.346172820578163,4.4209571892217525e-08,0.002812544458250965,0.001250044320095789,-0.05000000442095718,2.896451515871892e-17,0.07500000663143572,0.0638120187389442,0.07500000663143572,.TRUE.,0.27,,550,HSE,172,8,-21.15236,1
4-skew-two-planes,skew-xy-plus-0.075-yz-minus-0.075,1-cheap-pbe-atoms-relaxed,4-skew-two-planes/skew-xy-plus-0.075-yz-minus-0.075/1-cheap-pbe-atoms-relaxed,11.346172820578163,4.4209571892217525e-08,0.002812544458250743,0.002812544458250743,-0.07500000663143579,2.2612349660154616e-17,0.07500000663143583,0.07510540464824515,0.07500000663143583,,,,550,PBE,172,8,-17.959099,5
4-skew-two-planes,skew-xy-plus-0.075-yz-minus-0.075,2-accurate-hse06-atoms-fixed,4-skew-two-planes/skew-xy-plus-0.075-yz-minus-0.075/2-accurate-hse06-atoms-fixed,11.346172820578163,4.4209571892217525e-08,0.002812544458250743,0.002812544458250743,-0.07500000663143579,2.2612349660154616e-17,0.07500000663143583,0.07510540464824515,0.07500000663143583,.TRUE.,0.27,,550,HSE,172,8,-21.087601,1
4-skew-two-planes,skew-xy-plus-0.075-yz-minus-0.100,1-cheap-pbe-atoms-relaxed,4-skew-two-planes/skew-xy-plus-0.075-yz-minus-0.100/1-cheap-pbe-atoms-relaxed,11.346172820578163,4.4209571892217525e-08,0.002812544458250743,0.00500004465166759,-0.10000000884191447,2.1811299530128505e-17,0.07500000663143583,0.08857433169039129,0.10000000884191447,,,,550,PBE,172,8,-17.87226,7
4-skew-two-planes,skew-xy-plus-0.075-yz-minus-0.100,2-accurate-hse06-atoms-fixed,4-skew-two-planes/skew-xy-plus-0.075-yz-minus-0.100/2-accurate-hse06-atoms-fixed,11.346172820578163,4.4209571892217525e-08,0.002812544458250743,0.00500004465166759,-0.10000000884191447,2.1811299530128505e-17,0.07500000663143583,0.08857433169039129,0.10000000884191447,.TRUE.,0.27,,550,HSE,172,8,-20.996998,1
4-skew-two-planes,skew-xy-plus-0.075-yz-plus-0.000,1-cheap-pbe-atoms-relaxed,4-skew-two-planes/skew-xy-plus-0.075-yz-plus-0.000/1-cheap-pbe-atoms-relaxed,11.346172820578163,4.4209571892217525e-08,0.002812544458250743,4.4209571892217525e-08,-6.461099828839952e-17,2.5015500050232937e-17,0.07500000663143583,0.05310754093056141,0.07500000663143583,,,,550,PBE,172,8,-18.070871,3
4-skew-two-planes,skew-xy-plus-0.075-yz-plus-0.000,2-accurate-hse06-atoms-fixed,4-skew-two-planes/skew-xy-plus-0.075-yz-plus-0.000/2-accurate-hse06-atoms-fixed,11.346172820578163,4.4209571892217525e-08,0.002812544458250743,4.4209571892217525e-08,-6.461099828839952e-17,2.5015500050232937e-17,0.07500000663143583,0.05310754093056141,0.07500000663143583,.TRUE.,0.27,,550,HSE,172,8,-21.204171,1
4-skew-two-planes,skew-xy-plus-0.075-yz-plus-0.025,1-cheap-pbe-atoms-relaxed,4-skew-two-planes/skew-xy-plus-0.075-yz-plus-0.025/1-cheap-pbe-atoms-relaxed,11.346172820578163,4.4209571892217525e-08,0.002812544458250743,0.00031254423720283864,0.025000002210478624,2.581655018025905e-17,0.07500000663143583,0.055973285081827,0.07500000663143583,,,,550,PBE,172,8,-18.058446,5
4-skew-two-planes,skew-xy-plus-0.075-yz-plus-0.025,2-accurate-hse06-atoms-fixed,4-skew-two-planes/skew-xy-plus-0.075-yz-plus-0.025/2-accurate-hse06-atoms-fixed,11.346172820578163,4.4209571892217525e-08,0.002812544458250965,0.00031254423720283864,0.02500000221047852,2.3040992495989953e-17,0.07500000663143572,0.05597328508182692,0.07500000663143572,.TRUE.,0.27,,550,HSE,172,8,-21.191216,1
4-skew-two-planes,skew-xy-plus-0.075-yz-plus-0.050,1-cheap-pbe-atoms-relaxed,4-skew-two-planes/skew-xy-plus-0.075-yz-plus-0.050/1-cheap-pbe-atoms-relaxed,11.346172820578163,4.4209571892217525e-08,0.002812544458250743,0.001250044320095789,0.05000000442095708,2.6617600310285155e-17,0.07500000663143583,0.06381201873894422,0.07500000663143583,,,,550,PBE,172,8,-18.021186,5
4-skew-two-planes,skew-xy-plus-0.075-yz-plus-0.050,2-accurate-hse06-atoms-fixed,4-skew-two-planes/skew-xy-plus-0.075-yz-plus-0.050/2-accurate-hse06-atoms-fixed,11.346172820578163,4.4209571892217525e-08,0.002812544458250743,0.001250044320095789,0.05000000442095708,2.6617600310285155e-17,0.07500000663143583,0.06381201873894422,0.07500000663143583,.TRUE.,0.27,,550,HSE,172,8,-21.15236,1
4-skew-two-planes,skew-xy-plus-0.075-yz-plus-0.075,1-cheap-pbe-atoms-relaxed,4-skew-two-planes/skew-xy-plus-0.075-yz-plus-0.075/1-cheap-pbe-atoms-relaxed,11.346172820578163,4.4209571892217525e-08,0.002812544458250743,0.002812544458250743,0.07500000663143579,2.7418650440311265e-17,0.07500000663143583,0.07510540464824515,0.07500000663143583,,,,550,PBE,172,8,-17.959099,5
4-skew-two-planes,skew-xy-plus-0.075-yz-plus-0.075,2-accurate-hse06-atoms-fixed,4-skew-two-planes/skew-xy-plus-0.075-yz-plus-0.075/2-accurate-hse06-atoms-fixed,11.346172820578163,4.4209571892217525e-08,0.002812544458250743,0.002812544458250743,0.07500000663143579,2.7418650440311265e-17,0.07500000663143583,0.07510540464824515,0.07500000663143583,.TRUE.,0.27,,550,HSE,172,8,-21.087601,1
4-skew-two-planes,skew-xy-plus-0.075-yz-plus-0.100,1-cheap-pbe-atoms-relaxed,4-skew-two-planes/skew-xy-plus-0.075-yz-plus-0.100/1-cheap-pbe-atoms-relaxed,11.346172820578163,4.4209571892217525e-08,0.002812544458250965,0.00500004465166759,0.10000000884191439,1.711746983326097e-17,0.07500000663143572,0.08857433169039122,0.10000000884191439,,,,550,PBE,172,8,-17.87226,7
4-skew-two-planes,skew-xy-plus-0.075-yz-plus-0.100,2-accurate-hse06-atoms-fixed,4-skew-two-planes/skew-xy-plus-0.075-yz-plus-0.100/2-accurate-hse06-atoms-fixed,11.346172820578163,4.4209571892217525e-08,0.002812544458250965,0.00500004465166759,0.10000000884191439,1.711746983326097e-17,0.07500000663143572,0.08857433169039122,0.10000000884191439,.TRUE.,0.27,,550,HSE,172,8,-20.996998,1
4-skew-two-planes,skew-xy-plus-0.100-xz-minus-0.025,1-cheap-pbe-atoms-relaxed,4-skew-two-planes/skew-xy-plus-0.100-xz-minus-0.025/1-cheap-pbe-atoms-relaxed,11.346172820578163,4.4209571892217525e-08,0.00500004465166759,0.00031254423720283864,-0.002500000221047932,-0.02500000221047864,0.10000000884191443,0.07308025773371973,0.10000000884191443,,,,550,PBE,172,8,-17.970999,12
4-skew-two-planes,skew-xy-plus-0.100-xz-minus-0.025,2-accurate-hse06-atoms-fixed,4-skew-two-planes/skew-xy-plus-0.100-xz-minus-0.025/2-accurate-hse06-atoms-fixed,11.346172820578163,4.4209571892217525e-08,0.00500004465166759,0.00031254423720283864,-0.002500000221047932,-0.02500000221047864,0.10000000884191443,0.07308025773371973,0.10000000884191443,.TRUE.,0.27,,550,HSE,172,8,-21.100057,1
4-skew-two-planes,skew-xy-plus-0.100-xz-minus-0.050,1-cheap-pbe-atoms-relaxed,4-skew-two-planes/skew-xy-plus-0.100-xz-minus-0.050/1-cheap-pbe-atoms-relaxed,11.346172820578163,4.4209571892217525e-08,0.00500004465166759,0.001250044320095789,-0.00500000044209579,-0.05000000442095721,0.10000000884191443,0.07930362012400606,0.10000000884191443,,,,550,PBE,172,8,-17.934287,7
4-skew-two-planes,skew-xy-plus-0.100-xz-minus-0.050,2-accurate-hse06-atoms-fixed,4-skew-two-planes/skew-xy-plus-0.100-xz-minus-0.050/2-accurate-hse06-atoms-fixed,11.346172820578163,4.4209571892217525e-08,0.00500004465166759,0.001250044320095789,-0.005000000442095779,-0.050000004420957096,0.10000000884191443,0.07930362012400602,0.10000000884191443,.TRUE.,0.27,,550,HSE,172,8,-21.061733,1
4-skew-two-planes,skew-xy-plus-0.100-xz-minus-0.075,1-cheap-pbe-atoms-relaxed,4-skew-two-planes/skew-xy-plus-0.100-xz-minus-0.075/1-cheap-pbe-atoms-relaxed,11.346172820578163,4.4209571892217525e-08,0.00500004465166759,0.002812544458250743,-0.007500000663143649,-0.0750000066314358,0.10000000884191443,0.08873295464128887,0.10000000884191443,,,,550,PBE,172,8,-17.873133,7
4-skew-two-planes,skew-xy-plus-0.100-xz-minus-0.075,2-accurate-hse06-atoms-fixed,4-skew-two-planes/skew-xy-plus-0.100-xz-minus-0.075/2-accurate-hse06-atoms-fixed,11.346172820578163,4.4209571892217525e-08,0.00500004465166759,0.002812544458250743,-0.007500000663143649,-0.0750000066314358,0.10000000884191443,0.08873295464128887,0.10000000884191443,.TRUE.,0.27,,550,HSE,172,8,-20.997876,1
4-skew-two-planes,skew-xy-plus-0.100-xz-minus-0.100,1-cheap-pbe-atoms-relaxed,4-skew-two-planes/skew-xy-plus-0.100-xz-minus-0.100/1-cheap-pbe-atoms-relaxed,11.346172820578163,4.4209571892217525e-08,0.00500004465166759,0.00500004465166759,-0.010000000884191517,-0.10000000884191443,0.10000000884191448,0.10049876949626885,0.10000000884191448,,,,550,PBE,172,8,-17.78763,10
4-skew-two-planes,skew-xy-plus-0.100-xz-minus-0.100,2-accurate-hse06-atoms-fixed,4-skew-two-planes/skew-xy-plus-0.100-xz-minus-0.100/2-accurate-hse06-atoms-fixed,11.346172820578163,4.4209571892217525e-08,0.00500004465166759,0.00500004465166759,-0.010000000884191517,-0.10000000884191443,0.10000000884191448,0.10049876949626885,0.10000000884191448,.TRUE.,0.27,,550,HSE,172,8,-20.90856,1
4-skew-two-planes,skew-xy-plus-0.100-xz-plus-0.000,1-cheap-pbe-atoms-relaxed,4-skew-two-planes/skew-xy-plus-0.100-xz-plus-0.000/1-cheap-pbe-atoms-relaxed,11.346172820578163,4.4209571892217525e-08,0.00500004465166759,4.4209571892217525e-08,-6.232705672756913e-17,4.961154194623968e-17,0.10000000884191443,0.0708872437799218,0.10000000884191443,,,,550,PBE,172,8,-17.983274,3
4-skew-two-planes,skew-xy-plus-0.100-xz-plus-0.000,2-accurate-hse06-atoms-fixed,4-skew-two-planes/skew-xy-plus-0.100-xz-plus-0.000/2-accurate-hse06-atoms-fixed,11.346172820578163,4.4209571892217525e-08,0.00500004465166759,4.4209571892217525e-08,-6.232705672756913e-17,4.961154194623968e-17,0.10000000884191443,0.0708872437799218,0.10000000884191443,.TRUE.,0.27,,550,HSE,172,8,-21.112871,1
4-skew-two-planes,skew-xy-plus-0.100-xz-plus-0.025,1-cheap-pbe-atoms-relaxed,4-skew-two-planes/skew-xy-plus-0.100-xz-plus-0.025/1-cheap-pbe-atoms-relaxed,11.346172820578163,4.4209571892217525e-08,0.00500004465166759,0.00031254423720283864,0.002500000221047796,0.025000002210478624,0.10000000884191443,0.07308025773371973,0.10000000884191443,,,,550,PBE,172,8,-17.970999,12
4-skew-two-planes,skew-xy-plus-0.100-xz-plus-0.025,2-accurate-hse06-atoms-fixed,4-skew-two-planes/skew-xy-plus-0.100-xz-plus-0.025/2-accurate-hse06-atoms-fixed,11.346172820578163,4.4209571892217525e-08,0.00500004465166759,0.00031254423720283864,0.002500000221047796,0.025000002210478624,0.10000000884191443,0.07308025773371973,0.10000000884191443,.TRUE.,0.27,,550,HSE,172,8,-21.100057,1
4-skew-two-planes,skew-xy-plus-0.100-xz-plus-0.050,1-cheap-pbe-atoms-relaxed,4-skew-two-planes/skew-xy-plus-0.100-xz-plus-0.050/1-cheap-pbe-atoms-relaxed,11.346172820578163,4.4209571892217525e-08,0.00500004465166759,0.001250044320095789,0.0050000004420956545,0.05000000442095721,0.10000000884191443,0.07930362012400606,0.10000000884191443,,,,550,PBE,172,8,-17.934287,7
4-skew-two-planes,skew-xy-plus-0.100-xz-plus-0.050,2-accurate-hse06-atoms-fixed,4-skew-two-planes/skew-xy-plus-0.100-xz-plus-0.050/2-accurate-hse06-atoms-fixed,11.346172820578163,4.4209571892217525e-08,0.00500004465166759,0.001250044320095789,0.0050000004420956545,0.05000000442095721,0.10000000884191443,0.07930362012400606,0.10000000884191443,.TRUE.,0.27,,550,HSE,172,8,-21.061733,1
4-skew-two-planes,skew-xy-plus-0.100-xz-plus-0.075,1-cheap-pbe-atoms-relaxed,4-skew-two-planes/skew-xy-plus-0.100-xz-plus-0.075/1-cheap-pbe-atoms-relaxed,11.346172820578163,4.4209571892217525e-08,0.00500004465166759,0.002812544458250743,0.007500000663143513,0.07500000663143577,0.10000000884191443,0.08873295464128886,0.10000000884191443,,,,550,PBE,172,8,-17.873133,7
4-skew-two-planes,skew-xy-plus-0.100-xz-plus-0.075,2-accurate-hse06-atoms-fixed,4-skew-two-planes/skew-xy-plus-0.100-xz-plus-0.075/2-accurate-hse06-atoms-fixed,11.346172820578163,4.4209571892217525e-08,0.00500004465166759,0.002812544458250743,0.007500000663143513,0.07500000663143577,0.10000000884191443,0.08873295464128886,0.10000000884191443,.TRUE.,0.27,,550,HSE,172,8,-20.997876,1
4-skew-two-planes,skew-xy-plus-0.100-xz-plus-0.100,1-cheap-pbe-atoms-relaxed,4-skew-two-planes/skew-xy-plus-0.100-xz-plus-0.100/1-cheap-pbe-atoms-relaxed,11.346172820578163,4.4209571892217525e-08,0.00500004465166759,0.00500004465166759,0.010000000884191373,0.10000000884191435,0.10000000884191443,0.10049876949626878,0.10000000884191443,,,,550,PBE,172,8,-17.78763,10
4-skew-two-planes,skew-xy-plus-0.100-xz-plus-0.100,2-accurate-hse06-atoms-fixed,4-skew-two-planes/skew-xy-plus-0.100-xz-plus-0.100/2-accurate-hse06-atoms-fixed,11.346172820578163,4.4209571892217525e-08,0.00500004465166759,0.00500004465166759,0.010000000884191384,0.10000000884191446,0.10000000884191443,0.10049876949626883,0.10000000884191446,.TRUE.,0.27,,550,HSE,172,8,-20.90856,1
4-skew-two-planes,skew-xy-plus-0.100-yz-minus-0.025,1-cheap-pbe-atoms-relaxed,4-skew-two-planes/skew-xy-plus-0.100-yz-minus-0.025/1-cheap-pbe-atoms-relaxed,11.346172820578163,4.4209571892217525e-08,0.00500004465166759,0.00031254423720283864,-0.02500000221047864,4.881049181621357e-17,0.10000000884191443,0.07305887399812759,0.10000000884191443,,,,550,PBE,172,8,-17.970925,10
4-skew-two-planes,skew-xy-plus-0.100-yz-minus-0.025,2-accurate-hse06-atoms-fixed,4-skew-two-planes/skew-xy-plus-0.100-yz-minus-0.025/2-accurate-hse06-atoms-fixed,11.346172820578163,4.4209571892217525e-08,0.00500004465166759,0.00031254423720283864,-0.02500000221047864,4.881049181621357e-17,0.10000000884191443,0.07305887399812759,0.10000000884191443,.TRUE.,0.27,,550,HSE,172,8,-21.099985,1
4-skew-two-planes,skew-xy-plus-0.100-yz-minus-0.050,1-cheap-pbe-atoms-relaxed,4-skew-two-planes/skew-xy-plus-0.100-yz-minus-0.050/1-cheap-pbe-atoms-relaxed,11.346172820578163,4.4209571892217525e-08,0.005000044651667812,0.001250044320095789,-0.05000000442095718,5.3560557054725656e-17,0.10000000884191432,0.07922476988014651,0.10000000884191432,,,,550,PBE,172,8,-17.933919,8
4-skew-two-planes,skew-xy-plus-0.100-yz-minus-0.050,2-accurate-hse06-atoms-fixed,4-skew-two-planes/skew-xy-plus-0.100-yz-minus-0.050/2-accurate-hse06-atoms-fixed,11.346172820578163,4.4209571892217525e-08,0.005000044651667812,0.001250044320095789,-0.05000000442095718,5.3560557054725656e-17,0.10000000884191432,0.07922476988014651,0.10000000884191432,.TRUE.,0.27,,550,HSE,172,8,-21.061362,1
4-skew-two-planes,skew-xy-plus-0.100-yz-minus-0.075,1-cheap-pbe-atoms-relaxed,4-skew-two-planes/skew-xy-plus-0.100-yz-minus-0.075/1-cheap-pbe-atoms-relaxed,11.346172820578163,4.4209571892217525e-08,0.00500004465166759,0.002812544458250743,-0.07500000663143579,4.7208391556161355e-17,0.10000000884191443,0.08857433169039126,0.10000000884191443,,,,550,PBE,172,8,-17.872288,7
4-skew-two-planes,skew-xy-plus-0.100-yz-minus-0.075,2-accurate-hse06-atoms-fixed,4-skew-two-planes/skew-xy-plus-0.100-yz-minus-0.075/2-accurate-hse06-atoms-fixed,11.346172820578163,4.4209571892217525e-08,0.00500004465166759,0.002812544458250743,-0.07500000663143579,4.7208391556161355e-17,0.10000000884191443,0.08857433169039126,0.10000000884191443,.TRUE.,0.27,,550,HSE,172,8,-20.997026,1
4-skew-two-planes,skew-xy-plus-0.100-yz-minus-0.100,1-cheap-pbe-atoms-relaxed,4-skew-two-planes/skew-xy-plus-0.100-yz-minus-0.100/1-cheap-pbe-atoms-relaxed,11.346172820578163,4.4209571892217525e-08,0.00500004465166759,0.00500004465166759,-0.10000000884191447,4.6407341426135245e-17,0.10000000884191443,0.100249701552784,0.10000000884191447,,,,550,PBE,172,8,-17.786092,8
4-skew-two-planes,skew-xy-plus-0.100-yz-minus-0.100,2-accurate-hse06-atoms-fixed,4-skew-two-planes/skew-xy-plus-0.100-yz-minus-0.100/2-accurate-hse06-atoms-fixed,11.346172820578163,4.4209571892217525e-08,0.00500004465166759,0.00500004465166759,-0.10000000884191447,4.6407341426135245e-17,0.10000000884191443,0.100249701552784,0.10000000884191447,.TRUE.,0.27,,550,HSE,172,8,-20.907018,1
4-skew-two-planes,skew-xy-plus-0.100-yz-plus-0.000,1-cheap-pbe-atoms-relaxed,4-skew-two-planes/skew-xy-plus-0.100-yz-plus-0.000/1-cheap-pbe-atoms-relaxed,11.346172820578163,4.4209571892217525e-08,0.00500004465166759,4.4209571892217525e-08,-6.232705672756913e-17,4.961154194623968e-17,0.10000000884191443,0.0708872437799218,0.10000000884191443,,,,550,PBE,172,8,-17.983274,3
4-skew-two-planes,skew-xy-plus-0.100-yz-plus-0.000,2-accurate-hse06-atoms-fixed,4-skew-two-planes/skew-xy-plus-0.100-yz-plus-0.000/2-accurate-hse06-atoms-fixed,11.346172820578163,4.4209571892217525e-08,0.00500004465166759,4.4209571892217525e-08,-6.232705672756913e-17,4.961154194623968e-17,0.10000000884191443,0.0708872437799218,0.10000000884191443,.TRUE.,0.27,,550,HSE,172,8,-21.112871,1
4-skew-two-planes,skew-xy-plus-0.100-yz-plus-0.025,1-cheap-pbe-atoms-relaxed,4-skew-two-planes/skew-xy-plus-0.100-yz-plus-0.025/1-cheap-pbe-atoms-relaxed,11.346172820578163,4.4209571892217525e-08,0.00500004465166759,0.00031254423720283864,0.025000002210478628,5.041259207626579e-17,0.10000000884191443,0.07305887399812759,0.10000000884191443,,,,550,PBE,172,8,-17.970925,10
4-skew-two-planes,skew-xy-plus-0.100-yz-plus-0.025,2-accurate-hse06-atoms-fixed,4-skew-two-planes/skew-xy-plus-0.100-yz-plus-0.025/2-accurate-hse06-atoms-fixed,11.346172820578163,4.4209571892217525e-08,0.005000044651667812,0.00031254423720283864,0.02500000221047852,4.763703439199669e-17,0.10000000884191432,0.07305887399812751,0.10000000884191432,.TRUE.,0.27,,550,HSE,172,8,-21.099985,1
4-skew-two-planes,skew-xy-plus-0.100-yz-plus-0.050,1-cheap-pbe-atoms-relaxed,4-skew-two-planes/skew-xy-plus-0.100-yz-plus-0.050/1-cheap-pbe-atoms-relaxed,11.346172820578163,4.4209571892217525e-08,0.00500004465166759,0.001250044320095789,0.05000000442095709,5.1213642206291895e-17,0.10000000884191443,0.07922476988014654,0.10000000884191443,,,,550,PBE,172,8,-17.933919,8
4-skew-two-planes,skew-xy-plus-0.100-yz-plus-0.050,2-accurate-hse06-atoms-fixed,4-skew-two-planes/skew-xy-plus-0.100-yz-plus-0.050/2-accurate-hse06-atoms-fixed,11.346172820578163,4.4209571892217525e-08,0.00500004465166759,0.001250044320095789,0.05000000442095709,5.1213642206291895e-17,0.10000000884191443,0.07922476988014654,0.10000000884191443,.TRUE.,0.27,,550,HSE,172,8,-21.061362,1
4-skew-two-planes,skew-xy-plus-0.100-yz-plus-0.075,1-cheap-pbe-atoms-relaxed,4-skew-two-planes/skew-xy-plus-0.100-yz-plus-0.075/1-cheap-pbe-atoms-relaxed,11.346172820578163,4.4209571892217525e-08,0.00500004465166759,0.002812544458250743,0.07500000663143579,5.2014692336318005e-17,0.10000000884191443,0.08857433169039126,0.10000000884191443,,,,550,PBE,172,8,-17.872288,7
4-skew-two-planes,skew-xy-plus-0.100-yz-plus-0.075,2-accurate-hse06-atoms-fixed,4-skew-two-planes/skew-xy-plus-0.100-yz-plus-0.075/2-accurate-hse06-atoms-fixed,11.346172820578163,4.4209571892217525e-08,0.00500004465166759,0.002812544458250743,0.07500000663143579,5.2014692336318005e-17,0.10000000884191443,0.08857433169039126,0.10000000884191443,.TRUE.,0.27,,550,HSE,172,8,-20.997026,1
4-skew-two-planes,skew-xy-plus-0.100-yz-plus-0.100,1-cheap-pbe-atoms-relaxed,4-skew-two-planes/skew-xy-plus-0.100-yz-plus-0.100/1-cheap-pbe-atoms-relaxed,11.346172820578163,4.4209571892217525e-08,0.005000044651667812,0.00500004465166759,0.10000000884191439,4.171351172926771e-17,0.10000000884191432,0.10024970155278391,0.10000000884191439,,,,550,PBE,172,8,-17.786092,8
4-skew-two-planes,skew-xy-plus-0.100-yz-plus-0.100,2-accurate-hse06-atoms-fixed,4-skew-two-planes/skew-xy-plus-0.100-yz-plus-0.100/2-accurate-hse06-atoms-fixed,11.346172820578163,4.4209571892217525e-08,0.005000044651667812,0.00500004465166759,0.10000000884191439,4.171351172926771e-17,0.10000000884191432,0.10024970155278391,0.10000000884191439,.TRUE.,0.27,,550,HSE,172,8,-20.907018,1
4-skew-two-planes,skew-xz-minus-0.025-yz-minus-0.025,1-cheap-pbe-atoms-relaxed,4-skew-two-planes/skew-xz-minus-0.025-yz-minus-0.025/1-cheap-pbe-atoms-relaxed,11.346172820578163,4.4209571892217525e-08,4.4209571892217525e-08,0.0006250442648337851,-0.025000002210478642,-0.025000002210478576,6.408401040208867e-17,0.02500781459585875,0.025000002210478642,,,,550,PBE,172,8,-18.158584,5
4-skew-two-planes,skew-xz-minus-0.025-yz-minus-0.025,2-accurate-hse06-atoms-fixed,4-skew-two-planes/skew-xz-minus-0.025-yz-minus-0.025/2-accurate-hse06-atoms-fixed,11.346172820578163,4.4209571892217525e-08,4.4209571892217525e-08,0.0006250442648337851,-0.025000002210478642,-0.025000002210478576,6.408401040208867e-17,0.02500781459585875,0.025000002210478642,.TRUE.,0.27,,550,HSE,172,8,-21.295567,1
4-skew-two-planes,skew-xz-minus-0.025-yz-minus-0.050,1-cheap-pbe-atoms-relaxed,4-skew-two-planes/skew-xz-minus-0.025-yz-minus-0.050/1-cheap-pbe-atoms-relaxed,11.346172820578163,4.4209571892217525e-08,4.420957211426213e-08,0.0015625443477267353,-0.05000000442095718,-0.025000002210478572,-4.6938296968675356e-17,0.03955934556021317,0.05000000442095718,,,,550,PBE,172,8,-18.121051,6
4-skew-two-planes,skew-xz-minus-0.025-yz-minus-0.050,2-accurate-hse06-atoms-fixed,4-skew-two-planes/skew-xz-minus-0.025-yz-minus-0.050/2-accurate-hse06-atoms-fixed,11.346172820578163,4.4209571892217525e-08,4.420957211426213e-08,0.0015625443477267353,-0.05000000442095718,-0.025000002210478572,-4.6938296968675356e-17,0.03955934556021317,0.05000000442095718,.TRUE.,0.27,,550,HSE,172,8,-21.256457,1
4-skew-two-planes,skew-xz-minus-0.025-yz-minus-0.075,1-cheap-pbe-atoms-relaxed,4-skew-two-planes/skew-xz-minus-0.025-yz-minus-0.075/1-cheap-pbe-atoms-relaxed,11.346172820578163,4.4209571892217525e-08,4.4209571892217525e-08,0.0031250444858816895,-0.07500000663143579,-0.02500000221047858,6.408401040208867e-17,0.055988985127990325,0.07500000663143579,,,,550,PBE,172,8,-18.058545,5
4-skew-two-planes,skew-xz-minus-0.025-yz-minus-0.075,2-accurate-hse06-atoms-fixed,4-skew-two-planes/skew-xz-minus-0.025-yz-minus-0.075/2-accurate-hse06-atoms-fixed,11.346172820578163,4.4209571892217525e-08,4.4209571892217525e-08,0.0031250444858816895,-0.07500000663143579,-0.02500000221047858,6.408401040208867e-17,0.055988985127990325,0.07500000663143579,.TRUE.,0.27,,550,HSE,172,8,-21.191316,1
4-skew-two-planes,skew-xz-minus-0.025-yz-minus-0.100,1-cheap-pbe-atoms-relaxed,4-skew-two-planes/skew-xz-minus-0.025-yz-minus-0.100/1-cheap-pbe-atoms-relaxed,11.346172820578163,4.4209571892217525e-08,4.4209571892217525e-08,0.0053125446792985365,-0.10000000884191447,-0.02500000221047858,6.408401040208867e-17,0.07308025773371975,0.10000000884191447,,,,550,PBE,172,8,-17.97111,10
4-skew-two-planes,skew-xz-minus-0.025-yz-minus-0.100,2-accurate-hse06-atoms-fixed,4-skew-two-planes/skew-xz-minus-0.025-yz-minus-0.100/2-accurate-hse06-atoms-fixed,11.346172820578163,4.4209571892217525e-08,4.4209571892217525e-08,0.0053125446792985365,-0.10000000884191447,-0.02500000221047858,6.408401040208867e-17,0.07308025773371975,0.10000000884191447,.TRUE.,0.27,,550,HSE,172,8,-21.100173,1
4-skew-two-planes,skew-xz-minus-0.025-yz-plus-0.000,1-cheap-pbe-atoms-relaxed,4-skew-two-planes/skew-xz-minus-0.025-yz-plus-0.000/1-cheap-pbe-atoms-relaxed,11.346172820578163,4.4209571892217525e-08,4.4209571892217525e-08,0.00031254423720283864,-6.488506053211477e-17,-0.025000002210478576,6.408401040208867e-17,0.01768043379462406,0.025000002210478576,,,,550,PBE,172,8,-18.171083,3
4-skew-two-planes,skew-xz-minus-0.025-yz-plus-0.000,2-accurate-hse06-atoms-fixed,4-skew-two-planes/skew-xz-minus-0.025-yz-plus-0.000/2-accurate-hse06-atoms-fixed,11.346172820578163,4.4209571892217525e-08,4.4209571892217525e-08,0.00031254423720283864,-6.488506053211477e-17,-0.025000002210478576,6.408401040208867e-17,0.01768043379462406,0.025000002210478576,.TRUE.,0.27,,550,HSE,172,8,-21.308587,1
4-skew-two-planes,skew-xz-minus-0.025-yz-plus-0.025,1-cheap-pbe-atoms-relaxed,4-skew-two-planes/skew-xz-minus-0.025-yz-plus-0.025/1-cheap-pbe-atoms-relaxed,11.346172820578163,4.4209571892217525e-08,4.4209571892217525e-08,0.0006250442648337851,0.025000002210478624,-0.025000002210478576,6.408401040208867e-17,0.02500781459585874,0.025000002210478624,,,,550,PBE,172,8,-18.158584,5
4-skew-two-planes,skew-xz-minus-0.025-yz-plus-0.025,2-accurate-hse06-atoms-fixed,4-skew-two-planes/skew-xz-minus-0.025-yz-plus-0.025/2-accurate-hse06-atoms-fixed,11.346172820578163,4.4209571892217525e-08,4.420957211426213e-08,0.0006250442648337851,0.02500000221047852,-0.02500000221047858,-4.6938296968675356e-17,0.02500781459585869,0.02500000221047858,.TRUE.,0.27,,550,HSE,172,8,-21.295567,1
4-skew-two-planes,skew-xz-minus-0.025-yz-plus-0.050,1-cheap-pbe-atoms-relaxed,4-skew-two-planes/skew-xz-minus-0.025-yz-plus-0.050/1-cheap-pbe-atoms-relaxed,11.346172820578163,4.4209571892217525e-08,4.4209571892217525e-08,0.0015625443477267353,0.05000000442095708,-0.025000002210478576,6.408401040208867e-17,0.03955934556021311,0.05000000442095708,,,,550,PBE,172,8,-18.12105,6
4-skew-two-planes,skew-xz-minus-0.025-yz-plus-0.050,2-accurate-hse06-atoms-fixed,4-skew-two-planes/skew-xz-minus-0.025-yz-plus-0.050/2-accurate-hse06-atoms-fixed,11.346172820578163,4.4209571892217525e-08,4.4209571892217525e-08,0.0015625443477267353,0.05000000442095708,-0.025000002210478576,6.408401040208867e-17,0.03955934556021311,0.05000000442095708,.TRUE.,0.27,,550,HSE,172,8,-21.256457,1
4-skew-two-planes,skew-xz-minus-0.025-yz-plus-0.075,1-cheap-pbe-atoms-relaxed,4-skew-two-planes/skew-xz-minus-0.025-yz-plus-0.075/1-cheap-pbe-atoms-relaxed,11.346172820578163,4.4209571892217525e-08,4.4209571892217525e-08,0.0031250444858816895,0.07500000663143579,-0.025000002210478572,6.408401040208867e-17,0.055988985127990325,0.07500000663143579,,,,550,PBE,172,8,-18.058545,5
4-skew-two-planes,skew-xz-minus-0.025-yz-plus-0.075,2-accurate-hse06-atoms-fixed,4-skew-two-planes/skew-xz-minus-0.025-yz-plus-0.075/2-accurate-hse06-atoms-fixed,11.346172820578163,4.4209571892217525e-08,4.4209571892217525e-08,0.0031250444858816895,0.07500000663143579,-0.025000002210478572,6.408401040208867e-17,0.055988985127990325,0.07500000663143579,.TRUE.,0.27,,550,HSE,172,8,-21.191316,1
4-skew-two-planes,skew-xz-minus-0.025-yz-plus-0.100,1-cheap-pbe-atoms-relaxed,4-skew-two-planes/skew-xz-minus-0.025-yz-plus-0.100/1-cheap-pbe-atoms-relaxed,11.346172820578163,4.4209571892217525e-08,4.420957211426213e-08,0.0053125446792985365,0.10000000884191439,-0.025000002210478583,-4.6938296968675356e-17,0.07308025773371969,0.10000000884191439,,,,550,PBE,172,8,-17.971111,10
4-skew-two-planes,skew-xz-minus-0.025-yz-plus-0.100,2-accurate-hse06-atoms-fixed,4-skew-two-planes/skew-xz-minus-0.025-yz-plus-0.100/2-accurate-hse06-atoms-fixed,11.346172820578163,4.4209571892217525e-08,4.420957211426213e-08,0.0053125446792985365,0.10000000884191439,-0.025000002210478583,-4.6938296968675356e-17,0.07308025773371969,0.10000000884191439,.TRUE.,0.27,,550,HSE,172,8,-21.100173,1
4-skew-two-planes,skew-xz-minus-0.050-yz-minus-0.025,1-cheap-pbe-atoms-relaxed,4-skew-two-planes/skew-xz-minus-0.050-yz-minus-0.025/1-cheap-pbe-atoms-relaxed,11.346172820578163,4.4209571892217525e-08,4.4209571892217525e-08,0.0015625443477267353,-0.025000002210478642,-0.05000000442095715,6.408401040208867e-17,0.03955934556021317,0.05000000442095715,,,,550,PBE,172,8,-18.121051,6
4-skew-two-planes,skew-xz-minus-0.050-yz-minus-0.025,2-accurate-hse06-atoms-fixed,4-skew-two-planes/skew-xz-minus-0.050-yz-minus-0.025/2-accurate-hse06-atoms-fixed,11.346172820578163,4.420957211426213e-08,4.4209571892217525e-08,0.0015625443477267353,-0.025000002210478635,-0.050000004420957166,-4.6938296968675356e-17,0.03955934556021318,0.050000004420957166,.TRUE.,0.27,,550,HSE,172,8,-21.256457,1
4-skew-two-planes,skew-xz-minus-0.050-yz-minus-0.075,1-cheap-pbe-atoms-relaxed,4-skew-two-planes/skew-xz-minus-0.050-yz-minus-0.075/1-cheap-pbe-atoms-relaxed,11.346172820578163,4.4209571892217525e-08,4.4209571892217525e-08,0.00406254456877464,-0.07500000663143579,-0.05000000442095715,6.408401040208867e-17,0.06386708844767203,0.07500000663143579,,,,550,PBE,172,8,-18.021599,5
4-skew-two-planes,skew-xz-minus-0.050-yz-minus-0.075,2-accurate-hse06-atoms-fixed,4-skew-two-planes/skew-xz-minus-0.050-yz-minus-0.075/2-accurate-hse06-atoms-fixed,11.346172820578163,4.420957211426213e-08,4.4209571892217525e-08,0.00406254456877464,-0.07500000663143579,-0.050000004420957166,-4.6938296968675356e-17,0.06386708844767204,0.07500000663143579,.TRUE.,0.27,,550,HSE,172,8,-21.152778,1
4-skew-two-planes,skew-xz-minus-0.050-yz-minus-0.100,1-cheap-pbe-atoms-relaxed,4-skew-two-planes/skew-xz-minus-0.050-yz-minus-0.100/1-cheap-pbe-atoms-relaxed,11.346172820578163,4.4209571892217525e-08,4.4209571892217525e-08,0.006250044762191487,-0.10000000884191447,-0.05000000442095715,6.408401040208867e-17,0.07930362012400606,0.10000000884191447,,,,550,PBE,172,8,-17.934644,7
4-skew-two-planes,skew-xz-minus-0.050-yz-minus-0.100,2-accurate-hse06-atoms-fixed,4-skew-two-planes/skew-xz-minus-0.050-yz-minus-0.100/2-accurate-hse06-atoms-fixed,11.346172820578163,4.420957211426213e-08,4.4209571892217525e-08,0.006250044762191487,-0.10000000884191447,-0.050000004420957166,-4.6938296968675356e-17,0.07930362012400606,0.10000000884191447,.TRUE.,0.27,,550,HSE,172,8,-21.062095,1
4-skew-two-planes,skew-xz-minus-0.050-yz-plus-0.000,1-cheap-pbe-atoms-relaxed,4-skew-two-planes/skew-xz-minus-0.050-yz-plus-0.000/1-cheap-pbe-atoms-relaxed,11.346172820578163,4.4209571892217525e-08,4.4209571892217525e-08,0.001250044320095789,-6.568611066214088e-17,-0.05000000442095715,6.408401040208867e-17,0.03537743393540549,0.05000000442095715,,,,550,PBE,172,8,-18.133494,3
4-skew-two-planes,skew-xz-minus-0.050-yz-plus-0.000,2-accurate-hse06-atoms-fixed,4-skew-two-planes/skew-xz-minus-0.050-yz-plus-0.000/2-accurate-hse06-atoms-fixed,11.346172820578163,4.420957211426213e-08,4.4209571892217525e-08,0.001250044320095789,-6.013499529360268e-17,-0.050000004420957166,-4.6938296968675356e-17,0.0353774339354055,0.050000004420957166,.TRUE.,0.27,,550,HSE,172,8,-21.269427,1
4-skew-two-planes,skew-xz-minus-0.050-yz-plus-0.025,1-cheap-pbe-atoms-relaxed,4-skew-two-planes/skew-xz-minus-0.050-yz-plus-0.025/1-cheap-pbe-atoms-relaxed,11.346172820578163,4.4209571892217525e-08,4.4209571892217525e-08,0.0015625443477267353,0.025000002210478624,-0.05000000442095715,6.408401040208867e-17,0.03955934556021316,0.05000000442095715,,,,550,PBE,172,8,-18.121051,6
4-skew-two-planes,skew-xz-minus-0.050-yz-plus-0.025,2-accurate-hse06-atoms-fixed,4-skew-two-planes/skew-xz-minus-0.050-yz-plus-0.025/2-accurate-hse06-atoms-fixed,11.346172820578163,4.420957211426213e-08,4.420957211426213e-08,0.0015625443477267353,0.025000002210478524,-0.050000004420957166,-1.5796060433943938e-16,0.03955934556021314,0.050000004420957166,.TRUE.,0.27,,550,HSE,172,8,-21.256457,1
4-skew-two-planes,skew-xz-minus-0.050-yz-plus-0.075,1-cheap-pbe-atoms-relaxed,4-skew-two-planes/skew-xz-minus-0.050-yz-plus-0.075/1-cheap-pbe-atoms-relaxed,11.346172820578163,4.4209571892217525e-08,4.4209571892217525e-08,0.00406254456877464,0.07500000663143579,-0.05000000442095715,6.408401040208867e-17,0.06386708844767203,0.07500000663143579,,,,550,PBE,172,8,-18.021599,5
4-skew-two-planes,skew-xz-minus-0.050-yz-plus-0.075,2-accurate-hse06-atoms-fixed,4-skew-two-planes/skew-xz-minus-0.050-yz-plus-0.075/2-accurate-hse06-atoms-fixed,11.346172820578163,4.420957211426213e-08,4.4209571892217525e-08,0.00406254456877464,0.07500000663143579,-0.050000004420957166,-4.6938296968675356e-17,0.06386708844767204,0.07500000663143579,.TRUE.,0.27,,550,HSE,172,8,-21.152778,1
4-skew-two-planes,skew-xz-minus-0.050-yz-plus-0.100,1-cheap-pbe-atoms-relaxed,4-skew-two-planes/skew-xz-minus-0.050-yz-plus-0.100/1-cheap-pbe-atoms-relaxed,11.346172820578163,4.4209571892217525e-08,4.420957211426213e-08,0.006250044762191487,0.10000000884191439,-0.05000000442095716,-4.6938296968675356e-17,0.07930362012400602,0.10000000884191439,,,,550,PBE,172,8,-17.934644,7
4-skew-two-planes,skew-xz-minus-0.050-yz-plus-0.100,2-accurate-hse06-atoms-fixed,4-skew-two-planes/skew-xz-minus-0.050-yz-plus-0.100/2-accurate-hse06-atoms-fixed,11.346172820578163,4.420957211426213e-08,4.420957211426213e-08,0.006250044762191487,0.10000000884191439,-0.05000000442095717,-1.5796060433943938e-16,0.07930362012400602,0.10000000884191439,.TRUE.,0.27,,550,HSE,172,8,-21.062095,1
4-skew-two-planes,skew-xz-minus-0.075-yz-minus-0.025,1-cheap-pbe-atoms-relaxed,4-skew-two-planes/skew-xz-minus-0.075-yz-minus-0.025/1-cheap-pbe-atoms-relaxed,11.346172820578163,4.4209571892217525e-08,4.4209571892217525e-08,0.0031250444858816895,-0.025000002210478642,-0.07500000663143573,6.408401040208867e-17,0.0559889851279903,0.07500000663143573,,,,550,PBE,172,8,-18.058545,5
4-skew-two-planes,skew-xz-minus-0.075-yz-minus-0.025,2-accurate-hse06-atoms-fixed,4-skew-two-planes/skew-xz-minus-0.075-yz-minus-0.025/2-accurate-hse06-atoms-fixed,11.346172820578163,4.4209571892217525e-08,4.4209571892217525e-08,0.0031250444858816895,-0.025000002210478642,-0.07500000663143573,6.408401040208867e-17,0.0559889851279903,0.07500000663143573,.TRUE.,0.27,,550,HSE,172,8,-21.191316,1
4-skew-two-planes,skew-xz-minus-0.075-yz-minus-0.050,1-cheap-pbe-atoms-relaxed,4-skew-two-planes/skew-xz-minus-0.075-yz-minus-0.050/1-cheap-pbe-atoms-relaxed,11.346172820578163,4.4209571892217525e-08,4.420957211426213e-08,0.00406254456877464,-0.05000000442095718,-0.07500000663143573,-4.6938296968675356e-17,0.06386708844767201,0.07500000663143573,,,,550,PBE,172,8,-18.021599,5
4-skew-two-planes,skew-xz-minus-0.075-yz-minus-0.050,2-accurate-hse06-atoms-fixed,4-skew-two-planes/skew-xz-minus-0.075-yz-minus-0.050/2-accurate-hse06-atoms-fixed,11.346172820578163,4.4209571892217525e-08,4.420957211426213e-08,0.00406254456877464,-0.05000000442095718,-0.07500000663143573,-4.6938296968675356e-17,0.06386708844767201,0.07500000663143573,.TRUE.,0.27,,550,HSE,172,8,-21.152778,1
4-skew-two-planes,skew-xz-minus-0.075-yz-minus-0.075,1-cheap-pbe-atoms-relaxed,4-skew-two-planes/skew-xz-minus-0.075-yz-minus-0.075/1-cheap-pbe-atoms-relaxed,11.346172820578163,4.4209571892217525e-08,4.4209571892217525e-08,0.005625044706929594,-0.07500000663143579,-0.07500000663143573,6.408401040208867e-17,0.07521065165702444,0.07500000663143579,,,,550,PBE,172,8,-17.960056,5
4-skew-two-planes,skew-xz-minus-0.075-yz-minus-0.075,2-accurate-hse06-atoms-fixed,4-skew-two-planes/skew-xz-minus-0.075-yz-minus-0.075/2-accurate-hse06-atoms-fixed,11.346172820578163,4.4209571892217525e-08,4.4209571892217525e-08,0.005625044706929594,-0.07500000663143579,-0.07500000663143573,6.408401040208867e-17,0.07521065165702444,0.07500000663143579,.TRUE.,0.27,,550,HSE,172,8,-21.088572,1
4-skew-two-planes,skew-xz-minus-0.075-yz-minus-0.100,1-cheap-pbe-atoms-relaxed,4-skew-two-planes/skew-xz-minus-0.075-yz-minus-0.100/1-cheap-pbe-atoms-relaxed,11.346172820578163,4.4209571892217525e-08,4.4209571892217525e-08,0.007812544900346441,-0.10000000884191447,-0.07500000663143573,6.408401040208867e-17,0.08873295464128886,0.10000000884191447,,,,550,PBE,172,8,-17.873954,7
4-skew-two-planes,skew-xz-minus-0.075-yz-minus-0.100,2-accurate-hse06-atoms-fixed,4-skew-two-planes/skew-xz-minus-0.075-yz-minus-0.100/2-accurate-hse06-atoms-fixed,11.346172820578163,4.4209571892217525e-08,4.4209571892217525e-08,0.007812544900346441,-0.10000000884191447,-0.07500000663143573,6.408401040208867e-17,0.08873295464128886,0.10000000884191447,.TRUE.,0.27,,550,HSE,172,8,-20.998711,1
4-skew-two-planes,skew-xz-minus-0.075-yz-plus-0.000,1-cheap-pbe-atoms-relaxed,4-skew-two-planes/skew-xz-minus-0.075-yz-plus-0.000/1-cheap-pbe-atoms-relaxed,11.346172820578163,4.4209571892217525e-08,4.4209571892217525e-08,0.002812544458250743,-6.648716079216699e-17,-0.07500000663143573,6.408401040208867e-17,0.05310754093056134,0.07500000663143573,,,,550,PBE,172,8,-18.070871,3
4-skew-two-planes,skew-xz-minus-0.075-yz-plus-0.000,2-accurate-hse06-atoms-fixed,4-skew-two-planes/skew-xz-minus-0.075-yz-plus-0.000/2-accurate-hse06-atoms-fixed,11.346172820578163,4.4209571892217525e-08,4.4209571892217525e-08,0.002812544458250743,-6.648716079216699e-17,-0.07500000663143573,6.408401040208867e-17,0.05310754093056134,0.07500000663143573,.TRUE.,0.27,,550,HSE,172,8,-21.204171,1
4-skew-two-planes,skew-xz-minus-0.075-yz-plus-0.025,1-cheap-pbe-atoms-relaxed,4-skew-two-planes/skew-xz-minus-0.075-yz-plus-0.025/1-cheap-pbe-atoms-relaxed,11.346172820578163,4.4209571892217525e-08,4.4209571892217525e-08,0.0031250444858816895,0.025000002210478624,-0.07500000663143573,6.408401040208867e-17,0.0559889851279903,0.07500000663143573,,,,550,PBE,172,8,-18.058545,5
4-skew-two-planes,skew-xz-minus-0.075-yz-plus-0.025,2-accurate-hse06-atoms-fixed,4-skew-two-planes/skew-xz-minus-0.075-yz-plus-0.025/2-accurate-hse06-atoms-fixed,11.346172820578163,4.4209571892217525e-08,4.420957211426213e-08,0.0031250444858816895,0.025000002210478517,-0.07500000663143573,-4.6938296968675356e-17,0.05598898512799027,0.07500000663143573,.TRUE.,0.27,,550,HSE,172,8,-21.191316,1
4-skew-two-planes,skew-xz-minus-0.075-yz-plus-0.050,1-cheap-pbe-atoms-relaxed,4-skew-two-planes/skew-xz-minus-0.075-yz-plus-0.050/1-cheap-pbe-atoms-relaxed,11.346172820578163,4.4209571892217525e-08,4.4209571892217525e-08,0.00406254456877464,0.05000000442095708,-0.07500000663143573,6.408401040208867e-17,0.06386708844767197,0.07500000663143573,,,,550,PBE,172,8,-18.021599,5
4-skew-two-planes,skew-xz-minus-0.075-yz-plus-0.050,2-accurate-hse06-atoms-fixed,4-skew-two-planes/skew-xz-minus-0.075-yz-plus-0.050/2-accurate-hse06-atoms-fixed,11.346172820578163,4.4209571892217525e-08,4.4209571892217525e-08,0.00406254456877464,0.05000000442095708,-0.07500000663143573,6.408401040208867e-17,0.06386708844767197,0.07500000663143573,.TRUE.,0.27,,550,HSE,172,8,-21.152778,1
4-skew-two-planes,skew-xz-minus-0.075-yz-plus-0.075,1-cheap-pbe-atoms-relaxed,4-skew-two-planes/skew-xz-minus-0.075-yz-plus-0.075/1-cheap-pbe-atoms-relaxed,11.346172820578163,4.4209571892217525e-08,4.4209571892217525e-08,0.005625044706929594,0.07500000663143579,-0.07500000663143573,6.408401040208867e-17,0.07521065165702444,0.07500000663143579,,,,550,PBE,172,8,-17.960056,5
4-skew-two-planes,skew-xz-minus-0.075-yz-plus-0.075,2-accurate-hse06-atoms-fixed,4-skew-two-planes/skew-xz-minus-0.075-yz-plus-0.075/2-accurate-hse06-atoms-fixed,11.346172820578163,4.4209571892217525e-08,4.4209571892217525e-08,0.005625044706929594,0.07500000663143579,-0.07500000663143573,6.408401040208867e-17,0.07521065165702444,0.07500000663143579,.TRUE.,0.27,,550,HSE,172,8,-21.088572,1
4-skew-two-planes,skew-xz-minus-0.075-yz-plus-0.100,1-cheap-pbe-atoms-relaxed,4-skew-two-planes/skew-xz-minus-0.075-yz-plus-0.100/1-cheap-pbe-atoms-relaxed,11.346172820578163,4.4209571892217525e-08,4.420957211426213e-08,0.007812544900346441,0.10000000884191439,-0.07500000663143574,-4.6938296968675356e-17,0.08873295464128882,0.10000000884191439,,,,550,PBE,172,8,-17.873953,7
4-skew-two-planes,skew-xz-minus-0.075-yz-plus-0.100,2-accurate-hse06-atoms-fixed,4-skew-two-planes/skew-xz-minus-0.075-yz-plus-0.100/2-accurate-hse06-atoms-fixed,11.346172820578163,4.4209571892217525e-08,4.420957211426213e-08,0.007812544900346441,0.10000000884191439,-0.07500000663143574,-4.6938296968675356e-17,0.08873295464128882,0.10000000884191439,.TRUE.,0.27,,550,HSE,172,8,-20.998711,1
4-skew-two-planes,skew-xz-minus-0.100-yz-minus-0.025,1-cheap-pbe-atoms-relaxed,4-skew-two-planes/skew-xz-minus-0.100-yz-minus-0.025/1-cheap-pbe-atoms-relaxed,11.346172820578163,4.4209571892217525e-08,4.4209571892217525e-08,0.0053125446792985365,-0.025000002210478642,-0.10000000884191436,6.408401040208867e-17,0.07308025773371969,0.10000000884191436,,,,550,PBE,172,8,-17.97111,10
4-skew-two-planes,skew-xz-minus-0.100-yz-minus-0.025,2-accurate-hse06-atoms-fixed,4-skew-two-planes/skew-xz-minus-0.100-yz-minus-0.025/2-accurate-hse06-atoms-fixed,11.346172820578163,4.4209571892217525e-08,4.4209571892217525e-08,0.0053125446792985365,-0.025000002210478642,-0.10000000884191436,6.408401040208867e-17,0.07308025773371969,0.10000000884191436,.TRUE.,0.27,,550,HSE,172,8,-21.100173,1
4-skew-two-planes,skew-xz-minus-0.100-yz-minus-0.050,1-cheap-pbe-atoms-relaxed,4-skew-two-planes/skew-xz-minus-0.100-yz-minus-0.050/1-cheap-pbe-atoms-relaxed,11.346172820578163,4.4209571892217525e-08,4.420957211426213e-08,0.006250044762191487,-0.05000000442095718,-0.10000000884191436,-4.6938296968675356e-17,0.079303620124006,0.10000000884191436,,,,550,PBE,172,8,-17.934644,7
4-skew-two-planes,skew-xz-minus-0.100-yz-minus-0.050,2-accurate-hse06-atoms-fixed,4-skew-two-planes/skew-xz-minus-0.100-yz-minus-0.050/2-accurate-hse06-atoms-fixed,11.346172820578163,4.4209571892217525e-08,4.420957211426213e-08,0.006250044762191487,-0.05000000442095718,-0.10000000884191436,-4.6938296968675356e-17,0.079303620124006,0.10000000884191436,.TRUE.,0.27,,550,HSE,172,8,-21.062095,1
4-skew-two-planes,skew-xz-minus-0.100-yz-minus-0.075,1-cheap-pbe-atoms-relaxed,4-skew-two-planes/skew-xz-minus-0.100-yz-minus-0.075/1-cheap-pbe-atoms-relaxed,11.346172820578163,4.4209571892217525e-08,4.4209571892217525e-08,0.007812544900346441,-0.07500000663143579,-0.10000000884191436,6.408401040208867e-17,0.08873295464128882,0.10000000884191436,,,,550,PBE,172,8,-17.873954,7
4-skew-two-planes,skew-xz-minus-0.100-yz-minus-0.075,2-accurate-hse06-atoms-fixed,4-skew-two-planes/skew-xz-minus-0.100-yz-minus-0.075/2-accurate-hse06-atoms-fixed,11.346172820578163,4.4209571892217525e-08,4.4209571892217525e-08,0.007812544900346441,-0.07500000663143579,-0.10000000884191436,6.408401040208867e-17,0.08873295464128882,0.10000000884191436,.TRUE.,0.27,,550,HSE,172,8,-20.998711,1
4-skew-two-planes,skew-xz-minus-0.100-yz-minus-0.100,1-cheap-pbe-atoms-relaxed,4-skew-two-planes/skew-xz-minus-0.100-yz-minus-0.100/1-cheap-pbe-atoms-relaxed,11.346172820578163,4.4209571892217525e-08,4.4209571892217525e-08,0.010000045093763288,-0.10000000884191448,-0.10000000884191436,6.408401040208867e-17,0.10049876949626882,0.10000000884191448,,,,550,PBE,172,8,-17.789046,8
4-skew-two-planes,skew-xz-minus-0.100-yz-minus-0.100,2-accurate-hse06-atoms-fixed,4-skew-two-planes/skew-xz-minus-0.100-yz-minus-0.100/2-accurate-hse06-atoms-fixed,11.346172820578163,4.4209571892217525e-08,4.4209571892217525e-08,0.010000045093763288,-0.10000000884191448,-0.10000000884191436,6.408401040208867e-17,0.10049876949626882,0.10000000884191448,.TRUE.,0.27,,550,HSE,172,8,-20.909998,1
4-skew-two-planes,skew-xz-minus-0.100-yz-plus-0.000,1-cheap-pbe-atoms-relaxed,4-skew-two-planes/skew-xz-minus-0.100-yz-plus-0.000/1-cheap-pbe-atoms-relaxed,11.346172820578163,4.4209571892217525e-08,4.4209571892217525e-08,0.00500004465166759,-6.72882109221931e-17,-0.10000000884191436,6.408401040208867e-17,0.07088724377992174,0.10000000884191436,,,,550,PBE,172,8,-17.983273,3
4-skew-two-planes,skew-xz-minus-0.100-yz-plus-0.000,2-accurate-hse06-atoms-fixed,4-skew-two-planes/skew-xz-minus-0.100-yz-plus-0.000/2-accurate-hse06-atoms-fixed,11.346172820578163,4.4209571892217525e-08,4.4209571892217525e-08,0.00500004465166759,-6.72882109221931e-17,-0.10000000884191436,6.408401040208867e-17,0.07088724377992174,0.10000000884191436,.TRUE.,0.27,,550,HSE,172,8,-21.11287,1
4-skew-two-planes,skew-xz-minus-0.100-yz-plus-0.025,1-cheap-pbe-atoms-relaxed,4-skew-two-planes/skew-xz-minus-0.100-yz-plus-0.025/1-cheap-pbe-atoms-relaxed,11.346172820578163,4.4209571892217525e-08,4.4209571892217525e-08,0.0053125446792985365,0.02500000221047862,-0.10000000884191436,6.408401040208867e-17,0.07308025773371969,0.10000000884191436,,,,550,PBE,172,8,-17.97111,10
4-skew-two-planes,skew-xz-minus-0.100-yz-plus-0.025,2-accurate-hse06-atoms-fixed,4-skew-two-planes/skew-xz-minus-0.100-yz-plus-0.025/2-accurate-hse06-atoms-fixed,11.346172820578163,4.4209571892217525e-08,4.420957211426213e-08,0.0053125446792985365,0.025000002210478517,-0.10000000884191436,-4.6938296968675356e-17,0.07308025773371966,0.10000000884191436,.TRUE.,0.27,,550,HSE,172,8,-21.100173,1
4-skew-two-planes,skew-xz-minus-0.100-yz-plus-0.050,1-cheap-pbe-atoms-relaxed,4-skew-two-planes/skew-xz-minus-0.100-yz-plus-0.050/1-cheap-pbe-atoms-relaxed,11.346172820578163,4.4209571892217525e-08,4.4209571892217525e-08,0.006250044762191487,0.05000000442095708,-0.10000000884191436,6.408401040208867e-17,0.07930362012400598,0.10000000884191436,,,,550,PBE,172,8,-17.934644,7
4-skew-two-planes,skew-xz-minus-0.100-yz-plus-0.050,2-accurate-hse06-atoms-fixed,4-skew-two-planes/skew-xz-minus-0.100-yz-plus-0.050/2-accurate-hse06-atoms-fixed,11.346172820578163,4.4209571892217525e-08,4.4209571892217525e-08,0.006250044762191487,0.05000000442095708,-0.10000000884191436,6.408401040208867e-17,0.07930362012400598,0.10000000884191436,.TRUE.,0.27,,550,HSE,172,8,-21.062094,1
4-skew-two-planes,skew-xz-minus-0.100-yz-plus-0.075,1-cheap-pbe-atoms-relaxed,4-skew-two-planes/skew-xz-minus-0.100-yz-plus-0.075/1-cheap-pbe-atoms-relaxed,11.346172820578163,4.4209571892217525e-08,4.4209571892217525e-08,0.007812544900346441,0.07500000663143579,-0.10000000884191436,6.408401040208867e-17,0.08873295464128882,0.10000000884191436,,,,550,PBE,172,8,-17.873953,7
4-skew-two-planes,skew-xz-minus-0.100-yz-plus-0.075,2-accurate-hse06-atoms-fixed,4-skew-two-planes/skew-xz-minus-0.100-yz-plus-0.075/2-accurate-hse06-atoms-fixed,11.346172820578163,4.4209571892217525e-08,4.4209571892217525e-08,0.007812544900346441,0.07500000663143579,-0.10000000884191436,6.408401040208867e-17,0.08873295464128882,0.10000000884191436,.TRUE.,0.27,,550,HSE,172,8,-20.998711,1
4-skew-two-planes,skew-xz-minus-0.100-yz-plus-0.100,1-cheap-pbe-atoms-relaxed,4-skew-two-planes/skew-xz-minus-0.100-yz-plus-0.100/1-cheap-pbe-atoms-relaxed,11.346172820578163,4.4209571892217525e-08,4.420957211426213e-08,0.010000045093763288,0.10000000884191439,-0.10000000884191437,-4.6938296968675356e-17,0.10049876949626876,0.10000000884191439,,,,550,PBE,172,8,-17.789044,8
4-skew-two-planes,skew-xz-minus-0.100-yz-plus-0.100,2-accurate-hse06-atoms-fixed,4-skew-two-planes/skew-xz-minus-0.100-yz-plus-0.100/2-accurate-hse06-atoms-fixed,11.346172820578163,4.4209571892217525e-08,4.420957211426213e-08,0.010000045093763288,0.10000000884191439,-0.10000000884191437,-4.6938296968675356e-17,0.10049876949626876,0.10000000884191439,.TRUE.,0.27,,550,HSE,172,8,-20.909997,1
4-skew-two-planes,skew-xz-plus-0.000-yz-minus-0.025,1-cheap-pbe-atoms-relaxed,4-skew-two-planes/skew-xz-plus-0.000-yz-minus-0.025/1-cheap-pbe-atoms-relaxed,11.346172820578163,4.4209571892217525e-08,4.4209571892217525e-08,0.00031254423720283864,-0.02500000221047864,-8.010501300261131e-19,6.408401040208867e-17,0.017680433794624105,0.02500000221047864,,,,550,PBE,172,8,-18.171083,3
4-skew-two-planes,skew-xz-plus-0.000-yz-minus-0.025,2-accurate-hse06-atoms-fixed,4-skew-two-planes/skew-xz-plus-0.000-yz-minus-0.025/2-accurate-hse06-atoms-fixed,11.346172820578163,4.4209571892217525e-08,4.4209571892217525e-08,0.00031254423720283864,-0.02500000221047864,-8.010501300261131e-19,6.408401040208867e-17,0.017680433794624105,0.02500000221047864,.TRUE.,0.27,,550,HSE,172,8,-21.308587,1
4-skew-two-planes,skew-xz-plus-0.000-yz-minus-0.050,1-cheap-pbe-atoms-relaxed,4-skew-two-planes/skew-xz-plus-0.000-yz-minus-0.050/1-cheap-pbe-atoms-relaxed,11.346172820578163,4.4209571892217525e-08,4.420957211426213e-08,0.001250044320095789,-0.05000000442095718,3.949015108485979e-18,-4.6938296968675356e-17,0.03537743393540552,0.05000000442095718,,,,550,PBE,172,8,-18.133494,3
4-skew-two-planes,skew-xz-plus-0.000-yz-minus-0.050,2-accurate-hse06-atoms-fixed,4-skew-two-planes/skew-xz-plus-0.000-yz-minus-0.050/2-accurate-hse06-atoms-fixed,11.346172820578163,4.4209571892217525e-08,4.420957211426213e-08,0.001250044320095789,-0.05000000442095718,3.949015108485979e-18,-4.6938296968675356e-17,0.03537743393540552,0.05000000442095718,.TRUE.,0.27,,550,HSE,172,8,-21.269427,1
4-skew-two-planes,skew-xz-plus-0.000-yz-minus-0.075,1-cheap-pbe-atoms-relaxed,4-skew-two-planes/skew-xz-plus-0.000-yz-minus-0.075/1-cheap-pbe-atoms-relaxed,11.346172820578163,4.4209571892217525e-08,4.4209571892217525e-08,0.002812544458250743,-0.07500000663143579,-2.4031503900783276e-18,6.408401040208867e-17,0.05310754093056138,0.07500000663143579,,,,550,PBE,172,8,-18.070871,3
4-skew-two-planes,skew-xz-plus-0.000-yz-minus-0.075,2-accurate-hse06-atoms-fixed,4-skew-two-planes/skew-xz-plus-0.000-yz-minus-0.075/2-accurate-hse06-atoms-fixed,11.346172820578163,4.4209571892217525e-08,4.4209571892217525e-08,0.002812544458250743,-0.07500000663143579,-2.4031503900783276e-18,6.408401040208867e-17,0.05310754093056138,0.07500000663143579,.TRUE.,0.27,,550,HSE,172,8,-21.204171,1
4-skew-two-planes,skew-xz-plus-0.000-yz-minus-0.100,1-cheap-pbe-atoms-relaxed,4-skew-two-planes/skew-xz-plus-0.000-yz-minus-0.100/1-cheap-pbe-atoms-relaxed,11.346172820578163,4.4209571892217525e-08,4.4209571892217525e-08,0.00500004465166759,-0.10000000884191447,-3.204200520104438e-18,6.408401040208867e-17,0.07088724377992181,0.10000000884191447,,,,550,PBE,172,8,-17.983273,3
4-skew-two-planes,skew-xz-plus-0.000-yz-minus-0.100,2-accurate-hse06-atoms-fixed,4-skew-two-planes/skew-xz-plus-0.000-yz-minus-0.100/2-accurate-hse06-atoms-fixed,11.346172820578163,4.4209571892217525e-08,4.4209571892217525e-08,0.00500004465166759,-0.10000000884191447,-3.204200520104438e-18,6.408401040208867e-17,0.07088724377992181,0.10000000884191447,.TRUE.,0.27,,550,HSE,172,8,-21.11287,1
4-skew-two-planes,skew-xz-plus-0.000-yz-plus-0.025,1-cheap-pbe-atoms-relaxed,4-skew-two-planes/skew-xz-plus-0.000-yz-plus-0.025/1-cheap-pbe-atoms-relaxed,11.346172820578163,4.4209571892217525e-08,4.4209571892217525e-08,0.00031254423720283864,0.025000002210478624,8.010501300261077e-19,6.408401040208867e-17,0.017680433794624095,0.025000002210478624,,,,550,PBE,172,8,-18.171083,3
4-skew-two-planes,skew-xz-plus-0.000-yz-plus-0.025,2-accurate-hse06-atoms-fixed,4-skew-two-planes/skew-xz-plus-0.000-yz-plus-0.025/2-accurate-hse06-atoms-fixed,11.346172820578163,4.4209571892217525e-08,4.420957211426213e-08,0.00031254423720283864,0.02500000221047852,-1.9745075542429906e-18,-4.6938296968675356e-17,0.01768043379462402,0.02500000221047852,.TRUE.,0.27,,550,HSE,172,8,-21.308587,1
4-skew-two-planes,skew-xz-plus-0.000-yz-plus-0.050,1-cheap-pbe-atoms-relaxed,4-skew-two-planes/skew-xz-plus-0.000-yz-plus-0.050/1-cheap-pbe-atoms-relaxed,11.346172820578163,4.4209571892217525e-08,4.4209571892217525e-08,0.001250044320095789,0.05000000442095708,1.6021002600522119e-18,6.408401040208867e-17,0.03537743393540544,0.05000000442095708,,,,550,PBE,172,8,-18.133494,3
4-skew-two-planes,skew-xz-plus-0.000-yz-plus-0.050,2-accurate-hse06-atoms-fixed,4-skew-two-planes/skew-xz-plus-0.000-yz-plus-0.050/2-accurate-hse06-atoms-fixed,11.346172820578163,4.4209571892217525e-08,4.4209571892217525e-08,0.001250044320095789,0.05000000442095708,1.6021002600522119e-18,6.408401040208867e-17,0.03537743393540544,0.05000000442095708,.TRUE.,0.27,,550,HSE,172,8,-21.269427,1
4-skew-two-planes,skew-xz-plus-0.000-yz-plus-0.075,1-cheap-pbe-atoms-relaxed,4-skew-two-planes/skew-xz-plus-0.000-yz-plus-0.075/1-cheap-pbe-atoms-relaxed,11.346172820578163,4.4209571892217525e-08,4.4209571892217525e-08,0.002812544458250743,0.07500000663143579,2.4031503900783222e-18,6.408401040208867e-17,0.05310754093056138,0.07500000663143579,,,,550,PBE,172,8,-18.070871,3
4-skew-two-planes,skew-xz-plus-0.000-yz-plus-0.075,2-accurate-hse06-atoms-fixed,4-skew-two-planes/skew-xz-plus-0.000-yz-plus-0.075/2-accurate-hse06-atoms-fixed,11.346172820578163,4.4209571892217525e-08,4.4209571892217525e-08,0.002812544458250743,0.07500000663143579,2.4031503900783222e-18,6.408401040208867e-17,0.05310754093056138,0.07500000663143579,.TRUE.,0.27,,550,HSE,172,8,-21.204171,1
4-skew-two-planes,skew-xz-plus-0.000-yz-plus-0.100,1-cheap-pbe-atoms-relaxed,4-skew-two-planes/skew-xz-plus-0.000-yz-plus-0.100/1-cheap-pbe-atoms-relaxed,11.346172820578163,4.4209571892217525e-08,4.420957211426213e-08,0.00500004465166759,0.10000000884191439,-7.898030216971973e-18,-4.6938296968675356e-17,0.07088724377992175,0.10000000884191439,,,,550,PBE,172,8,-17.983274,3
4-skew-two-planes,skew-xz-plus-0.000-yz-plus-0.100,2-accurate-hse06-atoms-fixed,4-skew-two-planes/skew-xz-plus-0.000-yz-plus-0.100/2-accurate-hse06-atoms-fixed,11.346172820578163,4.4209571892217525e-08,4.420957211426213e-08,0.00500004465166759,0.10000000884191439,-7.898030216971973e-18,-4.6938296968675356e-17,0.07088724377992175,0.10000000884191439,.TRUE.,0.27,,550,HSE,172,8,-21.112871,1
4-skew-two-planes,skew-xz-plus-0.025-yz-minus-0.025,1-cheap-pbe-atoms-relaxed,4-skew-two-planes/skew-xz-plus-0.025-yz-minus-0.025/1-cheap-pbe-atoms-relaxed,11.346172820578163,4.4209571892217525e-08,4.4209571892217525e-08,0.0006250442648337851,-0.02500000221047864,0.025000002210478687,6.408401040208867e-17,0.025007814595858803,0.025000002210478687,,,,550,PBE,172,8,-18.158584,5
4-skew-two-planes,skew-xz-plus-0.025-yz-minus-0.025,2-accurate-hse06-atoms-fixed,4-skew-two-planes/skew-xz-plus-0.025-yz-minus-0.025/2-accurate-hse06-atoms-fixed,11.346172820578163,4.420957211426213e-08,4.4209571892217525e-08,0.0006250442648337851,-0.025000002210478642,0.025000002210478694,-4.6938296968675356e-17,0.02500781459585881,0.025000002210478694,.TRUE.,0.27,,550,HSE,172,8,-21.295567,1
4-skew-two-planes,skew-xz-plus-0.025-yz-minus-0.050,1-cheap-pbe-atoms-relaxed,4-skew-two-planes/skew-xz-plus-0.025-yz-minus-0.050/1-cheap-pbe-atoms-relaxed,11.346172820578163,4.4209571892217525e-08,4.420957211426213e-08,0.0015625443477267353,-0.05000000442095718,0.02500000221047869,-4.6938296968675356e-17,0.039559345560213205,0.05000000442095718,,,,550,PBE,172,8,-18.121051,6
4-skew-two-planes,skew-xz-plus-0.025-yz-minus-0.050,2-accurate-hse06-atoms-fixed,4-skew-two-planes/skew-xz-plus-0.025-yz-minus-0.050/2-accurate-hse06-atoms-fixed,11.346172820578163,4.420957211426213e-08,4.420957211426213e-08,0.0015625443477267353,-0.05000000442095718,0.025000002210478697,-1.5796060433943938e-16,0.03955934556021321,0.05000000442095718,.TRUE.,0.27,,550,HSE,172,8,-21.256457,1
4-skew-two-planes,skew-xz-plus-0.025-yz-minus-0.075,1-cheap-pbe-atoms-relaxed,4-skew-two-planes/skew-xz-plus-0.025-yz-minus-0.075/1-cheap-pbe-atoms-relaxed,11.346172820578163,4.4209571892217525e-08,4.4209571892217525e-08,0.0031250444858816895,-0.07500000663143579,0.025000002210478683,6.408401040208867e-17,0.05598898512799035,0.07500000663143579,,,,550,PBE,172,8,-18.058545,5
4-skew-two-planes,skew-xz-plus-0.025-yz-minus-0.075,2-accurate-hse06-atoms-fixed,4-skew-two-planes/skew-xz-plus-0.025-yz-minus-0.075/2-accurate-hse06-atoms-fixed,11.346172820578163,4.420957211426213e-08,4.4209571892217525e-08,0.0031250444858816895,-0.07500000663143579,0.02500000221047869,-4.6938296968675356e-17,0.05598898512799035,0.07500000663143579,.TRUE.,0.27,,550,HSE,172,8,-21.191316,1
4-skew-two-planes,skew-xz-plus-0.025-yz-minus-0.100,1-cheap-pbe-atoms-relaxed,4-skew-two-planes/skew-xz-plus-0.025-yz-minus-0.100/1-cheap-pbe-atoms-relaxed,11.346172820578163,4.4209571892217525e-08,4.4209571892217525e-08,0.0053125446792985365,-0.10000000884191447,0.025000002210478683,6.408401040208867e-17,0.07308025773371978,0.10000000884191447,,,,550,PBE,172,8,-17.97111,10
4-skew-two-planes,skew-xz-plus-0.025-yz-minus-0.100,2-accurate-hse06-atoms-fixed,4-skew-two-planes/skew-xz-plus-0.025-yz-minus-0.100/2-accurate-hse06-atoms-fixed,11.346172820578163,4.420957211426213e-08,4.4209571892217525e-08,0.0053125446792985365,-0.10000000884191447,0.02500000221047869,-4.6938296968675356e-17,0.07308025773371978,0.10000000884191447,.TRUE.,0.27,,550,HSE,172,8,-21.100173,1
4-skew-two-planes,skew-xz-plus-0.025-yz-plus-0.000,1-cheap-pbe-atoms-relaxed,4-skew-two-planes/skew-xz-plus-0.025-yz-plus-0.000/1-cheap-pbe-atoms-relaxed,11.346172820578163,4.4209571892217525e-08,4.4209571892217525e-08,0.00031254423720283864,-6.328296027206256e-17,0.025000002210478687,6.408401040208867e-17,0.01768043379462414,0.025000002210478687,,,,550,PBE,172,8,-18.171083,3
4-skew-two-planes,skew-xz-plus-0.025-yz-plus-0.000,2-accurate-hse06-atoms-fixed,4-skew-two-planes/skew-xz-plus-0.025-yz-plus-0.000/2-accurate-hse06-atoms-fixed,11.346172820578163,4.420957211426213e-08,4.4209571892217525e-08,0.00031254423720283864,-6.605851795633166e-17,0.025000002210478694,-4.6938296968675356e-17,0.017680433794624143,0.025000002210478694,.TRUE.,0.27,,550,HSE,172,8,-21.308587,1
4-skew-two-planes,skew-xz-plus-0.025-yz-plus-0.025,1-cheap-pbe-atoms-relaxed,4-skew-two-planes/skew-xz-plus-0.025-yz-plus-0.025/1-cheap-pbe-atoms-relaxed,11.346172820578163,4.4209571892217525e-08,4.4209571892217525e-08,0.0006250442648337851,0.025000002210478628,0.025000002210478687,6.408401040208867e-17,0.0250078145958588,0.025000002210478687,,,,550,PBE,172,8,-18.158584,5
4-skew-two-planes,skew-xz-plus-0.025-yz-plus-0.025,2-accurate-hse06-atoms-fixed,4-skew-two-planes/skew-xz-plus-0.025-yz-plus-0.025/2-accurate-hse06-atoms-fixed,11.346172820578163,4.420957211426213e-08,4.420957211426213e-08,0.0006250442648337851,0.025000002210478517,0.02500000221047869,-1.5796060433943938e-16,0.025007814595858744,0.02500000221047869,.TRUE.,0.27,,550,HSE,172,8,-21.295567,1
4-skew-two-planes,skew-xz-plus-0.025-yz-plus-0.050,1-cheap-pbe-atoms-relaxed,4-skew-two-planes/skew-xz-plus-0.025-yz-plus-0.050/1-cheap-pbe-atoms-relaxed,11.346172820578163,4.4209571892217525e-08,4.4209571892217525e-08,0.0015625443477267353,0.05000000442095708,0.025000002210478687,6.408401040208867e-17,0.03955934556021314,0.05000000442095708,,,,550,PBE,172,8,-18.12105,6
4-skew-two-planes,skew-xz-plus-0.025-yz-plus-0.050,2-accurate-hse06-atoms-fixed,4-skew-two-planes/skew-xz-plus-0.025-yz-plus-0.050/2-accurate-hse06-atoms-fixed,11.346172820578163,4.420957211426213e-08,4.4209571892217525e-08,0.0015625443477267353,0.05000000442095708,0.025000002210478694,-4.6938296968675356e-17,0.03955934556021314,0.05000000442095708,.TRUE.,0.27,,550,HSE,172,8,-21.256457,1
4-skew-two-planes,skew-xz-plus-0.025-yz-plus-0.075,1-cheap-pbe-atoms-relaxed,4-skew-two-planes/skew-xz-plus-0.025-yz-plus-0.075/1-cheap-pbe-atoms-relaxed,11.346172820578163,4.4209571892217525e-08,4.4209571892217525e-08,0.0031250444858816895,0.07500000663143579,0.02500000221047869,6.408401040208867e-17,0.05598898512799035,0.07500000663143579,,,,550,PBE,172,8,-18.058545,5
4-skew-two-planes,skew-xz-plus-0.025-yz-plus-0.075,2-accurate-hse06-atoms-fixed,4-skew-two-planes/skew-xz-plus-0.025-yz-plus-0.075/2-accurate-hse06-atoms-fixed,11.346172820578163,4.420957211426213e-08,4.4209571892217525e-08,0.0031250444858816895,0.07500000663143579,0.025000002210478697,-4.6938296968675356e-17,0.05598898512799035,0.07500000663143579,.TRUE.,0.27,,550,HSE,172,8,-21.191316,1
4-skew-two-planes,skew-xz-plus-0.025-yz-plus-0.100,1-cheap-pbe-atoms-relaxed,4-skew-two-planes/skew-xz-plus-0.025-yz-plus-0.100/1-cheap-pbe-atoms-relaxed,11.346172820578163,4.4209571892217525e-08,4.420957211426213e-08,0.0053125446792985365,0.10000000884191439,0.02500000221047868,-4.6938296968675356e-17,0.07308025773371972,0.10000000884191439,,,,550,PBE,172,8,-17.971111,10
4-skew-two-planes,skew-xz-plus-0.025-yz-plus-0.100,2-accurate-hse06-atoms-fixed,4-skew-two-planes/skew-xz-plus-0.025-yz-plus-0.100/2-accurate-hse06-atoms-fixed,11.346172820578163,4.420957211426213e-08,4.420957211426213e-08,0.0053125446792985365,0.10000000884191439,0.025000002210478687,-1.5796060433943938e-16,0.07308025773371972,0.10000000884191439,.TRUE.,0.27,,550,HSE,172,8,-21.100173,1
4-skew-two-planes,skew-xz-plus-0.050-yz-minus-0.025,1-cheap-pbe-atoms-relaxed,4-skew-two-planes/skew-xz-plus-0.050-yz-minus-0.025/1-cheap-pbe-atoms-relaxed,11.346172820578163,4.4209571892217525e-08,4.4209571892217525e-08,0.0015625443477267353,-0.02500000221047864,0.05000000442095715,6.408401040208867e-17,0.03955934556021317,0.05000000442095715,,,,550,PBE,172,8,-18.12105,6
4-skew-two-planes,skew-xz-plus-0.050-yz-minus-0.025,2-accurate-hse06-atoms-fixed,4-skew-two-planes/skew-xz-plus-0.050-yz-minus-0.025/2-accurate-hse06-atoms-fixed,11.346172820578163,4.4209571892217525e-08,4.4209571892217525e-08,0.0015625443477267353,-0.02500000221047864,0.05000000442095726,6.408401040208867e-17,0.03955934556021324,0.05000000442095726,.TRUE.,0.27,,550,HSE,172,8,-21.256457,1
4-skew-two-planes,skew-xz-plus-0.050-yz-minus-0.075,1-cheap-pbe-atoms-relaxed,4-skew-two-planes/skew-xz-plus-0.050-yz-minus-0.075/1-cheap-pbe-atoms-relaxed,11.346172820578163,4.4209571892217525e-08,4.4209571892217525e-08,0.00406254456877464,-0.07500000663143579,0.05000000442095715,6.408401040208867e-17,0.06386708844767203,0.07500000663143579,,,,550,PBE,172,8,-18.021599,5
4-skew-two-planes,skew-xz-plus-0.050-yz-minus-0.075,2-accurate-hse06-atoms-fixed,4-skew-two-planes/skew-xz-plus-0.050-yz-minus-0.075/2-accurate-hse06-atoms-fixed,11.346172820578163,4.4209571892217525e-08,4.4209571892217525e-08,0.00406254456877464,-0.07500000663143579,0.05000000442095726,6.408401040208867e-17,0.06386708844767208,0.07500000663143579,.TRUE.,0.27,,550,HSE,172,8,-21.152778,1
4-skew-two-planes,skew-xz-plus-0.050-yz-minus-0.100,1-cheap-pbe-atoms-relaxed,4-skew-two-planes/skew-xz-plus-0.050-yz-minus-0.100/1-cheap-pbe-atoms-relaxed,11.346172820578163,4.4209571892217525e-08,4.4209571892217525e-08,0.006250044762191487,-0.10000000884191447,0.05000000442095715,6.408401040208867e-17,0.07930362012400606,0.10000000884191447,,,,550,PBE,172,8,-17.934644,7
4-skew-two-planes,skew-xz-plus-0.050-yz-minus-0.100,2-accurate-hse06-atoms-fixed,4-skew-two-planes/skew-xz-plus-0.050-yz-minus-0.100/2-accurate-hse06-atoms-fixed,11.346172820578163,4.4209571892217525e-08,4.4209571892217525e-08,0.006250044762191487,-0.10000000884191447,0.05000000442095726,6.408401040208867e-17,0.0793036201240061,0.10000000884191447,.TRUE.,0.27,,550,HSE,172,8,-21.062094,1
4-skew-two-planes,skew-xz-plus-0.050-yz-plus-0.000,1-cheap-pbe-atoms-relaxed,4-skew-two-planes/skew-xz-plus-0.050-yz-plus-0.000/1-cheap-pbe-atoms-relaxed,11.346172820578163,4.4209571892217525e-08,4.4209571892217525e-08,0.001250044320095789,-6.248191014203645e-17,0.05000000442095715,6.408401040208867e-17,0.03537743393540549,0.05000000442095715,,,,550,PBE,172,8,-18.133494,3
4-skew-two-planes,skew-xz-plus-0.050-yz-plus-0.000,2-accurate-hse06-atoms-fixed,4-skew-two-planes/skew-xz-plus-0.050-yz-plus-0.000/2-accurate-hse06-atoms-fixed,11.346172820578163,4.4209571892217525e-08,4.4209571892217525e-08,0.001250044320095789,-6.248191014203645e-17,0.05000000442095726,6.408401040208867e-17,0.03537743393540557,0.05000000442095726,.TRUE.,0.27,,550,HSE,172,8,-21.269427,1
4-skew-two-planes,skew-xz-plus-0.050-yz-plus-0.025,1-cheap-pbe-atoms-relaxed,4-skew-two-planes/skew-xz-plus-0.050-yz-plus-0.025/1-cheap-pbe-atoms-relaxed,11.346172820578163,4.4209571892217525e-08,4.4209571892217525e-08,0.0015625443477267353,0.025000002210478628,0.05000000442095715,6.408401040208867e-17,0.03955934556021316,0.05000000442095715,,,,550,PBE,172,8,-18.12105,6
4-skew-two-planes,skew-xz-plus-0.050-yz-plus-0.025,2-accurate-hse06-atoms-fixed,4-skew-two-planes/skew-xz-plus-0.050-yz-plus-0.025/2-accurate-hse06-atoms-fixed,11.346172820578163,4.4209571892217525e-08,4.420957211426213e-08,0.0015625443477267353,0.02500000221047852,0.05000000442095726,-4.6938296968675356e-17,0.039559345560213205,0.05000000442095726,.TRUE.,0.27,,550,HSE,172,8,-21.256457,1
4-skew-two-planes,skew-xz-plus-0.050-yz-plus-0.075,1-cheap-pbe-atoms-relaxed,4-skew-two-planes/skew-xz-plus-0.050-yz-plus-0.075/1-cheap-pbe-atoms-relaxed,11.346172820578163,4.4209571892217525e-08,4.4209571892217525e-08,0.00406254456877464,0.07500000663143579,0.05000000442095715,6.408401040208867e-17,0.06386708844767203,0.07500000663143579,,,,550,PBE,172,8,-18.021599,5
4-skew-two-planes,skew-xz-plus-0.050-yz-plus-0.075,2-accurate-hse06-atoms-fixed,4-skew-two-planes/skew-xz-plus-0.050-yz-plus-0.075/2-accurate-hse06-atoms-fixed,11.346172820578163,4.4209571892217525e-08,4.4209571892217525e-08,0.00406254456877464,0.07500000663143579,0.05000000442095726,6.408401040208867e-17,0.06386708844767208,0.07500000663143579,.TRUE.,0.27,,550,HSE,172,8,-21.152778,1
4-skew-two-planes,skew-xz-plus-0.050-yz-plus-0.100,1-cheap-pbe-atoms-relaxed,4-skew-two-planes/skew-xz-plus-0.050-yz-plus-0.100/1-cheap-pbe-atoms-relaxed,11.346172820578163,4.4209571892217525e-08,4.420957211426213e-08,0.006250044762191487,0.10000000884191439,0.050000004420957145,-4.6938296968675356e-17,0.079303620124006,0.10000000884191439,,,,550,PBE,172,8,-17.934644,8
4-skew-two-planes,skew-xz-plus-0.050-yz-plus-0.100,2-accurate-hse06-atoms-fixed,4-skew-two-planes/skew-xz-plus-0.050-yz-plus-0.100/2-accurate-hse06-atoms-fixed,11.346172820578163,4.4209571892217525e-08,4.420957211426213e-08,0.006250044762191487,0.10000000884191439,0.050000004420957256,-4.6938296968675356e-17,0.07930362012400605,0.10000000884191439,.TRUE.,0.27,,550,HSE,172,8,-21.062095,1
4-skew-two-planes,skew-xz-plus-0.075-yz-minus-0.025,1-cheap-pbe-atoms-relaxed,4-skew-two-planes/skew-xz-plus-0.075-yz-minus-0.025/1-cheap-pbe-atoms-relaxed,11.346172820578163,4.4209571892217525e-08,4.4209571892217525e-08,0.0031250444858816895,-0.02500000221047864,0.07500000663143584,6.408401040208867e-17,0.05598898512799037,0.07500000663143584,,,,550,PBE,172,8,-18.058545,5
4-skew-two-planes,skew-xz-plus-0.075-yz-minus-0.025,2-accurate-hse06-atoms-fixed,4-skew-two-planes/skew-xz-plus-0.075-yz-minus-0.025/2-accurate-hse06-atoms-fixed,11.346172820578163,4.4209571892217525e-08,4.4209571892217525e-08,0.0031250444858816895,-0.02500000221047864,0.07500000663143584,6.408401040208867e-17,0.05598898512799037,0.07500000663143584,.TRUE.,0.27,,550,HSE,172,8,-21.191316,1
4-skew-two-planes,skew-xz-plus-0.075-yz-minus-0.050,1-cheap-pbe-atoms-relaxed,4-skew-two-planes/skew-xz-plus-0.075-yz-minus-0.050/1-cheap-pbe-atoms-relaxed,11.346172820578163,4.4209571892217525e-08,4.420957211426213e-08,0.00406254456877464,-0.05000000442095718,0.07500000663143584,-4.6938296968675356e-17,0.06386708844767208,0.07500000663143584,,,,550,PBE,172,8,-18.021599,5
4-skew-two-planes,skew-xz-plus-0.075-yz-minus-0.050,2-accurate-hse06-atoms-fixed,4-skew-two-planes/skew-xz-plus-0.075-yz-minus-0.050/2-accurate-hse06-atoms-fixed,11.346172820578163,4.4209571892217525e-08,4.420957211426213e-08,0.00406254456877464,-0.05000000442095718,0.07500000663143584,-4.6938296968675356e-17,0.06386708844767208,0.07500000663143584,.TRUE.,0.27,,550,HSE,172,8,-21.152778,1
4-skew-two-planes,skew-xz-plus-0.075-yz-minus-0.075,1-cheap-pbe-atoms-relaxed,4-skew-two-planes/skew-xz-plus-0.075-yz-minus-0.075/1-cheap-pbe-atoms-relaxed,11.346172820578163,4.4209571892217525e-08,4.4209571892217525e-08,0.005625044706929594,-0.07500000663143579,0.07500000663143584,6.408401040208867e-17,0.0752106516570245,0.07500000663143584,,,,550,PBE,172,8,-17.960056,5
4-skew-two-planes,skew-xz-plus-0.075-yz-minus-0.075,2-accurate-hse06-atoms-fixed,4-skew-two-planes/skew-xz-plus-0.075-yz-minus-0.075/2-accurate-hse06-atoms-fixed,11.346172820578163,4.4209571892217525e-08,4.4209571892217525e-08,0.005625044706929594,-0.07500000663143579,0.07500000663143584,6.408401040208867e-17,0.0752106516570245,0.07500000663143584,.TRUE.,0.27,,550,HSE,172,8,-21.088572,1
4-skew-two-planes,skew-xz-plus-0.075-yz-minus-0.100,1-cheap-pbe-atoms-relaxed,4-skew-two-planes/skew-xz-plus-0.075-yz-minus-0.100/1-cheap-pbe-atoms-relaxed,11.346172820578163,4.4209571892217525e-08,4.4209571892217525e-08,0.007812544900346441,-0.10000000884191447,0.07500000663143584,6.408401040208867e-17,0.08873295464128891,0.10000000884191447,,,,550,PBE,172,8,-17.873953,7
4-skew-two-planes,skew-xz-plus-0.075-yz-minus-0.100,2-accurate-hse06-atoms-fixed,4-skew-two-planes/skew-xz-plus-0.075-yz-minus-0.100/2-accurate-hse06-atoms-fixed,11.346172820578163,4.4209571892217525e-08,4.4209571892217525e-08,0.007812544900346441,-0.10000000884191447,0.07500000663143584,6.408401040208867e-17,0.08873295464128891,0.10000000884191447,.TRUE.,0.27,,550,HSE,172,8,-20.998711,1
4-skew-two-planes,skew-xz-plus-0.075-yz-plus-0.000,1-cheap-pbe-atoms-relaxed,4-skew-two-planes/skew-xz-plus-0.075-yz-plus-0.000/1-cheap-pbe-atoms-relaxed,11.346172820578163,4.4209571892217525e-08,4.4209571892217525e-08,0.002812544458250743,-6.168086001201034e-17,0.07500000663143584,6.408401040208867e-17,0.053107540930561414,0.07500000663143584,,,,550,PBE,172,8,-18.070871,3
4-skew-two-planes,skew-xz-plus-0.075-yz-plus-0.000,2-accurate-hse06-atoms-fixed,4-skew-two-planes/skew-xz-plus-0.075-yz-plus-0.000/2-accurate-hse06-atoms-fixed,11.346172820578163,4.4209571892217525e-08,4.4209571892217525e-08,0.002812544458250743,-6.168086001201034e-17,0.07500000663143584,6.408401040208867e-17,0.053107540930561414,0.07500000663143584,.TRUE.,0.27,,550,HSE,172,8,-21.204171,1
4-skew-two-planes,skew-xz-plus-0.075-yz-plus-0.025,1-cheap-pbe-atoms-relaxed,4-skew-two-planes/skew-xz-plus-0.075-yz-plus-0.025/1-cheap-pbe-atoms-relaxed,11.346172820578163,4.4209571892217525e-08,4.4209571892217525e-08,0.0031250444858816895,0.025000002210478628,0.07500000663143584,6.408401040208867e-17,0.055988985127990366,0.07500000663143584,,,,550,PBE,172,8,-18.058545,5
4-skew-two-planes,skew-xz-plus-0.075-yz-plus-0.025,2-accurate-hse06-atoms-fixed,4-skew-two-planes/skew-xz-plus-0.075-yz-plus-0.025/2-accurate-hse06-atoms-fixed,11.346172820578163,4.4209571892217525e-08,4.420957211426213e-08,0.0031250444858816895,0.025000002210478524,0.07500000663143584,-4.6938296968675356e-17,0.055988985127990346,0.07500000663143584,.TRUE.,0.27,,550,HSE,172,8,-21.191316,1
4-skew-two-planes,skew-xz-plus-0.075-yz-plus-0.050,1-cheap-pbe-atoms-relaxed,4-skew-two-planes/skew-xz-plus-0.075-yz-plus-0.050/1-cheap-pbe-atoms-relaxed,11.346172820578163,4.4209571892217525e-08,4.4209571892217525e-08,0.00406254456877464,0.05000000442095709,0.07500000663143584,6.408401040208867e-17,0.06386708844767204,0.07500000663143584,,,,550,PBE,172,8,-18.021599,5
4-skew-two-planes,skew-xz-plus-0.075-yz-plus-0.050,2-accurate-hse06-atoms-fixed,4-skew-two-planes/skew-xz-plus-0.075-yz-plus-0.050/2-accurate-hse06-atoms-fixed,11.346172820578163,4.4209571892217525e-08,4.4209571892217525e-08,0.00406254456877464,0.05000000442095709,0.07500000663143584,6.408401040208867e-17,0.06386708844767204,0.07500000663143584,.TRUE.,0.27,,550,HSE,172,8,-21.152778,1
4-skew-two-planes,skew-xz-plus-0.075-yz-plus-0.075,1-cheap-pbe-atoms-relaxed,4-skew-two-planes/skew-xz-plus-0.075-yz-plus-0.075/1-cheap-pbe-atoms-relaxed,11.346172820578163,4.4209571892217525e-08,4.4209571892217525e-08,0.005625044706929594,0.07500000663143579,0.07500000663143584,6.408401040208867e-17,0.0752106516570245,0.07500000663143584,,,,550,PBE,172,8,-17.960056,5
4-skew-two-planes,skew-xz-plus-0.075-yz-plus-0.075,2-accurate-hse06-atoms-fixed,4-skew-two-planes/skew-xz-plus-0.075-yz-plus-0.075/2-accurate-hse06-atoms-fixed,11.346172820578163,4.4209571892217525e-08,4.4209571892217525e-08,0.005625044706929594,0.07500000663143579,0.07500000663143584,6.408401040208867e-17,0.0752106516570245,0.07500000663143584,.TRUE.,0.27,,550,HSE,172,8,-21.088572,1
4-skew-two-planes,skew-xz-plus-0.075-yz-plus-0.100,1-cheap-pbe-atoms-relaxed,4-skew-two-planes/skew-xz-plus-0.075-yz-plus-0.100/1-cheap-pbe-atoms-relaxed,11.346172820578163,4.4209571892217525e-08,4.420957211426213e-08,0.007812544900346441,0.10000000884191439,0.07500000663143583,-4.6938296968675356e-17,0.08873295464128886,0.10000000884191439,,,,550,PBE,172,8,-17.873953,7
4-skew-two-planes,skew-xz-plus-0.075-yz-plus-0.100,2-accurate-hse06-atoms-fixed,4-skew-two-planes/skew-xz-plus-0.075-yz-plus-0.100/2-accurate-hse06-atoms-fixed,11.346172820578163,4.4209571892217525e-08,4.420957211426213e-08,0.007812544900346441,0.10000000884191439,0.07500000663143583,-4.6938296968675356e-17,0.08873295464128886,0.10000000884191439,.TRUE.,0.27,,550,HSE,172,8,-20.998711,1
4-skew-two-planes,skew-xz-plus-0.100-yz-minus-0.025,1-cheap-pbe-atoms-relaxed,4-skew-two-planes/skew-xz-plus-0.100-yz-minus-0.025/1-cheap-pbe-atoms-relaxed,11.346172820578163,4.420957211426213e-08,4.4209571892217525e-08,0.0053125446792985365,-0.02500000221047865,0.10000000884191444,-4.6938296968675356e-17,0.07308025773371975,0.10000000884191444,,,,550,PBE,172,8,-17.971111,10
4-skew-two-planes,skew-xz-plus-0.100-yz-minus-0.025,2-accurate-hse06-atoms-fixed,4-skew-two-planes/skew-xz-plus-0.100-yz-minus-0.025/2-accurate-hse06-atoms-fixed,11.346172820578163,4.4209571892217525e-08,4.4209571892217525e-08,0.0053125446792985365,-0.025000002210478635,0.10000000884191441,6.408401040208867e-17,0.07308025773371972,0.10000000884191441,.TRUE.,0.27,,550,HSE,172,8,-21.100173,1
4-skew-two-planes,skew-xz-plus-0.100-yz-minus-0.050,1-cheap-pbe-atoms-relaxed,4-skew-two-planes/skew-xz-plus-0.100-yz-minus-0.050/1-cheap-pbe-atoms-relaxed,11.346172820578163,4.420957211426213e-08,4.420957211426213e-08,0.006250044762191487,-0.050000004420957186,0.10000000884191444,-1.5796060433943938e-16,0.07930362012400605,0.10000000884191444,,,,550,PBE,172,8,-17.934644,7
4-skew-two-planes,skew-xz-plus-0.100-yz-minus-0.050,2-accurate-hse06-atoms-fixed,4-skew-two-planes/skew-xz-plus-0.100-yz-minus-0.050/2-accurate-hse06-atoms-fixed,11.346172820578163,4.4209571892217525e-08,4.420957211426213e-08,0.006250044762191487,-0.05000000442095717,0.10000000884191441,-4.6938296968675356e-17,0.07930362012400603,0.10000000884191441,.TRUE.,0.27,,550,HSE,172,8,-21.062095,1
4-skew-two-planes,skew-xz-plus-0.100-yz-minus-0.075,1-cheap-pbe-atoms-relaxed,4-skew-two-planes/skew-xz-plus-0.100-yz-minus-0.075/1-cheap-pbe-atoms-relaxed,11.346172820578163,4.420957211426213e-08,4.4209571892217525e-08,0.007812544900346441,-0.0750000066314358,0.10000000884191444,-4.6938296968675356e-17,0.08873295464128889,0.10000000884191444,,,,550,PBE,172,8,-17.873953,7
4-skew-two-planes,skew-xz-plus-0.100-yz-minus-0.075,2-accurate-hse06-atoms-fixed,4-skew-two-planes/skew-xz-plus-0.100-yz-minus-0.075/2-accurate-hse06-atoms-fixed,11.346172820578163,4.4209571892217525e-08,4.4209571892217525e-08,0.007812544900346441,-0.07500000663143579,0.10000000884191441,6.408401040208867e-17,0.08873295464128886,0.10000000884191441,.TRUE.,0.27,,550,HSE,172,8,-20.998711,1
4-skew-two-planes,skew-xz-plus-0.100-yz-minus-0.100,1-cheap-pbe-atoms-relaxed,4-skew-two-planes/skew-xz-plus-0.100-yz-minus-0.100/1-cheap-pbe-atoms-relaxed,11.346172820578163,4.420957211426213e-08,4.4209571892217525e-08,0.010000045093763288,-0.10000000884191448,0.10000000884191444,-4.6938296968675356e-17,0.10049876949626885,0.10000000884191448,,,,550,PBE,172,8,-17.789044,8
4-skew-two-planes,skew-xz-plus-0.100-yz-minus-0.100,2-accurate-hse06-atoms-fixed,4-skew-two-planes/skew-xz-plus-0.100-yz-minus-0.100/2-accurate-hse06-atoms-fixed,11.346172820578163,4.4209571892217525e-08,4.4209571892217525e-08,0.010000045093763288,-0.10000000884191447,0.10000000884191441,6.408401040208867e-17,0.10049876949626883,0.10000000884191447,.TRUE.,0.27,,550,HSE,172,8,-20.909997,1
4-skew-two-planes,skew-xz-plus-0.100-yz-plus-0.000,1-cheap-pbe-atoms-relaxed,4-skew-two-planes/skew-xz-plus-0.100-yz-plus-0.000/1-cheap-pbe-atoms-relaxed,11.346172820578163,4.420957211426213e-08,4.4209571892217525e-08,0.00500004465166759,-7.198204061906063e-17,0.10000000884191444,-4.6938296968675356e-17,0.0708872437799218,0.10000000884191444,,,,550,PBE,172,8,-17.983274,3
4-skew-two-planes,skew-xz-plus-0.100-yz-plus-0.000,2-accurate-hse06-atoms-fixed,4-skew-two-planes/skew-xz-plus-0.100-yz-plus-0.000/2-accurate-hse06-atoms-fixed,11.346172820578163,4.4209571892217525e-08,4.4209571892217525e-08,0.00500004465166759,-6.087980988198423e-17,0.10000000884191441,6.408401040208867e-17,0.07088724377992178,0.10000000884191441,.TRUE.,0.27,,550,HSE,172,8,-21.112871,1
4-skew-two-planes,skew-xz-plus-0.100-yz-plus-0.025,1-cheap-pbe-atoms-relaxed,4-skew-two-planes/skew-xz-plus-0.100-yz-plus-0.025/1-cheap-pbe-atoms-relaxed,11.346172820578163,4.420957211426213e-08,4.4209571892217525e-08,0.0053125446792985365,0.025000002210478618,0.10000000884191444,-4.6938296968675356e-17,0.07308025773371973,0.10000000884191444,,,,550,PBE,172,8,-17.971111,10
4-skew-two-planes,skew-xz-plus-0.100-yz-plus-0.025,2-accurate-hse06-atoms-fixed,4-skew-two-planes/skew-xz-plus-0.100-yz-plus-0.025/2-accurate-hse06-atoms-fixed,11.346172820578163,4.4209571892217525e-08,4.420957211426213e-08,0.0053125446792985365,0.025000002210478524,0.10000000884191441,-4.6938296968675356e-17,0.0730802577337197,0.10000000884191441,.TRUE.,0.27,,550,HSE,172,8,-21.100173,1
4-skew-two-planes,skew-xz-plus-0.100-yz-plus-0.050,1-cheap-pbe-atoms-relaxed,4-skew-two-planes/skew-xz-plus-0.100-yz-plus-0.050/1-cheap-pbe-atoms-relaxed,11.346172820578163,4.420957211426213e-08,4.4209571892217525e-08,0.006250044762191487,0.050000004420957075,0.10000000884191444,-4.6938296968675356e-17,0.07930362012400602,0.10000000884191444,,,,550,PBE,172,8,-17.934644,8
4-skew-two-planes,skew-xz-plus-0.100-yz-plus-0.050,2-accurate-hse06-atoms-fixed,4-skew-two-planes/skew-xz-plus-0.100-yz-plus-0.050/2-accurate-hse06-atoms-fixed,11.346172820578163,4.4209571892217525e-08,4.4209571892217525e-08,0.006250044762191487,0.05000000442095709,0.10000000884191441,6.408401040208867e-17,0.079303620124006,0.10000000884191441,.TRUE.,0.27,,550,HSE,172,8,-21.062095,1
4-skew-two-planes,skew-xz-plus-0.100-yz-plus-0.075,1-cheap-pbe-atoms-relaxed,4-skew-two-planes/skew-xz-plus-0.100-yz-plus-0.075/1-cheap-pbe-atoms-relaxed,11.346172820578163,4.420957211426213e-08,4.4209571892217525e-08,0.007812544900346441,0.07500000663143577,0.10000000884191444,-4.6938296968675356e-17,0.08873295464128886,0.10000000884191444,,,,550,PBE,172,8,-17.873953,7
4-skew-two-planes,skew-xz-plus-0.100-yz-plus-0.075,2-accurate-hse06-atoms-fixed,4-skew-two-planes/skew-xz-plus-0.100-yz-plus-0.075/2-accurate-hse06-atoms-fixed,11.346172820578163,4.4209571892217525e-08,4.4209571892217525e-08,0.007812544900346441,0.07500000663143579,0.10000000884191441,6.408401040208867e-17,0.08873295464128886,0.10000000884191441,.TRUE.,0.27,,550,HSE,172,8,-20.998711,1
4-skew-two-planes,skew-xz-plus-0.100-yz-plus-0.100,1-cheap-pbe-atoms-relaxed,4-skew-two-planes/skew-xz-plus-0.100-yz-plus-0.100/1-cheap-pbe-atoms-relaxed,11.346172820578163,4.420957211426213e-08,4.420957211426213e-08,0.010000045093763288,0.10000000884191437,0.10000000884191443,-1.5796060433943938e-16,0.10049876949626879,0.10000000884191443,,,,550,PBE,172,8,-17.789044,8
4-skew-two-planes,skew-xz-plus-0.100-yz-plus-0.100,2-accurate-hse06-atoms-fixed,4-skew-two-planes/skew-xz-plus-0.100-yz-plus-0.100/2-accurate-hse06-atoms-fixed,11.346172820578163,4.4209571892217525e-08,4.420957211426213e-08,0.010000045093763288,0.10000000884191439,0.1000000088419144,-4.6938296968675356e-17,0.10049876949626878,0.1000000088419144,.TRUE.,0.27,,550,HSE,172,8,-20.909997,1
5-skew-three-planes,skew-xy-minus-0.030-xz-minus-0.030-yz-minus-0.030,1-cheap-pbe-atoms-relaxed,5-skew-three-planes/skew-xy-minus-0.030-xz-minus-0.030-yz-minus-0.030/1-cheap-pbe-atoms-relaxed,11.346172820578163,4.4209571892217525e-08,0.0004500442493604595,0.0009000442891491378,-0.029100002572997125,-0.03000000265257428,-0.03000000265257424,0.036392552171831107,0.03000000265257428,,,,550,PBE,172,8,-18.128523,3
5-skew-three-planes,skew-xy-minus-0.030-xz-minus-0.030-yz-minus-0.030,2-accurate-hse06-atoms-fixed,5-skew-three-planes/skew-xy-minus-0.030-xz-minus-0.030-yz-minus-0.030/2-accurate-hse06-atoms-fixed,11.346172820578163,4.4209571892217525e-08,0.0004500442493604595,0.0009000442891491378,-0.029100002572997125,-0.03000000265257428,-0.03000000265257424,0.036392552171831107,0.03000000265257428,.TRUE.,0.27,,550,HSE,172,8,-21.264272,1
5-skew-three-planes,skew-xy-minus-0.030-xz-minus-0.030-yz-minus-0.090,1-cheap-pbe-atoms-relaxed,5-skew-three-planes/skew-xy-minus-0.030-xz-minus-0.030-yz-minus-0.090/1-cheap-pbe-atoms-relaxed,11.346172820578163,4.4209571892217525e-08,0.0004500442493604595,0.004500044607458009,-0.08910000787814576,-0.030000002652574284,-0.03000000265257424,0.06992752535586205,0.08910000787814576,,,,550,PBE,172,8,-17.982621,5
5-skew-three-planes,skew-xy-minus-0.030-xz-minus-0.030-yz-minus-0.090,2-accurate-hse06-atoms-fixed,5-skew-three-planes/skew-xy-minus-0.030-xz-minus-0.030-yz-minus-0.090/2-accurate-hse06-atoms-fixed,11.346172820578163,4.4209571892217525e-08,0.0004500442493604595,0.004500044607458009,-0.08910000787814576,-0.030000002652574284,-0.03000000265257424,0.06992752535586205,0.08910000787814576,.TRUE.,0.27,,550,HSE,172,8,-21.112244,1
5-skew-three-planes,skew-xy-minus-0.030-xz-minus-0.030-yz-plus-0.030,1-cheap-pbe-atoms-relaxed,5-skew-three-planes/skew-xy-minus-0.030-xz-minus-0.030-yz-plus-0.030/1-cheap-pbe-atoms-relaxed,11.346172820578163,4.4209571892217525e-08,0.0004500442493604595,0.0009000442891491378,0.030900002732151457,-0.03000000265257428,-0.03000000265257424,0.03712705028855259,0.030900002732151457,,,,550,PBE,172,8,-18.130692,9
5-skew-three-planes,skew-xy-minus-0.030-xz-minus-0.030-yz-plus-0.030,2-accurate-hse06-atoms-fixed,5-skew-three-planes/skew-xy-minus-0.030-xz-minus-0.030-yz-plus-0.030/2-accurate-hse06-atoms-fixed,11.346172820578163,4.4209571892217525e-08,0.0004500442493604595,0.0009000442891491378,0.030900002732151457,-0.03000000265257428,-0.03000000265257424,0.03712705028855259,0.030900002732151457,.TRUE.,0.27,,550,HSE,172,8,-21.266476,1
5-skew-three-planes,skew-xy-minus-0.030-xz-minus-0.030-yz-plus-0.060,1-cheap-pbe-atoms-relaxed,5-skew-three-planes/skew-xy-minus-0.030-xz-minus-0.030-yz-plus-0.060/1-cheap-pbe-atoms-relaxed,11.346172820578163,4.4209571892217525e-08,0.00045004424936068155,0.0022500444085149507,0.06090000538472587,-0.030000002652574284,-0.03000000265257435,0.052532568248210676,0.06090000538472587,,,,550,PBE,172,8,-18.077862,11
5-skew-three-planes,skew-xy-minus-0.030-xz-minus-0.030-yz-plus-0.060,2-accurate-hse06-atoms-fixed,5-skew-three-planes/skew-xy-minus-0.030-xz-minus-0.030-yz-plus-0.060/2-accurate-hse06-atoms-fixed,11.346172820578163,4.4209571892217525e-08,0.00045004424936068155,0.0022500444085149507,0.06090000538472587,-0.030000002652574284,-0.03000000265257435,0.052532568248210676,0.06090000538472587,.TRUE.,0.27,,550,HSE,172,8,-21.211384,1
5-skew-three-planes,skew-xy-minus-0.030-xz-minus-0.030-yz-plus-0.090,1-cheap-pbe-atoms-relaxed,5-skew-three-planes/skew-xy-minus-0.030-xz-minus-0.030-yz-plus-0.090/1-cheap-pbe-atoms-relaxed,11.346172820578163,4.4209571892217525e-08,0.00045004424936068155,0.004500044607458009,0.09090000803730018,-0.030000002652574288,-0.03000000265257435,0.07107642950403835,0.09090000803730018,,,,550,PBE,172,8,-17.989183,5
5-skew-three-planes,skew-xy-minus-0.030-xz-minus-0.030-yz-plus-0.090,2-accurate-hse06-atoms-fixed,5-skew-three-planes/skew-xy-minus-0.030-xz-minus-0.030-yz-plus-0.090/2-accurate-hse06-atoms-fixed,11.346172820578163,4.4209571892217525e-08,0.00045004424936068155,0.004500044607458009,0.09090000803730018,-0.030000002652574288,-0.03000000265257435,0.07107642950403835,0.09090000803730018,.TRUE.,0.27,,550,HSE,172,8,-21.118902,1
5-skew-three-planes,skew-xy-minus-0.030-xz-minus-0.060-yz-minus-0.030,1-cheap-pbe-atoms-relaxed,5-skew-three-planes/skew-xy-minus-0.030-xz-minus-0.060-yz-minus-0.030/1-cheap-pbe-atoms-relaxed,11.346172820578163,4.4209571892217525e-08,0.0004500442493604595,0.0022500444085149507,-0.0282000024934199,-0.06000000530514857,-0.03000000265257424,0.051506171551273634,0.06000000530514857,,,,550,PBE,172,8,-18.073515,5
5-skew-three-planes,skew-xy-minus-0.030-xz-minus-0.060-yz-minus-0.030,2-accurate-hse06-atoms-fixed,5-skew-three-planes/skew-xy-minus-0.030-xz-minus-0.060-yz-minus-0.030/2-accurate-hse06-atoms-fixed,11.346172820578163,4.4209571892217525e-08,0.0004500442493604595,0.0022500444085149507,-0.0282000024934199,-0.06000000530514857,-0.03000000265257424,0.051506171551273634,0.06000000530514857,.TRUE.,0.27,,550,HSE,172,8,-21.206967,1
5-skew-three-planes,skew-xy-minus-0.030-xz-minus-0.060-yz-plus-0.030,1-cheap-pbe-atoms-relaxed,5-skew-three-planes/skew-xy-minus-0.030-xz-minus-0.060-yz-plus-0.030/1-cheap-pbe-atoms-relaxed,11.346172820578163,4.4209571892217525e-08,0.0004500442493604595,0.0022500444085149507,0.031800002811728685,-0.06000000530514857,-0.03000000265257424,0.05254413123240084,0.06000000530514857,,,,550,PBE,172,8,-18.07792,10
5-skew-three-planes,skew-xy-minus-0.030-xz-minus-0.060-yz-plus-0.030,2-accurate-hse06-atoms-fixed,5-skew-three-planes/skew-xy-minus-0.030-xz-minus-0.060-yz-plus-0.030/2-accurate-hse06-atoms-fixed,11.346172820578163,4.4209571892217525e-08,0.0004500442493604595,0.0022500444085149507,0.031800002811728685,-0.06000000530514857,-0.03000000265257424,0.05254413123240084,0.06000000530514857,.TRUE.,0.27,,550,HSE,172,8,-21.211443,1
5-skew-three-planes,skew-xy-minus-0.030-xz-minus-0.060-yz-plus-0.060,1-cheap-pbe-atoms-relaxed,5-skew-three-planes/skew-xy-minus-0.030-xz-minus-0.060-yz-plus-0.060/1-cheap-pbe-atoms-relaxed,11.346172820578163,4.4209571892217525e-08,0.00045004424936068155,0.0036000445278807636,0.061800005464303094,-0.060000005305148575,-0.03000000265257435,0.06459708659073697,0.061800005464303094,,,,550,PBE,172,8,-18.02666,5
5-skew-three-planes,skew-xy-minus-0.030-xz-minus-0.060-yz-plus-0.060,2-accurate-hse06-atoms-fixed,5-skew-three-planes/skew-xy-minus-0.030-xz-minus-0.060-yz-plus-0.060/2-accurate-hse06-atoms-fixed,11.346172820578163,4.4209571892217525e-08,0.00045004424936068155,0.0036000445278807636,0.061800005464303094,-0.060000005305148575,-0.03000000265257435,0.06459708659073697,0.061800005464303094,.TRUE.,0.27,,550,HSE,172,8,-21.157924,1
5-skew-three-planes,skew-xy-minus-0.030-xz-minus-0.060-yz-plus-0.090,1-cheap-pbe-atoms-relaxed,5-skew-three-planes/skew-xy-minus-0.030-xz-minus-0.060-yz-plus-0.090/1-cheap-pbe-atoms-relaxed,11.346172820578163,4.4209571892217525e-08,0.00045004424936068155,0.005850044726823822,0.09180000811687741,-0.060000005305148575,-0.03000000265257435,0.08061046275856329,0.09180000811687741,,,,550,PBE,172,8,-17.939785,7
5-skew-three-planes,skew-xy-minus-0.030-xz-minus-0.060-yz-plus-0.090,2-accurate-hse06-atoms-fixed,5-skew-three-planes/skew-xy-minus-0.030-xz-minus-0.060-yz-plus-0.090/2-accurate-hse06-atoms-fixed,11.346172820578163,4.4209571892217525e-08,0.00045004424936068155,0.005850044726823822,0.09180000811687741,-0.060000005305148575,-0.03000000265257435,0.08061046275856329,0.09180000811687741,.TRUE.,0.27,,550,HSE,172,8,-21.067226,1
5-skew-three-planes,skew-xy-minus-0.030-xz-minus-0.090-yz-minus-0.030,1-cheap-pbe-atoms-relaxed,5-skew-three-planes/skew-xy-minus-0.030-xz-minus-0.090-yz-minus-0.030/1-cheap-pbe-atoms-relaxed,11.346172820578163,4.4209571892217525e-08,0.0004500442493604595,0.004500044607458009,-0.02730000241384267,-0.09000000795772292,-0.03000000265257424,0.0699506883666464,0.09000000795772292,,,,550,PBE,172,8,-17.982662,5
5-skew-three-planes,skew-xy-minus-0.030-xz-minus-0.090-yz-minus-0.030,2-accurate-hse06-atoms-fixed,5-skew-three-planes/skew-xy-minus-0.030-xz-minus-0.090-yz-minus-0.030/2-accurate-hse06-atoms-fixed,11.346172820578163,4.4209571892217525e-08,0.0004500442493604595,0.004500044607458009,-0.02730000241384267,-0.09000000795772292,-0.03000000265257424,0.0699506883666464,0.09000000795772292,.TRUE.,0.27,,550,HSE,172,8,-21.112287,1
5-skew-three-planes,skew-xy-minus-0.030-xz-minus-0.090-yz-minus-0.060,1-cheap-pbe-atoms-relaxed,5-skew-three-planes/skew-xy-minus-0.030-xz-minus-0.090-yz-minus-0.060/1-cheap-pbe-atoms-relaxed,11.346172820578163,4.4209571892217525e-08,0.0004500442493604595,0.005850044726823822,-0.05730000506641697,-0.09000000795772292,-0.03000000265257424,0.07858798667234201,0.09000000795772292,,,,550,PBE,172,8,-17.926629,12
5-skew-three-planes,skew-xy-minus-0.030-xz-minus-0.090-yz-minus-0.060,2-accurate-hse06-atoms-fixed,5-skew-three-planes/skew-xy-minus-0.030-xz-minus-0.090-yz-minus-0.060/2-accurate-hse06-atoms-fixed,11.346172820578163,4.4209571892217525e-08,0.0004500442493604595,0.005850044726823822,-0.057300005066417026,-0.09000000795772292,-0.03000000265257424,0.07858798667234204,0.09000000795772292,.TRUE.,0.27,,550,HSE,172,8,-21.053897,1
5-skew-three-planes,skew-xy-minus-0.030-xz-minus-0.090-yz-minus-0.090,1-cheap-pbe-atoms-relaxed,5-skew-three-planes/skew-xy-minus-0.030-xz-minus-0.090-yz-minus-0.090/1-cheap-pbe-atoms-relaxed,11.346172820578163,4.4209571892217525e-08,0.0004500442493604595,0.008100044925766992,-0.08730000771899131,-0.09000000795772292,-0.03000000265257424,0.09152300113779091,0.09000000795772292,,,,550,PBE,172,8,-17.83552,6
5-skew-three-planes,skew-xy-minus-0.030-xz-minus-0.090-yz-minus-0.090,2-accurate-hse06-atoms-fixed,5-skew-three-planes/skew-xy-minus-0.030-xz-minus-0.090-yz-minus-0.090/2-accurate-hse06-atoms-fixed,11.346172820578163,4.4209571892217525e-08,0.0004500442493604595,0.008100044925766992,-0.08730000771899131,-0.09000000795772292,-0.03000000265257424,0.09152300113779091,0.09000000795772292,.TRUE.,0.27,,550,HSE,172,8,-20.958873,1
5-skew-three-planes,skew-xy-minus-0.030-xz-minus-0.090-yz-plus-0.030,1-cheap-pbe-atoms-relaxed,5-skew-three-planes/skew-xy-minus-0.030-xz-minus-0.090-yz-plus-0.030/1-cheap-pbe-atoms-relaxed,11.346172820578163,4.4209571892217525e-08,0.0004500442493604595,0.004500044607458009,0.03270000289130591,-0.09000000795772292,-0.03000000265257424,0.07109921822084601,0.09000000795772292,,,,550,PBE,172,8,-17.989355,10
5-skew-three-planes,skew-xy-minus-0.030-xz-minus-0.090-yz-plus-0.030,2-accurate-hse06-atoms-fixed,5-skew-three-planes/skew-xy-minus-0.030-xz-minus-0.090-yz-plus-0.030/2-accurate-hse06-atoms-fixed,11.346172820578163,4.4209571892217525e-08,0.0004500442493604595,0.004500044607458009,0.03270000289130591,-0.09000000795772292,-0.03000000265257424,0.07109921822084601,0.09000000795772292,.TRUE.,0.27,,550,HSE,172,8,-21.119075,1
5-skew-three-planes,skew-xy-minus-0.030-xz-minus-0.090-yz-plus-0.060,1-cheap-pbe-atoms-relaxed,5-skew-three-planes/skew-xy-minus-0.030-xz-minus-0.090-yz-plus-0.060/1-cheap-pbe-atoms-relaxed,11.346172820578163,4.4209571892217525e-08,0.00045004424936068155,0.005850044726823822,0.06270000554388033,-0.09000000795772292,-0.03000000265257435,0.08062302218664232,0.09000000795772292,,,,550,PBE,172,8,-17.939923,7
5-skew-three-planes,skew-xy-minus-0.030-xz-minus-0.090-yz-plus-0.060,2-accurate-hse06-atoms-fixed,5-skew-three-planes/skew-xy-minus-0.030-xz-minus-0.090-yz-plus-0.060/2-accurate-hse06-atoms-fixed,11.346172820578163,4.4209571892217525e-08,0.00045004424936068155,0.005850044726823822,0.06270000554388033,-0.09000000795772292,-0.03000000265257435,0.08062302218664232,0.09000000795772292,.TRUE.,0.27,,550,HSE,172,8,-21.067362,1
5-skew-three-planes,skew-xy-minus-0.030-xz-minus-0.090-yz-plus-0.090,1-cheap-pbe-atoms-relaxed,5-skew-three-planes/skew-xy-minus-0.030-xz-minus-0.090-yz-plus-0.090/1-cheap-pbe-atoms-relaxed,11.346172820578163,4.4209571892217525e-08,0.00045004424936068155,0.008100044925766992,0.09270000819645463,-0.09000000795772294,-0.03000000265257435,0.09414063853199366,0.09270000819645463,,,,550,PBE,172,8,-17.855452,17
5-skew-three-planes,skew-xy-minus-0.030-xz-minus-0.090-yz-plus-0.090,2-accurate-hse06-atoms-fixed,5-skew-three-planes/skew-xy-minus-0.030-xz-minus-0.090-yz-plus-0.090/2-accurate-hse06-atoms-fixed,11.346172820578163,4.4209571892217525e-08,0.00045004424936068155,0.008100044925766992,0.09270000819645463,-0.09000000795772294,-0.03000000265257435,0.09414063853199366,0.09270000819645463,.TRUE.,0.27,,550,HSE,172,8,-20.979032,1
5-skew-three-planes,skew-xy-minus-0.030-xz-plus-0.030-yz-minus-0.030,1-cheap-pbe-atoms-relaxed,5-skew-three-planes/skew-xy-minus-0.030-xz-plus-0.030-yz-minus-0.030/1-cheap-pbe-atoms-relaxed,11.346172820578163,4.4209571892217525e-08,0.0004500442493604595,0.0009000442891491378,-0.030900002732151582,0.0300000026525743,-0.03000000265257424,0.037127050288552656,0.030900002732151582,,,,550,PBE,172,8,-18.130692,9
5-skew-three-planes,skew-xy-minus-0.030-xz-plus-0.030-yz-minus-0.030,2-accurate-hse06-atoms-fixed,5-skew-three-planes/skew-xy-minus-0.030-xz-plus-0.030-yz-minus-0.030/2-accurate-hse06-atoms-fixed,11.346172820578163,4.4209571892217525e-08,0.0004500442493604595,0.0009000442891491378,-0.030900002732151582,0.0300000026525743,-0.03000000265257424,0.037127050288552656,0.030900002732151582,.TRUE.,0.27,,550,HSE,172,8,-21.266476,1
5-skew-three-planes,skew-xy-minus-0.030-xz-plus-0.030-yz-minus-0.060,1-cheap-pbe-atoms-relaxed,5-skew-three-planes/skew-xy-minus-0.030-xz-plus-0.030-yz-minus-0.060/1-cheap-pbe-atoms-relaxed,11.346172820578163,4.4209571892217525e-08,0.0004500442493604595,0.0022500444085149507,-0.06090000538472588,0.030000002652574298,-0.03000000265257424,0.052532568248210655,0.06090000538472588,,,,550,PBE,172,8,-18.077862,11
5-skew-three-planes,skew-xy-minus-0.030-xz-plus-0.030-yz-minus-0.060,2-accurate-hse06-atoms-fixed,5-skew-three-planes/skew-xy-minus-0.030-xz-plus-0.030-yz-minus-0.060/2-accurate-hse06-atoms-fixed,11.346172820578163,4.4209571892217525e-08,0.0004500442493604595,0.0022500444085149507,-0.06090000538472594,0.030000002652574298,-0.03000000265257424,0.05253256824821069,0.06090000538472594,.TRUE.,0.27,,550,HSE,172,8,-21.211384,1
5-skew-three-planes,skew-xy-minus-0.030-xz-plus-0.030-yz-minus-0.090,1-cheap-pbe-atoms-relaxed,5-skew-three-planes/skew-xy-minus-0.030-xz-plus-0.030-yz-minus-0.090/1-cheap-pbe-atoms-relaxed,11.346172820578163,4.4209571892217525e-08,0.0004500442493604595,0.004500044607458009,-0.09090000803730021,0.030000002652574298,-0.03000000265257424,0.07107642950403835,0.09090000803730021,,,,550,PBE,172,8,-17.989182,5
5-skew-three-planes,skew-xy-minus-0.030-xz-plus-0.030-yz-minus-0.090,2-accurate-hse06-atoms-fixed,5-skew-three-planes/skew-xy-minus-0.030-xz-plus-0.030-yz-minus-0.090/2-accurate-hse06-atoms-fixed,11.346172820578163,4.4209571892217525e-08,0.0004500442493604595,0.004500044607458009,-0.09090000803730021,0.030000002652574298,-0.03000000265257424,0.07107642950403835,0.09090000803730021,.TRUE.,0.27,,550,HSE,172,8,-21.118901,1
5-skew-three-planes,skew-xy-minus-0.030-xz-plus-0.030-yz-plus-0.030,1-cheap-pbe-atoms-relaxed,5-skew-three-planes/skew-xy-minus-0.030-xz-plus-0.030-yz-plus-0.030/1-cheap-pbe-atoms-relaxed,11.346172820578163,4.4209571892217525e-08,0.0004500442493604595,0.0009000442891491378,0.029100002572997004,0.0300000026525743,-0.03000000265257424,0.03639255217183107,0.0300000026525743,,,,550,PBE,172,8,-18.128523,3
5-skew-three-planes,skew-xy-minus-0.030-xz-plus-0.030-yz-plus-0.030,2-accurate-hse06-atoms-fixed,5-skew-three-planes/skew-xy-minus-0.030-xz-plus-0.030-yz-plus-0.030/2-accurate-hse06-atoms-fixed,11.346172820578163,4.4209571892217525e-08,0.0004500442493604595,0.0009000442891491378,0.029100002572997004,0.0300000026525743,-0.03000000265257424,0.03639255217183107,0.0300000026525743,.TRUE.,0.27,,550,HSE,172,8,-21.264272,1
5-skew-three-planes,skew-xy-minus-0.030-xz-plus-0.030-yz-plus-0.090,1-cheap-pbe-atoms-relaxed,5-skew-three-planes/skew-xy-minus-0.030-xz-plus-0.030-yz-plus-0.090/1-cheap-pbe-atoms-relaxed,11.346172820578163,4.4209571892217525e-08,0.00045004424936068155,0.004500044607458009,0.08910000787814573,0.030000002652574295,-0.03000000265257435,0.06992752535586205,0.08910000787814573,,,,550,PBE,172,8,-17.982621,5
5-skew-three-planes,skew-xy-minus-0.030-xz-plus-0.030-yz-plus-0.090,2-accurate-hse06-atoms-fixed,5-skew-three-planes/skew-xy-minus-0.030-xz-plus-0.030-yz-plus-0.090/2-accurate-hse06-atoms-fixed,11.346172820578163,4.4209571892217525e-08,0.00045004424936068155,0.004500044607458009,0.08910000787814573,0.030000002652574295,-0.03000000265257435,0.06992752535586205,0.08910000787814573,.TRUE.,0.27,,550,HSE,172,8,-21.112244,1
5-skew-three-planes,skew-xy-minus-0.030-xz-plus-0.060-yz-minus-0.030,1-cheap-pbe-atoms-relaxed,5-skew-three-planes/skew-xy-minus-0.030-xz-plus-0.060-yz-minus-0.030/1-cheap-pbe-atoms-relaxed,11.346172820578163,4.4209571892217525e-08,0.0004500442493604595,0.0022500444085149507,-0.03180000281172882,0.06000000530514871,-0.03000000265257424,0.052544131232400954,0.06000000530514871,,,,550,PBE,172,8,-18.07792,10
5-skew-three-planes,skew-xy-minus-0.030-xz-plus-0.060-yz-minus-0.030,2-accurate-hse06-atoms-fixed,5-skew-three-planes/skew-xy-minus-0.030-xz-plus-0.060-yz-minus-0.030/2-accurate-hse06-atoms-fixed,11.346172820578163,4.4209571892217525e-08,0.0004500442493604595,0.0022500444085149507,-0.03180000281172882,0.06000000530514871,-0.03000000265257424,0.052544131232400954,0.06000000530514871,.TRUE.,0.27,,550,HSE,172,8,-21.211443,1
5-skew-three-planes,skew-xy-minus-0.030-xz-plus-0.060-yz-minus-0.060,1-cheap-pbe-atoms-relaxed,5-skew-three-planes/skew-xy-minus-0.030-xz-plus-0.060-yz-minus-0.060/1-cheap-pbe-atoms-relaxed,11.346172820578163,4.4209571892217525e-08,0.0004500442493604595,0.0036000445278807636,-0.061800005464303115,0.06000000530514871,-0.03000000265257424,0.06459708659073701,0.061800005464303115,,,,550,PBE,172,8,-18.02666,5
5-skew-three-planes,skew-xy-minus-0.030-xz-plus-0.060-yz-minus-0.060,2-accurate-hse06-atoms-fixed,5-skew-three-planes/skew-xy-minus-0.030-xz-plus-0.060-yz-minus-0.060/2-accurate-hse06-atoms-fixed,11.346172820578163,4.4209571892217525e-08,0.0004500442493604595,0.0036000445278807636,-0.06180000546430317,0.06000000530514871,-0.03000000265257424,0.06459708659073704,0.06180000546430317,.TRUE.,0.27,,550,HSE,172,8,-21.157924,1
5-skew-three-planes,skew-xy-minus-0.030-xz-plus-0.060-yz-minus-0.090,1-cheap-pbe-atoms-relaxed,5-skew-three-planes/skew-xy-minus-0.030-xz-plus-0.060-yz-minus-0.090/1-cheap-pbe-atoms-relaxed,11.346172820578163,4.4209571892217525e-08,0.0004500442493604595,0.005850044726823822,-0.09180000811687744,0.06000000530514871,-0.03000000265257424,0.08061046275856333,0.09180000811687744,,,,550,PBE,172,8,-17.939784,7
5-skew-three-planes,skew-xy-minus-0.030-xz-plus-0.060-yz-minus-0.090,2-accurate-hse06-atoms-fixed,5-skew-three-planes/skew-xy-minus-0.030-xz-plus-0.060-yz-minus-0.090/2-accurate-hse06-atoms-fixed,11.346172820578163,4.4209571892217525e-08,0.0004500442493604595,0.005850044726823822,-0.09180000811687744,0.06000000530514871,-0.03000000265257424,0.08061046275856333,0.09180000811687744,.TRUE.,0.27,,550,HSE,172,8,-21.067225,1
5-skew-three-planes,skew-xy-minus-0.030-xz-plus-0.060-yz-plus-0.030,1-cheap-pbe-atoms-relaxed,5-skew-three-planes/skew-xy-minus-0.030-xz-plus-0.060-yz-plus-0.030/1-cheap-pbe-atoms-relaxed,11.346172820578163,4.4209571892217525e-08,0.0004500442493604595,0.0022500444085149507,0.028200002493419772,0.06000000530514871,-0.03000000265257424,0.05150617155127368,0.06000000530514871,,,,550,PBE,172,8,-18.073515,5
5-skew-three-planes,skew-xy-minus-0.030-xz-plus-0.060-yz-plus-0.030,2-accurate-hse06-atoms-fixed,5-skew-three-planes/skew-xy-minus-0.030-xz-plus-0.060-yz-plus-0.030/2-accurate-hse06-atoms-fixed,11.346172820578163,4.4209571892217525e-08,0.0004500442493604595,0.0022500444085149507,0.028200002493419772,0.06000000530514871,-0.03000000265257424,0.05150617155127368,0.06000000530514871,.TRUE.,0.27,,550,HSE,172,8,-21.206967,1
5-skew-three-planes,skew-xy-minus-0.030-xz-plus-0.090-yz-minus-0.030,1-cheap-pbe-atoms-relaxed,5-skew-three-planes/skew-xy-minus-0.030-xz-plus-0.090-yz-minus-0.030/1-cheap-pbe-atoms-relaxed,11.346172820578163,4.4209571892217525e-08,0.0004500442493604595,0.004500044607458009,-0.03270000289130604,0.090000007957723,-0.03000000265257424,0.0710992182208461,0.090000007957723,,,,550,PBE,172,8,-17.989355,10
5-skew-three-planes,skew-xy-minus-0.030-xz-plus-0.090-yz-minus-0.030,2-accurate-hse06-atoms-fixed,5-skew-three-planes/skew-xy-minus-0.030-xz-plus-0.090-yz-minus-0.030/2-accurate-hse06-atoms-fixed,11.346172820578163,4.4209571892217525e-08,0.0004500442493604595,0.004500044607458009,-0.03270000289130604,0.090000007957723,-0.03000000265257424,0.0710992182208461,0.090000007957723,.TRUE.,0.27,,550,HSE,172,8,-21.119075,1
5-skew-three-planes,skew-xy-minus-0.030-xz-plus-0.090-yz-minus-0.060,1-cheap-pbe-atoms-relaxed,5-skew-three-planes/skew-xy-minus-0.030-xz-plus-0.090-yz-minus-0.060/1-cheap-pbe-atoms-relaxed,11.346172820578163,4.4209571892217525e-08,0.0004500442493604595,0.005850044726823822,-0.06270000554388033,0.090000007957723,-0.03000000265257424,0.08062302218664233,0.090000007957723,,,,550,PBE,172,8,-17.939923,7
5-skew-three-planes,skew-xy-minus-0.030-xz-plus-0.090-yz-minus-0.060,2-accurate-hse06-atoms-fixed,5-skew-three-planes/skew-xy-minus-0.030-xz-plus-0.090-yz-minus-0.060/2-accurate-hse06-atoms-fixed,11.346172820578163,4.4209571892217525e-08,0.0004500442493604595,0.005850044726823822,-0.06270000554388039,0.090000007957723,-0.03000000265257424,0.08062302218664234,0.090000007957723,.TRUE.,0.27,,550,HSE,172,8,-21.067363,1
5-skew-three-planes,skew-xy-minus-0.030-xz-plus-0.090-yz-minus-0.090,1-cheap-pbe-atoms-relaxed,5-skew-three-planes/skew-xy-minus-0.030-xz-plus-0.090-yz-minus-0.090/1-cheap-pbe-atoms-relaxed,11.346172820578163,4.4209571892217525e-08,0.0004500442493604595,0.008100044925766992,-0.09270000819645467,0.090000007957723,-0.03000000265257424,0.09414063853199368,0.09270000819645467,,,,550,PBE,172,8,-17.855452,17
5-skew-three-planes,skew-xy-minus-0.030-xz-plus-0.090-yz-minus-0.090,2-accurate-hse06-atoms-fixed,5-skew-three-planes/skew-xy-minus-0.030-xz-plus-0.090-yz-minus-0.090/2-accurate-hse06-atoms-fixed,11.346172820578163,4.4209571892217525e-08,0.0004500442493604595,0.008100044925766992,-0.09270000819645467,0.090000007957723,-0.03000000265257424,0.09414063853199368,0.09270000819645467,.TRUE.,0.27,,550,HSE,172,8,-20.979032,1
5-skew-three-planes,skew-xy-minus-0.030-xz-plus-0.090-yz-plus-0.030,1-cheap-pbe-atoms-relaxed,5-skew-three-planes/skew-xy-minus-0.030-xz-plus-0.090-yz-plus-0.030/1-cheap-pbe-atoms-relaxed,11.346172820578163,4.4209571892217525e-08,0.0004500442493604595,0.004500044607458009,0.027300002413842544,0.090000007957723,-0.03000000265257424,0.06995068836664645,0.090000007957723,,,,550,PBE,172,8,-17.982662,5
5-skew-three-planes,skew-xy-minus-0.030-xz-plus-0.090-yz-plus-0.030,2-accurate-hse06-atoms-fixed,5-skew-three-planes/skew-xy-minus-0.030-xz-plus-0.090-yz-plus-0.030/2-accurate-hse06-atoms-fixed,11.346172820578163,4.4209571892217525e-08,0.0004500442493604595,0.004500044607458009,0.027300002413842544,0.090000007957723,-0.03000000265257424,0.06995068836664645,0.090000007957723,.TRUE.,0.27,,550,HSE,172,8,-21.112287,1
5-skew-three-planes,skew-xy-minus-0.030-xz-plus-0.090-yz-plus-0.060,1-cheap-pbe-atoms-relaxed,5-skew-three-planes/skew-xy-minus-0.030-xz-plus-0.090-yz-plus-0.060/1-cheap-pbe-atoms-relaxed,11.346172820578163,4.4209571892217525e-08,0.00045004424936068155,0.005850044726823822,0.057300005066416956,0.090000007957723,-0.03000000265257435,0.07858798667234208,0.090000007957723,,,,550,PBE,172,8,-17.926628,12
5-skew-three-planes,skew-xy-minus-0.030-xz-plus-0.090-yz-plus-0.060,2-accurate-hse06-atoms-fixed,5-skew-three-planes/skew-xy-minus-0.030-xz-plus-0.090-yz-plus-0.060/2-accurate-hse06-atoms-fixed,11.346172820578163,4.4209571892217525e-08,0.00045004424936068155,0.005850044726823822,0.057300005066416956,0.090000007957723,-0.03000000265257435,0.07858798667234208,0.090000007957723,.TRUE.,0.27,,550,HSE,172,8,-21.053897,1
5-skew-three-planes,skew-xy-minus-0.030-xz-plus-0.090-yz-plus-0.090,1-cheap-pbe-atoms-relaxed,5-skew-three-planes/skew-xy-minus-0.030-xz-plus-0.090-yz-plus-0.090/1-cheap-pbe-atoms-relaxed,11.346172820578163,4.4209571892217525e-08,0.00045004424936068155,0.008100044925766992,0.08730000771899127,0.09000000795772299,-0.03000000265257435,0.09152300113779095,0.09000000795772299,,,,550,PBE,172,8,-17.83552,6
5-skew-three-planes,skew-xy-minus-0.030-xz-plus-0.090-yz-plus-0.090,2-accurate-hse06-atoms-fixed,5-skew-three-planes/skew-xy-minus-0.030-xz-plus-0.090-yz-plus-0.090/2-accurate-hse06-atoms-fixed,11.346172820578163,4.4209571892217525e-08,0.00045004424936068155,0.008100044925766992,0.08730000771899127,0.09000000795772299,-0.03000000265257435,0.09152300113779095,0.09000000795772299,.TRUE.,0.27,,550,HSE,172,8,-20.958874,1
5-skew-three-planes,skew-xy-minus-0.060-xz-minus-0.030-yz-minus-0.030,1-cheap-pbe-atoms-relaxed,5-skew-three-planes/skew-xy-minus-0.060-xz-minus-0.030-yz-minus-0.030/1-cheap-pbe-atoms-relaxed,11.346172820578163,4.4209571892217525e-08,0.0018000443687262724,0.0009000442891491378,-0.028200002493419897,-0.030000002652574267,-0.06000000530514854,0.05149437549533318,0.06000000530514854,,,,550,PBE,172,8,-18.07344,5
5-skew-three-planes,skew-xy-minus-0.060-xz-minus-0.030-yz-minus-0.030,2-accurate-hse06-atoms-fixed,5-skew-three-planes/skew-xy-minus-0.060-xz-minus-0.030-yz-minus-0.030/2-accurate-hse06-atoms-fixed,11.346172820578163,4.4209571892217525e-08,0.0018000443687262724,0.0009000442891491378,-0.028200002493419897,-0.030000002652574267,-0.06000000530514854,0.05149437549533318,0.06000000530514854,.TRUE.,0.27,,550,HSE,172,8,-21.20689,1
5-skew-three-planes,skew-xy-minus-0.060-xz-minus-0.030-yz-minus-0.090,1-cheap-pbe-atoms-relaxed,5-skew-three-planes/skew-xy-minus-0.060-xz-minus-0.030-yz-minus-0.090/1-cheap-pbe-atoms-relaxed,11.346172820578163,4.4209571892217525e-08,0.0018000443687262724,0.004500044607458009,-0.08820000779856853,-0.03000000265257427,-0.06000000530514854,0.07850548800510944,0.08820000779856853,,,,550,PBE,172,8,-17.925991,8
5-skew-three-planes,skew-xy-minus-0.060-xz-minus-0.030-yz-minus-0.090,2-accurate-hse06-atoms-fixed,5-skew-three-planes/skew-xy-minus-0.060-xz-minus-0.030-yz-minus-0.090/2-accurate-hse06-atoms-fixed,11.346172820578163,4.4209571892217525e-08,0.0018000443687262724,0.004500044607458009,-0.08820000779856853,-0.03000000265257427,-0.06000000530514854,0.07850548800510944,0.08820000779856853,.TRUE.,0.27,,550,HSE,172,8,-21.053251,1
5-skew-three-planes,skew-xy-minus-0.060-xz-minus-0.030-yz-plus-0.030,1-cheap-pbe-atoms-relaxed,5-skew-three-planes/skew-xy-minus-0.060-xz-minus-0.030-yz-plus-0.030/1-cheap-pbe-atoms-relaxed,11.346172820578163,4.4209571892217525e-08,0.0018000443687262724,0.0009000442891491378,0.031800002811728685,-0.030000002652574267,-0.06000000530514854,0.05253256824821057,0.06000000530514854,,,,550,PBE,172,8,-18.077851,10
5-skew-three-planes,skew-xy-minus-0.060-xz-minus-0.030-yz-plus-0.030,2-accurate-hse06-atoms-fixed,5-skew-three-planes/skew-xy-minus-0.060-xz-minus-0.030-yz-plus-0.030/2-accurate-hse06-atoms-fixed,11.346172820578163,4.4209571892217525e-08,0.0018000443687262724,0.0009000442891491378,0.031800002811728685,-0.030000002652574267,-0.06000000530514854,0.05253256824821057,0.06000000530514854,.TRUE.,0.27,,550,HSE,172,8,-21.211373,1
5-skew-three-planes,skew-xy-minus-0.060-xz-minus-0.030-yz-plus-0.060,1-cheap-pbe-atoms-relaxed,5-skew-three-planes/skew-xy-minus-0.060-xz-minus-0.030-yz-plus-0.060/1-cheap-pbe-atoms-relaxed,11.346172820578163,4.4209571892217525e-08,0.0018000443687264944,0.0022500444085149507,0.061800005464303094,-0.03000000265257427,-0.06000000530514865,0.06455945782882427,0.061800005464303094,,,,550,PBE,172,8,-18.026366,5
5-skew-three-planes,skew-xy-minus-0.060-xz-minus-0.030-yz-plus-0.060,2-accurate-hse06-atoms-fixed,5-skew-three-planes/skew-xy-minus-0.060-xz-minus-0.030-yz-plus-0.060/2-accurate-hse06-atoms-fixed,11.346172820578163,4.4209571892217525e-08,0.0018000443687264944,0.0022500444085149507,0.061800005464303094,-0.03000000265257427,-0.06000000530514865,0.06455945782882427,0.061800005464303094,.TRUE.,0.27,,550,HSE,172,8,-21.157626,1
5-skew-three-planes,skew-xy-minus-0.060-xz-minus-0.030-yz-plus-0.090,1-cheap-pbe-atoms-relaxed,5-skew-three-planes/skew-xy-minus-0.060-xz-minus-0.030-yz-plus-0.090/1-cheap-pbe-atoms-relaxed,11.346172820578163,4.4209571892217525e-08,0.0018000443687264944,0.004500044607458009,0.09180000811687741,-0.030000002652574274,-0.06000000530514865,0.08054260800480696,0.09180000811687741,,,,550,PBE,172,8,-17.93915,7
5-skew-three-planes,skew-xy-minus-0.060-xz-minus-0.030-yz-plus-0.090,2-accurate-hse06-atoms-fixed,5-skew-three-planes/skew-xy-minus-0.060-xz-minus-0.030-yz-plus-0.090/2-accurate-hse06-atoms-fixed,11.346172820578163,4.4209571892217525e-08,0.0018000443687264944,0.004500044607458009,0.09180000811687741,-0.030000002652574274,-0.06000000530514865,0.08054260800480696,0.09180000811687741,.TRUE.,0.27,,550,HSE,172,8,-21.066585,1
5-skew-three-planes,skew-xy-minus-0.060-xz-minus-0.060-yz-minus-0.060,1-cheap-pbe-atoms-relaxed,5-skew-three-planes/skew-xy-minus-0.060-xz-minus-0.060-yz-minus-0.060/1-cheap-pbe-atoms-relaxed,11.346172820578163,4.4209571892217525e-08,0.0018000443687262724,0.0036000445278807636,-0.05640000498683974,-0.06000000530514861,-0.06000000530514854,0.07215733779879696,0.06000000530514861,,,,550,PBE,172,8,-17.96002,12
5-skew-three-planes,skew-xy-minus-0.060-xz-minus-0.060-yz-minus-0.060,2-accurate-hse06-atoms-fixed,5-skew-three-planes/skew-xy-minus-0.060-xz-minus-0.060-yz-minus-0.060/2-accurate-hse06-atoms-fixed,11.346172820578163,4.420957211426213e-08,0.0018000443687263834,0.0036000445278807636,-0.05640000498683979,-0.060000005305148624,-0.060000005305148665,0.07215733779879704,0.060000005305148665,.TRUE.,0.27,,550,HSE,172,8,-21.08878,1
5-skew-three-planes,skew-xy-minus-0.060-xz-minus-0.060-yz-minus-0.090,1-cheap-pbe-atoms-relaxed,5-skew-three-planes/skew-xy-minus-0.060-xz-minus-0.060-yz-minus-0.090/1-cheap-pbe-atoms-relaxed,11.346172820578163,4.4209571892217525e-08,0.0018000443687262724,0.005850044726823822,-0.08640000763941408,-0.06000000530514861,-0.06000000530514854,0.08584838076341592,0.08640000763941408,,,,550,PBE,172,8,-17.86697,9
5-skew-three-planes,skew-xy-minus-0.060-xz-minus-0.060-yz-minus-0.090,2-accurate-hse06-atoms-fixed,5-skew-three-planes/skew-xy-minus-0.060-xz-minus-0.060-yz-minus-0.090/2-accurate-hse06-atoms-fixed,11.346172820578163,4.420957211426213e-08,0.0018000443687263834,0.005850044726823822,-0.08640000763941406,-0.060000005305148624,-0.060000005305148665,0.08584838076341596,0.08640000763941406,.TRUE.,0.27,,550,HSE,172,8,-20.991818,1
5-skew-three-planes,skew-xy-minus-0.060-xz-minus-0.060-yz-plus-0.030,1-cheap-pbe-atoms-relaxed,5-skew-three-planes/skew-xy-minus-0.060-xz-minus-0.060-yz-plus-0.030/1-cheap-pbe-atoms-relaxed,11.346172820578163,4.4209571892217525e-08,0.0018000443687262724,0.0022500444085149507,0.03360000297088314,-0.06000000530514861,-0.06000000530514854,0.06459708659073692,0.06000000530514861,,,,550,PBE,172,8,-18.026546,5
5-skew-three-planes,skew-xy-minus-0.060-xz-minus-0.060-yz-plus-0.030,2-accurate-hse06-atoms-fixed,5-skew-three-planes/skew-xy-minus-0.060-xz-minus-0.060-yz-plus-0.030/2-accurate-hse06-atoms-fixed,11.346172820578163,4.420957211426213e-08,0.0018000443687263834,0.0022500444085149507,0.03360000297088315,-0.060000005305148624,-0.060000005305148665,0.06459708659073699,0.060000005305148665,.TRUE.,0.27,,550,HSE,172,8,-21.157807,1
5-skew-three-planes,skew-xy-minus-0.060-xz-minus-0.060-yz-plus-0.060,1-cheap-pbe-atoms-relaxed,5-skew-three-planes/skew-xy-minus-0.060-xz-minus-0.060-yz-plus-0.060/1-cheap-pbe-atoms-relaxed,11.346172820578163,4.4209571892217525e-08,0.0018000443687264944,0.0036000445278807636,0.06360000562345756,-0.06000000530514862,-0.06000000530514865,0.07509115443648369,0.06360000562345756,,,,550,PBE,172,8,-17.977697,6
5-skew-three-planes,skew-xy-minus-0.060-xz-minus-0.060-yz-plus-0.060,2-accurate-hse06-atoms-fixed,5-skew-three-planes/skew-xy-minus-0.060-xz-minus-0.060-yz-plus-0.060/2-accurate-hse06-atoms-fixed,11.346172820578163,4.420957211426213e-08,0.0018000443687266054,0.0036000445278807636,0.06360000562345756,-0.06000000530514863,-0.060000005305148776,0.07509115443648375,0.06360000562345756,.TRUE.,0.27,,550,HSE,172,8,-21.106702,1
5-skew-three-planes,skew-xy-minus-0.060-xz-minus-0.060-yz-plus-0.090,1-cheap-pbe-atoms-relaxed,5-skew-three-planes/skew-xy-minus-0.060-xz-minus-0.060-yz-plus-0.090/1-cheap-pbe-atoms-relaxed,11.346172820578163,4.4209571892217525e-08,0.0018000443687264944,0.005850044726823822,0.09360000827603186,-0.06000000530514862,-0.06000000530514865,0.08954297624209091,0.09360000827603186,,,,550,PBE,172,8,-17.893415,5
5-skew-three-planes,skew-xy-minus-0.060-xz-minus-0.060-yz-plus-0.090,2-accurate-hse06-atoms-fixed,5-skew-three-planes/skew-xy-minus-0.060-xz-minus-0.060-yz-plus-0.090/2-accurate-hse06-atoms-fixed,11.346172820578163,4.420957211426213e-08,0.0018000443687266054,0.005850044726823822,0.09360000827603188,-0.06000000530514863,-0.060000005305148776,0.08954297624209097,0.09360000827603188,.TRUE.,0.27,,550,HSE,172,8,-21.018586,1
5-skew-three-planes,skew-xy-minus-0.060-xz-minus-0.090-yz-minus-0.030,1-cheap-pbe-atoms-relaxed,5-skew-three-planes/skew-xy-minus-0.060-xz-minus-0.090-yz-minus-0.030/1-cheap-pbe-atoms-relaxed,11.346172820578163,4.4209571892217525e-08,0.0018000443687262724,0.004500044607458009,-0.02460000217511098,-0.09000000795772292,-0.06000000530514854,0.078587986672342,0.09000000795772292,,,,550,PBE,172,8,-17.92627,12
5-skew-three-planes,skew-xy-minus-0.060-xz-minus-0.090-yz-minus-0.030,2-accurate-hse06-atoms-fixed,5-skew-three-planes/skew-xy-minus-0.060-xz-minus-0.090-yz-minus-0.030/2-accurate-hse06-atoms-fixed,11.346172820578163,4.4209571892217525e-08,0.0018000443687262724,0.004500044607458009,-0.02460000217511098,-0.09000000795772292,-0.06000000530514854,0.078587986672342,0.09000000795772292,.TRUE.,0.27,,550,HSE,172,8,-21.053534,1
5-skew-three-planes,skew-xy-minus-0.060-xz-minus-0.090-yz-minus-0.060,1-cheap-pbe-atoms-relaxed,5-skew-three-planes/skew-xy-minus-0.060-xz-minus-0.090-yz-minus-0.060/1-cheap-pbe-atoms-relaxed,11.346172820578163,4.4209571892217525e-08,0.0018000443687262724,0.005850044726823822,-0.05460000482768528,-0.09000000795772292,-0.06000000530514854,0.08589554401208963,0.09000000795772292,,,,550,PBE,172,8,-17.867056,8
5-skew-three-planes,skew-xy-minus-0.060-xz-minus-0.090-yz-minus-0.060,2-accurate-hse06-atoms-fixed,5-skew-three-planes/skew-xy-minus-0.060-xz-minus-0.090-yz-minus-0.060/2-accurate-hse06-atoms-fixed,11.346172820578163,4.4209571892217525e-08,0.0018000443687262724,0.005850044726823822,-0.05460000482768534,-0.09000000795772292,-0.06000000530514854,0.08589554401208964,0.09000000795772292,.TRUE.,0.27,,550,HSE,172,8,-20.991907,1
5-skew-three-planes,skew-xy-minus-0.060-xz-minus-0.090-yz-minus-0.090,1-cheap-pbe-atoms-relaxed,5-skew-three-planes/skew-xy-minus-0.060-xz-minus-0.090-yz-minus-0.090/1-cheap-pbe-atoms-relaxed,11.346172820578163,4.4209571892217525e-08,0.0018000443687262724,0.008100044925766992,-0.08460000748025961,-0.09000000795772292,-0.06000000530514854,0.09745477184245416,0.09000000795772292,,,,550,PBE,172,8,-17.77302,9
5-skew-three-planes,skew-xy-minus-0.060-xz-minus-0.090-yz-minus-0.090,2-accurate-hse06-atoms-fixed,5-skew-three-planes/skew-xy-minus-0.060-xz-minus-0.090-yz-minus-0.090/2-accurate-hse06-atoms-fixed,11.346172820578163,4.4209571892217525e-08,0.0018000443687262724,0.008100044925766992,-0.08460000748025961,-0.09000000795772292,-0.06000000530514854,0.09745477184245416,0.09000000795772292,.TRUE.,0.27,,550,HSE,172,8,-20.893905,1
5-skew-three-planes,skew-xy-minus-0.060-xz-minus-0.090-yz-plus-0.030,1-cheap-pbe-atoms-relaxed,5-skew-three-planes/skew-xy-minus-0.060-xz-minus-0.090-yz-plus-0.030/1-cheap-pbe-atoms-relaxed,11.346172820578163,4.4209571892217525e-08,0.0018000443687262724,0.004500044607458009,0.0354000031300376,-0.09000000795772292,-0.06000000530514854,0.08062302218664225,0.09000000795772292,,,,550,PBE,172,8,-17.939679,7
5-skew-three-planes,skew-xy-minus-0.060-xz-minus-0.090-yz-plus-0.030,2-accurate-hse06-atoms-fixed,5-skew-three-planes/skew-xy-minus-0.060-xz-minus-0.090-yz-plus-0.030/2-accurate-hse06-atoms-fixed,11.346172820578163,4.4209571892217525e-08,0.0018000443687262724,0.004500044607458009,0.0354000031300376,-0.09000000795772292,-0.06000000530514854,0.08062302218664225,0.09000000795772292,.TRUE.,0.27,,550,HSE,172,8,-21.067116,1
5-skew-three-planes,skew-xy-minus-0.060-xz-minus-0.090-yz-plus-0.060,1-cheap-pbe-atoms-relaxed,5-skew-three-planes/skew-xy-minus-0.060-xz-minus-0.090-yz-plus-0.060/1-cheap-pbe-atoms-relaxed,11.346172820578163,4.4209571892217525e-08,0.0018000443687264944,0.005850044726823822,0.06540000578261201,-0.09000000795772292,-0.06000000530514865,0.08958819451090666,0.09000000795772292,,,,550,PBE,172,8,-17.893821,7
5-skew-three-planes,skew-xy-minus-0.060-xz-minus-0.090-yz-plus-0.060,2-accurate-hse06-atoms-fixed,5-skew-three-planes/skew-xy-minus-0.060-xz-minus-0.090-yz-plus-0.060/2-accurate-hse06-atoms-fixed,11.346172820578163,4.4209571892217525e-08,0.0018000443687264944,0.005850044726823822,0.06540000578261201,-0.09000000795772292,-0.06000000530514865,0.08958819451090666,0.09000000795772292,.TRUE.,0.27,,550,HSE,172,8,-21.01899,1
5-skew-three-planes,skew-xy-minus-0.060-xz-minus-0.090-yz-plus-0.090,1-cheap-pbe-atoms-relaxed,5-skew-three-planes/skew-xy-minus-0.060-xz-minus-0.090-yz-plus-0.090/1-cheap-pbe-atoms-relaxed,11.346172820578163,4.4209571892217525e-08,0.0018000443687264944,0.008100044925766992,0.09540000843518633,-0.09000000795772294,-0.06000000530514865,0.10232024592792778,0.09540000843518633,,,,550,PBE,172,8,-17.813012,10
5-skew-three-planes,skew-xy-minus-0.060-xz-minus-0.090-yz-plus-0.090,2-accurate-hse06-atoms-fixed,5-skew-three-planes/skew-xy-minus-0.060-xz-minus-0.090-yz-plus-0.090/2-accurate-hse06-atoms-fixed,11.346172820578163,4.4209571892217525e-08,0.0018000443687264944,0.008100044925766992,0.09540000843518633,-0.09000000795772294,-0.06000000530514865,0.10232024592792778,0.09540000843518633,.TRUE.,0.27,,550,HSE,172,8,-20.934294,1
5-skew-three-planes,skew-xy-minus-0.060-xz-plus-0.030-yz-minus-0.030,1-cheap-pbe-atoms-relaxed,5-skew-three-planes/skew-xy-minus-0.060-xz-plus-0.030-yz-minus-0.030/1-cheap-pbe-atoms-relaxed,11.346172820578163,4.4209571892217525e-08,0.0018000443687262724,0.0009000442891491378,-0.03180000281172882,0.030000002652574315,-0.06000000530514854,0.05253256824821063,0.06000000530514854,,,,550,PBE,172,8,-18.077851,10
5-skew-three-planes,skew-xy-minus-0.060-xz-plus-0.030-yz-minus-0.030,2-accurate-hse06-atoms-fixed,5-skew-three-planes/skew-xy-minus-0.060-xz-plus-0.030-yz-minus-0.030/2-accurate-hse06-atoms-fixed,11.346172820578163,4.420957211426213e-08,0.0018000443687263834,0.0009000442891491378,-0.03180000281172882,0.030000002652574322,-0.060000005305148665,0.052532568248210704,0.060000005305148665,.TRUE.,0.27,,550,HSE,172,8,-21.211373,1
5-skew-three-planes,skew-xy-minus-0.060-xz-plus-0.030-yz-minus-0.060,1-cheap-pbe-atoms-relaxed,5-skew-three-planes/skew-xy-minus-0.060-xz-plus-0.030-yz-minus-0.060/1-cheap-pbe-atoms-relaxed,11.346172820578163,4.4209571892217525e-08,0.0018000443687262724,0.0022500444085149507,-0.06180000546430311,0.030000002652574312,-0.06000000530514854,0.06455945782882423,0.06180000546430311,,,,550,PBE,172,8,-18.026366,5
5-skew-three-planes,skew-xy-minus-0.060-xz-plus-0.030-yz-minus-0.060,2-accurate-hse06-atoms-fixed,5-skew-three-planes/skew-xy-minus-0.060-xz-plus-0.030-yz-minus-0.060/2-accurate-hse06-atoms-fixed,11.346172820578163,4.420957211426213e-08,0.0018000443687263834,0.0022500444085149507,-0.06180000546430317,0.03000000265257432,-0.060000005305148665,0.06455945782882432,0.06180000546430317,.TRUE.,0.27,,550,HSE,172,8,-21.157626,1
5-skew-three-planes,skew-xy-minus-0.060-xz-plus-0.030-yz-minus-0.090,1-cheap-pbe-atoms-relaxed,5-skew-three-planes/skew-xy-minus-0.060-xz-plus-0.030-yz-minus-0.090/1-cheap-pbe-atoms-relaxed,11.346172820578163,4.4209571892217525e-08,0.0018000443687262724,0.004500044607458009,-0.09180000811687744,0.030000002652574312,-0.06000000530514854,0.08054260800480695,0.09180000811687744,,,,550,PBE,172,8,-17.93915,7
5-skew-three-planes,skew-xy-minus-0.060-xz-plus-0.030-yz-minus-0.090,2-accurate-hse06-atoms-fixed,5-skew-three-planes/skew-xy-minus-0.060-xz-plus-0.030-yz-minus-0.090/2-accurate-hse06-atoms-fixed,11.346172820578163,4.420957211426213e-08,0.0018000443687263834,0.004500044607458009,-0.09180000811687744,0.03000000265257432,-0.060000005305148665,0.08054260800480699,0.09180000811687744,.TRUE.,0.27,,550,HSE,172,8,-21.066585,1
5-skew-three-planes,skew-xy-minus-0.060-xz-plus-0.030-yz-plus-0.030,1-cheap-pbe-atoms-relaxed,5-skew-three-planes/skew-xy-minus-0.060-xz-plus-0.030-yz-plus-0.030/1-cheap-pbe-atoms-relaxed,11.346172820578163,4.4209571892217525e-08,0.0018000443687262724,0.0009000442891491378,0.028200002493419776,0.030000002652574315,-0.06000000530514854,0.05149437549533316,0.06000000530514854,,,,550,PBE,172,8,-18.07344,5
5-skew-three-planes,skew-xy-minus-0.060-xz-plus-0.030-yz-plus-0.030,2-accurate-hse06-atoms-fixed,5-skew-three-planes/skew-xy-minus-0.060-xz-plus-0.030-yz-plus-0.030/2-accurate-hse06-atoms-fixed,11.346172820578163,4.420957211426213e-08,0.0018000443687263834,0.0009000442891491378,0.028200002493419772,0.030000002652574322,-0.060000005305148665,0.051494375495333235,0.060000005305148665,.TRUE.,0.27,,550,HSE,172,8,-21.20689,1
5-skew-three-planes,skew-xy-minus-0.060-xz-plus-0.030-yz-plus-0.090,1-cheap-pbe-atoms-relaxed,5-skew-three-planes/skew-xy-minus-0.060-xz-plus-0.030-yz-plus-0.090/1-cheap-pbe-atoms-relaxed,11.346172820578163,4.4209571892217525e-08,0.0018000443687264944,0.004500044607458009,0.0882000077985685,0.03000000265257431,-0.06000000530514865,0.07850548800510948,0.0882000077985685,,,,550,PBE,172,8,-17.92599,8
5-skew-three-planes,skew-xy-minus-0.060-xz-plus-0.030-yz-plus-0.090,2-accurate-hse06-atoms-fixed,5-skew-three-planes/skew-xy-minus-0.060-xz-plus-0.030-yz-plus-0.090/2-accurate-hse06-atoms-fixed,11.346172820578163,4.420957211426213e-08,0.0018000443687266054,0.004500044607458009,0.0882000077985685,0.030000002652574315,-0.060000005305148776,0.07850548800510954,0.0882000077985685,.TRUE.,0.27,,550,HSE,172,8,-21.053251,1
5-skew-three-planes,skew-xy-minus-0.060-xz-plus-0.060-yz-minus-0.030,1-cheap-pbe-atoms-relaxed,5-skew-three-planes/skew-xy-minus-0.060-xz-plus-0.060-yz-minus-0.030/1-cheap-pbe-atoms-relaxed,11.346172820578163,4.420957211426213e-08,0.0018000443687263834,0.0022500444085149507,-0.03360000297088328,0.060000005305148735,-0.060000005305148665,0.06459708659073707,0.060000005305148735,,,,550,PBE,172,8,-18.026546,5
5-skew-three-planes,skew-xy-minus-0.060-xz-plus-0.060-yz-minus-0.030,2-accurate-hse06-atoms-fixed,5-skew-three-planes/skew-xy-minus-0.060-xz-plus-0.060-yz-minus-0.030/2-accurate-hse06-atoms-fixed,11.346172820578163,4.420957211426213e-08,0.0018000443687263834,0.0022500444085149507,-0.03360000297088328,0.060000005305148735,-0.060000005305148665,0.06459708659073707,0.060000005305148735,.TRUE.,0.27,,550,HSE,172,8,-21.157807,1
5-skew-three-planes,skew-xy-minus-0.060-xz-plus-0.060-yz-minus-0.060,1-cheap-pbe-atoms-relaxed,5-skew-three-planes/skew-xy-minus-0.060-xz-plus-0.060-yz-minus-0.060/1-cheap-pbe-atoms-relaxed,11.346172820578163,4.420957211426213e-08,0.0018000443687263834,0.0036000445278807636,-0.06360000562345758,0.060000005305148735,-0.060000005305148665,0.07509115443648375,0.06360000562345758,,,,550,PBE,172,8,-17.977697,6
5-skew-three-planes,skew-xy-minus-0.060-xz-plus-0.060-yz-minus-0.060,2-accurate-hse06-atoms-fixed,5-skew-three-planes/skew-xy-minus-0.060-xz-plus-0.060-yz-minus-0.060/2-accurate-hse06-atoms-fixed,11.346172820578163,4.420957211426213e-08,0.0018000443687263834,0.0036000445278807636,-0.06360000562345763,0.060000005305148735,-0.060000005305148665,0.07509115443648377,0.06360000562345763,.TRUE.,0.27,,550,HSE,172,8,-21.106702,1
5-skew-three-planes,skew-xy-minus-0.060-xz-plus-0.060-yz-minus-0.090,1-cheap-pbe-atoms-relaxed,5-skew-three-planes/skew-xy-minus-0.060-xz-plus-0.060-yz-minus-0.090/1-cheap-pbe-atoms-relaxed,11.346172820578163,4.420957211426213e-08,0.0018000443687263834,0.005850044726823822,-0.09360000827603192,0.060000005305148735,-0.060000005305148665,0.089542976242091,0.09360000827603192,,,,550,PBE,172,8,-17.893414,5
5-skew-three-planes,skew-xy-minus-0.060-xz-plus-0.060-yz-minus-0.090,2-accurate-hse06-atoms-fixed,5-skew-three-planes/skew-xy-minus-0.060-xz-plus-0.060-yz-minus-0.090/2-accurate-hse06-atoms-fixed,11.346172820578163,4.420957211426213e-08,0.0018000443687263834,0.005850044726823822,-0.09360000827603192,0.060000005305148735,-0.060000005305148665,0.089542976242091,0.09360000827603192,.TRUE.,0.27,,550,HSE,172,8,-21.018586,1
5-skew-three-planes,skew-xy-minus-0.060-xz-plus-0.060-yz-plus-0.060,1-cheap-pbe-atoms-relaxed,5-skew-three-planes/skew-xy-minus-0.060-xz-plus-0.060-yz-plus-0.060/1-cheap-pbe-atoms-relaxed,11.346172820578163,4.420957211426213e-08,0.0018000443687266054,0.0036000445278807636,0.05640000498683972,0.06000000530514873,-0.060000005305148776,0.07215733779879711,0.060000005305148776,,,,550,PBE,172,8,-17.96002,12
5-skew-three-planes,skew-xy-minus-0.060-xz-plus-0.060-yz-plus-0.060,2-accurate-hse06-atoms-fixed,5-skew-three-planes/skew-xy-minus-0.060-xz-plus-0.060-yz-plus-0.060/2-accurate-hse06-atoms-fixed,11.346172820578163,4.420957211426213e-08,0.0018000443687266054,0.0036000445278807636,0.05640000498683972,0.06000000530514873,-0.060000005305148776,0.07215733779879711,0.060000005305148776,.TRUE.,0.27,,550,HSE,172,8,-21.08878,1
5-skew-three-planes,skew-xy-minus-0.060-xz-plus-0.060-yz-plus-0.090,1-cheap-pbe-atoms-relaxed,5-skew-three-planes/skew-xy-minus-0.060-xz-plus-0.060-yz-plus-0.090/1-cheap-pbe-atoms-relaxed,11.346172820578163,4.420957211426213e-08,0.0018000443687266054,0.005850044726823822,0.08640000763941402,0.06000000530514873,-0.060000005305148776,0.08584838076341601,0.08640000763941402,,,,550,PBE,172,8,-17.866969,9
5-skew-three-planes,skew-xy-minus-0.060-xz-plus-0.060-yz-plus-0.090,2-accurate-hse06-atoms-fixed,5-skew-three-planes/skew-xy-minus-0.060-xz-plus-0.060-yz-plus-0.090/2-accurate-hse06-atoms-fixed,11.346172820578163,4.420957211426213e-08,0.0018000443687266054,0.005850044726823822,0.08640000763941402,0.06000000530514873,-0.060000005305148776,0.08584838076341601,0.08640000763941402,.TRUE.,0.27,,550,HSE,172,8,-20.991818,1
5-skew-three-planes,skew-xy-minus-0.060-xz-plus-0.090-yz-minus-0.030,1-cheap-pbe-atoms-relaxed,5-skew-three-planes/skew-xy-minus-0.060-xz-plus-0.090-yz-minus-0.030/1-cheap-pbe-atoms-relaxed,11.346172820578163,4.420957211426213e-08,0.0018000443687263834,0.004500044607458009,-0.035400003130037744,0.09000000795772302,-0.060000005305148665,0.08062302218664237,0.09000000795772302,,,,550,PBE,172,8,-17.93968,7
5-skew-three-planes,skew-xy-minus-0.060-xz-plus-0.090-yz-minus-0.030,2-accurate-hse06-atoms-fixed,5-skew-three-planes/skew-xy-minus-0.060-xz-plus-0.090-yz-minus-0.030/2-accurate-hse06-atoms-fixed,11.346172820578163,4.4209571892217525e-08,0.0018000443687262724,0.004500044607458009,-0.03540000313003773,0.090000007957723,-0.06000000530514854,0.08062302218664232,0.090000007957723,.TRUE.,0.27,,550,HSE,172,8,-21.067116,1
5-skew-three-planes,skew-xy-minus-0.060-xz-plus-0.090-yz-minus-0.060,1-cheap-pbe-atoms-relaxed,5-skew-three-planes/skew-xy-minus-0.060-xz-plus-0.090-yz-minus-0.060/1-cheap-pbe-atoms-relaxed,11.346172820578163,4.420957211426213e-08,0.0018000443687263834,0.005850044726823822,-0.06540000578261203,0.09000000795772302,-0.060000005305148665,0.08958819451090673,0.09000000795772302,,,,550,PBE,172,8,-17.893822,7
5-skew-three-planes,skew-xy-minus-0.060-xz-plus-0.090-yz-minus-0.060,2-accurate-hse06-atoms-fixed,5-skew-three-planes/skew-xy-minus-0.060-xz-plus-0.090-yz-minus-0.060/2-accurate-hse06-atoms-fixed,11.346172820578163,4.4209571892217525e-08,0.0018000443687262724,0.005850044726823822,-0.06540000578261207,0.090000007957723,-0.06000000530514854,0.0895881945109067,0.090000007957723,.TRUE.,0.27,,550,HSE,172,8,-21.01899,1
5-skew-three-planes,skew-xy-minus-0.060-xz-plus-0.090-yz-minus-0.090,1-cheap-pbe-atoms-relaxed,5-skew-three-planes/skew-xy-minus-0.060-xz-plus-0.090-yz-minus-0.090/1-cheap-pbe-atoms-relaxed,11.346172820578163,4.420957211426213e-08,0.0018000443687263834,0.008100044925766992,-0.09540000843518637,0.09000000795772302,-0.060000005305148665,0.10232024592792784,0.09540000843518637,,,,550,PBE,172,8,-17.813012,10
5-skew-three-planes,skew-xy-minus-0.060-xz-plus-0.090-yz-minus-0.090,2-accurate-hse06-atoms-fixed,5-skew-three-planes/skew-xy-minus-0.060-xz-plus-0.090-yz-minus-0.090/2-accurate-hse06-atoms-fixed,11.346172820578163,4.4209571892217525e-08,0.0018000443687262724,0.008100044925766992,-0.09540000843518637,0.090000007957723,-0.06000000530514854,0.10232024592792781,0.09540000843518637,.TRUE.,0.27,,550,HSE,172,8,-20.934294,1
5-skew-three-planes,skew-xy-minus-0.060-xz-plus-0.090-yz-plus-0.030,1-cheap-pbe-atoms-relaxed,5-skew-three-planes/skew-xy-minus-0.060-xz-plus-0.090-yz-plus-0.030/1-cheap-pbe-atoms-relaxed,11.346172820578163,4.420957211426213e-08,0.0018000443687263834,0.004500044607458009,0.024600002175110845,0.09000000795772302,-0.060000005305148665,0.07858798667234208,0.09000000795772302,,,,550,PBE,172,8,-17.92627,12
5-skew-three-planes,skew-xy-minus-0.060-xz-plus-0.090-yz-plus-0.030,2-accurate-hse06-atoms-fixed,5-skew-three-planes/skew-xy-minus-0.060-xz-plus-0.090-yz-plus-0.030/2-accurate-hse06-atoms-fixed,11.346172820578163,4.4209571892217525e-08,0.0018000443687262724,0.004500044607458009,0.024600002175110856,0.090000007957723,-0.06000000530514854,0.07858798667234203,0.090000007957723,.TRUE.,0.27,,550,HSE,172,8,-21.053534,1
5-skew-three-planes,skew-xy-minus-0.060-xz-plus-0.090-yz-plus-0.060,1-cheap-pbe-atoms-relaxed,5-skew-three-planes/skew-xy-minus-0.060-xz-plus-0.090-yz-plus-0.060/1-cheap-pbe-atoms-relaxed,11.346172820578163,4.420957211426213e-08,0.0018000443687266054,0.005850044726823822,0.054600004827685254,0.09000000795772302,-0.060000005305148776,0.08589554401208975,0.09000000795772302,,,,550,PBE,172,8,-17.867056,6
5-skew-three-planes,skew-xy-minus-0.060-xz-plus-0.090-yz-plus-0.060,2-accurate-hse06-atoms-fixed,5-skew-three-planes/skew-xy-minus-0.060-xz-plus-0.090-yz-plus-0.060/2-accurate-hse06-atoms-fixed,11.346172820578163,4.4209571892217525e-08,0.0018000443687264944,0.005850044726823822,0.05460000482768527,0.090000007957723,-0.06000000530514865,0.08589554401208971,0.090000007957723,.TRUE.,0.27,,550,HSE,172,8,-20.991907,1
5-skew-three-planes,skew-xy-minus-0.060-xz-plus-0.090-yz-plus-0.090,1-cheap-pbe-atoms-relaxed,5-skew-three-planes/skew-xy-minus-0.060-xz-plus-0.090-yz-plus-0.090/1-cheap-pbe-atoms-relaxed,11.346172820578163,4.420957211426213e-08,0.0018000443687266054,0.008100044925766992,0.08460000748025957,0.090000007957723,-0.060000005305148776,0.09745477184245424,0.090000007957723,,,,550,PBE,172,8,-17.77302,9
5-skew-three-planes,skew-xy-minus-0.060-xz-plus-0.090-yz-plus-0.090,2-accurate-hse06-atoms-fixed,5-skew-three-planes/skew-xy-minus-0.060-xz-plus-0.090-yz-plus-0.090/2-accurate-hse06-atoms-fixed,11.346172820578163,4.4209571892217525e-08,0.0018000443687264944,0.008100044925766992,0.08460000748025957,0.09000000795772299,-0.06000000530514865,0.0974547718424542,0.09000000795772299,.TRUE.,0.27,,550,HSE,172,8,-20.893906,1
5-skew-three-planes,skew-xy-minus-0.090-xz-minus-0.030-yz-minus-0.030,1-cheap-pbe-atoms-relaxed,5-skew-three-planes/skew-xy-minus-0.090-xz-minus-0.030-yz-minus-0.030/1-cheap-pbe-atoms-relaxed,11.346172820578163,4.4209571892217525e-08,0.004050044567669442,0.0009000442891491378,-0.02730000241384267,-0.030000002652574256,-0.09000000795772296,0.06992752535586205,0.09000000795772296,,,,550,PBE,172,8,-17.982472,5
5-skew-three-planes,skew-xy-minus-0.090-xz-minus-0.030-yz-minus-0.030,2-accurate-hse06-atoms-fixed,5-skew-three-planes/skew-xy-minus-0.090-xz-minus-0.030-yz-minus-0.030/2-accurate-hse06-atoms-fixed,11.346172820578163,4.4209571892217525e-08,0.004050044567669442,0.0009000442891491378,-0.027300002413842662,-0.030000002652574312,-0.09000000795772296,0.06992752535586207,0.09000000795772296,.TRUE.,0.27,,550,HSE,172,8,-21.112094,1
5-skew-three-planes,skew-xy-minus-0.090-xz-minus-0.030-yz-minus-0.060,1-cheap-pbe-atoms-relaxed,5-skew-three-planes/skew-xy-minus-0.090-xz-minus-0.030-yz-minus-0.060/1-cheap-pbe-atoms-relaxed,11.346172820578163,4.4209571892217525e-08,0.004050044567669442,0.0022500444085149507,-0.05730000506641696,-0.03000000265257426,-0.09000000795772296,0.07850548800510947,0.09000000795772296,,,,550,PBE,172,8,-17.925866,8
5-skew-three-planes,skew-xy-minus-0.090-xz-minus-0.030-yz-minus-0.060,2-accurate-hse06-atoms-fixed,5-skew-three-planes/skew-xy-minus-0.090-xz-minus-0.030-yz-minus-0.060/2-accurate-hse06-atoms-fixed,11.346172820578163,4.4209571892217525e-08,0.004050044567669442,0.0022500444085149507,-0.05730000506641702,-0.030000002652574315,-0.09000000795772296,0.07850548800510951,0.09000000795772296,.TRUE.,0.27,,550,HSE,172,8,-21.053125,1
5-skew-three-planes,skew-xy-minus-0.090-xz-minus-0.030-yz-minus-0.090,1-cheap-pbe-atoms-relaxed,5-skew-three-planes/skew-xy-minus-0.090-xz-minus-0.030-yz-minus-0.090/1-cheap-pbe-atoms-relaxed,11.346172820578163,4.4209571892217525e-08,0.004050044567669442,0.004500044607458009,-0.0873000077189913,-0.03000000265257426,-0.09000000795772296,0.09136355800926031,0.09000000795772296,,,,550,PBE,172,8,-17.833822,6
5-skew-three-planes,skew-xy-minus-0.090-xz-minus-0.030-yz-minus-0.090,2-accurate-hse06-atoms-fixed,5-skew-three-planes/skew-xy-minus-0.090-xz-minus-0.030-yz-minus-0.090/2-accurate-hse06-atoms-fixed,11.346172820578163,4.4209571892217525e-08,0.004050044567669442,0.004500044607458009,-0.0873000077189913,-0.030000002652574315,-0.09000000795772296,0.09136355800926031,0.09000000795772296,.TRUE.,0.27,,550,HSE,172,8,-20.957159,1
5-skew-three-planes,skew-xy-minus-0.090-xz-minus-0.030-yz-plus-0.030,1-cheap-pbe-atoms-relaxed,5-skew-three-planes/skew-xy-minus-0.090-xz-minus-0.030-yz-plus-0.030/1-cheap-pbe-atoms-relaxed,11.346172820578163,4.4209571892217525e-08,0.004050044567669442,0.0009000442891491378,0.03270000289130592,-0.030000002652574256,-0.09000000795772296,0.07107642950403832,0.09000000795772296,,,,550,PBE,172,8,-17.989165,10
5-skew-three-planes,skew-xy-minus-0.090-xz-minus-0.030-yz-plus-0.030,2-accurate-hse06-atoms-fixed,5-skew-three-planes/skew-xy-minus-0.090-xz-minus-0.030-yz-plus-0.030/2-accurate-hse06-atoms-fixed,11.346172820578163,4.4209571892217525e-08,0.004050044567669442,0.0009000442891491378,0.03270000289130592,-0.030000002652574312,-0.09000000795772296,0.07107642950403834,0.09000000795772296,.TRUE.,0.27,,550,HSE,172,8,-21.118884,1
5-skew-three-planes,skew-xy-minus-0.090-xz-minus-0.030-yz-plus-0.060,1-cheap-pbe-atoms-relaxed,5-skew-three-planes/skew-xy-minus-0.090-xz-minus-0.030-yz-plus-0.060/1-cheap-pbe-atoms-relaxed,11.346172820578163,4.4209571892217525e-08,0.004050044567669664,0.0022500444085149507,0.06270000554388033,-0.03000000265257426,-0.09000000795772307,0.08054260800480703,0.09000000795772307,,,,550,PBE,172,8,-17.939177,7
5-skew-three-planes,skew-xy-minus-0.090-xz-minus-0.030-yz-plus-0.060,2-accurate-hse06-atoms-fixed,5-skew-three-planes/skew-xy-minus-0.090-xz-minus-0.030-yz-plus-0.060/2-accurate-hse06-atoms-fixed,11.346172820578163,4.4209571892217525e-08,0.004050044567669664,0.0022500444085149507,0.06270000554388033,-0.030000002652574315,-0.09000000795772307,0.08054260800480705,0.09000000795772307,.TRUE.,0.27,,550,HSE,172,8,-21.066609,1
5-skew-three-planes,skew-xy-minus-0.090-xz-minus-0.030-yz-plus-0.090,1-cheap-pbe-atoms-relaxed,5-skew-three-planes/skew-xy-minus-0.090-xz-minus-0.030-yz-plus-0.090/1-cheap-pbe-atoms-relaxed,11.346172820578163,4.4209571892217525e-08,0.004050044567669664,0.004500044607458009,0.09270000819645464,-0.030000002652574263,-0.09000000795772307,0.09398563623264405,0.09270000819645464,,,,550,PBE,172,8,-17.853722,8
5-skew-three-planes,skew-xy-minus-0.090-xz-minus-0.030-yz-plus-0.090,2-accurate-hse06-atoms-fixed,5-skew-three-planes/skew-xy-minus-0.090-xz-minus-0.030-yz-plus-0.090/2-accurate-hse06-atoms-fixed,11.346172820578163,4.4209571892217525e-08,0.004050044567669664,0.004500044607458009,0.09270000819645464,-0.03000000265257432,-0.09000000795772307,0.09398563623264407,0.09270000819645464,.TRUE.,0.27,,550,HSE,172,8,-20.977284,1
5-skew-three-planes,skew-xy-minus-0.090-xz-minus-0.060-yz-minus-0.030,1-cheap-pbe-atoms-relaxed,5-skew-three-planes/skew-xy-minus-0.090-xz-minus-0.060-yz-minus-0.030/1-cheap-pbe-atoms-relaxed,11.346172820578163,4.4209571892217525e-08,0.004050044567669442,0.0022500444085149507,-0.02460000217511098,-0.060000005305148596,-0.09000000795772285,0.07857510196527971,0.09000000795772285,,,,550,PBE,172,8,-17.926153,12
5-skew-three-planes,skew-xy-minus-0.090-xz-minus-0.060-yz-minus-0.030,2-accurate-hse06-atoms-fixed,5-skew-three-planes/skew-xy-minus-0.090-xz-minus-0.060-yz-minus-0.030/2-accurate-hse06-atoms-fixed,11.346172820578163,4.4209571892217525e-08,0.004050044567669442,0.0022500444085149507,-0.02460000217511098,-0.060000005305148596,-0.09000000795772285,0.07857510196527971,0.09000000795772285,.TRUE.,0.27,,550,HSE,172,8,-21.053416,1
5-skew-three-planes,skew-xy-minus-0.090-xz-minus-0.060-yz-minus-0.060,1-cheap-pbe-atoms-relaxed,5-skew-three-planes/skew-xy-minus-0.090-xz-minus-0.060-yz-minus-0.060/1-cheap-pbe-atoms-relaxed,11.346172820578163,4.4209571892217525e-08,0.004050044567669442,0.0036000445278807636,-0.05460000482768528,-0.060000005305148596,-0.09000000795772285,0.08584838076341587,0.09000000795772285,,,,550,PBE,172,8,-17.866571,8
5-skew-three-planes,skew-xy-minus-0.090-xz-minus-0.060-yz-minus-0.060,2-accurate-hse06-atoms-fixed,5-skew-three-planes/skew-xy-minus-0.090-xz-minus-0.060-yz-minus-0.060/2-accurate-hse06-atoms-fixed,11.346172820578163,4.4209571892217525e-08,0.004050044567669442,0.0036000445278807636,-0.05460000482768534,-0.060000005305148596,-0.09000000795772285,0.0858483807634159,0.09000000795772285,.TRUE.,0.27,,550,HSE,172,8,-20.991414,1
5-skew-three-planes,skew-xy-minus-0.090-xz-minus-0.060-yz-minus-0.090,1-cheap-pbe-atoms-relaxed,5-skew-three-planes/skew-xy-minus-0.090-xz-minus-0.060-yz-minus-0.090/1-cheap-pbe-atoms-relaxed,11.346172820578163,4.4209571892217525e-08,0.004050044567669442,0.005850044726823822,-0.08460000748025961,-0.060000005305148596,-0.09000000795772285,0.097361222011856,0.09000000795772285,,,,550,PBE,172,8,-17.771948,9
5-skew-three-planes,skew-xy-minus-0.090-xz-minus-0.060-yz-minus-0.090,2-accurate-hse06-atoms-fixed,5-skew-three-planes/skew-xy-minus-0.090-xz-minus-0.060-yz-minus-0.090/2-accurate-hse06-atoms-fixed,11.346172820578163,4.4209571892217525e-08,0.004050044567669442,0.005850044726823822,-0.08460000748025961,-0.060000005305148596,-0.09000000795772285,0.097361222011856,0.09000000795772285,.TRUE.,0.27,,550,HSE,172,8,-20.89282,1
5-skew-three-planes,skew-xy-minus-0.090-xz-minus-0.060-yz-plus-0.030,1-cheap-pbe-atoms-relaxed,5-skew-three-planes/skew-xy-minus-0.090-xz-minus-0.060-yz-plus-0.030/1-cheap-pbe-atoms-relaxed,11.346172820578163,4.4209571892217525e-08,0.004050044567669442,0.0022500444085149507,0.0354000031300376,-0.060000005305148596,-0.09000000795772285,0.0806104627585632,0.09000000795772285,,,,550,PBE,172,8,-17.939559,7
5-skew-three-planes,skew-xy-minus-0.090-xz-minus-0.060-yz-plus-0.030,2-accurate-hse06-atoms-fixed,5-skew-three-planes/skew-xy-minus-0.090-xz-minus-0.060-yz-plus-0.030/2-accurate-hse06-atoms-fixed,11.346172820578163,4.4209571892217525e-08,0.004050044567669442,0.0022500444085149507,0.0354000031300376,-0.060000005305148596,-0.09000000795772285,0.0806104627585632,0.09000000795772285,.TRUE.,0.27,,550,HSE,172,8,-21.066994,1
5-skew-three-planes,skew-xy-minus-0.090-xz-minus-0.060-yz-plus-0.090,1-cheap-pbe-atoms-relaxed,5-skew-three-planes/skew-xy-minus-0.090-xz-minus-0.060-yz-plus-0.090/1-cheap-pbe-atoms-relaxed,11.346172820578163,4.4209571892217525e-08,0.004050044567669664,0.005850044726823822,0.09540000843518633,-0.0600000053051486,-0.09000000795772296,0.1022311484995094,0.09540000843518633,,,,550,PBE,172,8,-17.811914,10
5-skew-three-planes,skew-xy-minus-0.090-xz-minus-0.060-yz-plus-0.090,2-accurate-hse06-atoms-fixed,5-skew-three-planes/skew-xy-minus-0.090-xz-minus-0.060-yz-plus-0.090/2-accurate-hse06-atoms-fixed,11.346172820578163,4.4209571892217525e-08,0.004050044567669664,0.005850044726823822,0.09540000843518633,-0.0600000053051486,-0.09000000795772296,0.1022311484995094,0.09540000843518633,.TRUE.,0.27,,550,HSE,172,8,-20.933185,1
5-skew-three-planes,skew-xy-minus-0.090-xz-minus-0.090-yz-minus-0.030,1-cheap-pbe-atoms-relaxed,5-skew-three-planes/skew-xy-minus-0.090-xz-minus-0.090-yz-minus-0.030/1-cheap-pbe-atoms-relaxed,11.346172820578163,4.4209571892217525e-08,0.004050044567669442,0.004500044607458009,-0.021900001936379296,-0.09000000795772291,-0.09000000795772285,0.09152300113779085,0.09000000795772291,,,,550,PBE,172,8,-17.834525,6
5-skew-three-planes,skew-xy-minus-0.090-xz-minus-0.090-yz-minus-0.030,2-accurate-hse06-atoms-fixed,5-skew-three-planes/skew-xy-minus-0.090-xz-minus-0.090-yz-minus-0.030/2-accurate-hse06-atoms-fixed,11.346172820578163,4.4209571892217525e-08,0.004050044567669442,0.004500044607458009,-0.021900001936379296,-0.09000000795772291,-0.09000000795772285,0.09152300113779085,0.09000000795772291,.TRUE.,0.27,,550,HSE,172,8,-20.957869,1
5-skew-three-planes,skew-xy-minus-0.090-xz-minus-0.090-yz-minus-0.060,1-cheap-pbe-atoms-relaxed,5-skew-three-planes/skew-xy-minus-0.090-xz-minus-0.090-yz-minus-0.060/1-cheap-pbe-atoms-relaxed,11.346172820578163,4.4209571892217525e-08,0.004050044567669442,0.005850044726823822,-0.051900004588953594,-0.09000000795772291,-0.09000000795772285,0.0974547718424541,0.09000000795772291,,,,550,PBE,172,8,-17.772271,8
5-skew-three-planes,skew-xy-minus-0.090-xz-minus-0.090-yz-minus-0.060,2-accurate-hse06-atoms-fixed,5-skew-three-planes/skew-xy-minus-0.090-xz-minus-0.090-yz-minus-0.060/2-accurate-hse06-atoms-fixed,11.346172820578163,4.4209571892217525e-08,0.004050044567669442,0.005850044726823822,-0.05190000458895365,-0.09000000795772291,-0.09000000795772285,0.09745477184245413,0.09000000795772291,.TRUE.,0.27,,550,HSE,172,8,-20.893147,1
5-skew-three-planes,skew-xy-minus-0.090-xz-minus-0.090-yz-minus-0.090,1-cheap-pbe-atoms-relaxed,5-skew-three-planes/skew-xy-minus-0.090-xz-minus-0.090-yz-minus-0.090/1-cheap-pbe-atoms-relaxed,11.346172820578163,4.4209571892217525e-08,0.004050044567669442,0.008100044925766992,-0.08190000724152793,-0.09000000795772291,-0.09000000795772285,0.10740493756933549,0.09000000795772291,,,,550,PBE,172,8,-17.675456,12
5-skew-three-planes,skew-xy-minus-0.090-xz-minus-0.090-yz-minus-0.090,2-accurate-hse06-atoms-fixed,5-skew-three-planes/skew-xy-minus-0.090-xz-minus-0.090-yz-minus-0.090/2-accurate-hse06-atoms-fixed,11.346172820578163,4.4209571892217525e-08,0.004050044567669442,0.008100044925766992,-0.08190000724152793,-0.09000000795772291,-0.09000000795772285,0.10740493756933549,0.09000000795772291,.TRUE.,0.27,,550,HSE,172,8,-20.792298,1
5-skew-three-planes,skew-xy-minus-0.090-xz-minus-0.090-yz-plus-0.030,1-cheap-pbe-atoms-relaxed,5-skew-three-planes/skew-xy-minus-0.090-xz-minus-0.090-yz-plus-0.030/1-cheap-pbe-atoms-relaxed,11.346172820578163,4.4209571892217525e-08,0.004050044567669442,0.004500044607458009,0.038100003368769286,-0.09000000795772291,-0.09000000795772285,0.09414063853199356,0.09000000795772291,,,,550,PBE,172,8,-17.854797,5
5-skew-three-planes,skew-xy-minus-0.090-xz-minus-0.090-yz-plus-0.030,2-accurate-hse06-atoms-fixed,5-skew-three-planes/skew-xy-minus-0.090-xz-minus-0.090-yz-plus-0.030/2-accurate-hse06-atoms-fixed,11.346172820578163,4.4209571892217525e-08,0.004050044567669442,0.004500044607458009,0.038100003368769286,-0.09000000795772291,-0.09000000795772285,0.09414063853199356,0.09000000795772291,.TRUE.,0.27,,550,HSE,172,8,-20.978357,1
5-skew-three-planes,skew-xy-minus-0.090-xz-minus-0.090-yz-plus-0.060,1-cheap-pbe-atoms-relaxed,5-skew-three-planes/skew-xy-minus-0.090-xz-minus-0.090-yz-plus-0.060/1-cheap-pbe-atoms-relaxed,11.346172820578163,4.4209571892217525e-08,0.004050044567669664,0.005850044726823822,0.06810000602134371,-0.09000000795772291,-0.09000000795772296,0.1023202459279278,0.09000000795772296,,,,550,PBE,172,8,-17.812719,9
5-skew-three-planes,skew-xy-minus-0.090-xz-minus-0.090-yz-plus-0.060,2-accurate-hse06-atoms-fixed,5-skew-three-planes/skew-xy-minus-0.090-xz-minus-0.090-yz-plus-0.060/2-accurate-hse06-atoms-fixed,11.346172820578163,4.4209571892217525e-08,0.004050044567669664,0.005850044726823822,0.06810000602134371,-0.09000000795772291,-0.09000000795772296,0.1023202459279278,0.09000000795772296,.TRUE.,0.27,,550,HSE,172,8,-20.933987,1
5-skew-three-planes,skew-xy-minus-0.090-xz-minus-0.090-yz-plus-0.090,1-cheap-pbe-atoms-relaxed,5-skew-three-planes/skew-xy-minus-0.090-xz-minus-0.090-yz-plus-0.090/1-cheap-pbe-atoms-relaxed,11.346172820578163,4.4209571892217525e-08,0.004050044567669664,0.008100044925766992,0.09810000867391801,-0.09000000795772292,-0.09000000795772296,0.11399044202082513,0.09810000867391801,,,,550,PBE,172,8,-17.735914,5
5-skew-three-planes,skew-xy-minus-0.090-xz-minus-0.090-yz-plus-0.090,2-accurate-hse06-atoms-fixed,5-skew-three-planes/skew-xy-minus-0.090-xz-minus-0.090-yz-plus-0.090/2-accurate-hse06-atoms-fixed,11.346172820578163,4.4209571892217525e-08,0.004050044567669664,0.008100044925766992,0.09810000867391801,-0.09000000795772292,-0.09000000795772296,0.11399044202082513,0.09810000867391801,.TRUE.,0.27,,550,HSE,172,8,-20.853227,1
5-skew-three-planes,skew-xy-minus-0.090-xz-plus-0.030-yz-minus-0.030,1-cheap-pbe-atoms-relaxed,5-skew-three-planes/skew-xy-minus-0.090-xz-plus-0.030-yz-minus-0.030/1-cheap-pbe-atoms-relaxed,11.346172820578163,4.4209571892217525e-08,0.004050044567669442,0.0009000442891491378,-0.03270000289130605,0.030000002652574326,-0.09000000795772296,0.07107642950403838,0.09000000795772296,,,,550,PBE,172,8,-17.989165,10
5-skew-three-planes,skew-xy-minus-0.090-xz-plus-0.030-yz-minus-0.030,2-accurate-hse06-atoms-fixed,5-skew-three-planes/skew-xy-minus-0.090-xz-plus-0.030-yz-minus-0.030/2-accurate-hse06-atoms-fixed,11.346172820578163,4.4209571892217525e-08,0.004050044567669442,0.0009000442891491378,-0.03270000289130605,0.030000002652574326,-0.09000000795772296,0.07107642950403838,0.09000000795772296,.TRUE.,0.27,,550,HSE,172,8,-21.118884,1
5-skew-three-planes,skew-xy-minus-0.090-xz-plus-0.030-yz-minus-0.060,1-cheap-pbe-atoms-relaxed,5-skew-three-planes/skew-xy-minus-0.090-xz-plus-0.030-yz-minus-0.060/1-cheap-pbe-atoms-relaxed,11.346172820578163,4.4209571892217525e-08,0.004050044567669442,0.0022500444085149507,-0.06270000554388033,0.030000002652574322,-0.09000000795772296,0.08054260800480698,0.09000000795772296,,,,550,PBE,172,8,-17.939177,7
5-skew-three-planes,skew-xy-minus-0.090-xz-plus-0.030-yz-minus-0.060,2-accurate-hse06-atoms-fixed,5-skew-three-planes/skew-xy-minus-0.090-xz-plus-0.030-yz-minus-0.060/2-accurate-hse06-atoms-fixed,11.346172820578163,4.4209571892217525e-08,0.004050044567669442,0.0022500444085149507,-0.06270000554388039,0.030000002652574322,-0.09000000795772296,0.08054260800480699,0.09000000795772296,.TRUE.,0.27,,550,HSE,172,8,-21.066609,1
5-skew-three-planes,skew-xy-minus-0.090-xz-plus-0.030-yz-minus-0.090,1-cheap-pbe-atoms-relaxed,5-skew-three-planes/skew-xy-minus-0.090-xz-plus-0.030-yz-minus-0.090/1-cheap-pbe-atoms-relaxed,11.346172820578163,4.4209571892217525e-08,0.004050044567669442,0.004500044607458009,-0.09270000819645467,0.030000002652574322,-0.09000000795772296,0.09398563623264401,0.09270000819645467,,,,550,PBE,172,8,-17.853725,8
5-skew-three-planes,skew-xy-minus-0.090-xz-plus-0.030-yz-minus-0.090,2-accurate-hse06-atoms-fixed,5-skew-three-planes/skew-xy-minus-0.090-xz-plus-0.030-yz-minus-0.090/2-accurate-hse06-atoms-fixed,11.346172820578163,4.4209571892217525e-08,0.004050044567669442,0.004500044607458009,-0.09270000819645467,0.030000002652574322,-0.09000000795772296,0.09398563623264401,0.09270000819645467,.TRUE.,0.27,,550,HSE,172,8,-20.977287,1
5-skew-three-planes,skew-xy-minus-0.090-xz-plus-0.030-yz-plus-0.030,1-cheap-pbe-atoms-relaxed,5-skew-three-planes/skew-xy-minus-0.090-xz-plus-0.030-yz-plus-0.030/1-cheap-pbe-atoms-relaxed,11.346172820578163,4.4209571892217525e-08,0.004050044567669442,0.0009000442891491378,0.02730000241384254,0.030000002652574326,-0.09000000795772296,0.06992752535586204,0.09000000795772296,,,,550,PBE,172,8,-17.982471,5
5-skew-three-planes,skew-xy-minus-0.090-xz-plus-0.030-yz-plus-0.030,2-accurate-hse06-atoms-fixed,5-skew-three-planes/skew-xy-minus-0.090-xz-plus-0.030-yz-plus-0.030/2-accurate-hse06-atoms-fixed,11.346172820578163,4.4209571892217525e-08,0.004050044567669442,0.0009000442891491378,0.02730000241384254,0.030000002652574326,-0.09000000795772296,0.06992752535586204,0.09000000795772296,.TRUE.,0.27,,550,HSE,172,8,-21.112094,1
5-skew-three-planes,skew-xy-minus-0.090-xz-plus-0.030-yz-plus-0.060,1-cheap-pbe-atoms-relaxed,5-skew-three-planes/skew-xy-minus-0.090-xz-plus-0.030-yz-plus-0.060/1-cheap-pbe-atoms-relaxed,11.346172820578163,4.4209571892217525e-08,0.004050044567669664,0.0022500444085149507,0.05730000506641695,0.030000002652574322,-0.09000000795772307,0.07850548800510955,0.09000000795772307,,,,550,PBE,172,8,-17.925865,8
5-skew-three-planes,skew-xy-minus-0.090-xz-plus-0.030-yz-plus-0.060,2-accurate-hse06-atoms-fixed,5-skew-three-planes/skew-xy-minus-0.090-xz-plus-0.030-yz-plus-0.060/2-accurate-hse06-atoms-fixed,11.346172820578163,4.4209571892217525e-08,0.004050044567669664,0.0022500444085149507,0.05730000506641695,0.030000002652574322,-0.09000000795772307,0.07850548800510955,0.09000000795772307,.TRUE.,0.27,,550,HSE,172,8,-21.053124,1
5-skew-three-planes,skew-xy-minus-0.090-xz-plus-0.030-yz-plus-0.090,1-cheap-pbe-atoms-relaxed,5-skew-three-planes/skew-xy-minus-0.090-xz-plus-0.030-yz-plus-0.090/1-cheap-pbe-atoms-relaxed,11.346172820578163,4.4209571892217525e-08,0.004050044567669664,0.004500044607458009,0.08730000771899127,0.03000000265257432,-0.09000000795772307,0.09136355800926038,0.09000000795772307,,,,550,PBE,172,8,-17.833821,6
5-skew-three-planes,skew-xy-minus-0.090-xz-plus-0.030-yz-plus-0.090,2-accurate-hse06-atoms-fixed,5-skew-three-planes/skew-xy-minus-0.090-xz-plus-0.030-yz-plus-0.090/2-accurate-hse06-atoms-fixed,11.346172820578163,4.4209571892217525e-08,0.004050044567669664,0.004500044607458009,0.08730000771899127,0.03000000265257432,-0.09000000795772307,0.09136355800926038,0.09000000795772307,.TRUE.,0.27,,550,HSE,172,8,-20.957159,1
5-skew-three-planes,skew-xy-minus-0.090-xz-plus-0.060-yz-minus-0.030,1-cheap-pbe-atoms-relaxed,5-skew-three-planes/skew-xy-minus-0.090-xz-plus-0.060-yz-minus-0.030/1-cheap-pbe-atoms-relaxed,11.346172820578163,4.4209571892217525e-08,0.004050044567669442,0.0022500444085149507,-0.03540000313003774,0.060000005305148624,-0.09000000795772296,0.08061046275856332,0.09000000795772296,,,,550,PBE,172,8,-17.939559,7
5-skew-three-planes,skew-xy-minus-0.090-xz-plus-0.060-yz-minus-0.030,2-accurate-hse06-atoms-fixed,5-skew-three-planes/skew-xy-minus-0.090-xz-plus-0.060-yz-minus-0.030/2-accurate-hse06-atoms-fixed,11.346172820578163,4.4209571892217525e-08,0.004050044567669442,0.0022500444085149507,-0.03540000313003774,0.060000005305148624,-0.09000000795772296,0.08061046275856332,0.09000000795772296,.TRUE.,0.27,,550,HSE,172,8,-21.066994,1
5-skew-three-planes,skew-xy-minus-0.090-xz-plus-0.060-yz-minus-0.090,1-cheap-pbe-atoms-relaxed,5-skew-three-planes/skew-xy-minus-0.090-xz-plus-0.060-yz-minus-0.090/1-cheap-pbe-atoms-relaxed,11.346172820578163,4.4209571892217525e-08,0.004050044567669442,0.005850044726823822,-0.09540000843518637,0.060000005305148624,-0.09000000795772296,0.10223114849950943,0.09540000843518637,,,,550,PBE,172,8,-17.811916,10
5-skew-three-planes,skew-xy-minus-0.090-xz-plus-0.060-yz-minus-0.090,2-accurate-hse06-atoms-fixed,5-skew-three-planes/skew-xy-minus-0.090-xz-plus-0.060-yz-minus-0.090/2-accurate-hse06-atoms-fixed,11.346172820578163,4.4209571892217525e-08,0.004050044567669442,0.005850044726823822,-0.09540000843518637,0.060000005305148624,-0.09000000795772296,0.10223114849950943,0.09540000843518637,.TRUE.,0.27,,550,HSE,172,8,-20.933187,1
5-skew-three-planes,skew-xy-minus-0.090-xz-plus-0.060-yz-plus-0.030,1-cheap-pbe-atoms-relaxed,5-skew-three-planes/skew-xy-minus-0.090-xz-plus-0.060-yz-plus-0.030/1-cheap-pbe-atoms-relaxed,11.346172820578163,4.4209571892217525e-08,0.004050044567669442,0.0022500444085149507,0.024600002175110852,0.060000005305148624,-0.09000000795772296,0.07857510196527977,0.09000000795772296,,,,550,PBE,172,8,-17.926152,12
5-skew-three-planes,skew-xy-minus-0.090-xz-plus-0.060-yz-plus-0.030,2-accurate-hse06-atoms-fixed,5-skew-three-planes/skew-xy-minus-0.090-xz-plus-0.060-yz-plus-0.030/2-accurate-hse06-atoms-fixed,11.346172820578163,4.4209571892217525e-08,0.004050044567669442,0.0022500444085149507,0.024600002175110852,0.060000005305148624,-0.09000000795772296,0.07857510196527977,0.09000000795772296,.TRUE.,0.27,,550,HSE,172,8,-21.053415,1
5-skew-three-planes,skew-xy-minus-0.090-xz-plus-0.060-yz-plus-0.060,1-cheap-pbe-atoms-relaxed,5-skew-three-planes/skew-xy-minus-0.090-xz-plus-0.060-yz-plus-0.060/1-cheap-pbe-atoms-relaxed,11.346172820578163,4.4209571892217525e-08,0.004050044567669664,0.0036000445278807636,0.05460000482768526,0.06000000530514862,-0.09000000795772307,0.08584838076341601,0.09000000795772307,,,,550,PBE,172,8,-17.86657,8
5-skew-three-planes,skew-xy-minus-0.090-xz-plus-0.060-yz-plus-0.060,2-accurate-hse06-atoms-fixed,5-skew-three-planes/skew-xy-minus-0.090-xz-plus-0.060-yz-plus-0.060/2-accurate-hse06-atoms-fixed,11.346172820578163,4.4209571892217525e-08,0.004050044567669664,0.0036000445278807636,0.05460000482768526,0.06000000530514862,-0.09000000795772307,0.08584838076341601,0.09000000795772307,.TRUE.,0.27,,550,HSE,172,8,-20.991413,1
5-skew-three-planes,skew-xy-minus-0.090-xz-plus-0.060-yz-plus-0.090,1-cheap-pbe-atoms-relaxed,5-skew-three-planes/skew-xy-minus-0.090-xz-plus-0.060-yz-plus-0.090/1-cheap-pbe-atoms-relaxed,11.346172820578163,4.4209571892217525e-08,0.004050044567669664,0.005850044726823822,0.08460000748025957,0.06000000530514862,-0.09000000795772307,0.0973612220118561,0.09000000795772307,,,,550,PBE,172,8,-17.771947,9
5-skew-three-planes,skew-xy-minus-0.090-xz-plus-0.060-yz-plus-0.090,2-accurate-hse06-atoms-fixed,5-skew-three-planes/skew-xy-minus-0.090-xz-plus-0.060-yz-plus-0.090/2-accurate-hse06-atoms-fixed,11.346172820578163,4.4209571892217525e-08,0.004050044567669664,0.005850044726823822,0.08460000748025957,0.06000000530514862,-0.09000000795772307,0.0973612220118561,0.09000000795772307,.TRUE.,0.27,,550,HSE,172,8,-20.89282,1
5-skew-three-planes,skew-xy-minus-0.090-xz-plus-0.090-yz-minus-0.030,1-cheap-pbe-atoms-relaxed,5-skew-three-planes/skew-xy-minus-0.090-xz-plus-0.090-yz-minus-0.030/1-cheap-pbe-atoms-relaxed,11.346172820578163,4.4209571892217525e-08,0.004050044567669442,0.004500044607458009,-0.03810000336876943,0.09000000795772302,-0.09000000795772296,0.0941406385319937,0.09000000795772302,,,,550,PBE,172,8,-17.854794,5
5-skew-three-planes,skew-xy-minus-0.090-xz-plus-0.090-yz-minus-0.030,2-accurate-hse06-atoms-fixed,5-skew-three-planes/skew-xy-minus-0.090-xz-plus-0.090-yz-minus-0.030/2-accurate-hse06-atoms-fixed,11.346172820578163,4.4209571892217525e-08,0.004050044567669442,0.004500044607458009,-0.03810000336876943,0.09000000795772302,-0.09000000795772296,0.0941406385319937,0.09000000795772302,.TRUE.,0.27,,550,HSE,172,8,-20.978355,1
5-skew-three-planes,skew-xy-minus-0.090-xz-plus-0.090-yz-minus-0.060,1-cheap-pbe-atoms-relaxed,5-skew-three-planes/skew-xy-minus-0.090-xz-plus-0.090-yz-minus-0.060/1-cheap-pbe-atoms-relaxed,11.346172820578163,4.4209571892217525e-08,0.004050044567669442,0.005850044726823822,-0.06810000602134372,0.09000000795772302,-0.09000000795772296,0.10232024592792784,0.09000000795772302,,,,550,PBE,172,8,-17.812717,9
5-skew-three-planes,skew-xy-minus-0.090-xz-plus-0.090-yz-minus-0.060,2-accurate-hse06-atoms-fixed,5-skew-three-planes/skew-xy-minus-0.090-xz-plus-0.090-yz-minus-0.060/2-accurate-hse06-atoms-fixed,11.346172820578163,4.4209571892217525e-08,0.004050044567669442,0.005850044726823822,-0.06810000602134378,0.09000000795772302,-0.09000000795772296,0.10232024592792785,0.09000000795772302,.TRUE.,0.27,,550,HSE,172,8,-20.933985,1
5-skew-three-planes,skew-xy-minus-0.090-xz-plus-0.090-yz-minus-0.090,1-cheap-pbe-atoms-relaxed,5-skew-three-planes/skew-xy-minus-0.090-xz-plus-0.090-yz-minus-0.090/1-cheap-pbe-atoms-relaxed,11.346172820578163,4.4209571892217525e-08,0.004050044567669442,0.008100044925766992,-0.09810000867391806,0.09000000795772302,-0.09000000795772296,0.11399044202082519,0.09810000867391806,,,,550,PBE,172,8,-17.735915,5
5-skew-three-planes,skew-xy-minus-0.090-xz-plus-0.090-yz-minus-0.090,2-accurate-hse06-atoms-fixed,5-skew-three-planes/skew-xy-minus-0.090-xz-plus-0.090-yz-minus-0.090/2-accurate-hse06-atoms-fixed,11.346172820578163,4.4209571892217525e-08,0.004050044567669442,0.008100044925766992,-0.09810000867391806,0.09000000795772302,-0.09000000795772296,0.11399044202082519,0.09810000867391806,.TRUE.,0.27,,550,HSE,172,8,-20.853228,1
5-skew-three-planes,skew-xy-minus-0.090-xz-plus-0.090-yz-plus-0.030,1-cheap-pbe-atoms-relaxed,5-skew-three-planes/skew-xy-minus-0.090-xz-plus-0.090-yz-plus-0.030/1-cheap-pbe-atoms-relaxed,11.346172820578163,4.4209571892217525e-08,0.004050044567669442,0.004500044607458009,0.021900001936379157,0.09000000795772302,-0.09000000795772296,0.09152300113779095,0.09000000795772302,,,,550,PBE,172,8,-17.834524,6
5-skew-three-planes,skew-xy-minus-0.090-xz-plus-0.090-yz-plus-0.030,2-accurate-hse06-atoms-fixed,5-skew-three-planes/skew-xy-minus-0.090-xz-plus-0.090-yz-plus-0.030/2-accurate-hse06-atoms-fixed,11.346172820578163,4.4209571892217525e-08,0.004050044567669442,0.004500044607458009,0.021900001936379157,0.09000000795772302,-0.09000000795772296,0.09152300113779095,0.09000000795772302,.TRUE.,0.27,,550,HSE,172,8,-20.957868,1
5-skew-three-planes,skew-xy-minus-0.090-xz-plus-0.090-yz-plus-0.060,1-cheap-pbe-atoms-relaxed,5-skew-three-planes/skew-xy-minus-0.090-xz-plus-0.090-yz-plus-0.060/1-cheap-pbe-atoms-relaxed,11.346172820578163,4.4209571892217525e-08,0.004050044567669664,0.005850044726823822,0.051900004588953566,0.09000000795772302,-0.09000000795772307,0.09745477184245425,0.09000000795772307,,,,550,PBE,172,8,-17.772271,8
5-skew-three-planes,skew-xy-minus-0.090-xz-plus-0.090-yz-plus-0.060,2-accurate-hse06-atoms-fixed,5-skew-three-planes/skew-xy-minus-0.090-xz-plus-0.090-yz-plus-0.060/2-accurate-hse06-atoms-fixed,11.346172820578163,4.4209571892217525e-08,0.004050044567669664,0.005850044726823822,0.051900004588953566,0.09000000795772302,-0.09000000795772307,0.09745477184245425,0.09000000795772307,.TRUE.,0.27,,550,HSE,172,8,-20.893147,1
5-skew-three-planes,skew-xy-minus-0.090-xz-plus-0.090-yz-plus-0.090,1-cheap-pbe-atoms-relaxed,5-skew-three-planes/skew-xy-minus-0.090-xz-plus-0.090-yz-plus-0.090/1-cheap-pbe-atoms-relaxed,11.346172820578163,4.4209571892217525e-08,0.004050044567669664,0.008100044925766992,0.08190000724152788,0.090000007957723,-0.09000000795772307,0.1074049375693356,0.09000000795772307,,,,550,PBE,172,8,-17.675457,12
5-skew-three-planes,skew-xy-minus-0.090-xz-plus-0.090-yz-plus-0.090,2-accurate-hse06-atoms-fixed,5-skew-three-planes/skew-xy-minus-0.090-xz-plus-0.090-yz-plus-0.090/2-accurate-hse06-atoms-fixed,11.346172820578163,4.4209571892217525e-08,0.004050044567669664,0.008100044925766992,0.08190000724152788,0.090000007957723,-0.09000000795772307,0.1074049375693356,0.09000000795772307,.TRUE.,0.27,,550,HSE,172,8,-20.792299,1
5-skew-three-planes,skew-xy-plus-0.030-xz-minus-0.030-yz-minus-0.030,1-cheap-pbe-atoms-relaxed,5-skew-three-planes/skew-xy-plus-0.030-xz-minus-0.030-yz-minus-0.030/1-cheap-pbe-atoms-relaxed,11.346172820578163,4.4209571892217525e-08,0.0004500442493604595,0.0009000442891491378,-0.030900002732151585,-0.030000002652574305,0.030000002652574367,0.03712705028855271,0.030900002732151585,,,,550,PBE,172,8,-18.130692,9
5-skew-three-planes,skew-xy-plus-0.030-xz-minus-0.030-yz-minus-0.030,2-accurate-hse06-atoms-fixed,5-skew-three-planes/skew-xy-plus-0.030-xz-minus-0.030-yz-minus-0.030/2-accurate-hse06-atoms-fixed,11.346172820578163,4.4209571892217525e-08,0.0004500442493604595,0.0009000442891491378,-0.030900002732151585,-0.030000002652574305,0.030000002652574367,0.03712705028855271,0.030900002732151585,.TRUE.,0.27,,550,HSE,172,8,-21.266476,1
5-skew-three-planes,skew-xy-plus-0.030-xz-minus-0.030-yz-minus-0.060,1-cheap-pbe-atoms-relaxed,5-skew-three-planes/skew-xy-plus-0.030-xz-minus-0.030-yz-minus-0.060/1-cheap-pbe-atoms-relaxed,11.346172820578163,4.4209571892217525e-08,0.0004500442493604595,0.0022500444085149507,-0.06090000538472588,-0.03000000265257431,0.030000002652574367,0.0525325682482107,0.06090000538472588,,,,550,PBE,172,8,-18.077862,11
5-skew-three-planes,skew-xy-plus-0.030-xz-minus-0.030-yz-minus-0.060,2-accurate-hse06-atoms-fixed,5-skew-three-planes/skew-xy-plus-0.030-xz-minus-0.030-yz-minus-0.060/2-accurate-hse06-atoms-fixed,11.346172820578163,4.4209571892217525e-08,0.0004500442493604595,0.0022500444085149507,-0.06090000538472594,-0.03000000265257431,0.030000002652574367,0.052532568248210725,0.06090000538472594,.TRUE.,0.27,,550,HSE,172,8,-21.211384,1
5-skew-three-planes,skew-xy-plus-0.030-xz-minus-0.030-yz-minus-0.090,1-cheap-pbe-atoms-relaxed,5-skew-three-planes/skew-xy-plus-0.030-xz-minus-0.030-yz-minus-0.090/1-cheap-pbe-atoms-relaxed,11.346172820578163,4.4209571892217525e-08,0.0004500442493604595,0.004500044607458009,-0.09090000803730022,-0.03000000265257431,0.030000002652574367,0.07107642950403838,0.09090000803730022,,,,550,PBE,172,8,-17.989182,5
5-skew-three-planes,skew-xy-plus-0.030-xz-minus-0.030-yz-minus-0.090,2-accurate-hse06-atoms-fixed,5-skew-three-planes/skew-xy-plus-0.030-xz-minus-0.030-yz-minus-0.090/2-accurate-hse06-atoms-fixed,11.346172820578163,4.4209571892217525e-08,0.0004500442493604595,0.004500044607458009,-0.09090000803730022,-0.03000000265257431,0.030000002652574367,0.07107642950403838,0.09090000803730022,.TRUE.,0.27,,550,HSE,172,8,-21.118901,1
5-skew-three-planes,skew-xy-plus-0.030-xz-minus-0.030-yz-plus-0.030,1-cheap-pbe-atoms-relaxed,5-skew-three-planes/skew-xy-plus-0.030-xz-minus-0.030-yz-plus-0.030/1-cheap-pbe-atoms-relaxed,11.346172820578163,4.4209571892217525e-08,0.0004500442493604595,0.0009000442891491378,0.029100002572997,-0.030000002652574305,0.030000002652574367,0.03639255217183112,0.030000002652574367,,,,550,PBE,172,8,-18.128523,3
5-skew-three-planes,skew-xy-plus-0.030-xz-minus-0.030-yz-plus-0.030,2-accurate-hse06-atoms-fixed,5-skew-three-planes/skew-xy-plus-0.030-xz-minus-0.030-yz-plus-0.030/2-accurate-hse06-atoms-fixed,11.346172820578163,4.4209571892217525e-08,0.0004500442493604595,0.0009000442891491378,0.029100002572997,-0.030000002652574305,0.030000002652574367,0.03639255217183112,0.030000002652574367,.TRUE.,0.27,,550,HSE,172,8,-21.264272,1
5-skew-three-planes,skew-xy-plus-0.030-xz-minus-0.030-yz-plus-0.090,1-cheap-pbe-atoms-relaxed,5-skew-three-planes/skew-xy-plus-0.030-xz-minus-0.030-yz-plus-0.090/1-cheap-pbe-atoms-relaxed,11.346172820578163,4.4209571892217525e-08,0.00045004424936068155,0.004500044607458009,0.08910000787814572,-0.030000002652574312,0.030000002652574256,0.06992752535586202,0.08910000787814572,,,,550,PBE,172,8,-17.982621,5
5-skew-three-planes,skew-xy-plus-0.030-xz-minus-0.030-yz-plus-0.090,2-accurate-hse06-atoms-fixed,5-skew-three-planes/skew-xy-plus-0.030-xz-minus-0.030-yz-plus-0.090/2-accurate-hse06-atoms-fixed,11.346172820578163,4.4209571892217525e-08,0.00045004424936068155,0.004500044607458009,0.08910000787814572,-0.030000002652574312,0.030000002652574256,0.06992752535586202,0.08910000787814572,.TRUE.,0.27,,550,HSE,172,8,-21.112244,1
5-skew-three-planes,skew-xy-plus-0.030-xz-minus-0.060-yz-minus-0.030,1-cheap-pbe-atoms-relaxed,5-skew-three-planes/skew-xy-plus-0.030-xz-minus-0.060-yz-minus-0.030/1-cheap-pbe-atoms-relaxed,11.346172820578163,4.4209571892217525e-08,0.0004500442493604595,0.0022500444085149507,-0.03180000281172882,-0.06000000530514859,0.030000002652574367,0.052544131232400926,0.06000000530514859,,,,550,PBE,172,8,-18.07792,10
5-skew-three-planes,skew-xy-plus-0.030-xz-minus-0.060-yz-minus-0.030,2-accurate-hse06-atoms-fixed,5-skew-three-planes/skew-xy-plus-0.030-xz-minus-0.060-yz-minus-0.030/2-accurate-hse06-atoms-fixed,11.346172820578163,4.4209571892217525e-08,0.0004500442493604595,0.0022500444085149507,-0.03180000281172882,-0.06000000530514859,0.030000002652574367,0.052544131232400926,0.06000000530514859,.TRUE.,0.27,,550,HSE,172,8,-21.211443,1
5-skew-three-planes,skew-xy-plus-0.030-xz-minus-0.060-yz-minus-0.060,1-cheap-pbe-atoms-relaxed,5-skew-three-planes/skew-xy-plus-0.030-xz-minus-0.060-yz-minus-0.060/1-cheap-pbe-atoms-relaxed,11.346172820578163,4.4209571892217525e-08,0.0004500442493604595,0.0036000445278807636,-0.061800005464303115,-0.06000000530514859,0.030000002652574367,0.064597086590737,0.061800005464303115,,,,550,PBE,172,8,-18.02666,5
5-skew-three-planes,skew-xy-plus-0.030-xz-minus-0.060-yz-minus-0.060,2-accurate-hse06-atoms-fixed,5-skew-three-planes/skew-xy-plus-0.030-xz-minus-0.060-yz-minus-0.060/2-accurate-hse06-atoms-fixed,11.346172820578163,4.4209571892217525e-08,0.0004500442493604595,0.0036000445278807636,-0.06180000546430317,-0.06000000530514859,0.030000002652574367,0.06459708659073701,0.06180000546430317,.TRUE.,0.27,,550,HSE,172,8,-21.157924,1
5-skew-three-planes,skew-xy-plus-0.030-xz-minus-0.060-yz-minus-0.090,1-cheap-pbe-atoms-relaxed,5-skew-three-planes/skew-xy-plus-0.030-xz-minus-0.060-yz-minus-0.090/1-cheap-pbe-atoms-relaxed,11.346172820578163,4.4209571892217525e-08,0.0004500442493604595,0.005850044726823822,-0.09180000811687745,-0.06000000530514859,0.030000002652574367,0.08061046275856332,0.09180000811687745,,,,550,PBE,172,8,-17.939785,7
5-skew-three-planes,skew-xy-plus-0.030-xz-minus-0.060-yz-minus-0.090,2-accurate-hse06-atoms-fixed,5-skew-three-planes/skew-xy-plus-0.030-xz-minus-0.060-yz-minus-0.090/2-accurate-hse06-atoms-fixed,11.346172820578163,4.4209571892217525e-08,0.0004500442493604595,0.005850044726823822,-0.09180000811687745,-0.06000000530514859,0.030000002652574367,0.08061046275856332,0.09180000811687745,.TRUE.,0.27,,550,HSE,172,8,-21.067226,1
5-skew-three-planes,skew-xy-plus-0.030-xz-minus-0.060-yz-plus-0.030,1-cheap-pbe-atoms-relaxed,5-skew-three-planes/skew-xy-plus-0.030-xz-minus-0.060-yz-plus-0.030/1-cheap-pbe-atoms-relaxed,11.346172820578163,4.4209571892217525e-08,0.0004500442493604595,0.0022500444085149507,0.02820000249341977,-0.06000000530514859,0.030000002652574367,0.05150617155127365,0.06000000530514859,,,,550,PBE,172,8,-18.073515,5
5-skew-three-planes,skew-xy-plus-0.030-xz-minus-0.060-yz-plus-0.030,2-accurate-hse06-atoms-fixed,5-skew-three-planes/skew-xy-plus-0.030-xz-minus-0.060-yz-plus-0.030/2-accurate-hse06-atoms-fixed,11.346172820578163,4.4209571892217525e-08,0.0004500442493604595,0.0022500444085149507,0.02820000249341977,-0.06000000530514859,0.030000002652574367,0.05150617155127365,0.06000000530514859,.TRUE.,0.27,,550,HSE,172,8,-21.206967,1
5-skew-three-planes,skew-xy-plus-0.030-xz-minus-0.090-yz-minus-0.030,1-cheap-pbe-atoms-relaxed,5-skew-three-planes/skew-xy-plus-0.030-xz-minus-0.090-yz-minus-0.030/1-cheap-pbe-atoms-relaxed,11.346172820578163,4.4209571892217525e-08,0.0004500442493604595,0.004500044607458009,-0.03270000289130605,-0.0900000079577229,0.030000002652574367,0.07109921822084604,0.0900000079577229,,,,550,PBE,172,8,-17.989355,10
5-skew-three-planes,skew-xy-plus-0.030-xz-minus-0.090-yz-minus-0.030,2-accurate-hse06-atoms-fixed,5-skew-three-planes/skew-xy-plus-0.030-xz-minus-0.090-yz-minus-0.030/2-accurate-hse06-atoms-fixed,11.346172820578163,4.4209571892217525e-08,0.0004500442493604595,0.004500044607458009,-0.03270000289130605,-0.09000000795772295,0.030000002652574367,0.07109921822084608,0.09000000795772295,.TRUE.,0.27,,550,HSE,172,8,-21.119075,1
5-skew-three-planes,skew-xy-plus-0.030-xz-minus-0.090-yz-minus-0.060,1-cheap-pbe-atoms-relaxed,5-skew-three-planes/skew-xy-plus-0.030-xz-minus-0.090-yz-minus-0.060/1-cheap-pbe-atoms-relaxed,11.346172820578163,4.4209571892217525e-08,0.0004500442493604595,0.005850044726823822,-0.06270000554388033,-0.0900000079577229,0.030000002652574367,0.08062302218664229,0.0900000079577229,,,,550,PBE,172,8,-17.939923,7
5-skew-three-planes,skew-xy-plus-0.030-xz-minus-0.090-yz-minus-0.060,2-accurate-hse06-atoms-fixed,5-skew-three-planes/skew-xy-plus-0.030-xz-minus-0.090-yz-minus-0.060/2-accurate-hse06-atoms-fixed,11.346172820578163,4.4209571892217525e-08,0.0004500442493604595,0.005850044726823822,-0.06270000554388039,-0.09000000795772295,0.030000002652574367,0.08062302218664233,0.09000000795772295,.TRUE.,0.27,,550,HSE,172,8,-21.067363,1
5-skew-three-planes,skew-xy-plus-0.030-xz-minus-0.090-yz-minus-0.090,1-cheap-pbe-atoms-relaxed,5-skew-three-planes/skew-xy-plus-0.030-xz-minus-0.090-yz-minus-0.090/1-cheap-pbe-atoms-relaxed,11.346172820578163,4.4209571892217525e-08,0.0004500442493604595,0.00810004492576688,-0.09270000819645467,-0.0900000079577229,0.030000002652574367,0.09414063853199364,0.09270000819645467,,,,550,PBE,172,8,-17.855455,17
5-skew-three-planes,skew-xy-plus-0.030-xz-minus-0.090-yz-minus-0.090,2-accurate-hse06-atoms-fixed,5-skew-three-planes/skew-xy-plus-0.030-xz-minus-0.090-yz-minus-0.090/2-accurate-hse06-atoms-fixed,11.346172820578163,4.4209571892217525e-08,0.0004500442493604595,0.008100044925766992,-0.09270000819645469,-0.09000000795772295,0.030000002652574367,0.09414063853199368,0.09270000819645469,.TRUE.,0.27,,550,HSE,172,8,-20.979034,1
5-skew-three-planes,skew-xy-plus-0.030-xz-minus-0.090-yz-plus-0.030,1-cheap-pbe-atoms-relaxed,5-skew-three-planes/skew-xy-plus-0.030-xz-minus-0.090-yz-plus-0.030/1-cheap-pbe-atoms-relaxed,11.346172820578163,4.4209571892217525e-08,0.0004500442493604595,0.004500044607458009,0.02730000241384254,-0.0900000079577229,0.030000002652574367,0.06995068836664639,0.0900000079577229,,,,550,PBE,172,8,-17.982662,5
5-skew-three-planes,skew-xy-plus-0.030-xz-minus-0.090-yz-plus-0.030,2-accurate-hse06-atoms-fixed,5-skew-three-planes/skew-xy-plus-0.030-xz-minus-0.090-yz-plus-0.030/2-accurate-hse06-atoms-fixed,11.346172820578163,4.4209571892217525e-08,0.0004500442493604595,0.004500044607458009,0.027300002413842537,-0.09000000795772295,0.030000002652574367,0.06995068836664643,0.09000000795772295,.TRUE.,0.27,,550,HSE,172,8,-21.112286,1
5-skew-three-planes,skew-xy-plus-0.030-xz-minus-0.090-yz-plus-0.060,1-cheap-pbe-atoms-relaxed,5-skew-three-planes/skew-xy-plus-0.030-xz-minus-0.090-yz-plus-0.060/1-cheap-pbe-atoms-relaxed,11.346172820578163,4.4209571892217525e-08,0.00045004424936068155,0.005850044726823822,0.05730000506641695,-0.0900000079577229,0.030000002652574256,0.078587986672342,0.0900000079577229,,,,550,PBE,172,8,-17.926628,12
5-skew-three-planes,skew-xy-plus-0.030-xz-minus-0.090-yz-plus-0.060,2-accurate-hse06-atoms-fixed,5-skew-three-planes/skew-xy-plus-0.030-xz-minus-0.090-yz-plus-0.060/2-accurate-hse06-atoms-fixed,11.346172820578163,4.4209571892217525e-08,0.00045004424936068155,0.005850044726823822,0.05730000506641695,-0.09000000795772295,0.030000002652574256,0.07858798667234203,0.09000000795772295,.TRUE.,0.27,,550,HSE,172,8,-21.053896,1
5-skew-three-planes,skew-xy-plus-0.030-xz-minus-0.090-yz-plus-0.090,1-cheap-pbe-atoms-relaxed,5-skew-three-planes/skew-xy-plus-0.030-xz-minus-0.090-yz-plus-0.090/1-cheap-pbe-atoms-relaxed,11.346172820578163,4.4209571892217525e-08,0.00045004424936068155,0.00810004492576688,0.08730000771899127,-0.09000000795772291,0.030000002652574256,0.09152300113779088,0.09000000795772291,,,,550,PBE,172,8,-17.835519,6
5-skew-three-planes,skew-xy-plus-0.030-xz-minus-0.090-yz-plus-0.090,2-accurate-hse06-atoms-fixed,5-skew-three-planes/skew-xy-plus-0.030-xz-minus-0.090-yz-plus-0.090/2-accurate-hse06-atoms-fixed,11.346172820578163,4.4209571892217525e-08,0.00045004424936068155,0.008100044925766992,0.08730000771899125,-0.09000000795772296,0.030000002652574256,0.09152300113779091,0.09000000795772296,.TRUE.,0.27,,550,HSE,172,8,-20.958873,1
5-skew-three-planes,skew-xy-plus-0.030-xz-plus-0.030-yz-minus-0.030,1-cheap-pbe-atoms-relaxed,5-skew-three-planes/skew-xy-plus-0.030-xz-plus-0.030-yz-minus-0.030/1-cheap-pbe-atoms-relaxed,11.346172820578163,4.4209571892217525e-08,0.0004500442493604595,0.0009000442891491378,-0.029100002572997122,0.030000002652574388,0.030000002652574367,0.036392552171831204,0.030000002652574388,,,,550,PBE,172,8,-18.128523,3
5-skew-three-planes,skew-xy-plus-0.030-xz-plus-0.030-yz-minus-0.030,2-accurate-hse06-atoms-fixed,5-skew-three-planes/skew-xy-plus-0.030-xz-plus-0.030-yz-minus-0.030/2-accurate-hse06-atoms-fixed,11.346172820578163,4.4209571892217525e-08,0.0004500442493604595,0.0009000442891491378,-0.029100002572997122,0.030000002652574388,0.030000002652574367,0.036392552171831204,0.030000002652574388,.TRUE.,0.27,,550,HSE,172,8,-21.264272,1
5-skew-three-planes,skew-xy-plus-0.030-xz-plus-0.030-yz-minus-0.090,1-cheap-pbe-atoms-relaxed,5-skew-three-planes/skew-xy-plus-0.030-xz-plus-0.030-yz-minus-0.090/1-cheap-pbe-atoms-relaxed,11.346172820578163,4.4209571892217525e-08,0.0004500442493604595,0.004500044607458009,-0.08910000787814576,0.030000002652574385,0.030000002652574367,0.0699275253558621,0.08910000787814576,,,,550,PBE,172,8,-17.98262,5
5-skew-three-planes,skew-xy-plus-0.030-xz-plus-0.030-yz-minus-0.090,2-accurate-hse06-atoms-fixed,5-skew-three-planes/skew-xy-plus-0.030-xz-plus-0.030-yz-minus-0.090/2-accurate-hse06-atoms-fixed,11.346172820578163,4.4209571892217525e-08,0.0004500442493604595,0.004500044607458009,-0.08910000787814576,0.030000002652574385,0.030000002652574367,0.0699275253558621,0.08910000787814576,.TRUE.,0.27,,550,HSE,172,8,-21.112243,1
5-skew-three-planes,skew-xy-plus-0.030-xz-plus-0.030-yz-plus-0.030,1-cheap-pbe-atoms-relaxed,5-skew-three-planes/skew-xy-plus-0.030-xz-plus-0.030-yz-plus-0.030/1-cheap-pbe-atoms-relaxed,11.346172820578163,4.4209571892217525e-08,0.0004500442493604595,0.0009000442891491378,0.03090000273215146,0.030000002652574388,0.030000002652574367,0.03712705028855269,0.03090000273215146,,,,550,PBE,172,8,-18.130692,9
5-skew-three-planes,skew-xy-plus-0.030-xz-plus-0.030-yz-plus-0.030,2-accurate-hse06-atoms-fixed,5-skew-three-planes/skew-xy-plus-0.030-xz-plus-0.030-yz-plus-0.030/2-accurate-hse06-atoms-fixed,11.346172820578163,4.4209571892217525e-08,0.0004500442493604595,0.0009000442891491378,0.03090000273215146,0.030000002652574388,0.030000002652574367,0.03712705028855269,0.03090000273215146,.TRUE.,0.27,,550,HSE,172,8,-21.266476,1
5-skew-three-planes,skew-xy-plus-0.030-xz-plus-0.030-yz-plus-0.060,1-cheap-pbe-atoms-relaxed,5-skew-three-planes/skew-xy-plus-0.030-xz-plus-0.030-yz-plus-0.060/1-cheap-pbe-atoms-relaxed,11.346172820578163,4.4209571892217525e-08,0.00045004424936068155,0.0022500444085149507,0.06090000538472587,0.030000002652574385,0.030000002652574256,0.052532568248210676,0.06090000538472587,,,,550,PBE,172,8,-18.077862,11
5-skew-three-planes,skew-xy-plus-0.030-xz-plus-0.030-yz-plus-0.060,2-accurate-hse06-atoms-fixed,5-skew-three-planes/skew-xy-plus-0.030-xz-plus-0.030-yz-plus-0.060/2-accurate-hse06-atoms-fixed,11.346172820578163,4.4209571892217525e-08,0.00045004424936068155,0.0022500444085149507,0.06090000538472587,0.030000002652574385,0.030000002652574256,0.052532568248210676,0.06090000538472587,.TRUE.,0.27,,550,HSE,172,8,-21.211384,1
5-skew-three-planes,skew-xy-plus-0.030-xz-plus-0.030-yz-plus-0.090,1-cheap-pbe-atoms-relaxed,5-skew-three-planes/skew-xy-plus-0.030-xz-plus-0.030-yz-plus-0.090/1-cheap-pbe-atoms-relaxed,11.346172820578163,4.4209571892217525e-08,0.00045004424936068155,0.004500044607458009,0.09090000803730018,0.03000000265257438,0.030000002652574256,0.07107642950403835,0.09090000803730018,,,,550,PBE,172,8,-17.989183,5
5-skew-three-planes,skew-xy-plus-0.030-xz-plus-0.030-yz-plus-0.090,2-accurate-hse06-atoms-fixed,5-skew-three-planes/skew-xy-plus-0.030-xz-plus-0.030-yz-plus-0.090/2-accurate-hse06-atoms-fixed,11.346172820578163,4.4209571892217525e-08,0.00045004424936068155,0.004500044607458009,0.09090000803730018,0.03000000265257438,0.030000002652574256,0.07107642950403835,0.09090000803730018,.TRUE.,0.27,,550,HSE,172,8,-21.118902,1
5-skew-three-planes,skew-xy-plus-0.030-xz-plus-0.060-yz-minus-0.030,1-cheap-pbe-atoms-relaxed,5-skew-three-planes/skew-xy-plus-0.030-xz-plus-0.060-yz-minus-0.030/1-cheap-pbe-atoms-relaxed,11.346172820578163,4.4209571892217525e-08,0.0004500442493604595,0.0022500444085149507,-0.028200002493419897,0.060000005305148686,0.030000002652574312,0.051506171551273724,0.060000005305148686,,,,550,PBE,172,8,-18.073515,5
5-skew-three-planes,skew-xy-plus-0.030-xz-plus-0.060-yz-minus-0.030,2-accurate-hse06-atoms-fixed,5-skew-three-planes/skew-xy-plus-0.030-xz-plus-0.060-yz-minus-0.030/2-accurate-hse06-atoms-fixed,11.346172820578163,4.4209571892217525e-08,0.0004500442493604595,0.0022500444085149507,-0.028200002493419894,0.060000005305148686,0.030000002652574367,0.05150617155127374,0.060000005305148686,.TRUE.,0.27,,550,HSE,172,8,-21.206967,1
5-skew-three-planes,skew-xy-plus-0.030-xz-plus-0.060-yz-plus-0.030,1-cheap-pbe-atoms-relaxed,5-skew-three-planes/skew-xy-plus-0.030-xz-plus-0.060-yz-plus-0.030/1-cheap-pbe-atoms-relaxed,11.346172820578163,4.4209571892217525e-08,0.0004500442493604595,0.0022500444085149507,0.031800002811728685,0.060000005305148686,0.030000002652574312,0.052544131232400926,0.060000005305148686,,,,550,PBE,172,8,-18.07792,10
5-skew-three-planes,skew-xy-plus-0.030-xz-plus-0.060-yz-plus-0.030,2-accurate-hse06-atoms-fixed,5-skew-three-planes/skew-xy-plus-0.030-xz-plus-0.060-yz-plus-0.030/2-accurate-hse06-atoms-fixed,11.346172820578163,4.4209571892217525e-08,0.0004500442493604595,0.0022500444085149507,0.031800002811728685,0.060000005305148686,0.030000002652574367,0.05254413123240095,0.060000005305148686,.TRUE.,0.27,,550,HSE,172,8,-21.211443,1
5-skew-three-planes,skew-xy-plus-0.030-xz-plus-0.060-yz-plus-0.060,1-cheap-pbe-atoms-relaxed,5-skew-three-planes/skew-xy-plus-0.030-xz-plus-0.060-yz-plus-0.060/1-cheap-pbe-atoms-relaxed,11.346172820578163,4.4209571892217525e-08,0.00045004424936068155,0.0036000445278807636,0.061800005464303094,0.06000000530514868,0.0300000026525742,0.06459708659073699,0.061800005464303094,,,,550,PBE,172,8,-18.02666,5
5-skew-three-planes,skew-xy-plus-0.030-xz-plus-0.060-yz-plus-0.060,2-accurate-hse06-atoms-fixed,5-skew-three-planes/skew-xy-plus-0.030-xz-plus-0.060-yz-plus-0.060/2-accurate-hse06-atoms-fixed,11.346172820578163,4.4209571892217525e-08,0.00045004424936068155,0.0036000445278807636,0.0618000054643031,0.06000000530514868,0.030000002652574256,0.064597086590737,0.0618000054643031,.TRUE.,0.27,,550,HSE,172,8,-21.157924,1
5-skew-three-planes,skew-xy-plus-0.030-xz-plus-0.060-yz-plus-0.090,1-cheap-pbe-atoms-relaxed,5-skew-three-planes/skew-xy-plus-0.030-xz-plus-0.060-yz-plus-0.090/1-cheap-pbe-atoms-relaxed,11.346172820578163,4.4209571892217525e-08,0.00045004424936068155,0.005850044726823822,0.09180000811687741,0.06000000530514868,0.0300000026525742,0.0806104627585633,0.09180000811687741,,,,550,PBE,172,8,-17.939785,7
5-skew-three-planes,skew-xy-plus-0.030-xz-plus-0.060-yz-plus-0.090,2-accurate-hse06-atoms-fixed,5-skew-three-planes/skew-xy-plus-0.030-xz-plus-0.060-yz-plus-0.090/2-accurate-hse06-atoms-fixed,11.346172820578163,4.4209571892217525e-08,0.00045004424936068155,0.005850044726823822,0.09180000811687741,0.06000000530514868,0.030000002652574256,0.08061046275856332,0.09180000811687741,.TRUE.,0.27,,550,HSE,172,8,-21.067226,1
5-skew-three-planes,skew-xy-plus-0.030-xz-plus-0.090-yz-minus-0.030,1-cheap-pbe-atoms-relaxed,5-skew-three-planes/skew-xy-plus-0.030-xz-plus-0.090-yz-minus-0.030/1-cheap-pbe-atoms-relaxed,11.346172820578163,4.4209571892217525e-08,0.0004500442493604595,0.004500044607458009,-0.027300002413842665,0.09000000795772298,0.030000002652574367,0.06995068836664647,0.09000000795772298,,,,550,PBE,172,8,-17.982662,5
5-skew-three-planes,skew-xy-plus-0.030-xz-plus-0.090-yz-minus-0.030,2-accurate-hse06-atoms-fixed,5-skew-three-planes/skew-xy-plus-0.030-xz-plus-0.090-yz-minus-0.030/2-accurate-hse06-atoms-fixed,11.346172820578163,4.4209571892217525e-08,0.0004500442493604595,0.004500044607458009,-0.027300002413842665,0.09000000795772298,0.030000002652574367,0.06995068836664647,0.09000000795772298,.TRUE.,0.27,,550,HSE,172,8,-21.112287,1
5-skew-three-planes,skew-xy-plus-0.030-xz-plus-0.090-yz-minus-0.060,1-cheap-pbe-atoms-relaxed,5-skew-three-planes/skew-xy-plus-0.030-xz-plus-0.090-yz-minus-0.060/1-cheap-pbe-atoms-relaxed,11.346172820578163,4.4209571892217525e-08,0.0004500442493604595,0.005850044726823822,-0.05730000506641696,0.09000000795772298,0.030000002652574367,0.07858798667234207,0.09000000795772298,,,,550,PBE,172,8,-17.926628,12
5-skew-three-planes,skew-xy-plus-0.030-xz-plus-0.090-yz-minus-0.060,2-accurate-hse06-atoms-fixed,5-skew-three-planes/skew-xy-plus-0.030-xz-plus-0.090-yz-minus-0.060/2-accurate-hse06-atoms-fixed,11.346172820578163,4.4209571892217525e-08,0.0004500442493604595,0.005850044726823822,-0.05730000506641702,0.09000000795772298,0.030000002652574367,0.07858798667234208,0.09000000795772298,.TRUE.,0.27,,550,HSE,172,8,-21.053897,1
5-skew-three-planes,skew-xy-plus-0.030-xz-plus-0.090-yz-minus-0.090,1-cheap-pbe-atoms-relaxed,5-skew-three-planes/skew-xy-plus-0.030-xz-plus-0.090-yz-minus-0.090/1-cheap-pbe-atoms-relaxed,11.346172820578163,4.4209571892217525e-08,0.0004500442493604595,0.008100044925766992,-0.0873000077189913,0.09000000795772298,0.030000002652574367,0.09152300113779095,0.09000000795772298,,,,550,PBE,172,8,-17.83552,6
5-skew-three-planes,skew-xy-plus-0.030-xz-plus-0.090-yz-minus-0.090,2-accurate-hse06-atoms-fixed,5-skew-three-planes/skew-xy-plus-0.030-xz-plus-0.090-yz-minus-0.090/2-accurate-hse06-atoms-fixed,11.346172820578163,4.4209571892217525e-08,0.0004500442493604595,0.008100044925766992,-0.0873000077189913,0.09000000795772298,0.030000002652574367,0.09152300113779095,0.09000000795772298,.TRUE.,0.27,,550,HSE,172,8,-20.958874,1
5-skew-three-planes,skew-xy-plus-0.030-xz-plus-0.090-yz-plus-0.030,1-cheap-pbe-atoms-relaxed,5-skew-three-planes/skew-xy-plus-0.030-xz-plus-0.090-yz-plus-0.030/1-cheap-pbe-atoms-relaxed,11.346172820578163,4.4209571892217525e-08,0.0004500442493604595,0.004500044607458009,0.03270000289130592,0.09000000795772298,0.030000002652574367,0.07109921822084607,0.09000000795772298,,,,550,PBE,172,8,-17.989355,10
5-skew-three-planes,skew-xy-plus-0.030-xz-plus-0.090-yz-plus-0.030,2-accurate-hse06-atoms-fixed,5-skew-three-planes/skew-xy-plus-0.030-xz-plus-0.090-yz-plus-0.030/2-accurate-hse06-atoms-fixed,11.346172820578163,4.4209571892217525e-08,0.0004500442493604595,0.004500044607458009,0.03270000289130592,0.09000000795772298,0.030000002652574367,0.07109921822084607,0.09000000795772298,.TRUE.,0.27,,550,HSE,172,8,-21.119075,1
5-skew-three-planes,skew-xy-plus-0.030-xz-plus-0.090-yz-plus-0.060,1-cheap-pbe-atoms-relaxed,5-skew-three-planes/skew-xy-plus-0.030-xz-plus-0.090-yz-plus-0.060/1-cheap-pbe-atoms-relaxed,11.346172820578163,4.4209571892217525e-08,0.00045004424936068155,0.005850044726823822,0.06270000554388033,0.09000000795772298,0.030000002652574256,0.08062302218664232,0.09000000795772298,,,,550,PBE,172,8,-17.939923,7
5-skew-three-planes,skew-xy-plus-0.030-xz-plus-0.090-yz-plus-0.060,2-accurate-hse06-atoms-fixed,5-skew-three-planes/skew-xy-plus-0.030-xz-plus-0.090-yz-plus-0.060/2-accurate-hse06-atoms-fixed,11.346172820578163,4.4209571892217525e-08,0.00045004424936068155,0.005850044726823822,0.06270000554388033,0.09000000795772298,0.030000002652574256,0.08062302218664232,0.09000000795772298,.TRUE.,0.27,,550,HSE,172,8,-21.067363,1
5-skew-three-planes,skew-xy-plus-0.030-xz-plus-0.090-yz-plus-0.090,1-cheap-pbe-atoms-relaxed,5-skew-three-planes/skew-xy-plus-0.030-xz-plus-0.090-yz-plus-0.090/1-cheap-pbe-atoms-relaxed,11.346172820578163,4.4209571892217525e-08,0.00045004424936068155,0.008100044925766992,0.09270000819645464,0.09000000795772296,0.030000002652574256,0.09414063853199366,0.09270000819645464,,,,550,PBE,172,8,-17.855453,17
5-skew-three-planes,skew-xy-plus-0.030-xz-plus-0.090-yz-plus-0.090,2-accurate-hse06-atoms-fixed,5-skew-three-planes/skew-xy-plus-0.030-xz-plus-0.090-yz-plus-0.090/2-accurate-hse06-atoms-fixed,11.346172820578163,4.4209571892217525e-08,0.00045004424936068155,0.008100044925766992,0.09270000819645464,0.09000000795772296,0.030000002652574256,0.09414063853199366,0.09270000819645464,.TRUE.,0.27,,550,HSE,172,8,-20.979032,1
5-skew-three-planes,skew-xy-plus-0.060-xz-minus-0.030-yz-minus-0.030,1-cheap-pbe-atoms-relaxed,5-skew-three-planes/skew-xy-plus-0.060-xz-minus-0.030-yz-minus-0.030/1-cheap-pbe-atoms-relaxed,11.346172820578163,4.4209571892217525e-08,0.0018000443687263834,0.0009000442891491378,-0.03180000281172882,-0.030000002652574315,0.06000000530514867,0.052532568248210704,0.06000000530514867,,,,550,PBE,172,8,-18.077851,10
5-skew-three-planes,skew-xy-plus-0.060-xz-minus-0.030-yz-minus-0.030,2-accurate-hse06-atoms-fixed,5-skew-three-planes/skew-xy-plus-0.060-xz-minus-0.030-yz-minus-0.030/2-accurate-hse06-atoms-fixed,11.346172820578163,4.4209571892217525e-08,0.0018000443687263834,0.0009000442891491378,-0.03180000281172882,-0.030000002652574315,0.06000000530514867,0.052532568248210704,0.06000000530514867,.TRUE.,0.27,,550,HSE,172,8,-21.211373,1
5-skew-three-planes,skew-xy-plus-0.060-xz-minus-0.030-yz-minus-0.060,1-cheap-pbe-atoms-relaxed,5-skew-three-planes/skew-xy-plus-0.060-xz-minus-0.030-yz-minus-0.060/1-cheap-pbe-atoms-relaxed,11.346172820578163,4.4209571892217525e-08,0.0018000443687263834,0.0022500444085149507,-0.061800005464303115,-0.03000000265257432,0.06000000530514867,0.0645594578288243,0.061800005464303115,,,,550,PBE,172,8,-18.026366,5
5-skew-three-planes,skew-xy-plus-0.060-xz-minus-0.030-yz-minus-0.060,2-accurate-hse06-atoms-fixed,5-skew-three-planes/skew-xy-plus-0.060-xz-minus-0.030-yz-minus-0.060/2-accurate-hse06-atoms-fixed,11.346172820578163,4.4209571892217525e-08,0.0018000443687263834,0.0022500444085149507,-0.06180000546430317,-0.03000000265257432,0.06000000530514867,0.06455945782882432,0.06180000546430317,.TRUE.,0.27,,550,HSE,172,8,-21.157626,1
5-skew-three-planes,skew-xy-plus-0.060-xz-minus-0.030-yz-minus-0.090,1-cheap-pbe-atoms-relaxed,5-skew-three-planes/skew-xy-plus-0.060-xz-minus-0.030-yz-minus-0.090/1-cheap-pbe-atoms-relaxed,11.346172820578163,4.4209571892217525e-08,0.0018000443687263834,0.004500044607458009,-0.09180000811687745,-0.03000000265257432,0.06000000530514867,0.08054260800480699,0.09180000811687745,,,,550,PBE,172,8,-17.939149,7
5-skew-three-planes,skew-xy-plus-0.060-xz-minus-0.030-yz-minus-0.090,2-accurate-hse06-atoms-fixed,5-skew-three-planes/skew-xy-plus-0.060-xz-minus-0.030-yz-minus-0.090/2-accurate-hse06-atoms-fixed,11.346172820578163,4.4209571892217525e-08,0.0018000443687263834,0.004500044607458009,-0.09180000811687745,-0.03000000265257432,0.06000000530514867,0.08054260800480699,0.09180000811687745,.TRUE.,0.27,,550,HSE,172,8,-21.066585,1
5-skew-three-planes,skew-xy-plus-0.060-xz-minus-0.030-yz-plus-0.030,1-cheap-pbe-atoms-relaxed,5-skew-three-planes/skew-xy-plus-0.060-xz-minus-0.030-yz-plus-0.030/1-cheap-pbe-atoms-relaxed,11.346172820578163,4.4209571892217525e-08,0.0018000443687263834,0.0009000442891491378,0.02820000249341977,-0.030000002652574315,0.06000000530514867,0.051494375495333235,0.06000000530514867,,,,550,PBE,172,8,-18.07344,5
5-skew-three-planes,skew-xy-plus-0.060-xz-minus-0.030-yz-plus-0.030,2-accurate-hse06-atoms-fixed,5-skew-three-planes/skew-xy-plus-0.060-xz-minus-0.030-yz-plus-0.030/2-accurate-hse06-atoms-fixed,11.346172820578163,4.4209571892217525e-08,0.0018000443687263834,0.0009000442891491378,0.02820000249341977,-0.030000002652574315,0.06000000530514867,0.051494375495333235,0.06000000530514867,.TRUE.,0.27,,550,HSE,172,8,-21.20689,1
5-skew-three-planes,skew-xy-plus-0.060-xz-minus-0.030-yz-plus-0.090,1-cheap-pbe-atoms-relaxed,5-skew-three-planes/skew-xy-plus-0.060-xz-minus-0.030-yz-plus-0.090/1-cheap-pbe-atoms-relaxed,11.346172820578163,4.4209571892217525e-08,0.0018000443687266054,0.004500044607458009,0.08820000779856849,-0.030000002652574322,0.06000000530514856,0.07850548800510945,0.08820000779856849,,,,550,PBE,172,8,-17.92599,8
5-skew-three-planes,skew-xy-plus-0.060-xz-minus-0.030-yz-plus-0.090,2-accurate-hse06-atoms-fixed,5-skew-three-planes/skew-xy-plus-0.060-xz-minus-0.030-yz-plus-0.090/2-accurate-hse06-atoms-fixed,11.346172820578163,4.4209571892217525e-08,0.0018000443687266054,0.004500044607458009,0.08820000779856849,-0.030000002652574322,0.06000000530514856,0.07850548800510945,0.08820000779856849,.TRUE.,0.27,,550,HSE,172,8,-21.053251,1
5-skew-three-planes,skew-xy-plus-0.060-xz-minus-0.060-yz-minus-0.030,1-cheap-pbe-atoms-relaxed,5-skew-three-planes/skew-xy-plus-0.060-xz-minus-0.060-yz-minus-0.030/1-cheap-pbe-atoms-relaxed,11.346172820578163,4.4209571892217525e-08,0.0018000443687263834,0.0022500444085149507,-0.03360000297088328,-0.0600000053051486,0.06000000530514867,0.064597086590737,0.06000000530514867,,,,550,PBE,172,8,-18.026546,5
5-skew-three-planes,skew-xy-plus-0.060-xz-minus-0.060-yz-minus-0.030,2-accurate-hse06-atoms-fixed,5-skew-three-planes/skew-xy-plus-0.060-xz-minus-0.060-yz-minus-0.030/2-accurate-hse06-atoms-fixed,11.346172820578163,4.4209571892217525e-08,0.0018000443687263834,0.0022500444085149507,-0.03360000297088328,-0.0600000053051486,0.06000000530514867,0.064597086590737,0.06000000530514867,.TRUE.,0.27,,550,HSE,172,8,-21.157807,1
5-skew-three-planes,skew-xy-plus-0.060-xz-minus-0.060-yz-minus-0.060,1-cheap-pbe-atoms-relaxed,5-skew-three-planes/skew-xy-plus-0.060-xz-minus-0.060-yz-minus-0.060/1-cheap-pbe-atoms-relaxed,11.346172820578163,4.4209571892217525e-08,0.0018000443687263834,0.0036000445278807636,-0.06360000562345756,-0.0600000053051486,0.06000000530514867,0.07509115443648369,0.06360000562345756,,,,550,PBE,172,8,-17.977697,5
5-skew-three-planes,skew-xy-plus-0.060-xz-minus-0.060-yz-minus-0.060,2-accurate-hse06-atoms-fixed,5-skew-three-planes/skew-xy-plus-0.060-xz-minus-0.060-yz-minus-0.060/2-accurate-hse06-atoms-fixed,11.346172820578163,4.4209571892217525e-08,0.0018000443687263834,0.0036000445278807636,-0.06360000562345762,-0.0600000053051486,0.06000000530514867,0.0750911544364837,0.06360000562345762,.TRUE.,0.27,,550,HSE,172,8,-21.106701,1
5-skew-three-planes,skew-xy-plus-0.060-xz-minus-0.060-yz-minus-0.090,1-cheap-pbe-atoms-relaxed,5-skew-three-planes/skew-xy-plus-0.060-xz-minus-0.060-yz-minus-0.090/1-cheap-pbe-atoms-relaxed,11.346172820578163,4.4209571892217525e-08,0.0018000443687263834,0.005850044726823822,-0.0936000082760319,-0.0600000053051486,0.06000000530514867,0.08954297624209094,0.0936000082760319,,,,550,PBE,172,8,-17.893414,5
5-skew-three-planes,skew-xy-plus-0.060-xz-minus-0.060-yz-minus-0.090,2-accurate-hse06-atoms-fixed,5-skew-three-planes/skew-xy-plus-0.060-xz-minus-0.060-yz-minus-0.090/2-accurate-hse06-atoms-fixed,11.346172820578163,4.4209571892217525e-08,0.0018000443687263834,0.005850044726823822,-0.0936000082760319,-0.0600000053051486,0.06000000530514867,0.08954297624209094,0.0936000082760319,.TRUE.,0.27,,550,HSE,172,8,-21.018586,1
5-skew-three-planes,skew-xy-plus-0.060-xz-minus-0.060-yz-plus-0.060,1-cheap-pbe-atoms-relaxed,5-skew-three-planes/skew-xy-plus-0.060-xz-minus-0.060-yz-plus-0.060/1-cheap-pbe-atoms-relaxed,11.346172820578163,4.4209571892217525e-08,0.0018000443687266054,0.0036000445278807636,0.05640000498683972,-0.06000000530514861,0.06000000530514856,0.07215733779879697,0.06000000530514861,,,,550,PBE,172,8,-17.96002,12
5-skew-three-planes,skew-xy-plus-0.060-xz-minus-0.060-yz-plus-0.060,2-accurate-hse06-atoms-fixed,5-skew-three-planes/skew-xy-plus-0.060-xz-minus-0.060-yz-plus-0.060/2-accurate-hse06-atoms-fixed,11.346172820578163,4.4209571892217525e-08,0.0018000443687266054,0.0036000445278807636,0.05640000498683972,-0.06000000530514861,0.06000000530514856,0.07215733779879697,0.06000000530514861,.TRUE.,0.27,,550,HSE,172,8,-21.08878,1
5-skew-three-planes,skew-xy-plus-0.060-xz-minus-0.060-yz-plus-0.090,1-cheap-pbe-atoms-relaxed,5-skew-three-planes/skew-xy-plus-0.060-xz-minus-0.060-yz-plus-0.090/1-cheap-pbe-atoms-relaxed,11.346172820578163,4.4209571892217525e-08,0.0018000443687266054,0.005850044726823822,0.08640000763941404,-0.06000000530514861,0.06000000530514856,0.0858483807634159,0.08640000763941404,,,,550,PBE,172,8,-17.866969,9
5-skew-three-planes,skew-xy-plus-0.060-xz-minus-0.060-yz-plus-0.090,2-accurate-hse06-atoms-fixed,5-skew-three-planes/skew-xy-plus-0.060-xz-minus-0.060-yz-plus-0.090/2-accurate-hse06-atoms-fixed,11.346172820578163,4.4209571892217525e-08,0.0018000443687266054,0.005850044726823822,0.08640000763941404,-0.06000000530514861,0.06000000530514856,0.0858483807634159,0.08640000763941404,.TRUE.,0.27,,550,HSE,172,8,-20.991818,1
5-skew-three-planes,skew-xy-plus-0.060-xz-minus-0.090-yz-minus-0.030,1-cheap-pbe-atoms-relaxed,5-skew-three-planes/skew-xy-plus-0.060-xz-minus-0.090-yz-minus-0.030/1-cheap-pbe-atoms-relaxed,11.346172820578163,4.4209571892217525e-08,0.0018000443687263834,0.004500044607458009,-0.03540000313003774,-0.09000000795772291,0.06000000530514867,0.08062302218664232,0.09000000795772291,,,,550,PBE,172,8,-17.939679,7
5-skew-three-planes,skew-xy-plus-0.060-xz-minus-0.090-yz-minus-0.030,2-accurate-hse06-atoms-fixed,5-skew-three-planes/skew-xy-plus-0.060-xz-minus-0.090-yz-minus-0.030/2-accurate-hse06-atoms-fixed,11.346172820578163,4.4209571892217525e-08,0.0018000443687263834,0.004500044607458009,-0.03540000313003774,-0.09000000795772291,0.06000000530514867,0.08062302218664232,0.09000000795772291,.TRUE.,0.27,,550,HSE,172,8,-21.067116,1
5-skew-three-planes,skew-xy-plus-0.060-xz-minus-0.090-yz-minus-0.060,1-cheap-pbe-atoms-relaxed,5-skew-three-planes/skew-xy-plus-0.060-xz-minus-0.090-yz-minus-0.060/1-cheap-pbe-atoms-relaxed,11.346172820578163,4.4209571892217525e-08,0.0018000443687263834,0.005850044726823822,-0.06540000578261203,-0.09000000795772291,0.06000000530514867,0.08958819451090667,0.09000000795772291,,,,550,PBE,172,8,-17.893821,7
5-skew-three-planes,skew-xy-plus-0.060-xz-minus-0.090-yz-minus-0.060,2-accurate-hse06-atoms-fixed,5-skew-three-planes/skew-xy-plus-0.060-xz-minus-0.090-yz-minus-0.060/2-accurate-hse06-atoms-fixed,11.346172820578163,4.4209571892217525e-08,0.0018000443687263834,0.005850044726823822,-0.06540000578261208,-0.09000000795772291,0.06000000530514867,0.0895881945109067,0.09000000795772291,.TRUE.,0.27,,550,HSE,172,8,-21.01899,1
5-skew-three-planes,skew-xy-plus-0.060-xz-minus-0.090-yz-minus-0.090,1-cheap-pbe-atoms-relaxed,5-skew-three-planes/skew-xy-plus-0.060-xz-minus-0.090-yz-minus-0.090/1-cheap-pbe-atoms-relaxed,11.346172820578163,4.4209571892217525e-08,0.0018000443687263834,0.008100044925766992,-0.09540000843518637,-0.09000000795772291,0.06000000530514867,0.1023202459279278,0.09540000843518637,,,,550,PBE,172,8,-17.813014,10
5-skew-three-planes,skew-xy-plus-0.060-xz-minus-0.090-yz-minus-0.090,2-accurate-hse06-atoms-fixed,5-skew-three-planes/skew-xy-plus-0.060-xz-minus-0.090-yz-minus-0.090/2-accurate-hse06-atoms-fixed,11.346172820578163,4.4209571892217525e-08,0.0018000443687263834,0.008100044925766992,-0.09540000843518637,-0.09000000795772291,0.06000000530514867,0.1023202459279278,0.09540000843518637,.TRUE.,0.27,,550,HSE,172,8,-20.934296,1
5-skew-three-planes,skew-xy-plus-0.060-xz-minus-0.090-yz-plus-0.030,1-cheap-pbe-atoms-relaxed,5-skew-three-planes/skew-xy-plus-0.060-xz-minus-0.090-yz-plus-0.030/1-cheap-pbe-atoms-relaxed,11.346172820578163,4.4209571892217525e-08,0.0018000443687263834,0.004500044607458009,0.024600002175110852,-0.09000000795772291,0.06000000530514867,0.07858798667234203,0.09000000795772291,,,,550,PBE,172,8,-17.926269,12
5-skew-three-planes,skew-xy-plus-0.060-xz-minus-0.090-yz-plus-0.030,2-accurate-hse06-atoms-fixed,5-skew-three-planes/skew-xy-plus-0.060-xz-minus-0.090-yz-plus-0.030/2-accurate-hse06-atoms-fixed,11.346172820578163,4.4209571892217525e-08,0.0018000443687263834,0.004500044607458009,0.024600002175110852,-0.09000000795772291,0.06000000530514867,0.07858798667234203,0.09000000795772291,.TRUE.,0.27,,550,HSE,172,8,-21.053533,1
5-skew-three-planes,skew-xy-plus-0.060-xz-minus-0.090-yz-plus-0.060,1-cheap-pbe-atoms-relaxed,5-skew-three-planes/skew-xy-plus-0.060-xz-minus-0.090-yz-plus-0.060/1-cheap-pbe-atoms-relaxed,11.346172820578163,4.4209571892217525e-08,0.0018000443687266054,0.005850044726823822,0.05460000482768526,-0.09000000795772291,0.06000000530514856,0.08589554401208963,0.09000000795772291,,,,550,PBE,172,8,-17.867055,8
5-skew-three-planes,skew-xy-plus-0.060-xz-minus-0.090-yz-plus-0.060,2-accurate-hse06-atoms-fixed,5-skew-three-planes/skew-xy-plus-0.060-xz-minus-0.090-yz-plus-0.060/2-accurate-hse06-atoms-fixed,11.346172820578163,4.4209571892217525e-08,0.0018000443687266054,0.005850044726823822,0.05460000482768526,-0.09000000795772291,0.06000000530514856,0.08589554401208963,0.09000000795772291,.TRUE.,0.27,,550,HSE,172,8,-20.991906,1
5-skew-three-planes,skew-xy-plus-0.060-xz-minus-0.090-yz-plus-0.090,1-cheap-pbe-atoms-relaxed,5-skew-three-planes/skew-xy-plus-0.060-xz-minus-0.090-yz-plus-0.090/1-cheap-pbe-atoms-relaxed,11.346172820578163,4.4209571892217525e-08,0.0018000443687266054,0.008100044925766992,0.08460000748025957,-0.09000000795772292,0.06000000530514856,0.09745477184245413,0.09000000795772292,,,,550,PBE,172,8,-17.773019,9
5-skew-three-planes,skew-xy-plus-0.060-xz-minus-0.090-yz-plus-0.090,2-accurate-hse06-atoms-fixed,5-skew-three-planes/skew-xy-plus-0.060-xz-minus-0.090-yz-plus-0.090/2-accurate-hse06-atoms-fixed,11.346172820578163,4.4209571892217525e-08,0.0018000443687266054,0.008100044925766992,0.08460000748025957,-0.09000000795772292,0.06000000530514856,0.09745477184245413,0.09000000795772292,.TRUE.,0.27,,550,HSE,172,8,-20.893904,1
5-skew-three-planes,skew-xy-plus-0.060-xz-plus-0.030-yz-minus-0.030,1-cheap-pbe-atoms-relaxed,5-skew-three-planes/skew-xy-plus-0.060-xz-plus-0.030-yz-minus-0.030/1-cheap-pbe-atoms-relaxed,11.346172820578163,4.4209571892217525e-08,0.0018000443687263834,0.0009000442891491378,-0.028200002493419894,0.030000002652574378,0.06000000530514867,0.05149437549533329,0.06000000530514867,,,,550,PBE,172,8,-18.07344,5
5-skew-three-planes,skew-xy-plus-0.060-xz-plus-0.030-yz-minus-0.030,2-accurate-hse06-atoms-fixed,5-skew-three-planes/skew-xy-plus-0.060-xz-plus-0.030-yz-minus-0.030/2-accurate-hse06-atoms-fixed,11.346172820578163,4.4209571892217525e-08,0.0018000443687263834,0.0009000442891491378,-0.028200002493419894,0.030000002652574378,0.06000000530514867,0.05149437549533329,0.06000000530514867,.TRUE.,0.27,,550,HSE,172,8,-21.20689,1
5-skew-three-planes,skew-xy-plus-0.060-xz-plus-0.030-yz-minus-0.090,1-cheap-pbe-atoms-relaxed,5-skew-three-planes/skew-xy-plus-0.060-xz-plus-0.030-yz-minus-0.090/1-cheap-pbe-atoms-relaxed,11.346172820578163,4.4209571892217525e-08,0.0018000443687263834,0.004500044607458009,-0.08820000779856853,0.030000002652574374,0.06000000530514867,0.07850548800510951,0.08820000779856853,,,,550,PBE,172,8,-17.92599,8
5-skew-three-planes,skew-xy-plus-0.060-xz-plus-0.030-yz-minus-0.090,2-accurate-hse06-atoms-fixed,5-skew-three-planes/skew-xy-plus-0.060-xz-plus-0.030-yz-minus-0.090/2-accurate-hse06-atoms-fixed,11.346172820578163,4.4209571892217525e-08,0.0018000443687263834,0.004500044607458009,-0.08820000779856853,0.030000002652574374,0.06000000530514867,0.07850548800510951,0.08820000779856853,.TRUE.,0.27,,550,HSE,172,8,-21.05325,1
5-skew-three-planes,skew-xy-plus-0.060-xz-plus-0.030-yz-plus-0.030,1-cheap-pbe-atoms-relaxed,5-skew-three-planes/skew-xy-plus-0.060-xz-plus-0.030-yz-plus-0.030/1-cheap-pbe-atoms-relaxed,11.346172820578163,4.4209571892217525e-08,0.0018000443687263834,0.0009000442891491378,0.031800002811728685,0.030000002652574378,0.06000000530514867,0.05253256824821069,0.06000000530514867,,,,550,PBE,172,8,-18.077851,10
5-skew-three-planes,skew-xy-plus-0.060-xz-plus-0.030-yz-plus-0.030,2-accurate-hse06-atoms-fixed,5-skew-three-planes/skew-xy-plus-0.060-xz-plus-0.030-yz-plus-0.030/2-accurate-hse06-atoms-fixed,11.346172820578163,4.4209571892217525e-08,0.0018000443687263834,0.0009000442891491378,0.031800002811728685,0.030000002652574378,0.06000000530514867,0.05253256824821069,0.06000000530514867,.TRUE.,0.27,,550,HSE,172,8,-21.211373,1
5-skew-three-planes,skew-xy-plus-0.060-xz-plus-0.030-yz-plus-0.060,1-cheap-pbe-atoms-relaxed,5-skew-three-planes/skew-xy-plus-0.060-xz-plus-0.030-yz-plus-0.060/1-cheap-pbe-atoms-relaxed,11.346172820578163,4.4209571892217525e-08,0.0018000443687266054,0.0022500444085149507,0.0618000054643031,0.030000002652574374,0.06000000530514856,0.06455945782882426,0.0618000054643031,,,,550,PBE,172,8,-18.026366,5
5-skew-three-planes,skew-xy-plus-0.060-xz-plus-0.030-yz-plus-0.060,2-accurate-hse06-atoms-fixed,5-skew-three-planes/skew-xy-plus-0.060-xz-plus-0.030-yz-plus-0.060/2-accurate-hse06-atoms-fixed,11.346172820578163,4.4209571892217525e-08,0.0018000443687266054,0.0022500444085149507,0.0618000054643031,0.030000002652574374,0.06000000530514856,0.06455945782882426,0.0618000054643031,.TRUE.,0.27,,550,HSE,172,8,-21.157626,1
5-skew-three-planes,skew-xy-plus-0.060-xz-plus-0.030-yz-plus-0.090,1-cheap-pbe-atoms-relaxed,5-skew-three-planes/skew-xy-plus-0.060-xz-plus-0.030-yz-plus-0.090/1-cheap-pbe-atoms-relaxed,11.346172820578163,4.4209571892217525e-08,0.0018000443687266054,0.004500044607458009,0.09180000811687741,0.03000000265257437,0.06000000530514856,0.08054260800480695,0.09180000811687741,,,,550,PBE,172,8,-17.93915,7
5-skew-three-planes,skew-xy-plus-0.060-xz-plus-0.030-yz-plus-0.090,2-accurate-hse06-atoms-fixed,5-skew-three-planes/skew-xy-plus-0.060-xz-plus-0.030-yz-plus-0.090/2-accurate-hse06-atoms-fixed,11.346172820578163,4.4209571892217525e-08,0.0018000443687266054,0.004500044607458009,0.09180000811687741,0.03000000265257437,0.06000000530514856,0.08054260800480695,0.09180000811687741,.TRUE.,0.27,,550,HSE,172,8,-21.066585,1
5-skew-three-planes,skew-xy-plus-0.060-xz-plus-0.060-yz-minus-0.060,1-cheap-pbe-atoms-relaxed,5-skew-three-planes/skew-xy-plus-0.060-xz-plus-0.060-yz-minus-0.060/1-cheap-pbe-atoms-relaxed,11.346172820578163,4.4209571892217525e-08,0.0018000443687263834,0.0036000445278807636,-0.05640000498683973,0.06000000530514867,0.06000000530514867,0.07215733779879704,0.06000000530514867,,,,550,PBE,172,8,-17.96002,12
5-skew-three-planes,skew-xy-plus-0.060-xz-plus-0.060-yz-minus-0.060,2-accurate-hse06-atoms-fixed,5-skew-three-planes/skew-xy-plus-0.060-xz-plus-0.060-yz-minus-0.060/2-accurate-hse06-atoms-fixed,11.346172820578163,4.4209571892217525e-08,0.0018000443687263834,0.0036000445278807636,-0.05640000498683979,0.06000000530514867,0.06000000530514867,0.07215733779879707,0.06000000530514867,.TRUE.,0.27,,550,HSE,172,8,-21.08878,1
5-skew-three-planes,skew-xy-plus-0.060-xz-plus-0.060-yz-minus-0.090,1-cheap-pbe-atoms-relaxed,5-skew-three-planes/skew-xy-plus-0.060-xz-plus-0.060-yz-minus-0.090/1-cheap-pbe-atoms-relaxed,11.346172820578163,4.4209571892217525e-08,0.0018000443687263834,0.005850044726823822,-0.08640000763941406,0.06000000530514867,0.06000000530514867,0.08584838076341597,0.08640000763941406,,,,550,PBE,172,8,-17.866969,9
5-skew-three-planes,skew-xy-plus-0.060-xz-plus-0.060-yz-minus-0.090,2-accurate-hse06-atoms-fixed,5-skew-three-planes/skew-xy-plus-0.060-xz-plus-0.060-yz-minus-0.090/2-accurate-hse06-atoms-fixed,11.346172820578163,4.4209571892217525e-08,0.0018000443687263834,0.005850044726823822,-0.08640000763941406,0.06000000530514867,0.06000000530514867,0.08584838076341597,0.08640000763941406,.TRUE.,0.27,,550,HSE,172,8,-20.991818,1
5-skew-three-planes,skew-xy-plus-0.060-xz-plus-0.060-yz-plus-0.030,1-cheap-pbe-atoms-relaxed,5-skew-three-planes/skew-xy-plus-0.060-xz-plus-0.060-yz-plus-0.030/1-cheap-pbe-atoms-relaxed,11.346172820578163,4.4209571892217525e-08,0.0018000443687263834,0.0022500444085149507,0.03360000297088315,0.06000000530514867,0.06000000530514867,0.064597086590737,0.06000000530514867,,,,550,PBE,172,8,-18.026546,5
5-skew-three-planes,skew-xy-plus-0.060-xz-plus-0.060-yz-plus-0.030,2-accurate-hse06-atoms-fixed,5-skew-three-planes/skew-xy-plus-0.060-xz-plus-0.060-yz-plus-0.030/2-accurate-hse06-atoms-fixed,11.346172820578163,4.4209571892217525e-08,0.0018000443687263834,0.0022500444085149507,0.03360000297088315,0.06000000530514867,0.06000000530514867,0.064597086590737,0.06000000530514867,.TRUE.,0.27,,550,HSE,172,8,-21.157807,1
5-skew-three-planes,skew-xy-plus-0.060-xz-plus-0.060-yz-plus-0.060,1-cheap-pbe-atoms-relaxed,5-skew-three-planes/skew-xy-plus-0.060-xz-plus-0.060-yz-plus-0.060/1-cheap-pbe-atoms-relaxed,11.346172820578163,4.4209571892217525e-08,0.0018000443687266054,0.0036000445278807636,0.06360000562345756,0.060000005305148665,0.06000000530514856,0.07509115443648368,0.06360000562345756,,,,550,PBE,172,8,-17.977697,6
5-skew-three-planes,skew-xy-plus-0.060-xz-plus-0.060-yz-plus-0.060,2-accurate-hse06-atoms-fixed,5-skew-three-planes/skew-xy-plus-0.060-xz-plus-0.060-yz-plus-0.060/2-accurate-hse06-atoms-fixed,11.346172820578163,4.4209571892217525e-08,0.0018000443687266054,0.0036000445278807636,0.06360000562345756,0.060000005305148665,0.06000000530514856,0.07509115443648368,0.06360000562345756,.TRUE.,0.27,,550,HSE,172,8,-21.106701,1
5-skew-three-planes,skew-xy-plus-0.060-xz-plus-0.060-yz-plus-0.090,1-cheap-pbe-atoms-relaxed,5-skew-three-planes/skew-xy-plus-0.060-xz-plus-0.060-yz-plus-0.090/1-cheap-pbe-atoms-relaxed,11.346172820578163,4.4209571892217525e-08,0.0018000443687266054,0.005850044726823822,0.09360000827603188,0.060000005305148665,0.06000000530514856,0.08954297624209091,0.09360000827603188,,,,550,PBE,172,8,-17.893415,5
5-skew-three-planes,skew-xy-plus-0.060-xz-plus-0.060-yz-plus-0.090,2-accurate-hse06-atoms-fixed,5-skew-three-planes/skew-xy-plus-0.060-xz-plus-0.060-yz-plus-0.090/2-accurate-hse06-atoms-fixed,11.346172820578163,4.4209571892217525e-08,0.0018000443687266054,0.005850044726823822,0.09360000827603188,0.060000005305148665,0.06000000530514856,0.08954297624209091,0.09360000827603188,.TRUE.,0.27,,550,HSE,172,8,-21.018586,1
5-skew-three-planes,skew-xy-plus-0.060-xz-plus-0.090-yz-minus-0.030,1-cheap-pbe-atoms-relaxed,5-skew-three-planes/skew-xy-plus-0.060-xz-plus-0.090-yz-minus-0.030/1-cheap-pbe-atoms-relaxed,11.346172820578163,4.4209571892217525e-08,0.0018000443687263834,0.004500044607458009,-0.024600002175110977,0.09000000795772296,0.06000000530514867,0.07858798667234207,0.09000000795772296,,,,550,PBE,172,8,-17.92627,12
5-skew-three-planes,skew-xy-plus-0.060-xz-plus-0.090-yz-minus-0.030,2-accurate-hse06-atoms-fixed,5-skew-three-planes/skew-xy-plus-0.060-xz-plus-0.090-yz-minus-0.030/2-accurate-hse06-atoms-fixed,11.346172820578163,4.4209571892217525e-08,0.0018000443687263834,0.004500044607458009,-0.024600002175110977,0.09000000795772296,0.06000000530514867,0.07858798667234207,0.09000000795772296,.TRUE.,0.27,,550,HSE,172,8,-21.053534,1
5-skew-three-planes,skew-xy-plus-0.060-xz-plus-0.090-yz-minus-0.060,1-cheap-pbe-atoms-relaxed,5-skew-three-planes/skew-xy-plus-0.060-xz-plus-0.090-yz-minus-0.060/1-cheap-pbe-atoms-relaxed,11.346172820578163,4.4209571892217525e-08,0.0018000443687263834,0.005850044726823822,-0.054600004827685275,0.09000000795772296,0.06000000530514867,0.0858955440120897,0.09000000795772296,,,,550,PBE,172,8,-17.867056,6
5-skew-three-planes,skew-xy-plus-0.060-xz-plus-0.090-yz-minus-0.060,2-accurate-hse06-atoms-fixed,5-skew-three-planes/skew-xy-plus-0.060-xz-plus-0.090-yz-minus-0.060/2-accurate-hse06-atoms-fixed,11.346172820578163,4.4209571892217525e-08,0.0018000443687263834,0.005850044726823822,-0.05460000482768533,0.09000000795772296,0.06000000530514867,0.08589554401208971,0.09000000795772296,.TRUE.,0.27,,550,HSE,172,8,-20.991907,1
5-skew-three-planes,skew-xy-plus-0.060-xz-plus-0.090-yz-minus-0.090,1-cheap-pbe-atoms-relaxed,5-skew-three-planes/skew-xy-plus-0.060-xz-plus-0.090-yz-minus-0.090/1-cheap-pbe-atoms-relaxed,11.346172820578163,4.4209571892217525e-08,0.0018000443687263834,0.008100044925766992,-0.08460000748025961,0.09000000795772296,0.06000000530514867,0.09745477184245421,0.09000000795772296,,,,550,PBE,172,8,-17.77302,9
5-skew-three-planes,skew-xy-plus-0.060-xz-plus-0.090-yz-minus-0.090,2-accurate-hse06-atoms-fixed,5-skew-three-planes/skew-xy-plus-0.060-xz-plus-0.090-yz-minus-0.090/2-accurate-hse06-atoms-fixed,11.346172820578163,4.4209571892217525e-08,0.0018000443687263834,0.008100044925766992,-0.08460000748025961,0.09000000795772296,0.06000000530514867,0.09745477184245421,0.09000000795772296,.TRUE.,0.27,,550,HSE,172,8,-20.893906,1
5-skew-three-planes,skew-xy-plus-0.060-xz-plus-0.090-yz-plus-0.030,1-cheap-pbe-atoms-relaxed,5-skew-three-planes/skew-xy-plus-0.060-xz-plus-0.090-yz-plus-0.030/1-cheap-pbe-atoms-relaxed,11.346172820578163,4.4209571892217525e-08,0.0018000443687263834,0.004500044607458009,0.035400003130037605,0.09000000795772296,0.06000000530514867,0.08062302218664232,0.09000000795772296,,,,550,PBE,172,8,-17.93968,7
5-skew-three-planes,skew-xy-plus-0.060-xz-plus-0.090-yz-plus-0.030,2-accurate-hse06-atoms-fixed,5-skew-three-planes/skew-xy-plus-0.060-xz-plus-0.090-yz-plus-0.030/2-accurate-hse06-atoms-fixed,11.346172820578163,4.4209571892217525e-08,0.0018000443687263834,0.004500044607458009,0.035400003130037605,0.09000000795772296,0.06000000530514867,0.08062302218664232,0.09000000795772296,.TRUE.,0.27,,550,HSE,172,8,-21.067116,1
5-skew-three-planes,skew-xy-plus-0.060-xz-plus-0.090-yz-plus-0.060,1-cheap-pbe-atoms-relaxed,5-skew-three-planes/skew-xy-plus-0.060-xz-plus-0.090-yz-plus-0.060/1-cheap-pbe-atoms-relaxed,11.346172820578163,4.4209571892217525e-08,0.0018000443687266054,0.005850044726823822,0.06540000578261203,0.09000000795772296,0.06000000530514856,0.08958819451090667,0.09000000795772296,,,,550,PBE,172,8,-17.893822,7
5-skew-three-planes,skew-xy-plus-0.060-xz-plus-0.090-yz-plus-0.060,2-accurate-hse06-atoms-fixed,5-skew-three-planes/skew-xy-plus-0.060-xz-plus-0.090-yz-plus-0.060/2-accurate-hse06-atoms-fixed,11.346172820578163,4.4209571892217525e-08,0.0018000443687266054,0.005850044726823822,0.06540000578261203,0.09000000795772296,0.06000000530514856,0.08958819451090667,0.09000000795772296,.TRUE.,0.27,,550,HSE,172,8,-21.01899,1
5-skew-three-planes,skew-xy-plus-0.060-xz-plus-0.090-yz-plus-0.090,1-cheap-pbe-atoms-relaxed,5-skew-three-planes/skew-xy-plus-0.060-xz-plus-0.090-yz-plus-0.090/1-cheap-pbe-atoms-relaxed,11.346172820578163,4.4209571892217525e-08,0.0018000443687266054,0.008100044925766992,0.09540000843518633,0.09000000795772295,0.06000000530514856,0.10232024592792775,0.09540000843518633,,,,550,PBE,172,8,-17.813012,10
5-skew-three-planes,skew-xy-plus-0.060-xz-plus-0.090-yz-plus-0.090,2-accurate-hse06-atoms-fixed,5-skew-three-planes/skew-xy-plus-0.060-xz-plus-0.090-yz-plus-0.090/2-accurate-hse06-atoms-fixed,11.346172820578163,4.4209571892217525e-08,0.0018000443687266054,0.008100044925766992,0.09540000843518633,0.09000000795772295,0.06000000530514856,0.10232024592792775,0.09540000843518633,.TRUE.,0.27,,550,HSE,172,8,-20.934295,1
5-skew-three-planes,skew-xy-plus-0.090-xz-minus-0.030-yz-minus-0.030,1-cheap-pbe-atoms-relaxed,5-skew-three-planes/skew-xy-plus-0.090-xz-minus-0.030-yz-minus-0.030/1-cheap-pbe-atoms-relaxed,11.346172820578163,4.4209571892217525e-08,0.004050044567669442,0.0009000442891491378,-0.03270000289130605,-0.03000000265257433,0.09000000795772298,0.07107642950403838,0.09000000795772298,,,,550,PBE,172,8,-17.989166,10
5-skew-three-planes,skew-xy-plus-0.090-xz-minus-0.030-yz-minus-0.030,2-accurate-hse06-atoms-fixed,5-skew-three-planes/skew-xy-plus-0.090-xz-minus-0.030-yz-minus-0.030/2-accurate-hse06-atoms-fixed,11.346172820578163,4.4209571892217525e-08,0.004050044567669442,0.0009000442891491378,-0.03270000289130605,-0.03000000265257433,0.09000000795772298,0.07107642950403838,0.09000000795772298,.TRUE.,0.27,,550,HSE,172,8,-21.118884,1
5-skew-three-planes,skew-xy-plus-0.090-xz-minus-0.030-yz-minus-0.060,1-cheap-pbe-atoms-relaxed,5-skew-three-planes/skew-xy-plus-0.090-xz-minus-0.030-yz-minus-0.060/1-cheap-pbe-atoms-relaxed,11.346172820578163,4.4209571892217525e-08,0.004050044567669442,0.0022500444085149507,-0.06270000554388035,-0.030000002652574333,0.09000000795772298,0.08054260800480699,0.09000000795772298,,,,550,PBE,172,8,-17.939177,7
5-skew-three-planes,skew-xy-plus-0.090-xz-minus-0.030-yz-minus-0.060,2-accurate-hse06-atoms-fixed,5-skew-three-planes/skew-xy-plus-0.090-xz-minus-0.030-yz-minus-0.060/2-accurate-hse06-atoms-fixed,11.346172820578163,4.4209571892217525e-08,0.004050044567669442,0.0022500444085149507,-0.0627000055438804,-0.030000002652574333,0.09000000795772298,0.08054260800480702,0.09000000795772298,.TRUE.,0.27,,550,HSE,172,8,-21.066609,1
5-skew-three-planes,skew-xy-plus-0.090-xz-minus-0.030-yz-minus-0.090,1-cheap-pbe-atoms-relaxed,5-skew-three-planes/skew-xy-plus-0.090-xz-minus-0.030-yz-minus-0.090/1-cheap-pbe-atoms-relaxed,11.346172820578163,4.4209571892217525e-08,0.004050044567669442,0.004500044607458009,-0.09270000819645469,-0.030000002652574333,0.09000000795772298,0.09398563623264403,0.09270000819645469,,,,550,PBE,172,8,-17.853722,8
5-skew-three-planes,skew-xy-plus-0.090-xz-minus-0.030-yz-minus-0.090,2-accurate-hse06-atoms-fixed,5-skew-three-planes/skew-xy-plus-0.090-xz-minus-0.030-yz-minus-0.090/2-accurate-hse06-atoms-fixed,11.346172820578163,4.4209571892217525e-08,0.004050044567669442,0.004500044607458009,-0.09270000819645469,-0.030000002652574333,0.09000000795772298,0.09398563623264403,0.09270000819645469,.TRUE.,0.27,,550,HSE,172,8,-20.977284,1
5-skew-three-planes,skew-xy-plus-0.090-xz-minus-0.030-yz-plus-0.030,1-cheap-pbe-atoms-relaxed,5-skew-three-planes/skew-xy-plus-0.090-xz-minus-0.030-yz-plus-0.030/1-cheap-pbe-atoms-relaxed,11.346172820578163,4.4209571892217525e-08,0.004050044567669442,0.0009000442891491378,0.027300002413842537,-0.03000000265257433,0.09000000795772298,0.06992752535586205,0.09000000795772298,,,,550,PBE,172,8,-17.982472,5
5-skew-three-planes,skew-xy-plus-0.090-xz-minus-0.030-yz-plus-0.030,2-accurate-hse06-atoms-fixed,5-skew-three-planes/skew-xy-plus-0.090-xz-minus-0.030-yz-plus-0.030/2-accurate-hse06-atoms-fixed,11.346172820578163,4.4209571892217525e-08,0.004050044567669442,0.0009000442891491378,0.027300002413842537,-0.03000000265257433,0.09000000795772298,0.06992752535586205,0.09000000795772298,.TRUE.,0.27,,550,HSE,172,8,-21.112094,1
5-skew-three-planes,skew-xy-plus-0.090-xz-minus-0.030-yz-plus-0.060,1-cheap-pbe-atoms-relaxed,5-skew-three-planes/skew-xy-plus-0.090-xz-minus-0.030-yz-plus-0.060/1-cheap-pbe-atoms-relaxed,11.346172820578163,4.4209571892217525e-08,0.004050044567669664,0.0022500444085149507,0.05730000506641695,-0.030000002652574333,0.09000000795772287,0.07850548800510944,0.09000000795772287,,,,550,PBE,172,8,-17.925865,8
5-skew-three-planes,skew-xy-plus-0.090-xz-minus-0.030-yz-plus-0.060,2-accurate-hse06-atoms-fixed,5-skew-three-planes/skew-xy-plus-0.090-xz-minus-0.030-yz-plus-0.060/2-accurate-hse06-atoms-fixed,11.346172820578163,4.4209571892217525e-08,0.004050044567669664,0.0022500444085149507,0.05730000506641695,-0.030000002652574333,0.09000000795772287,0.07850548800510944,0.09000000795772287,.TRUE.,0.27,,550,HSE,172,8,-21.053124,1
5-skew-three-planes,skew-xy-plus-0.090-xz-minus-0.030-yz-plus-0.090,1-cheap-pbe-atoms-relaxed,5-skew-three-planes/skew-xy-plus-0.090-xz-minus-0.030-yz-plus-0.090/1-cheap-pbe-atoms-relaxed,11.346172820578163,4.4209571892217525e-08,0.004050044567669664,0.004500044607458009,0.08730000771899125,-0.030000002652574336,0.09000000795772287,0.09136355800926027,0.09000000795772287,,,,550,PBE,172,8,-17.833822,6
5-skew-three-planes,skew-xy-plus-0.090-xz-minus-0.030-yz-plus-0.090,2-accurate-hse06-atoms-fixed,5-skew-three-planes/skew-xy-plus-0.090-xz-minus-0.030-yz-plus-0.090/2-accurate-hse06-atoms-fixed,11.346172820578163,4.4209571892217525e-08,0.004050044567669664,0.004500044607458009,0.08730000771899125,-0.030000002652574336,0.09000000795772287,0.09136355800926027,0.09000000795772287,.TRUE.,0.27,,550,HSE,172,8,-20.957159,1
5-skew-three-planes,skew-xy-plus-0.090-xz-minus-0.060-yz-minus-0.030,1-cheap-pbe-atoms-relaxed,5-skew-three-planes/skew-xy-plus-0.090-xz-minus-0.060-yz-minus-0.030/1-cheap-pbe-atoms-relaxed,11.346172820578163,4.4209571892217525e-08,0.004050044567669442,0.0022500444085149507,-0.03540000313003774,-0.06000000530514862,0.09000000795772298,0.08061046275856332,0.09000000795772298,,,,550,PBE,172,8,-17.939559,7
5-skew-three-planes,skew-xy-plus-0.090-xz-minus-0.060-yz-minus-0.030,2-accurate-hse06-atoms-fixed,5-skew-three-planes/skew-xy-plus-0.090-xz-minus-0.060-yz-minus-0.030/2-accurate-hse06-atoms-fixed,11.346172820578163,4.4209571892217525e-08,0.004050044567669442,0.0022500444085149507,-0.03540000313003774,-0.06000000530514862,0.09000000795772298,0.08061046275856332,0.09000000795772298,.TRUE.,0.27,,550,HSE,172,8,-21.066994,1
5-skew-three-planes,skew-xy-plus-0.090-xz-minus-0.060-yz-minus-0.090,1-cheap-pbe-atoms-relaxed,5-skew-three-planes/skew-xy-plus-0.090-xz-minus-0.060-yz-minus-0.090/1-cheap-pbe-atoms-relaxed,11.346172820578163,4.4209571892217525e-08,0.004050044567669442,0.005850044726823822,-0.09540000843518637,-0.06000000530514862,0.09000000795772298,0.10223114849950943,0.09540000843518637,,,,550,PBE,172,8,-17.811914,10
5-skew-three-planes,skew-xy-plus-0.090-xz-minus-0.060-yz-minus-0.090,2-accurate-hse06-atoms-fixed,5-skew-three-planes/skew-xy-plus-0.090-xz-minus-0.060-yz-minus-0.090/2-accurate-hse06-atoms-fixed,11.346172820578163,4.4209571892217525e-08,0.004050044567669442,0.005850044726823822,-0.09540000843518637,-0.06000000530514862,0.09000000795772298,0.10223114849950943,0.09540000843518637,.TRUE.,0.27,,550,HSE,172,8,-20.933185,1
5-skew-three-planes,skew-xy-plus-0.090-xz-minus-0.060-yz-plus-0.030,1-cheap-pbe-atoms-relaxed,5-skew-three-planes/skew-xy-plus-0.090-xz-minus-0.060-yz-plus-0.030/1-cheap-pbe-atoms-relaxed,11.346172820578163,4.4209571892217525e-08,0.004050044567669442,0.0022500444085149507,0.024600002175110852,-0.06000000530514862,0.09000000795772298,0.07857510196527977,0.09000000795772298,,,,550,PBE,172,8,-17.926152,12
5-skew-three-planes,skew-xy-plus-0.090-xz-minus-0.060-yz-plus-0.030,2-accurate-hse06-atoms-fixed,5-skew-three-planes/skew-xy-plus-0.090-xz-minus-0.060-yz-plus-0.030/2-accurate-hse06-atoms-fixed,11.346172820578163,4.4209571892217525e-08,0.004050044567669442,0.0022500444085149507,0.024600002175110852,-0.06000000530514862,0.09000000795772298,0.07857510196527977,0.09000000795772298,.TRUE.,0.27,,550,HSE,172,8,-21.053415,1
5-skew-three-planes,skew-xy-plus-0.090-xz-minus-0.060-yz-plus-0.060,1-cheap-pbe-atoms-relaxed,5-skew-three-planes/skew-xy-plus-0.090-xz-minus-0.060-yz-plus-0.060/1-cheap-pbe-atoms-relaxed,11.346172820578163,4.4209571892217525e-08,0.004050044567669664,0.0036000445278807636,0.05460000482768526,-0.060000005305148624,0.09000000795772287,0.0858483807634159,0.09000000795772287,,,,550,PBE,172,8,-17.866571,6
5-skew-three-planes,skew-xy-plus-0.090-xz-minus-0.060-yz-plus-0.060,2-accurate-hse06-atoms-fixed,5-skew-three-planes/skew-xy-plus-0.090-xz-minus-0.060-yz-plus-0.060/2-accurate-hse06-atoms-fixed,11.346172820578163,4.4209571892217525e-08,0.004050044567669664,0.0036000445278807636,0.05460000482768526,-0.060000005305148624,0.09000000795772287,0.0858483807634159,0.09000000795772287,.TRUE.,0.27,,550,HSE,172,8,-20.991414,1
5-skew-three-planes,skew-xy-plus-0.090-xz-minus-0.060-yz-plus-0.090,1-cheap-pbe-atoms-relaxed,5-skew-three-planes/skew-xy-plus-0.090-xz-minus-0.060-yz-plus-0.090/1-cheap-pbe-atoms-relaxed,11.346172820578163,4.4209571892217525e-08,0.004050044567669664,0.005850044726823822,0.08460000748025957,-0.060000005305148624,0.09000000795772287,0.097361222011856,0.09000000795772287,,,,550,PBE,172,8,-17.771948,9
5-skew-three-planes,skew-xy-plus-0.090-xz-minus-0.060-yz-plus-0.090,2-accurate-hse06-atoms-fixed,5-skew-three-planes/skew-xy-plus-0.090-xz-minus-0.060-yz-plus-0.090/2-accurate-hse06-atoms-fixed,11.346172820578163,4.4209571892217525e-08,0.004050044567669664,0.005850044726823822,0.08460000748025957,-0.060000005305148624,0.09000000795772287,0.097361222011856,0.09000000795772287,.TRUE.,0.27,,550,HSE,172,8,-20.892821,1
5-skew-three-planes,skew-xy-plus-0.090-xz-minus-0.090-yz-minus-0.030,1-cheap-pbe-atoms-relaxed,5-skew-three-planes/skew-xy-plus-0.090-xz-minus-0.090-yz-minus-0.030/1-cheap-pbe-atoms-relaxed,11.346172820578163,4.4209571892217525e-08,0.004050044567669442,0.004500044607458009,-0.038100003368769425,-0.09000000795772292,0.09000000795772298,0.09414063853199366,0.09000000795772298,,,,550,PBE,172,8,-17.854794,5
5-skew-three-planes,skew-xy-plus-0.090-xz-minus-0.090-yz-minus-0.030,2-accurate-hse06-atoms-fixed,5-skew-three-planes/skew-xy-plus-0.090-xz-minus-0.090-yz-minus-0.030/2-accurate-hse06-atoms-fixed,11.346172820578163,4.4209571892217525e-08,0.004050044567669442,0.004500044607458009,-0.038100003368769425,-0.09000000795772292,0.09000000795772298,0.09414063853199366,0.09000000795772298,.TRUE.,0.27,,550,HSE,172,8,-20.978355,1
5-skew-three-planes,skew-xy-plus-0.090-xz-minus-0.090-yz-minus-0.060,1-cheap-pbe-atoms-relaxed,5-skew-three-planes/skew-xy-plus-0.090-xz-minus-0.090-yz-minus-0.060/1-cheap-pbe-atoms-relaxed,11.346172820578163,4.4209571892217525e-08,0.004050044567669442,0.005850044726823822,-0.06810000602134371,-0.09000000795772292,0.09000000795772298,0.10232024592792778,0.09000000795772298,,,,550,PBE,172,8,-17.812717,9
5-skew-three-planes,skew-xy-plus-0.090-xz-minus-0.090-yz-minus-0.060,2-accurate-hse06-atoms-fixed,5-skew-three-planes/skew-xy-plus-0.090-xz-minus-0.090-yz-minus-0.060/2-accurate-hse06-atoms-fixed,11.346172820578163,4.4209571892217525e-08,0.004050044567669442,0.005850044726823822,-0.06810000602134376,-0.09000000795772292,0.09000000795772298,0.1023202459279278,0.09000000795772298,.TRUE.,0.27,,550,HSE,172,8,-20.933985,1
5-skew-three-planes,skew-xy-plus-0.090-xz-minus-0.090-yz-minus-0.090,1-cheap-pbe-atoms-relaxed,5-skew-three-planes/skew-xy-plus-0.090-xz-minus-0.090-yz-minus-0.090/1-cheap-pbe-atoms-relaxed,11.346172820578163,4.4209571892217525e-08,0.004050044567669442,0.008100044925766992,-0.09810000867391805,-0.09000000795772292,0.09000000795772298,0.11399044202082514,0.09810000867391805,,,,550,PBE,172,8,-17.735915,5
5-skew-three-planes,skew-xy-plus-0.090-xz-minus-0.090-yz-minus-0.090,2-accurate-hse06-atoms-fixed,5-skew-three-planes/skew-xy-plus-0.090-xz-minus-0.090-yz-minus-0.090/2-accurate-hse06-atoms-fixed,11.346172820578163,4.4209571892217525e-08,0.004050044567669442,0.008100044925766992,-0.09810000867391805,-0.09000000795772292,0.09000000795772298,0.11399044202082514,0.09810000867391805,.TRUE.,0.27,,550,HSE,172,8,-20.853228,1
5-skew-three-planes,skew-xy-plus-0.090-xz-minus-0.090-yz-plus-0.030,1-cheap-pbe-atoms-relaxed,5-skew-three-planes/skew-xy-plus-0.090-xz-minus-0.090-yz-plus-0.030/1-cheap-pbe-atoms-relaxed,11.346172820578163,4.4209571892217525e-08,0.004050044567669442,0.004500044607458009,0.021900001936379164,-0.09000000795772292,0.09000000795772298,0.0915230011377909,0.09000000795772298,,,,550,PBE,172,8,-17.834524,6
5-skew-three-planes,skew-xy-plus-0.090-xz-minus-0.090-yz-plus-0.030,2-accurate-hse06-atoms-fixed,5-skew-three-planes/skew-xy-plus-0.090-xz-minus-0.090-yz-plus-0.030/2-accurate-hse06-atoms-fixed,11.346172820578163,4.4209571892217525e-08,0.004050044567669442,0.004500044607458009,0.021900001936379164,-0.09000000795772292,0.09000000795772298,0.0915230011377909,0.09000000795772298,.TRUE.,0.27,,550,HSE,172,8,-20.957868,1
5-skew-three-planes,skew-xy-plus-0.090-xz-minus-0.090-yz-plus-0.060,1-cheap-pbe-atoms-relaxed,5-skew-three-planes/skew-xy-plus-0.090-xz-minus-0.090-yz-plus-0.060/1-cheap-pbe-atoms-relaxed,11.346172820578163,4.4209571892217525e-08,0.004050044567669664,0.005850044726823822,0.05190000458895357,-0.09000000795772292,0.09000000795772287,0.09745477184245413,0.09000000795772292,,,,550,PBE,172,8,-17.77227,8
5-skew-three-planes,skew-xy-plus-0.090-xz-minus-0.090-yz-plus-0.060,2-accurate-hse06-atoms-fixed,5-skew-three-planes/skew-xy-plus-0.090-xz-minus-0.090-yz-plus-0.060/2-accurate-hse06-atoms-fixed,11.346172820578163,4.4209571892217525e-08,0.004050044567669664,0.005850044726823822,0.05190000458895357,-0.09000000795772292,0.09000000795772287,0.09745477184245413,0.09000000795772292,.TRUE.,0.27,,550,HSE,172,8,-20.893147,1
5-skew-three-planes,skew-xy-plus-0.090-xz-minus-0.090-yz-plus-0.090,1-cheap-pbe-atoms-relaxed,5-skew-three-planes/skew-xy-plus-0.090-xz-minus-0.090-yz-plus-0.090/1-cheap-pbe-atoms-relaxed,11.346172820578163,4.4209571892217525e-08,0.004050044567669664,0.008100044925766992,0.08190000724152789,-0.09000000795772294,0.09000000795772287,0.1074049375693355,0.09000000795772294,,,,550,PBE,172,8,-17.675457,12
5-skew-three-planes,skew-xy-plus-0.090-xz-minus-0.090-yz-plus-0.090,2-accurate-hse06-atoms-fixed,5-skew-three-planes/skew-xy-plus-0.090-xz-minus-0.090-yz-plus-0.090/2-accurate-hse06-atoms-fixed,11.346172820578163,4.4209571892217525e-08,0.004050044567669664,0.008100044925766992,0.08190000724152789,-0.09000000795772294,0.09000000795772287,0.1074049375693355,0.09000000795772294,.TRUE.,0.27,,550,HSE,172,8,-20.792299,1
5-skew-three-planes,skew-xy-plus-0.090-xz-plus-0.030-yz-minus-0.030,1-cheap-pbe-atoms-relaxed,5-skew-three-planes/skew-xy-plus-0.090-xz-plus-0.030-yz-minus-0.030/1-cheap-pbe-atoms-relaxed,11.346172820578163,4.4209571892217525e-08,0.004050044567669442,0.0009000442891491378,-0.027300002413842665,0.030000002652574364,0.09000000795772298,0.06992752535586208,0.09000000795772298,,,,550,PBE,172,8,-17.982472,5
5-skew-three-planes,skew-xy-plus-0.090-xz-plus-0.030-yz-minus-0.030,2-accurate-hse06-atoms-fixed,5-skew-three-planes/skew-xy-plus-0.090-xz-plus-0.030-yz-minus-0.030/2-accurate-hse06-atoms-fixed,11.346172820578163,4.4209571892217525e-08,0.004050044567669442,0.0009000442891491378,-0.027300002413842665,0.030000002652574364,0.09000000795772298,0.06992752535586208,0.09000000795772298,.TRUE.,0.27,,550,HSE,172,8,-21.112094,1
5-skew-three-planes,skew-xy-plus-0.090-xz-plus-0.030-yz-minus-0.060,1-cheap-pbe-atoms-relaxed,5-skew-three-planes/skew-xy-plus-0.090-xz-plus-0.030-yz-minus-0.060/1-cheap-pbe-atoms-relaxed,11.346172820578163,4.4209571892217525e-08,0.004050044567669442,0.0022500444085149507,-0.05730000506641696,0.03000000265257436,0.09000000795772298,0.0785054880051095,0.09000000795772298,,,,550,PBE,172,8,-17.925865,8
5-skew-three-planes,skew-xy-plus-0.090-xz-plus-0.030-yz-minus-0.060,2-accurate-hse06-atoms-fixed,5-skew-three-planes/skew-xy-plus-0.090-xz-plus-0.030-yz-minus-0.060/2-accurate-hse06-atoms-fixed,11.346172820578163,4.4209571892217525e-08,0.004050044567669442,0.0022500444085149507,-0.05730000506641702,0.03000000265257436,0.09000000795772298,0.07850548800510952,0.09000000795772298,.TRUE.,0.27,,550,HSE,172,8,-21.053124,1
5-skew-three-planes,skew-xy-plus-0.090-xz-plus-0.030-yz-minus-0.090,1-cheap-pbe-atoms-relaxed,5-skew-three-planes/skew-xy-plus-0.090-xz-plus-0.030-yz-minus-0.090/1-cheap-pbe-atoms-relaxed,11.346172820578163,4.4209571892217525e-08,0.004050044567669442,0.004500044607458009,-0.0873000077189913,0.03000000265257436,0.09000000795772298,0.09136355800926034,0.09000000795772298,,,,550,PBE,172,8,-17.833822,6
5-skew-three-planes,skew-xy-plus-0.090-xz-plus-0.030-yz-minus-0.090,2-accurate-hse06-atoms-fixed,5-skew-three-planes/skew-xy-plus-0.090-xz-plus-0.030-yz-minus-0.090/2-accurate-hse06-atoms-fixed,11.346172820578163,4.4209571892217525e-08,0.004050044567669442,0.004500044607458009,-0.0873000077189913,0.03000000265257436,0.09000000795772298,0.09136355800926034,0.09000000795772298,.TRUE.,0.27,,550,HSE,172,8,-20.957159,1
5-skew-three-planes,skew-xy-plus-0.090-xz-plus-0.030-yz-plus-0.030,1-cheap-pbe-atoms-relaxed,5-skew-three-planes/skew-xy-plus-0.090-xz-plus-0.030-yz-plus-0.030/1-cheap-pbe-atoms-relaxed,11.346172820578163,4.4209571892217525e-08,0.004050044567669442,0.0009000442891491378,0.03270000289130592,0.030000002652574364,0.09000000795772298,0.07107642950403836,0.09000000795772298,,,,550,PBE,172,8,-17.989166,10
5-skew-three-planes,skew-xy-plus-0.090-xz-plus-0.030-yz-plus-0.030,2-accurate-hse06-atoms-fixed,5-skew-three-planes/skew-xy-plus-0.090-xz-plus-0.030-yz-plus-0.030/2-accurate-hse06-atoms-fixed,11.346172820578163,4.4209571892217525e-08,0.004050044567669442,0.0009000442891491378,0.03270000289130592,0.030000002652574364,0.09000000795772298,0.07107642950403836,0.09000000795772298,.TRUE.,0.27,,550,HSE,172,8,-21.118884,1
5-skew-three-planes,skew-xy-plus-0.090-xz-plus-0.030-yz-plus-0.060,1-cheap-pbe-atoms-relaxed,5-skew-three-planes/skew-xy-plus-0.090-xz-plus-0.030-yz-plus-0.060/1-cheap-pbe-atoms-relaxed,11.346172820578163,4.4209571892217525e-08,0.004050044567669664,0.0022500444085149507,0.06270000554388033,0.03000000265257436,0.09000000795772287,0.08054260800480693,0.09000000795772287,,,,550,PBE,172,8,-17.939177,7
5-skew-three-planes,skew-xy-plus-0.090-xz-plus-0.030-yz-plus-0.060,2-accurate-hse06-atoms-fixed,5-skew-three-planes/skew-xy-plus-0.090-xz-plus-0.030-yz-plus-0.060/2-accurate-hse06-atoms-fixed,11.346172820578163,4.4209571892217525e-08,0.004050044567669664,0.0022500444085149507,0.06270000554388033,0.03000000265257436,0.09000000795772287,0.08054260800480693,0.09000000795772287,.TRUE.,0.27,,550,HSE,172,8,-21.066609,1
5-skew-three-planes,skew-xy-plus-0.090-xz-plus-0.030-yz-plus-0.090,1-cheap-pbe-atoms-relaxed,5-skew-three-planes/skew-xy-plus-0.090-xz-plus-0.030-yz-plus-0.090/1-cheap-pbe-atoms-relaxed,11.346172820578163,4.4209571892217525e-08,0.004050044567669664,0.004500044607458009,0.09270000819645464,0.030000002652574357,0.09000000795772287,0.09398563623264397,0.09270000819645464,,,,550,PBE,172,8,-17.853722,8
5-skew-three-planes,skew-xy-plus-0.090-xz-plus-0.030-yz-plus-0.090,2-accurate-hse06-atoms-fixed,5-skew-three-planes/skew-xy-plus-0.090-xz-plus-0.030-yz-plus-0.090/2-accurate-hse06-atoms-fixed,11.346172820578163,4.4209571892217525e-08,0.004050044567669664,0.004500044607458009,0.09270000819645464,0.030000002652574357,0.09000000795772287,0.09398563623264397,0.09270000819645464,.TRUE.,0.27,,550,HSE,172,8,-20.977285,1
5-skew-three-planes,skew-xy-plus-0.090-xz-plus-0.060-yz-minus-0.030,1-cheap-pbe-atoms-relaxed,5-skew-three-planes/skew-xy-plus-0.090-xz-plus-0.060-yz-minus-0.030/1-cheap-pbe-atoms-relaxed,11.346172820578163,4.4209571892217525e-08,0.004050044567669442,0.0022500444085149507,-0.024600002175110977,0.06000000530514866,0.09000000795772298,0.07857510196527981,0.09000000795772298,,,,550,PBE,172,8,-17.926152,12
5-skew-three-planes,skew-xy-plus-0.090-xz-plus-0.060-yz-minus-0.030,2-accurate-hse06-atoms-fixed,5-skew-three-planes/skew-xy-plus-0.090-xz-plus-0.060-yz-minus-0.030/2-accurate-hse06-atoms-fixed,11.346172820578163,4.4209571892217525e-08,0.004050044567669442,0.0022500444085149507,-0.024600002175110977,0.06000000530514866,0.09000000795772298,0.07857510196527981,0.09000000795772298,.TRUE.,0.27,,550,HSE,172,8,-21.053415,1
5-skew-three-planes,skew-xy-plus-0.090-xz-plus-0.060-yz-minus-0.060,1-cheap-pbe-atoms-relaxed,5-skew-three-planes/skew-xy-plus-0.090-xz-plus-0.060-yz-minus-0.060/1-cheap-pbe-atoms-relaxed,11.346172820578163,4.4209571892217525e-08,0.004050044567669442,0.0036000445278807636,-0.054600004827685275,0.06000000530514866,0.09000000795772298,0.08584838076341597,0.09000000795772298,,,,550,PBE,172,8,-17.866571,6
5-skew-three-planes,skew-xy-plus-0.090-xz-plus-0.060-yz-minus-0.060,2-accurate-hse06-atoms-fixed,5-skew-three-planes/skew-xy-plus-0.090-xz-plus-0.060-yz-minus-0.060/2-accurate-hse06-atoms-fixed,11.346172820578163,4.4209571892217525e-08,0.004050044567669442,0.0036000445278807636,-0.05460000482768533,0.06000000530514866,0.09000000795772298,0.08584838076341599,0.09000000795772298,.TRUE.,0.27,,550,HSE,172,8,-20.991414,1
5-skew-three-planes,skew-xy-plus-0.090-xz-plus-0.060-yz-minus-0.090,1-cheap-pbe-atoms-relaxed,5-skew-three-planes/skew-xy-plus-0.090-xz-plus-0.060-yz-minus-0.090/1-cheap-pbe-atoms-relaxed,11.346172820578163,4.4209571892217525e-08,0.004050044567669442,0.005850044726823822,-0.08460000748025961,0.06000000530514866,0.09000000795772298,0.09736122201185608,0.09000000795772298,,,,550,PBE,172,8,-17.771948,9
5-skew-three-planes,skew-xy-plus-0.090-xz-plus-0.060-yz-minus-0.090,2-accurate-hse06-atoms-fixed,5-skew-three-planes/skew-xy-plus-0.090-xz-plus-0.060-yz-minus-0.090/2-accurate-hse06-atoms-fixed,11.346172820578163,4.4209571892217525e-08,0.004050044567669442,0.005850044726823822,-0.08460000748025961,0.06000000530514866,0.09000000795772298,0.09736122201185608,0.09000000795772298,.TRUE.,0.27,,550,HSE,172,8,-20.892821,1
5-skew-three-planes,skew-xy-plus-0.090-xz-plus-0.060-yz-plus-0.030,1-cheap-pbe-atoms-relaxed,5-skew-three-planes/skew-xy-plus-0.090-xz-plus-0.060-yz-plus-0.030/1-cheap-pbe-atoms-relaxed,11.346172820578163,4.4209571892217525e-08,0.004050044567669442,0.0022500444085149507,0.035400003130037605,0.06000000530514866,0.09000000795772298,0.0806104627585633,0.09000000795772298,,,,550,PBE,172,8,-17.939559,7
5-skew-three-planes,skew-xy-plus-0.090-xz-plus-0.060-yz-plus-0.030,2-accurate-hse06-atoms-fixed,5-skew-three-planes/skew-xy-plus-0.090-xz-plus-0.060-yz-plus-0.030/2-accurate-hse06-atoms-fixed,11.346172820578163,4.4209571892217525e-08,0.004050044567669442,0.0022500444085149507,0.035400003130037605,0.06000000530514866,0.09000000795772298,0.0806104627585633,0.09000000795772298,.TRUE.,0.27,,550,HSE,172,8,-21.066994,1
5-skew-three-planes,skew-xy-plus-0.090-xz-plus-0.060-yz-plus-0.090,1-cheap-pbe-atoms-relaxed,5-skew-three-planes/skew-xy-plus-0.090-xz-plus-0.060-yz-plus-0.090/1-cheap-pbe-atoms-relaxed,11.346172820578163,4.4209571892217525e-08,0.004050044567669664,0.005850044726823822,0.09540000843518633,0.06000000530514865,0.09000000795772287,0.10223114849950939,0.09540000843518633,,,,550,PBE,172,8,-17.811915,10
5-skew-three-planes,skew-xy-plus-0.090-xz-plus-0.060-yz-plus-0.090,2-accurate-hse06-atoms-fixed,5-skew-three-planes/skew-xy-plus-0.090-xz-plus-0.060-yz-plus-0.090/2-accurate-hse06-atoms-fixed,11.346172820578163,4.4209571892217525e-08,0.004050044567669664,0.005850044726823822,0.09540000843518633,0.06000000530514865,0.09000000795772287,0.10223114849950939,0.09540000843518633,.TRUE.,0.27,,550,HSE,172,8,-20.933185,1
5-skew-three-planes,skew-xy-plus-0.090-xz-plus-0.090-yz-minus-0.030,1-cheap-pbe-atoms-relaxed,5-skew-three-planes/skew-xy-plus-0.090-xz-plus-0.090-yz-minus-0.030/1-cheap-pbe-atoms-relaxed,11.346172820578163,4.4209571892217525e-08,0.004050044567669442,0.004500044607458009,-0.021900001936379292,0.09000000795772295,0.09000000795772298,0.09152300113779092,0.09000000795772298,,,,550,PBE,172,8,-17.834525,6
5-skew-three-planes,skew-xy-plus-0.090-xz-plus-0.090-yz-minus-0.030,2-accurate-hse06-atoms-fixed,5-skew-three-planes/skew-xy-plus-0.090-xz-plus-0.090-yz-minus-0.030/2-accurate-hse06-atoms-fixed,11.346172820578163,4.4209571892217525e-08,0.004050044567669442,0.004500044607458009,-0.021900001936379292,0.09000000795772295,0.09000000795772298,0.09152300113779092,0.09000000795772298,.TRUE.,0.27,,550,HSE,172,8,-20.957869,1
5-skew-three-planes,skew-xy-plus-0.090-xz-plus-0.090-yz-minus-0.060,1-cheap-pbe-atoms-relaxed,5-skew-three-planes/skew-xy-plus-0.090-xz-plus-0.090-yz-minus-0.060/1-cheap-pbe-atoms-relaxed,11.346172820578163,4.4209571892217525e-08,0.004050044567669442,0.005850044726823822,-0.051900004588953594,0.09000000795772295,0.09000000795772298,0.09745477184245419,0.09000000795772298,,,,550,PBE,172,8,-17.772272,8
5-skew-three-planes,skew-xy-plus-0.090-xz-plus-0.090-yz-minus-0.060,2-accurate-hse06-atoms-fixed,5-skew-three-planes/skew-xy-plus-0.090-xz-plus-0.090-yz-minus-0.060/2-accurate-hse06-atoms-fixed,11.346172820578163,4.4209571892217525e-08,0.004050044567669442,0.005850044726823822,-0.05190000458895365,0.09000000795772295,0.09000000795772298,0.0974547718424542,0.09000000795772298,.TRUE.,0.27,,550,HSE,172,8,-20.893148,1
5-skew-three-planes,skew-xy-plus-0.090-xz-plus-0.090-yz-minus-0.090,1-cheap-pbe-atoms-relaxed,5-skew-three-planes/skew-xy-plus-0.090-xz-plus-0.090-yz-minus-0.090/1-cheap-pbe-atoms-relaxed,11.346172820578163,4.4209571892217525e-08,0.004050044567669442,0.00810004492576688,-0.08190000724152792,0.09000000795772295,0.09000000795772298,0.10740493756933553,0.09000000795772298,,,,550,PBE,172,8,-17.675458,12
5-skew-three-planes,skew-xy-plus-0.090-xz-plus-0.090-yz-minus-0.090,2-accurate-hse06-atoms-fixed,5-skew-three-planes/skew-xy-plus-0.090-xz-plus-0.090-yz-minus-0.090/2-accurate-hse06-atoms-fixed,11.346172820578163,4.4209571892217525e-08,0.004050044567669442,0.00810004492576688,-0.08190000724152792,0.09000000795772295,0.09000000795772298,0.10740493756933553,0.09000000795772298,.TRUE.,0.27,,550,HSE,172,8,-20.7923,1
5-skew-three-planes,skew-xy-plus-0.090-xz-plus-0.090-yz-plus-0.030,1-cheap-pbe-atoms-relaxed,5-skew-three-planes/skew-xy-plus-0.090-xz-plus-0.090-yz-plus-0.030/1-cheap-pbe-atoms-relaxed,11.346172820578163,4.4209571892217525e-08,0.004050044567669442,0.004500044607458009,0.038100003368769286,0.09000000795772295,0.09000000795772298,0.09414063853199364,0.09000000795772298,,,,550,PBE,172,8,-17.854794,5
5-skew-three-planes,skew-xy-plus-0.090-xz-plus-0.090-yz-plus-0.030,2-accurate-hse06-atoms-fixed,5-skew-three-planes/skew-xy-plus-0.090-xz-plus-0.090-yz-plus-0.030/2-accurate-hse06-atoms-fixed,11.346172820578163,4.4209571892217525e-08,0.004050044567669442,0.004500044607458009,0.038100003368769286,0.09000000795772295,0.09000000795772298,0.09414063853199364,0.09000000795772298,.TRUE.,0.27,,550,HSE,172,8,-20.978355,1
5-skew-three-planes,skew-xy-plus-0.090-xz-plus-0.090-yz-plus-0.060,1-cheap-pbe-atoms-relaxed,5-skew-three-planes/skew-xy-plus-0.090-xz-plus-0.090-yz-plus-0.060/1-cheap-pbe-atoms-relaxed,11.346172820578163,4.4209571892217525e-08,0.004050044567669664,0.005850044726823822,0.06810000602134371,0.09000000795772295,0.09000000795772287,0.10232024592792775,0.09000000795772295,,,,550,PBE,172,8,-17.812718,9
5-skew-three-planes,skew-xy-plus-0.090-xz-plus-0.090-yz-plus-0.060,2-accurate-hse06-atoms-fixed,5-skew-three-planes/skew-xy-plus-0.090-xz-plus-0.090-yz-plus-0.060/2-accurate-hse06-atoms-fixed,11.346172820578163,4.4209571892217525e-08,0.004050044567669664,0.005850044726823822,0.06810000602134371,0.09000000795772295,0.09000000795772287,0.10232024592792775,0.09000000795772295,.TRUE.,0.27,,550,HSE,172,8,-20.933986,1
5-skew-three-planes,skew-xy-plus-0.090-xz-plus-0.090-yz-plus-0.090,1-cheap-pbe-atoms-relaxed,5-skew-three-planes/skew-xy-plus-0.090-xz-plus-0.090-yz-plus-0.090/1-cheap-pbe-atoms-relaxed,11.346172820578163,4.4209571892217525e-08,0.004050044567669664,0.00810004492576688,0.09810000867391802,0.09000000795772294,0.09000000795772287,0.11399044202082509,0.09810000867391802,,,,550,PBE,172,8,-17.735916,5
5-skew-three-planes,skew-xy-plus-0.090-xz-plus-0.090-yz-plus-0.090,2-accurate-hse06-atoms-fixed,5-skew-three-planes/skew-xy-plus-0.090-xz-plus-0.090-yz-plus-0.090/2-accurate-hse06-atoms-fixed,11.346172820578163,4.4209571892217525e-08,0.004050044567669664,0.00810004492576688,0.09810000867391802,0.09000000795772294,0.09000000795772287,0.11399044202082509,0.09810000867391802,.TRUE.,0.27,,550,HSE,172,8,-20.853229,1
6-stretch-all-three-axes,stretch-x-minus-0.020-y-minus-0.020-z-minus-0.020,1-cheap-pbe-atoms-relaxed,6-stretch-all-three-axes/stretch-x-minus-0.020-y-minus-0.020-z-minus-0.020/1-cheap-pbe-atoms-relaxed,10.678927089345601,-0.019799957541127067,-0.019799957541127067,-0.019799957541127067,2.1268800597061615e-17,2.668828810681583e-34,-2.1268800597061615e-17,0.03429453244893862,0.019799957541127067,,,,550,PBE,172,8,-18.11324,1
6-stretch-all-three-axes,stretch-x-minus-0.020-y-minus-0.020-z-minus-0.020,2-accurate-hse06-atoms-fixed,6-stretch-all-three-axes/stretch-x-minus-0.020-y-minus-0.020-z-minus-0.020/2-accurate-hse06-atoms-fixed,10.678927089345601,-0.019799957541127067,-0.019799957541127067,-0.019799957541127067,2.1268800597061615e-17,2.668828810681583e-34,-2.1268800597061615e-17,0.03429453244893862,0.019799957541127067,.TRUE.,0.27,,550,HSE,172,8,-21.294921,1
6-stretch-all-three-axes,stretch-x-minus-0.020-y-minus-0.020-z-minus-0.040,1-cheap-pbe-atoms-relaxed,6-stretch-all-three-axes/stretch-x-minus-0.020-y-minus-0.020-z-minus-0.040/1-cheap-pbe-atoms-relaxed,10.460989801807939,-0.019799957541127067,-0.019799957541127067,-0.03919995925645853,1.5407748121277124e-17,5.86105247578449e-18,-2.1268800597061615e-17,0.04817378377259646,0.03919995925645853,,,,550,PBE,172,8,-18.051752,1
6-stretch-all-three-axes,stretch-x-minus-0.020-y-minus-0.020-z-minus-0.040,2-accurate-hse06-atoms-fixed,6-stretch-all-three-axes/stretch-x-minus-0.020-y-minus-0.020-z-minus-0.040/2-accurate-hse06-atoms-fixed,10.460989801807939,-0.019799957541127067,-0.019799957541127067,-0.03919995925645853,1.5407748121277124e-17,5.86105247578449e-18,-2.1268800597061615e-17,0.04817378377259646,0.03919995925645853,.TRUE.,0.27,,550,HSE,172,8,-21.247053,1
6-stretch-all-three-axes,stretch-x-minus-0.020-y-minus-0.020-z-minus-0.060,1-cheap-pbe-atoms-relaxed,6-stretch-all-three-axes/stretch-x-minus-0.020-y-minus-0.020-z-minus-0.060/1-cheap-pbe-atoms-relaxed,10.243052514270275,-0.019799957541127067,-0.019799957541127067,-0.05819996093642227,3.4476469431812308e-18,1.7821153653880384e-17,-2.1268800597061615e-17,0.06458569570935926,0.05819996093642227,,,,550,PBE,172,8,-17.955007,1
6-stretch-all-three-axes,stretch-x-minus-0.020-y-minus-0.020-z-minus-0.060,2-accurate-hse06-atoms-fixed,6-stretch-all-three-axes/stretch-x-minus-0.020-y-minus-0.020-z-minus-0.060/2-accurate-hse06-atoms-fixed,10.243052514270275,-0.019799957541127067,-0.019799957541127067,-0.05819996093642227,3.4476469431812308e-18,1.7821153653880384e-17,-2.1268800597061615e-17,0.06458569570935926,0.05819996093642227,.TRUE.,0.27,,550,HSE,172,8,-21.162809,1
6-stretch-all-three-axes,stretch-x-minus-0.020-y-minus-0.020-z-minus-0.080,1-cheap-pbe-atoms-relaxed,6-stretch-all-three-axes/stretch-x-minus-0.020-y-minus-0.020-z-minus-0.080/1-cheap-pbe-atoms-relaxed,10.025115226732607,-0.019799957541127067,-0.019799957541127067,-0.07679996258101834,-8.00774545058323e-18,2.9276546047644843e-17,-2.1268800597061615e-17,0.08174540286589019,0.07679996258101834,,,,550,PBE,172,8,-17.821047,1
6-stretch-all-three-axes,stretch-x-minus-0.020-y-minus-0.020-z-minus-0.080,2-accurate-hse06-atoms-fixed,6-stretch-all-three-axes/stretch-x-minus-0.020-y-minus-0.020-z-minus-0.080/2-accurate-hse06-atoms-fixed,10.025115226732607,-0.019799957541127067,-0.019799957541127067,-0.07679996258101834,-8.00774545058323e-18,2.9276546047644843e-17,-2.1268800597061615e-17,0.08174540286589019,0.07679996258101834,.TRUE.,0.27,,550,HSE,172,8,-21.040201,1
6-stretch-all-three-axes,stretch-x-minus-0.020-y-minus-0.020-z-plus-0.020,1-cheap-pbe-atoms-relaxed,6-stretch-all-three-axes/stretch-x-minus-0.020-y-minus-0.020-z-plus-0.020/1-cheap-pbe-atoms-relaxed,11.114801664420932,-0.019799957541127067,-0.019799957541127067,0.020200045995638516,-9.178371006082866e-18,3.044717160314448e-17,-2.1268800597061615e-17,0.03452706902542961,0.020200045995638516,,,,550,PBE,172,8,-18.137045,1
6-stretch-all-three-axes,stretch-x-minus-0.020-y-minus-0.020-z-plus-0.020,2-accurate-hse06-atoms-fixed,6-stretch-all-three-axes/stretch-x-minus-0.020-y-minus-0.020-z-plus-0.020/2-accurate-hse06-atoms-fixed,11.114801664420932,-0.019799957541127067,-0.019799957541127067,0.020200045995638516,-9.178371006082866e-18,3.044717160314448e-17,-2.1268800597061615e-17,0.03452706902542961,0.020200045995638516,.TRUE.,0.27,,550,HSE,172,8,-21.288136,1
6-stretch-all-three-axes,stretch-x-minus-0.020-y-minus-0.020-z-plus-0.040,1-cheap-pbe-atoms-relaxed,6-stretch-all-three-axes/stretch-x-minus-0.020-y-minus-0.020-z-plus-0.040/1-cheap-pbe-atoms-relaxed,11.3327389519586,-0.019799957541127067,-0.019799957541127067,0.04080004781707314,5.4279102337977996e-17,-3.301030174091638e-17,-2.1268800597061618e-17,0.04948454848875883,0.04080004781707314,,,,550,PBE,172,8,-18.102796,1
6-stretch-all-three-axes,stretch-x-minus-0.020-y-minus-0.020-z-plus-0.040,2-accurate-hse06-atoms-fixed,6-stretch-all-three-axes/stretch-x-minus-0.020-y-minus-0.020-z-plus-0.040/2-accurate-hse06-atoms-fixed,11.3327389519586,-0.019799957541127067,-0.019799957541127067,0.04080004781707314,5.4279102337977996e-17,-3.301030174091638e-17,-2.1268800597061618e-17,0.04948454848875883,0.04080004781707314,.TRUE.,0.27,,550,HSE,172,8,-21.236952,1
6-stretch-all-three-axes,stretch-x-minus-0.020-y-minus-0.020-z-plus-0.060,1-cheap-pbe-atoms-relaxed,6-stretch-all-three-axes/stretch-x-minus-0.020-y-minus-0.020-z-plus-0.060/1-cheap-pbe-atoms-relaxed,11.550676239496266,-0.019799957541127067,-0.019799957541127067,0.0618000496738752,6.849320631582727e-17,-4.7224405718765654e-17,-2.1268800597061618e-17,0.06784779124595222,0.0618000496738752,,,,550,PBE,172,8,-18.040029,1
6-stretch-all-three-axes,stretch-x-minus-0.020-y-minus-0.020-z-plus-0.060,2-accurate-hse06-atoms-fixed,6-stretch-all-three-axes/stretch-x-minus-0.020-y-minus-0.020-z-plus-0.060/2-accurate-hse06-atoms-fixed,11.550676239496266,-0.019799957541127067,-0.019799957541127067,0.0618000496738752,6.849320631582727e-17,-4.7224405718765654e-17,-2.1268800597061618e-17,0.06784779124595222,0.0618000496738752,.TRUE.,0.27,,550,HSE,172,8,-21.156193,1
6-stretch-all-three-axes,stretch-x-minus-0.020-y-minus-0.020-z-plus-0.080,1-cheap-pbe-atoms-relaxed,6-stretch-all-three-axes/stretch-x-minus-0.020-y-minus-0.020-z-plus-0.080/1-cheap-pbe-atoms-relaxed,11.768613527033931,-0.019799957541127067,-0.019799957541127067,0.08320005156604482,1.5982362806393085e-17,5.2864377906685294e-18,-2.1268800597061615e-17,0.08778567774901204,0.08320005156604482,,,,550,PBE,172,8,-17.950206,1
6-stretch-all-three-axes,stretch-x-minus-0.020-y-minus-0.020-z-plus-0.080,2-accurate-hse06-atoms-fixed,6-stretch-all-three-axes/stretch-x-minus-0.020-y-minus-0.020-z-plus-0.080/2-accurate-hse06-atoms-fixed,11.768613527033931,-0.019799957541127067,-0.019799957541127067,0.08320005156604482,1.5982362806393085e-17,5.2864377906685294e-18,-2.1268800597061615e-17,0.08778567774901204,0.08320005156604482,.TRUE.,0.27,,550,HSE,172,8,-21.047306,1
6-stretch-all-three-axes,stretch-x-minus-0.020-y-minus-0.040-z-minus-0.020,1-cheap-pbe-atoms-relaxed,6-stretch-all-three-axes/stretch-x-minus-0.020-y-minus-0.040-z-minus-0.020/1-cheap-pbe-atoms-relaxed,10.460989801807939,-0.019799957541127067,-0.03919995925645853,-0.019799957541127067,1.5407748121277124e-17,2.668828810681583e-34,-1.5407748121277124e-17,0.04817378377259646,0.03919995925645853,,,,550,PBE,172,8,-18.051752,1
6-stretch-all-three-axes,stretch-x-minus-0.020-y-minus-0.040-z-minus-0.020,2-accurate-hse06-atoms-fixed,6-stretch-all-three-axes/stretch-x-minus-0.020-y-minus-0.040-z-minus-0.020/2-accurate-hse06-atoms-fixed,10.460989801807939,-0.019799957541127067,-0.03919995925645853,-0.019799957541127067,1.5407748121277124e-17,2.668828810681583e-34,-1.5407748121277124e-17,0.04817378377259646,0.03919995925645853,.TRUE.,0.27,,550,HSE,172,8,-21.247053,1
6-stretch-all-three-axes,stretch-x-minus-0.020-y-minus-0.040-z-minus-0.040,1-cheap-pbe-atoms-relaxed,6-stretch-all-three-axes/stretch-x-minus-0.020-y-minus-0.040-z-minus-0.040/1-cheap-pbe-atoms-relaxed,10.247500214015934,-0.019799957541127067,-0.03919995925645853,-0.03919995925645853,9.546695645492635e-18,5.86105247578449e-18,-1.5407748121277124e-17,0.058866900122619435,0.03919995925645853,,,,550,PBE,172,8,-17.984097,1
6-stretch-all-three-axes,stretch-x-minus-0.020-y-minus-0.040-z-minus-0.040,2-accurate-hse06-atoms-fixed,6-stretch-all-three-axes/stretch-x-minus-0.020-y-minus-0.040-z-minus-0.040/2-accurate-hse06-atoms-fixed,10.247500214015934,-0.019799957541127067,-0.03919995925645853,-0.03919995925645853,9.546695645492635e-18,5.86105247578449e-18,-1.5407748121277124e-17,0.058866900122619435,0.03919995925645853,.TRUE.,0.27,,550,HSE,172,8,-21.193195,1
6-stretch-all-three-axes,stretch-x-minus-0.020-y-minus-0.040-z-minus-0.060,1-cheap-pbe-atoms-relaxed,6-stretch-all-three-axes/stretch-x-minus-0.020-y-minus-0.040-z-minus-0.060/1-cheap-pbe-atoms-relaxed,10.034010626223937,-0.019799957541127067,-0.03919995925645853,-0.05819996093642227,-2.413405532603259e-18,1.7821153653880384e-17,-1.5407748121277124e-17,0.0729102912992365,0.05819996093642227,,,,550,PBE,172,8,-17.880122,1
6-stretch-all-three-axes,stretch-x-minus-0.020-y-minus-0.040-z-minus-0.060,2-accurate-hse06-atoms-fixed,6-stretch-all-three-axes/stretch-x-minus-0.020-y-minus-0.040-z-minus-0.060/2-accurate-hse06-atoms-fixed,10.034010626223937,-0.019799957541127067,-0.03919995925645853,-0.05819996093642227,-2.413405532603259e-18,1.7821153653880384e-17,-1.5407748121277124e-17,0.0729102912992365,0.05819996093642227,.TRUE.,0.27,,550,HSE,172,8,-21.101868,1
6-stretch-all-three-axes,stretch-x-minus-0.020-y-minus-0.040-z-minus-0.080,1-cheap-pbe-atoms-relaxed,6-stretch-all-three-axes/stretch-x-minus-0.020-y-minus-0.040-z-minus-0.080/1-cheap-pbe-atoms-relaxed,9.820521038431941,-0.019799957541127067,-0.03919995925645853,-0.07679996258101834,-1.386879792636772e-17,2.9276546047644843e-17,-1.5407748121277124e-17,0.08846982184216413,0.07679996258101834,,,,550,PBE,172,8,-17.737828,1
6-stretch-all-three-axes,stretch-x-minus-0.020-y-minus-0.040-z-minus-0.080,2-accurate-hse06-atoms-fixed,6-stretch-all-three-axes/stretch-x-minus-0.020-y-minus-0.040-z-minus-0.080/2-accurate-hse06-atoms-fixed,9.820521038431941,-0.019799957541127067,-0.03919995925645853,-0.07679996258101834,-1.386879792636772e-17,2.9276546047644843e-17,-1.5407748121277124e-17,0.08846982184216413,0.07679996258101834,.TRUE.,0.27,,550,HSE,172,8,-20.971055,1
6-stretch-all-three-axes,stretch-x-minus-0.020-y-minus-0.040-z-plus-0.020,1-cheap-pbe-atoms-relaxed,6-stretch-all-three-axes/stretch-x-minus-0.020-y-minus-0.040-z-plus-0.020/1-cheap-pbe-atoms-relaxed,10.887968977391937,-0.019799957541127067,-0.03919995925645853,0.020200045995638516,-1.5039423481867355e-17,3.044717160314448e-17,-1.5407748121277124e-17,0.048339600562730706,0.03919995925645853,,,,550,PBE,172,8,-18.085162,1
6-stretch-all-three-axes,stretch-x-minus-0.020-y-minus-0.040-z-plus-0.020,2-accurate-hse06-atoms-fixed,6-stretch-all-three-axes/stretch-x-minus-0.020-y-minus-0.040-z-plus-0.020/2-accurate-hse06-atoms-fixed,10.887968977391937,-0.019799957541127067,-0.03919995925645853,0.020200045995638516,-1.5039423481867355e-17,3.044717160314448e-17,-1.5407748121277124e-17,0.048339600562730706,0.03919995925645853,.TRUE.,0.27,,550,HSE,172,8,-21.249488,1
6-stretch-all-three-axes,stretch-x-minus-0.020-y-minus-0.040-z-plus-0.040,1-cheap-pbe-atoms-relaxed,6-stretch-all-three-axes/stretch-x-minus-0.020-y-minus-0.040-z-plus-0.040/1-cheap-pbe-atoms-relaxed,11.101458565183934,-0.019799957541127067,-0.03919995925645853,0.04080004781707314,4.8418049862193506e-17,-3.301030174091638e-17,-1.5407748121277127e-17,0.05994429936377518,0.04080004781707314,,,,550,PBE,172,8,-18.054304,1
6-stretch-all-three-axes,stretch-x-minus-0.020-y-minus-0.040-z-plus-0.040,2-accurate-hse06-atoms-fixed,6-stretch-all-three-axes/stretch-x-minus-0.020-y-minus-0.040-z-plus-0.040/2-accurate-hse06-atoms-fixed,11.101458565183934,-0.019799957541127067,-0.03919995925645853,0.04080004781707314,4.8418049862193506e-17,-3.301030174091638e-17,-1.5407748121277127e-17,0.05994429936377518,0.04080004781707314,.TRUE.,0.27,,550,HSE,172,8,-21.201467,1
6-stretch-all-three-axes,stretch-x-minus-0.020-y-minus-0.040-z-plus-0.060,1-cheap-pbe-atoms-relaxed,6-stretch-all-three-axes/stretch-x-minus-0.020-y-minus-0.040-z-plus-0.060/1-cheap-pbe-atoms-relaxed,11.314948152975932,-0.019799957541127067,-0.03919995925645853,0.0618000496738752,6.263215384004278e-17,-4.7224405718765654e-17,-1.5407748121277127e-17,0.07581504642240804,0.0618000496738752,,,,550,PBE,172,8,-17.994151,1
6-stretch-all-three-axes,stretch-x-minus-0.020-y-minus-0.040-z-plus-0.060,2-accurate-hse06-atoms-fixed,6-stretch-all-three-axes/stretch-x-minus-0.020-y-minus-0.040-z-plus-0.060/2-accurate-hse06-atoms-fixed,11.314948152975932,-0.019799957541127067,-0.03919995925645853,0.0618000496738752,6.263215384004278e-17,-4.7224405718765654e-17,-1.5407748121277127e-17,0.07581504642240804,0.0618000496738752,.TRUE.,0.27,,550,HSE,172,8,-21.123077,1
6-stretch-all-three-axes,stretch-x-minus-0.020-y-minus-0.040-z-plus-0.080,1-cheap-pbe-atoms-relaxed,6-stretch-all-three-axes/stretch-x-minus-0.020-y-minus-0.040-z-plus-0.080/1-cheap-pbe-atoms-relaxed,11.52843774076793,-0.019799957541127067,-0.03919995925645853,0.08320005156604482,1.0121310330608596e-17,5.2864377906685294e-18,-1.5407748121277124e-17,0.09407934791935454,0.08320005156604482,,,,550,PBE,172,8,-17.906156,1
6-stretch-all-three-axes,stretch-x-minus-0.020-y-minus-0.040-z-plus-0.080,2-accurate-hse06-atoms-fixed,6-stretch-all-three-axes/stretch-x-minus-0.020-y-minus-0.040-z-plus-0.080/2-accurate-hse06-atoms-fixed,11.52843774076793,-0.019799957541127067,-0.03919995925645853,0.08320005156604482,1.0121310330608596e-17,5.2864377906685294e-18,-1.5407748121277124e-17,0.09407934791935454,0.08320005156604482,.TRUE.,0.27,,550,HSE,172,8,-21.015761,1
6-stretch-all-three-axes,stretch-x-minus-0.020-y-minus-0.060-z-minus-0.020,1-cheap-pbe-atoms-relaxed,6-stretch-all-three-axes/stretch-x-minus-0.020-y-minus-0.060-z-minus-0.020/1-cheap-pbe-atoms-relaxed,10.243052514270275,-0.019799957541127067,-0.05819996093642227,-0.019799957541127067,3.44764694318123e-18,2.668828810681583e-34,-3.4476469431812308e-18,0.06458569570935926,0.05819996093642227,,,,550,PBE,172,8,-17.955007,1
6-stretch-all-three-axes,stretch-x-minus-0.020-y-minus-0.060-z-minus-0.020,2-accurate-hse06-atoms-fixed,6-stretch-all-three-axes/stretch-x-minus-0.020-y-minus-0.060-z-minus-0.020/2-accurate-hse06-atoms-fixed,10.243052514270275,-0.019799957541127067,-0.05819996093642227,-0.019799957541127067,3.44764694318123e-18,2.668828810681583e-34,-3.4476469431812308e-18,0.06458569570935926,0.05819996093642227,.TRUE.,0.27,,550,HSE,172,8,-21.162809,1
6-stretch-all-three-axes,stretch-x-minus-0.020-y-minus-0.060-z-minus-0.040,1-cheap-pbe-atoms-relaxed,6-stretch-all-three-axes/stretch-x-minus-0.020-y-minus-0.060-z-minus-0.040/1-cheap-pbe-atoms-relaxed,10.034010626223937,-0.019799957541127067,-0.05819996093642227,-0.03919995925645853,-2.413405532603259e-18,5.86105247578449e-18,-3.4476469431812308e-18,0.0729102912992365,0.05819996093642227,,,,550,PBE,172,8,-17.880122,1
6-stretch-all-three-axes,stretch-x-minus-0.020-y-minus-0.060-z-minus-0.040,2-accurate-hse06-atoms-fixed,6-stretch-all-three-axes/stretch-x-minus-0.020-y-minus-0.060-z-minus-0.040/2-accurate-hse06-atoms-fixed,10.034010626223937,-0.019799957541127067,-0.05819996093642227,-0.03919995925645853,-2.413405532603259e-18,5.86105247578449e-18,-3.4476469431812308e-18,0.0729102912992365,0.05819996093642227,.TRUE.,0.27,,550,HSE,172,8,-21.101868,1
6-stretch-all-three-axes,stretch-x-minus-0.020-y-minus-0.060-z-minus-0.060,1-cheap-pbe-atoms-relaxed,6-stretch-all-three-axes/stretch-x-minus-0.020-y-minus-0.060-z-minus-0.060/1-cheap-pbe-atoms-relaxed,9.824968738177606,-0.019799957541127067,-0.05819996093642227,-0.05819996093642227,-1.4373506710699154e-17,1.7821153653880384e-17,-3.4476469431812308e-18,0.08465523743178913,0.05819996093642227,,,,550,PBE,172,8,-17.767785,1
6-stretch-all-three-axes,stretch-x-minus-0.020-y-minus-0.060-z-minus-0.060,2-accurate-hse06-atoms-fixed,6-stretch-all-three-axes/stretch-x-minus-0.020-y-minus-0.060-z-minus-0.060/2-accurate-hse06-atoms-fixed,9.824968738177606,-0.019799957541127067,-0.05819996093642227,-0.05819996093642227,-1.4373506710699154e-17,1.7821153653880384e-17,-3.4476469431812308e-18,0.08465523743178913,0.05819996093642227,.TRUE.,0.27,,550,HSE,172,8,-21.002303,1
6-stretch-all-three-axes,stretch-x-minus-0.020-y-minus-0.060-z-minus-0.080,1-cheap-pbe-atoms-relaxed,6-stretch-all-three-axes/stretch-x-minus-0.020-y-minus-0.060-z-minus-0.080/1-cheap-pbe-atoms-relaxed,9.615926850131276,-0.019799957541127067,-0.05819996093642227,-0.07679996258101834,-2.5828899104463616e-17,2.9276546047644843e-17,-3.447646943181231e-18,0.09837432604128646,0.07679996258101834,,,,550,PBE,172,8,-17.615994,1
6-stretch-all-three-axes,stretch-x-minus-0.020-y-minus-0.060-z-minus-0.080,2-accurate-hse06-atoms-fixed,6-stretch-all-three-axes/stretch-x-minus-0.020-y-minus-0.060-z-minus-0.080/2-accurate-hse06-atoms-fixed,9.615926850131276,-0.019799957541127067,-0.05819996093642227,-0.07679996258101834,-2.5828899104463616e-17,2.9276546047644843e-17,-3.447646943181231e-18,0.09837432604128646,0.07679996258101834,.TRUE.,0.27,,550,HSE,172,8,-20.862093,1
6-stretch-all-three-axes,stretch-x-minus-0.020-y-minus-0.060-z-plus-0.020,1-cheap-pbe-atoms-relaxed,6-stretch-all-three-axes/stretch-x-minus-0.020-y-minus-0.060-z-plus-0.020/1-cheap-pbe-atoms-relaxed,10.66113629036294,-0.019799957541127067,-0.05819996093642227,0.020200045995638516,-2.6999524659963248e-17,3.044717160314448e-17,-3.447646943181231e-18,0.06470947094403896,0.05819996093642227,,,,550,PBE,172,8,-17.999826,1
6-stretch-all-three-axes,stretch-x-minus-0.020-y-minus-0.060-z-plus-0.020,2-accurate-hse06-atoms-fixed,6-stretch-all-three-axes/stretch-x-minus-0.020-y-minus-0.060-z-plus-0.020/2-accurate-hse06-atoms-fixed,10.66113629036294,-0.019799957541127067,-0.05819996093642227,0.020200045995638516,-2.6999524659963248e-17,3.044717160314448e-17,-3.447646943181231e-18,0.06470947094403896,0.05819996093642227,.TRUE.,0.27,,550,HSE,172,8,-21.176286,1
6-stretch-all-three-axes,stretch-x-minus-0.020-y-minus-0.060-z-plus-0.040,1-cheap-pbe-atoms-relaxed,6-stretch-all-three-axes/stretch-x-minus-0.020-y-minus-0.060-z-plus-0.040/1-cheap-pbe-atoms-relaxed,10.870178178409269,-0.019799957541127067,-0.05819996093642227,0.04080004781707314,3.645794868409761e-17,-3.301030174091638e-17,-3.4476469431812327e-18,0.07378290908812804,0.05819996093642227,,,,550,PBE,172,8,-17.973375,1
6-stretch-all-three-axes,stretch-x-minus-0.020-y-minus-0.060-z-plus-0.040,2-accurate-hse06-atoms-fixed,6-stretch-all-three-axes/stretch-x-minus-0.020-y-minus-0.060-z-plus-0.040/2-accurate-hse06-atoms-fixed,10.870178178409269,-0.019799957541127067,-0.05819996093642227,0.04080004781707314,3.645794868409761e-17,-3.301030174091638e-17,-3.4476469431812327e-18,0.07378290908812804,0.05819996093642227,.TRUE.,0.27,,550,HSE,172,8,-21.132468,1
6-stretch-all-three-axes,stretch-x-minus-0.020-y-minus-0.060-z-plus-0.060,1-cheap-pbe-atoms-relaxed,6-stretch-all-three-axes/stretch-x-minus-0.020-y-minus-0.060-z-plus-0.060/1-cheap-pbe-atoms-relaxed,11.079220066455601,-0.019799957541127067,-0.05819996093642227,0.0618000496738752,5.067205266194688e-17,-4.7224405718765654e-17,-3.447646943181234e-18,0.08716948956673404,0.0618000496738752,,,,550,PBE,172,8,-17.916672,1
6-stretch-all-three-axes,stretch-x-minus-0.020-y-minus-0.060-z-plus-0.060,2-accurate-hse06-atoms-fixed,6-stretch-all-three-axes/stretch-x-minus-0.020-y-minus-0.060-z-plus-0.060/2-accurate-hse06-atoms-fixed,11.079220066455601,-0.019799957541127067,-0.05819996093642227,0.0618000496738752,5.067205266194688e-17,-4.7224405718765654e-17,-3.447646943181234e-18,0.08716948956673404,0.0618000496738752,.TRUE.,0.27,,550,HSE,172,8,-21.057292,1
6-stretch-all-three-axes,stretch-x-minus-0.020-y-minus-0.060-z-plus-0.080,1-cheap-pbe-atoms-relaxed,6-stretch-all-three-axes/stretch-x-minus-0.020-y-minus-0.060-z-plus-0.080/1-cheap-pbe-atoms-relaxed,11.288261954501934,-0.019799957541127067,-0.05819996093642227,0.08320005156604482,-1.838790847487299e-18,5.2864377906685294e-18,-3.4476469431812308e-18,0.10344816263338866,0.08320005156604482,,,,550,PBE,172,8,-17.831388,1
6-stretch-all-three-axes,stretch-x-minus-0.020-y-minus-0.060-z-plus-0.080,2-accurate-hse06-atoms-fixed,6-stretch-all-three-axes/stretch-x-minus-0.020-y-minus-0.060-z-plus-0.080/2-accurate-hse06-atoms-fixed,11.288261954501934,-0.019799957541127067,-0.05819996093642227,0.08320005156604482,-1.838790847487299e-18,5.2864377906685294e-18,-3.4476469431812308e-18,0.10344816263338866,0.08320005156604482,.TRUE.,0.27,,550,HSE,172,8,-20.952441,1
6-stretch-all-three-axes,stretch-x-minus-0.020-y-minus-0.080-z-minus-0.020,1-cheap-pbe-atoms-relaxed,6-stretch-all-three-axes/stretch-x-minus-0.020-y-minus-0.080-z-minus-0.020/1-cheap-pbe-atoms-relaxed,10.025115226732607,-0.019799957541127067,-0.07679996258101834,-0.019799957541127067,-8.007745450583232e-18,2.668828810681583e-34,8.00774545058323e-18,0.08174540286589019,0.07679996258101834,,,,550,PBE,172,8,-17.821047,1
6-stretch-all-three-axes,stretch-x-minus-0.020-y-minus-0.080-z-minus-0.020,2-accurate-hse06-atoms-fixed,6-stretch-all-three-axes/stretch-x-minus-0.020-y-minus-0.080-z-minus-0.020/2-accurate-hse06-atoms-fixed,10.025115226732607,-0.019799957541127067,-0.07679996258101834,-0.019799957541127067,-8.007745450583232e-18,2.668828810681583e-34,8.00774545058323e-18,0.08174540286589019,0.07679996258101834,.TRUE.,0.27,,550,HSE,172,8,-21.040201,1
6-stretch-all-three-axes,stretch-x-minus-0.020-y-minus-0.080-z-minus-0.040,1-cheap-pbe-atoms-relaxed,6-stretch-all-three-axes/stretch-x-minus-0.020-y-minus-0.080-z-minus-0.040/1-cheap-pbe-atoms-relaxed,9.820521038431941,-0.019799957541127067,-0.07679996258101834,-0.03919995925645853,-1.386879792636772e-17,5.86105247578449e-18,8.00774545058323e-18,0.08846982184216413,0.07679996258101834,,,,550,PBE,172,8,-17.737828,1
6-stretch-all-three-axes,stretch-x-minus-0.020-y-minus-0.080-z-minus-0.040,2-accurate-hse06-atoms-fixed,6-stretch-all-three-axes/stretch-x-minus-0.020-y-minus-0.080-z-minus-0.040/2-accurate-hse06-atoms-fixed,9.820521038431941,-0.019799957541127067,-0.07679996258101834,-0.03919995925645853,-1.386879792636772e-17,5.86105247578449e-18,8.00774545058323e-18,0.08846982184216413,0.07679996258101834,.TRUE.,0.27,,550,HSE,172,8,-20.971055,1
6-stretch-all-three-axes,stretch-x-minus-0.020-y-minus-0.080-z-minus-0.060,1-cheap-pbe-atoms-relaxed,6-stretch-all-three-axes/stretch-x-minus-0.020-y-minus-0.080-z-minus-0.060/1-cheap-pbe-atoms-relaxed,9.615926850131276,-0.019799957541127067,-0.07679996258101834,-0.05819996093642227,-2.5828899104463616e-17,1.7821153653880384e-17,8.00774545058323e-18,0.09837432604128646,0.07679996258101834,,,,550,PBE,172,8,-17.615994,1
6-stretch-all-three-axes,stretch-x-minus-0.020-y-minus-0.080-z-minus-0.060,2-accurate-hse06-atoms-fixed,6-stretch-all-three-axes/stretch-x-minus-0.020-y-minus-0.080-z-minus-0.060/2-accurate-hse06-atoms-fixed,9.615926850131276,-0.019799957541127067,-0.07679996258101834,-0.05819996093642227,-2.5828899104463616e-17,1.7821153653880384e-17,8.00774545058323e-18,0.09837432604128646,0.07679996258101834,.TRUE.,0.27,,550,HSE,172,8,-20.862093,1
6-stretch-all-three-axes,stretch-x-minus-0.020-y-minus-0.080-z-minus-0.080,1-cheap-pbe-atoms-relaxed,6-stretch-all-three-axes/stretch-x-minus-0.020-y-minus-0.080-z-minus-0.080/1-cheap-pbe-atoms-relaxed,9.411332661830613,-0.019799957541127067,-0.07679996258101834,-0.07679996258101834,-3.728429149822808e-17,2.9276546047644843e-17,8.00774545058323e-18,0.1104015707475309,0.07679996258101834,,,,550,PBE,172,8,-17.453491,1
6-stretch-all-three-axes,stretch-x-minus-0.020-y-minus-0.080-z-minus-0.080,2-accurate-hse06-atoms-fixed,6-stretch-all-three-axes/stretch-x-minus-0.020-y-minus-0.080-z-minus-0.080/2-accurate-hse06-atoms-fixed,9.411332661830613,-0.019799957541127067,-0.07679996258101834,-0.07679996258101834,-3.728429149822808e-17,2.9276546047644843e-17,8.00774545058323e-18,0.1104015707475309,0.07679996258101834,.TRUE.,0.27,,550,HSE,172,8,-20.711245,1
6-stretch-all-three-axes,stretch-x-minus-0.020-y-minus-0.080-z-plus-0.020,1-cheap-pbe-atoms-relaxed,6-stretch-all-three-axes/stretch-x-minus-0.020-y-minus-0.080-z-plus-0.020/1-cheap-pbe-atoms-relaxed,10.43430360333394,-0.019799957541127067,-0.07679996258101834,0.020200045995638516,-3.8454917053727713e-17,3.044717160314448e-17,8.00774545058323e-18,0.08184323080928663,0.07679996258101834,,,,550,PBE,172,8,-17.879435,1
6-stretch-all-three-axes,stretch-x-minus-0.020-y-minus-0.080-z-plus-0.020,2-accurate-hse06-atoms-fixed,6-stretch-all-three-axes/stretch-x-minus-0.020-y-minus-0.080-z-plus-0.020/2-accurate-hse06-atoms-fixed,10.43430360333394,-0.019799957541127067,-0.07679996258101834,0.020200045995638516,-3.8454917053727713e-17,3.044717160314448e-17,8.00774545058323e-18,0.08184323080928663,0.07679996258101834,.TRUE.,0.27,,550,HSE,172,8,-21.066925,1
6-stretch-all-three-axes,stretch-x-minus-0.020-y-minus-0.080-z-plus-0.040,1-cheap-pbe-atoms-relaxed,6-stretch-all-three-axes/stretch-x-minus-0.020-y-minus-0.080-z-plus-0.040/1-cheap-pbe-atoms-relaxed,10.638897791634601,-0.019799957541127067,-0.07679996258101834,0.04080004781707314,2.5002556290333147e-17,-3.301030174091638e-17,8.007745450583229e-18,0.08919033845070724,0.07679996258101834,,,,550,PBE,172,8,-17.858296,1
6-stretch-all-three-axes,stretch-x-minus-0.020-y-minus-0.080-z-plus-0.040,2-accurate-hse06-atoms-fixed,6-stretch-all-three-axes/stretch-x-minus-0.020-y-minus-0.080-z-plus-0.040/2-accurate-hse06-atoms-fixed,10.638897791634601,-0.019799957541127067,-0.07679996258101834,0.04080004781707314,2.5002556290333147e-17,-3.301030174091638e-17,8.007745450583229e-18,0.08919033845070724,0.07679996258101834,.TRUE.,0.27,,550,HSE,172,8,-21.028222,1
6-stretch-all-three-axes,stretch-x-minus-0.020-y-minus-0.080-z-plus-0.060,1-cheap-pbe-atoms-relaxed,6-stretch-all-three-axes/stretch-x-minus-0.020-y-minus-0.080-z-plus-0.060/1-cheap-pbe-atoms-relaxed,10.843491979935267,-0.019799957541127067,-0.07679996258101834,0.0618000496738752,3.921666026818242e-17,-4.7224405718765654e-17,8.007745450583227e-18,0.10054610241461225,0.07679996258101834,,,,550,PBE,172,8,-17.806011,1
6-stretch-all-three-axes,stretch-x-minus-0.020-y-minus-0.080-z-plus-0.060,2-accurate-hse06-atoms-fixed,6-stretch-all-three-axes/stretch-x-minus-0.020-y-minus-0.080-z-plus-0.060/2-accurate-hse06-atoms-fixed,10.843491979935267,-0.019799957541127067,-0.07679996258101834,0.0618000496738752,3.921666026818242e-17,-4.7224405718765654e-17,8.007745450583227e-18,0.10054610241461225,0.07679996258101834,.TRUE.,0.27,,550,HSE,172,8,-20.957248,1
6-stretch-all-three-axes,stretch-x-minus-0.020-y-minus-0.080-z-plus-0.080,1-cheap-pbe-atoms-relaxed,6-stretch-all-three-axes/stretch-x-minus-0.020-y-minus-0.080-z-plus-0.080/1-cheap-pbe-atoms-relaxed,11.048086168235937,-0.019799957541127067,-0.07679996258101834,0.08320005156604482,-1.3294183241251761e-17,5.2864377906685294e-18,8.00774545058323e-18,0.1149457313329589,0.08320005156604482,,,,550,PBE,172,8,-17.724313,1
6-stretch-all-three-axes,stretch-x-minus-0.020-y-minus-0.080-z-plus-0.080,2-accurate-hse06-atoms-fixed,6-stretch-all-three-axes/stretch-x-minus-0.020-y-minus-0.080-z-plus-0.080/2-accurate-hse06-atoms-fixed,11.048086168235937,-0.019799957541127067,-0.07679996258101834,0.08320005156604482,-1.3294183241251761e-17,5.2864377906685294e-18,8.00774545058323e-18,0.1149457313329589,0.08320005156604482,.TRUE.,0.27,,550,HSE,172,8,-20.855744,1
6-stretch-all-three-axes,stretch-x-minus-0.020-y-plus-0.020-z-minus-0.020,1-cheap-pbe-atoms-relaxed,6-stretch-all-three-axes/stretch-x-minus-0.020-y-plus-0.020-z-minus-0.020/1-cheap-pbe-atoms-relaxed,11.114801664420932,-0.019799957541127067,0.020200045995638516,-0.019799957541127067,-9.178371006082864e-18,2.668828810681583e-34,9.178371006082866e-18,0.03452706902542961,0.020200045995638516,,,,550,PBE,172,8,-18.137045,1
6-stretch-all-three-axes,stretch-x-minus-0.020-y-plus-0.020-z-minus-0.020,2-accurate-hse06-atoms-fixed,6-stretch-all-three-axes/stretch-x-minus-0.020-y-plus-0.020-z-minus-0.020/2-accurate-hse06-atoms-fixed,11.114801664420932,-0.019799957541127067,0.020200045995638516,-0.019799957541127067,-9.178371006082864e-18,2.668828810681583e-34,9.178371006082866e-18,0.03452706902542961,0.020200045995638516,.TRUE.,0.27,,550,HSE,172,8,-21.288136,1
6-stretch-all-three-axes,stretch-x-minus-0.020-y-plus-0.020-z-minus-0.040,1-cheap-pbe-atoms-relaxed,6-stretch-all-three-axes/stretch-x-minus-0.020-y-plus-0.020-z-minus-0.040/1-cheap-pbe-atoms-relaxed,10.887968977391933,-0.019799957541127067,0.020200045995638516,-0.03919995925645853,-1.5039423481867355e-17,5.86105247578449e-18,9.178371006082866e-18,0.048339600562730706,0.03919995925645853,,,,550,PBE,172,8,-18.085162,1
6-stretch-all-three-axes,stretch-x-minus-0.020-y-plus-0.020-z-minus-0.040,2-accurate-hse06-atoms-fixed,6-stretch-all-three-axes/stretch-x-minus-0.020-y-plus-0.020-z-minus-0.040/2-accurate-hse06-atoms-fixed,10.887968977391933,-0.019799957541127067,0.020200045995638516,-0.03919995925645853,-1.5039423481867355e-17,5.86105247578449e-18,9.178371006082866e-18,0.048339600562730706,0.03919995925645853,.TRUE.,0.27,,550,HSE,172,8,-21.249488,1
6-stretch-all-three-axes,stretch-x-minus-0.020-y-plus-0.020-z-minus-0.060,1-cheap-pbe-atoms-relaxed,6-stretch-all-three-axes/stretch-x-minus-0.020-y-plus-0.020-z-minus-0.060/1-cheap-pbe-atoms-relaxed,10.661136290362935,-0.019799957541127067,0.020200045995638516,-0.05819996093642227,-2.6999524659963248e-17,1.7821153653880384e-17,9.178371006082866e-18,0.06470947094403896,0.05819996093642227,,,,550,PBE,172,8,-17.999826,1
6-stretch-all-three-axes,stretch-x-minus-0.020-y-plus-0.020-z-minus-0.060,2-accurate-hse06-atoms-fixed,6-stretch-all-three-axes/stretch-x-minus-0.020-y-plus-0.020-z-minus-0.060/2-accurate-hse06-atoms-fixed,10.661136290362935,-0.019799957541127067,0.020200045995638516,-0.05819996093642227,-2.6999524659963248e-17,1.7821153653880384e-17,9.178371006082866e-18,0.06470947094403896,0.05819996093642227,.TRUE.,0.27,,550,HSE,172,8,-21.176286,1
6-stretch-all-three-axes,stretch-x-minus-0.020-y-plus-0.020-z-minus-0.080,1-cheap-pbe-atoms-relaxed,6-stretch-all-three-axes/stretch-x-minus-0.020-y-plus-0.020-z-minus-0.080/1-cheap-pbe-atoms-relaxed,10.434303603333934,-0.019799957541127067,0.020200045995638516,-0.07679996258101834,-3.845491705372771e-17,2.9276546047644843e-17,9.178371006082866e-18,0.08184323080928663,0.07679996258101834,,,,550,PBE,172,8,-17.879435,1
6-stretch-all-three-axes,stretch-x-minus-0.020-y-plus-0.020-z-minus-0.080,2-accurate-hse06-atoms-fixed,6-stretch-all-three-axes/stretch-x-minus-0.020-y-plus-0.020-z-minus-0.080/2-accurate-hse06-atoms-fixed,10.434303603333934,-0.019799957541127067,0.020200045995638516,-0.07679996258101834,-3.845491705372771e-17,2.9276546047644843e-17,9.178371006082866e-18,0.08184323080928663,0.07679996258101834,.TRUE.,0.27,,550,HSE,172,8,-21.066925,1
6-stretch-all-three-axes,stretch-x-minus-0.020-y-plus-0.020-z-plus-0.020,1-cheap-pbe-atoms-relaxed,6-stretch-all-three-axes/stretch-x-minus-0.020-y-plus-0.020-z-plus-0.020/1-cheap-pbe-atoms-relaxed,11.56846703847893,-0.019799957541127067,0.020200045995638516,0.020200045995638516,-3.962554260922734e-17,3.044717160314448e-17,9.178371006082866e-18,0.03475804993209858,0.020200045995638516,,,,550,PBE,172,8,-18.147254,1
6-stretch-all-three-axes,stretch-x-minus-0.020-y-plus-0.020-z-plus-0.020,2-accurate-hse06-atoms-fixed,6-stretch-all-three-axes/stretch-x-minus-0.020-y-plus-0.020-z-plus-0.020/2-accurate-hse06-atoms-fixed,11.56846703847893,-0.019799957541127067,0.020200045995638516,0.020200045995638516,-3.962554260922734e-17,3.044717160314448e-17,9.178371006082866e-18,0.03475804993209858,0.020200045995638516,.TRUE.,0.27,,550,HSE,172,8,-21.268649,1
6-stretch-all-three-axes,stretch-x-minus-0.020-y-plus-0.020-z-plus-0.040,1-cheap-pbe-atoms-relaxed,6-stretch-all-three-axes/stretch-x-minus-0.020-y-plus-0.020-z-plus-0.040/1-cheap-pbe-atoms-relaxed,11.795299725507933,-0.019799957541127067,0.020200045995638516,0.04080004781707314,2.3831930734833515e-17,-3.301030174091638e-17,9.178371006082864e-18,0.04964598753909324,0.04080004781707314,,,,550,PBE,172,8,-18.108689,1
6-stretch-all-three-axes,stretch-x-minus-0.020-y-plus-0.020-z-plus-0.040,2-accurate-hse06-atoms-fixed,6-stretch-all-three-axes/stretch-x-minus-0.020-y-plus-0.020-z-plus-0.040/2-accurate-hse06-atoms-fixed,11.795299725507933,-0.019799957541127067,0.020200045995638516,0.04080004781707314,2.3831930734833515e-17,-3.301030174091638e-17,9.178371006082864e-18,0.04964598753909324,0.04080004781707314,.TRUE.,0.27,,550,HSE,172,8,-21.213641,1
6-stretch-all-three-axes,stretch-x-minus-0.020-y-plus-0.020-z-plus-0.060,1-cheap-pbe-atoms-relaxed,6-stretch-all-three-axes/stretch-x-minus-0.020-y-plus-0.020-z-plus-0.060/1-cheap-pbe-atoms-relaxed,12.02213241253693,-0.019799957541127067,0.020200045995638516,0.0618000496738752,3.804603471268279e-17,-4.7224405718765654e-17,9.178371006082862e-18,0.06796562599248085,0.0618000496738752,,,,550,PBE,172,8,-18.043064,1
6-stretch-all-three-axes,stretch-x-minus-0.020-y-plus-0.020-z-plus-0.060,2-accurate-hse06-atoms-fixed,6-stretch-all-three-axes/stretch-x-minus-0.020-y-plus-0.020-z-plus-0.060/2-accurate-hse06-atoms-fixed,12.02213241253693,-0.019799957541127067,0.020200045995638516,0.0618000496738752,3.804603471268279e-17,-4.7224405718765654e-17,9.178371006082862e-18,0.06796562599248085,0.0618000496738752,.TRUE.,0.27,,550,HSE,172,8,-21.130532,1
6-stretch-all-three-axes,stretch-x-minus-0.020-y-plus-0.020-z-plus-0.080,1-cheap-pbe-atoms-relaxed,6-stretch-all-three-axes/stretch-x-minus-0.020-y-plus-0.020-z-plus-0.080/1-cheap-pbe-atoms-relaxed,12.248965099565924,-0.019799957541127067,0.020200045995638516,0.08320005156604482,-1.4464808796751393e-17,5.2864377906685294e-18,9.178371006082866e-18,0.0878767816743926,0.08320005156604482,,,,550,PBE,172,8,-17.951818,1
6-stretch-all-three-axes,stretch-x-minus-0.020-y-plus-0.020-z-plus-0.080,2-accurate-hse06-atoms-fixed,6-stretch-all-three-axes/stretch-x-minus-0.020-y-plus-0.020-z-plus-0.080/2-accurate-hse06-atoms-fixed,12.248965099565924,-0.019799957541127067,0.020200045995638516,0.08320005156604482,-1.4464808796751393e-17,5.2864377906685294e-18,9.178371006082866e-18,0.0878767816743926,0.08320005156604482,.TRUE.,0.27,,550,HSE,172,8,-21.020761,1
6-stretch-all-three-axes,stretch-x-minus-0.020-y-plus-0.040-z-minus-0.020,1-cheap-pbe-atoms-relaxed,6-stretch-all-three-axes/stretch-x-minus-0.020-y-plus-0.040-z-minus-0.020/1-cheap-pbe-atoms-relaxed,11.3327389519586,-0.019799957541127067,0.04080004781707314,-0.019799957541127067,5.427910233797799e-17,-1.2738610744416304e-33,-5.4279102337977996e-17,0.04948454848875883,0.04080004781707314,,,,550,PBE,172,8,-18.102796,1
6-stretch-all-three-axes,stretch-x-minus-0.020-y-plus-0.040-z-minus-0.020,2-accurate-hse06-atoms-fixed,6-stretch-all-three-axes/stretch-x-minus-0.020-y-plus-0.040-z-minus-0.020/2-accurate-hse06-atoms-fixed,11.3327389519586,-0.019799957541127067,0.04080004781707314,-0.019799957541127067,5.427910233797799e-17,-1.2738610744416304e-33,-5.4279102337977996e-17,0.04948454848875883,0.04080004781707314,.TRUE.,0.27,,550,HSE,172,8,-21.236952,1
6-stretch-all-three-axes,stretch-x-minus-0.020-y-plus-0.040-z-minus-0.040,1-cheap-pbe-atoms-relaxed,6-stretch-all-three-axes/stretch-x-minus-0.020-y-plus-0.040-z-minus-0.040/1-cheap-pbe-atoms-relaxed,11.101458565183929,-0.019799957541127067,0.04080004781707314,-0.03919995925645853,4.8418049862193506e-17,5.861052475784488e-18,-5.4279102337977996e-17,0.05994429936377518,0.04080004781707314,,,,550,PBE,172,8,-18.054304,1
6-stretch-all-three-axes,stretch-x-minus-0.020-y-plus-0.040-z-minus-0.040,2-accurate-hse06-atoms-fixed,6-stretch-all-three-axes/stretch-x-minus-0.020-y-plus-0.040-z-minus-0.040/2-accurate-hse06-atoms-fixed,11.101458565183929,-0.019799957541127067,0.04080004781707314,-0.03919995925645853,4.8418049862193506e-17,5.861052475784488e-18,-5.4279102337977996e-17,0.05994429936377518,0.04080004781707314,.TRUE.,0.27,,550,HSE,172,8,-21.201467,1
6-stretch-all-three-axes,stretch-x-minus-0.020-y-plus-0.040-z-minus-0.060,1-cheap-pbe-atoms-relaxed,6-stretch-all-three-axes/stretch-x-minus-0.020-y-plus-0.040-z-minus-0.060/1-cheap-pbe-atoms-relaxed,10.870178178409265,-0.019799957541127067,0.04080004781707314,-0.05819996093642227,3.645794868409761e-17,1.782115365388038e-17,-5.4279102337977996e-17,0.07378290908812804,0.05819996093642227,,,,550,PBE,172,8,-17.973375,1
6-stretch-all-three-axes,stretch-x-minus-0.020-y-plus-0.040-z-minus-0.060,2-accurate-hse06-atoms-fixed,6-stretch-all-three-axes/stretch-x-minus-0.020-y-plus-0.040-z-minus-0.060/2-accurate-hse06-atoms-fixed,10.870178178409265,-0.019799957541127067,0.04080004781707314,-0.05819996093642227,3.645794868409761e-17,1.782115365388038e-17,-5.4279102337977996e-17,0.07378290908812804,0.05819996093642227,.TRUE.,0.27,,550,HSE,172,8,-21.132468,1
6-stretch-all-three-axes,stretch-x-minus-0.020-y-plus-0.040-z-minus-0.080,1-cheap-pbe-atoms-relaxed,6-stretch-all-three-axes/stretch-x-minus-0.020-y-plus-0.040-z-minus-0.080/1-cheap-pbe-atoms-relaxed,10.638897791634601,-0.019799957541127067,0.04080004781707314,-0.07679996258101834,2.5002556290333147e-17,2.9276546047644843e-17,-5.4279102337977996e-17,0.08919033845070724,0.07679996258101834,,,,550,PBE,172,8,-17.858296,1
6-stretch-all-three-axes,stretch-x-minus-0.020-y-plus-0.040-z-minus-0.080,2-accurate-hse06-atoms-fixed,6-stretch-all-three-axes/stretch-x-minus-0.020-y-plus-0.040-z-minus-0.080/2-accurate-hse06-atoms-fixed,10.638897791634601,-0.019799957541127067,0.04080004781707314,-0.07679996258101834,2.5002556290333147e-17,2.9276546047644843e-17,-5.4279102337977996e-17,0.08919033845070724,0.07679996258101834,.TRUE.,0.27,,550,HSE,172,8,-21.028222,1
6-stretch-all-three-axes,stretch-x-minus-0.020-y-plus-0.040-z-plus-0.020,1-cheap-pbe-atoms-relaxed,6-stretch-all-three-axes/stretch-x-minus-0.020-y-plus-0.040-z-plus-0.020/1-cheap-pbe-atoms-relaxed,11.795299725507933,-0.019799957541127067,0.04080004781707314,0.020200045995638516,2.3831930734833515e-17,3.044717160314448e-17,-5.4279102337977996e-17,0.04964598753909324,0.04080004781707314,,,,550,PBE,172,8,-18.108689,1
6-stretch-all-three-axes,stretch-x-minus-0.020-y-plus-0.040-z-plus-0.020,2-accurate-hse06-atoms-fixed,6-stretch-all-three-axes/stretch-x-minus-0.020-y-plus-0.040-z-plus-0.020/2-accurate-hse06-atoms-fixed,11.795299725507933,-0.019799957541127067,0.04080004781707314,0.020200045995638516,2.3831930734833515e-17,3.044717160314448e-17,-5.4279102337977996e-17,0.04964598753909324,0.04080004781707314,.TRUE.,0.27,,550,HSE,172,8,-21.213641,1
6-stretch-all-three-axes,stretch-x-minus-0.020-y-plus-0.040-z-plus-0.040,1-cheap-pbe-atoms-relaxed,6-stretch-all-three-axes/stretch-x-minus-0.020-y-plus-0.040-z-plus-0.040/1-cheap-pbe-atoms-relaxed,12.026580112282595,-0.019799957541127067,0.04080004781707314,0.04080004781707314,8.728940407889437e-17,-3.301030174091638e-17,-5.4279102337977996e-17,0.061002673075705,0.04080004781707314,,,,550,PBE,172,8,-18.069119,1
6-stretch-all-three-axes,stretch-x-minus-0.020-y-plus-0.040-z-plus-0.040,2-accurate-hse06-atoms-fixed,6-stretch-all-three-axes/stretch-x-minus-0.020-y-plus-0.040-z-plus-0.040/2-accurate-hse06-atoms-fixed,12.026580112282595,-0.019799957541127067,0.04080004781707314,0.04080004781707314,8.728940407889437e-17,-3.301030174091638e-17,-5.4279102337977996e-17,0.061002673075705,0.04080004781707314,.TRUE.,0.27,,550,HSE,172,8,-21.157887,1
6-stretch-all-three-axes,stretch-x-minus-0.020-y-plus-0.040-z-plus-0.060,1-cheap-pbe-atoms-relaxed,6-stretch-all-three-axes/stretch-x-minus-0.020-y-plus-0.040-z-plus-0.060/1-cheap-pbe-atoms-relaxed,12.25786049905726,-0.019799957541127067,0.04080004781707314,0.0618000496738752,1.0150350805674364e-16,-4.7224405718765654e-17,-5.4279102337977996e-17,0.07665460429875906,0.0618000496738752,,,,550,PBE,172,8,-18.003128,1
6-stretch-all-three-axes,stretch-x-minus-0.020-y-plus-0.040-z-plus-0.060,2-accurate-hse06-atoms-fixed,6-stretch-all-three-axes/stretch-x-minus-0.020-y-plus-0.040-z-plus-0.060/2-accurate-hse06-atoms-fixed,12.25786049905726,-0.019799957541127067,0.04080004781707314,0.0618000496738752,1.0150350805674364e-16,-4.7224405718765654e-17,-5.4279102337977996e-17,0.07665460429875906,0.0618000496738752,.TRUE.,0.27,,550,HSE,172,8,-21.07468,1
6-stretch-all-three-axes,stretch-x-minus-0.020-y-plus-0.040-z-plus-0.080,1-cheap-pbe-atoms-relaxed,6-stretch-all-three-axes/stretch-x-minus-0.020-y-plus-0.040-z-plus-0.080/1-cheap-pbe-atoms-relaxed,12.489140885831924,-0.019799957541127067,0.04080004781707314,0.08320005156604482,4.8992664547309467e-17,5.286437790668528e-18,-5.4279102337977996e-17,0.09475722031116365,0.08320005156604482,,,,550,PBE,172,8,-17.912211,1
6-stretch-all-three-axes,stretch-x-minus-0.020-y-plus-0.040-z-plus-0.080,2-accurate-hse06-atoms-fixed,6-stretch-all-three-axes/stretch-x-minus-0.020-y-plus-0.040-z-plus-0.080/2-accurate-hse06-atoms-fixed,12.489140885831924,-0.019799957541127067,0.04080004781707314,0.08320005156604482,4.8992664547309467e-17,5.286437790668528e-18,-5.4279102337977996e-17,0.09475722031116365,0.08320005156604482,.TRUE.,0.27,,550,HSE,172,8,-20.965516,1
6-stretch-all-three-axes,stretch-x-minus-0.020-y-plus-0.060-z-minus-0.020,1-cheap-pbe-atoms-relaxed,6-stretch-all-three-axes/stretch-x-minus-0.020-y-plus-0.060-z-minus-0.020/1-cheap-pbe-atoms-relaxed,11.550676239496266,-0.019799957541127067,0.0618000496738752,-0.019799957541127067,6.849320631582727e-17,-2.814605029951419e-33,-6.849320631582727e-17,0.06784779124595222,0.0618000496738752,,,,550,PBE,172,8,-18.040029,1
6-stretch-all-three-axes,stretch-x-minus-0.020-y-plus-0.060-z-minus-0.020,2-accurate-hse06-atoms-fixed,6-stretch-all-three-axes/stretch-x-minus-0.020-y-plus-0.060-z-minus-0.020/2-accurate-hse06-atoms-fixed,11.550676239496266,-0.019799957541127067,0.0618000496738752,-0.019799957541127067,6.849320631582727e-17,-2.814605029951419e-33,-6.849320631582727e-17,0.06784779124595222,0.0618000496738752,.TRUE.,0.27,,550,HSE,172,8,-21.156193,1
6-stretch-all-three-axes,stretch-x-minus-0.020-y-plus-0.060-z-minus-0.040,1-cheap-pbe-atoms-relaxed,6-stretch-all-three-axes/stretch-x-minus-0.020-y-plus-0.060-z-minus-0.040/1-cheap-pbe-atoms-relaxed,11.314948152975928,-0.019799957541127067,0.0618000496738752,-0.03919995925645853,6.263215384004278e-17,5.861052475784487e-18,-6.849320631582727e-17,0.07581504642240804,0.0618000496738752,,,,550,PBE,172,8,-17.994151,1
6-stretch-all-three-axes,stretch-x-minus-0.020-y-plus-0.060-z-minus-0.040,2-accurate-hse06-atoms-fixed,6-stretch-all-three-axes/stretch-x-minus-0.020-y-plus-0.060-z-minus-0.040/2-accurate-hse06-atoms-fixed,11.314948152975928,-0.019799957541127067,0.0618000496738752,-0.03919995925645853,6.263215384004278e-17,5.861052475784487e-18,-6.849320631582727e-17,0.07581504642240804,0.0618000496738752,.TRUE.,0.27,,550,HSE,172,8,-21.123077,1
6-stretch-all-three-axes,stretch-x-minus-0.020-y-plus-0.060-z-minus-0.060,1-cheap-pbe-atoms-relaxed,6-stretch-all-three-axes/stretch-x-minus-0.020-y-plus-0.060-z-minus-0.060/1-cheap-pbe-atoms-relaxed,11.079220066455596,-0.019799957541127067,0.0618000496738752,-0.05819996093642227,5.067205266194688e-17,1.782115365388038e-17,-6.849320631582727e-17,0.08716948956673404,0.0618000496738752,,,,550,PBE,172,8,-17.916672,1
6-stretch-all-three-axes,stretch-x-minus-0.020-y-plus-0.060-z-minus-0.060,2-accurate-hse06-atoms-fixed,6-stretch-all-three-axes/stretch-x-minus-0.020-y-plus-0.060-z-minus-0.060/2-accurate-hse06-atoms-fixed,11.079220066455596,-0.019799957541127067,0.0618000496738752,-0.05819996093642227,5.067205266194688e-17,1.782115365388038e-17,-6.849320631582727e-17,0.08716948956673404,0.0618000496738752,.TRUE.,0.27,,550,HSE,172,8,-21.057292,1
6-stretch-all-three-axes,stretch-x-minus-0.020-y-plus-0.060-z-minus-0.080,1-cheap-pbe-atoms-relaxed,6-stretch-all-three-axes/stretch-x-minus-0.020-y-plus-0.060-z-minus-0.080/1-cheap-pbe-atoms-relaxed,10.843491979935267,-0.019799957541127067,0.0618000496738752,-0.07679996258101834,3.921666026818242e-17,2.9276546047644843e-17,-6.849320631582727e-17,0.10054610241461225,0.07679996258101834,,,,550,PBE,172,8,-17.806011,1
6-stretch-all-three-axes,stretch-x-minus-0.020-y-plus-0.060-z-minus-0.080,2-accurate-hse06-atoms-fixed,6-stretch-all-three-axes/stretch-x-minus-0.020-y-plus-0.060-z-minus-0.080/2-accurate-hse06-atoms-fixed,10.843491979935267,-0.019799957541127067,0.0618000496738752,-0.07679996258101834,3.921666026818242e-17,2.9276546047644843e-17,-6.849320631582727e-17,0.10054610241461225,0.07679996258101834,.TRUE.,0.27,,550,HSE,172,8,-20.957248,1
6-stretch-all-three-axes,stretch-x-minus-0.020-y-plus-0.060-z-plus-0.020,1-cheap-pbe-atoms-relaxed,6-stretch-all-three-axes/stretch-x-minus-0.020-y-plus-0.060-z-plus-0.020/1-cheap-pbe-atoms-relaxed,12.02213241253693,-0.019799957541127067,0.0618000496738752,0.020200045995638516,3.8046034712682784e-17,3.044717160314448e-17,-6.849320631582727e-17,0.06796562599248085,0.0618000496738752,,,,550,PBE,172,8,-18.043064,1
6-stretch-all-three-axes,stretch-x-minus-0.020-y-plus-0.060-z-plus-0.020,2-accurate-hse06-atoms-fixed,6-stretch-all-three-axes/stretch-x-minus-0.020-y-plus-0.060-z-plus-0.020/2-accurate-hse06-atoms-fixed,12.02213241253693,-0.019799957541127067,0.0618000496738752,0.020200045995638516,3.8046034712682784e-17,3.044717160314448e-17,-6.849320631582727e-17,0.06796562599248085,0.0618000496738752,.TRUE.,0.27,,550,HSE,172,8,-21.130532,1
6-stretch-all-three-axes,stretch-x-minus-0.020-y-plus-0.060-z-plus-0.040,1-cheap-pbe-atoms-relaxed,6-stretch-all-three-axes/stretch-x-minus-0.020-y-plus-0.060-z-plus-0.040/1-cheap-pbe-atoms-relaxed,12.25786049905726,-0.019799957541127067,0.0618000496738752,0.04080004781707314,1.0150350805674364e-16,-3.301030174091638e-17,-6.849320631582727e-17,0.07665460429875906,0.0618000496738752,,,,550,PBE,172,8,-18.003128,1
6-stretch-all-three-axes,stretch-x-minus-0.020-y-plus-0.060-z-plus-0.040,2-accurate-hse06-atoms-fixed,6-stretch-all-three-axes/stretch-x-minus-0.020-y-plus-0.060-z-plus-0.040/2-accurate-hse06-atoms-fixed,12.25786049905726,-0.019799957541127067,0.0618000496738752,0.04080004781707314,1.0150350805674364e-16,-3.301030174091638e-17,-6.849320631582727e-17,0.07665460429875906,0.0618000496738752,.TRUE.,0.27,,550,HSE,172,8,-21.07468,1
6-stretch-all-three-axes,stretch-x-minus-0.020-y-plus-0.060-z-plus-0.060,1-cheap-pbe-atoms-relaxed,6-stretch-all-three-axes/stretch-x-minus-0.020-y-plus-0.060-z-plus-0.060/1-cheap-pbe-atoms-relaxed,12.49358858557759,-0.019799957541127067,0.0618000496738752,0.0618000496738752,1.1571761203459292e-16,-4.7224405718765654e-17,-6.849320631582727e-17,0.08961322780715646,0.0618000496738752,,,,550,PBE,172,8,-17.937508,1
6-stretch-all-three-axes,stretch-x-minus-0.020-y-plus-0.060-z-plus-0.060,2-accurate-hse06-atoms-fixed,6-stretch-all-three-axes/stretch-x-minus-0.020-y-plus-0.060-z-plus-0.060/2-accurate-hse06-atoms-fixed,12.49358858557759,-0.019799957541127067,0.0618000496738752,0.0618000496738752,1.1571761203459292e-16,-4.7224405718765654e-17,-6.849320631582727e-17,0.08961322780715646,0.0618000496738752,.TRUE.,0.27,,550,HSE,172,8,-20.992119,1
6-stretch-all-three-axes,stretch-x-minus-0.020-y-plus-0.060-z-plus-0.080,1-cheap-pbe-atoms-relaxed,6-stretch-all-three-axes/stretch-x-minus-0.020-y-plus-0.060-z-plus-0.080/1-cheap-pbe-atoms-relaxed,12.729316672097923,-0.019799957541127067,0.0618000496738752,0.08320005156604482,6.320676852515874e-17,5.286437790668526e-18,-6.849320631582727e-17,0.10551555827894006,0.08320005156604482,,,,550,PBE,172,8,-17.847548,1
6-stretch-all-three-axes,stretch-x-minus-0.020-y-plus-0.060-z-plus-0.080,2-accurate-hse06-atoms-fixed,6-stretch-all-three-axes/stretch-x-minus-0.020-y-plus-0.060-z-plus-0.080/2-accurate-hse06-atoms-fixed,12.729316672097923,-0.019799957541127067,0.0618000496738752,0.08320005156604482,6.320676852515874e-17,5.286437790668526e-18,-6.849320631582727e-17,0.10551555827894006,0.08320005156604482,.TRUE.,0.27,,550,HSE,172,8,-20.884198,1
6-stretch-all-three-axes,stretch-x-minus-0.020-y-plus-0.080-z-minus-0.020,1-cheap-pbe-atoms-relaxed,6-stretch-all-three-axes/stretch-x-minus-0.020-y-plus-0.080-z-minus-0.020/1-cheap-pbe-atoms-relaxed,11.768613527033931,-0.019799957541127067,0.08320005156604482,-0.019799957541127067,1.5982362806393085e-17,2.668828810681583e-34,-1.5982362806393085e-17,0.08778567774901204,0.08320005156604482,,,,550,PBE,172,8,-17.950206,1
6-stretch-all-three-axes,stretch-x-minus-0.020-y-plus-0.080-z-minus-0.020,2-accurate-hse06-atoms-fixed,6-stretch-all-three-axes/stretch-x-minus-0.020-y-plus-0.080-z-minus-0.020/2-accurate-hse06-atoms-fixed,11.768613527033931,-0.019799957541127067,0.08320005156604482,-0.019799957541127067,1.5982362806393085e-17,2.668828810681583e-34,-1.5982362806393085e-17,0.08778567774901204,0.08320005156604482,.TRUE.,0.27,,550,HSE,172,8,-21.047306,1
6-stretch-all-three-axes,stretch-x-minus-0.020-y-plus-0.080-z-minus-0.040,1-cheap-pbe-atoms-relaxed,6-stretch-all-three-axes/stretch-x-minus-0.020-y-plus-0.080-z-minus-0.040/1-cheap-pbe-atoms-relaxed,11.52843774076793,-0.019799957541127067,0.08320005156604482,-0.03919995925645853,1.0121310330608596e-17,5.86105247578449e-18,-1.5982362806393085e-17,0.09407934791935454,0.08320005156604482,,,,550,PBE,172,8,-17.906156,1
6-stretch-all-three-axes,stretch-x-minus-0.020-y-plus-0.080-z-minus-0.040,2-accurate-hse06-atoms-fixed,6-stretch-all-three-axes/stretch-x-minus-0.020-y-plus-0.080-z-minus-0.040/2-accurate-hse06-atoms-fixed,11.52843774076793,-0.019799957541127067,0.08320005156604482,-0.03919995925645853,1.0121310330608596e-17,5.86105247578449e-18,-1.5982362806393085e-17,0.09407934791935454,0.08320005156604482,.TRUE.,0.27,,550,HSE,172,8,-21.015761,1
6-stretch-all-three-axes,stretch-x-minus-0.020-y-plus-0.080-z-minus-0.060,1-cheap-pbe-atoms-relaxed,6-stretch-all-three-axes/stretch-x-minus-0.020-y-plus-0.080-z-minus-0.060/1-cheap-pbe-atoms-relaxed,11.288261954501934,-0.019799957541127067,0.08320005156604482,-0.05819996093642227,-1.8387908474872986e-18,1.7821153653880384e-17,-1.5982362806393085e-17,0.10344816263338866,0.08320005156604482,,,,550,PBE,172,8,-17.831388,1
6-stretch-all-three-axes,stretch-x-minus-0.020-y-plus-0.080-z-minus-0.060,2-accurate-hse06-atoms-fixed,6-stretch-all-three-axes/stretch-x-minus-0.020-y-plus-0.080-z-minus-0.060/2-accurate-hse06-atoms-fixed,11.288261954501934,-0.019799957541127067,0.08320005156604482,-0.05819996093642227,-1.8387908474872986e-18,1.7821153653880384e-17,-1.5982362806393085e-17,0.10344816263338866,0.08320005156604482,.TRUE.,0.27,,550,HSE,172,8,-20.952441,1
6-stretch-all-three-axes,stretch-x-minus-0.020-y-plus-0.080-z-minus-0.080,1-cheap-pbe-atoms-relaxed,6-stretch-all-three-axes/stretch-x-minus-0.020-y-plus-0.080-z-minus-0.080/1-cheap-pbe-atoms-relaxed,11.048086168235937,-0.019799957541127067,0.08320005156604482,-0.07679996258101834,-1.329418324125176e-17,2.9276546047644843e-17,-1.5982362806393085e-17,0.1149457313329589,0.08320005156604482,,,,550,PBE,172,8,-17.724313,1
6-stretch-all-three-axes,stretch-x-minus-0.020-y-plus-0.080-z-minus-0.080,2-accurate-hse06-atoms-fixed,6-stretch-all-three-axes/stretch-x-minus-0.020-y-plus-0.080-z-minus-0.080/2-accurate-hse06-atoms-fixed,11.048086168235937,-0.019799957541127067,0.08320005156604482,-0.07679996258101834,-1.329418324125176e-17,2.9276546047644843e-17,-1.5982362806393085e-17,0.1149457313329589,0.08320005156604482,.TRUE.,0.27,,550,HSE,172,8,-20.855744,1
6-stretch-all-three-axes,stretch-x-minus-0.020-y-plus-0.080-z-plus-0.020,1-cheap-pbe-atoms-relaxed,6-stretch-all-three-axes/stretch-x-minus-0.020-y-plus-0.080-z-plus-0.020/1-cheap-pbe-atoms-relaxed,12.248965099565929,-0.019799957541127067,0.08320005156604482,0.020200045995638516,-1.4464808796751393e-17,3.044717160314448e-17,-1.5982362806393085e-17,0.0878767816743926,0.08320005156604482,,,,550,PBE,172,8,-17.951818,1
6-stretch-all-three-axes,stretch-x-minus-0.020-y-plus-0.080-z-plus-0.020,2-accurate-hse06-atoms-fixed,6-stretch-all-three-axes/stretch-x-minus-0.020-y-plus-0.080-z-plus-0.020/2-accurate-hse06-atoms-fixed,12.248965099565929,-0.019799957541127067,0.08320005156604482,0.020200045995638516,-1.4464808796751393e-17,3.044717160314448e-17,-1.5982362806393085e-17,0.0878767816743926,0.08320005156604482,.TRUE.,0.27,,550,HSE,172,8,-21.020761,1
6-stretch-all-three-axes,stretch-x-minus-0.020-y-plus-0.080-z-plus-0.040,1-cheap-pbe-atoms-relaxed,6-stretch-all-three-axes/stretch-x-minus-0.020-y-plus-0.080-z-plus-0.040/1-cheap-pbe-atoms-relaxed,12.489140885831924,-0.019799957541127067,0.08320005156604482,0.04080004781707314,4.8992664547309467e-17,-3.301030174091638e-17,-1.5982362806393088e-17,0.09475722031116365,0.08320005156604482,,,,550,PBE,172,8,-17.912211,1
6-stretch-all-three-axes,stretch-x-minus-0.020-y-plus-0.080-z-plus-0.040,2-accurate-hse06-atoms-fixed,6-stretch-all-three-axes/stretch-x-minus-0.020-y-plus-0.080-z-plus-0.040/2-accurate-hse06-atoms-fixed,12.489140885831924,-0.019799957541127067,0.08320005156604482,0.04080004781707314,4.8992664547309467e-17,-3.301030174091638e-17,-1.5982362806393088e-17,0.09475722031116365,0.08320005156604482,.TRUE.,0.27,,550,HSE,172,8,-20.965516,1
6-stretch-all-three-axes,stretch-x-minus-0.020-y-plus-0.080-z-plus-0.060,1-cheap-pbe-atoms-relaxed,6-stretch-all-three-axes/stretch-x-minus-0.020-y-plus-0.080-z-plus-0.060/1-cheap-pbe-atoms-relaxed,12.729316672097923,-0.019799957541127067,0.08320005156604482,0.0618000496738752,6.320676852515874e-17,-4.7224405718765654e-17,-1.5982362806393088e-17,0.10551555827894005,0.08320005156604482,,,,550,PBE,172,8,-17.847548,1
6-stretch-all-three-axes,stretch-x-minus-0.020-y-plus-0.080-z-plus-0.060,2-accurate-hse06-atoms-fixed,6-stretch-all-three-axes/stretch-x-minus-0.020-y-plus-0.080-z-plus-0.060/2-accurate-hse06-atoms-fixed,12.729316672097923,-0.019799957541127067,0.08320005156604482,0.0618000496738752,6.320676852515874e-17,-4.7224405718765654e-17,-1.5982362806393088e-17,0.10551555827894005,0.08320005156604482,.TRUE.,0.27,,550,HSE,172,8,-20.884198,1
6-stretch-all-three-axes,stretch-x-minus-0.020-y-plus-0.080-z-plus-0.080,1-cheap-pbe-atoms-relaxed,6-stretch-all-three-axes/stretch-x-minus-0.020-y-plus-0.080-z-plus-0.080/1-cheap-pbe-atoms-relaxed,12.969492458363927,-0.019799957541127067,0.08320005156604482,0.08320005156604482,1.0695925015724556e-17,5.2864377906685294e-18,-1.5982362806393085e-17,0.11931695386580848,0.08320005156604482,,,,550,PBE,172,8,-17.759193,1
6-stretch-all-three-axes,stretch-x-minus-0.020-y-plus-0.080-z-plus-0.080,2-accurate-hse06-atoms-fixed,6-stretch-all-three-axes/stretch-x-minus-0.020-y-plus-0.080-z-plus-0.080/2-accurate-hse06-atoms-fixed,12.969492458363927,-0.019799957541127067,0.08320005156604482,0.08320005156604482,1.0695925015724556e-17,5.2864377906685294e-18,-1.5982362806393085e-17,0.11931695386580848,0.08320005156604482,.TRUE.,0.27,,550,HSE,172,8,-20.778178,1
6-stretch-all-three-axes,stretch-x-minus-0.040-y-minus-0.020-z-minus-0.020,1-cheap-pbe-atoms-relaxed,6-stretch-all-three-axes/stretch-x-minus-0.040-y-minus-0.020-z-minus-0.020/1-cheap-pbe-atoms-relaxed,10.460989801807939,-0.03919995925645853,-0.019799957541127067,-0.019799957541127067,2.1268800597061615e-17,-5.86105247578449e-18,-1.5407748121277124e-17,0.04817378377259646,0.03919995925645853,,,,550,PBE,172,8,-18.051752,1
6-stretch-all-three-axes,stretch-x-minus-0.040-y-minus-0.020-z-minus-0.020,2-accurate-hse06-atoms-fixed,6-stretch-all-three-axes/stretch-x-minus-0.040-y-minus-0.020-z-minus-0.020/2-accurate-hse06-atoms-fixed,10.460989801807939,-0.03919995925645853,-0.019799957541127067,-0.019799957541127067,2.1268800597061615e-17,-5.86105247578449e-18,-1.5407748121277124e-17,0.04817378377259646,0.03919995925645853,.TRUE.,0.27,,550,HSE,172,8,-21.247053,1
6-stretch-all-three-axes,stretch-x-minus-0.040-y-minus-0.020-z-minus-0.040,1-cheap-pbe-atoms-relaxed,6-stretch-all-three-axes/stretch-x-minus-0.040-y-minus-0.020-z-minus-0.040/1-cheap-pbe-atoms-relaxed,10.247500214015934,-0.03919995925645853,-0.019799957541127067,-0.03919995925645853,1.5407748121277124e-17,-3.550635439419521e-34,-1.5407748121277124e-17,0.058866900122619435,0.03919995925645853,,,,550,PBE,172,8,-17.984097,1
6-stretch-all-three-axes,stretch-x-minus-0.040-y-minus-0.020-z-minus-0.040,2-accurate-hse06-atoms-fixed,6-stretch-all-three-axes/stretch-x-minus-0.040-y-minus-0.020-z-minus-0.040/2-accurate-hse06-atoms-fixed,10.247500214015934,-0.03919995925645853,-0.019799957541127067,-0.03919995925645853,1.5407748121277124e-17,-3.550635439419521e-34,-1.5407748121277124e-17,0.058866900122619435,0.03919995925645853,.TRUE.,0.27,,550,HSE,172,8,-21.193195,1
6-stretch-all-three-axes,stretch-x-minus-0.040-y-minus-0.020-z-minus-0.060,1-cheap-pbe-atoms-relaxed,6-stretch-all-three-axes/stretch-x-minus-0.040-y-minus-0.020-z-minus-0.060/1-cheap-pbe-atoms-relaxed,10.034010626223937,-0.03919995925645853,-0.019799957541127067,-0.05819996093642227,3.4476469431812308e-18,1.1960101178095894e-17,-1.5407748121277124e-17,0.0729102912992365,0.05819996093642227,,,,550,PBE,172,8,-17.880122,1
6-stretch-all-three-axes,stretch-x-minus-0.040-y-minus-0.020-z-minus-0.060,2-accurate-hse06-atoms-fixed,6-stretch-all-three-axes/stretch-x-minus-0.040-y-minus-0.020-z-minus-0.060/2-accurate-hse06-atoms-fixed,10.034010626223937,-0.03919995925645853,-0.019799957541127067,-0.05819996093642227,3.4476469431812308e-18,1.1960101178095894e-17,-1.5407748121277124e-17,0.0729102912992365,0.05819996093642227,.TRUE.,0.27,,550,HSE,172,8,-21.101868,1
6-stretch-all-three-axes,stretch-x-minus-0.040-y-minus-0.020-z-minus-0.080,1-cheap-pbe-atoms-relaxed,6-stretch-all-three-axes/stretch-x-minus-0.040-y-minus-0.020-z-minus-0.080/1-cheap-pbe-atoms-relaxed,9.820521038431941,-0.03919995925645853,-0.019799957541127067,-0.07679996258101834,-8.00774545058323e-18,2.3415493571860356e-17,-1.5407748121277124e-17,0.08846982184216413,0.07679996258101834,,,,550,PBE,172,8,-17.737828,1
6-stretch-all-three-axes,stretch-x-minus-0.040-y-minus-0.020-z-minus-0.080,2-accurate-hse06-atoms-fixed,6-stretch-all-three-axes/stretch-x-minus-0.040-y-minus-0.020-z-minus-0.080/2-accurate-hse06-atoms-fixed,9.820521038431941,-0.03919995925645853,-0.019799957541127067,-0.07679996258101834,-8.00774545058323e-18,2.3415493571860356e-17,-1.5407748121277124e-17,0.08846982184216413,0.07679996258101834,.TRUE.,0.27,,550,HSE,172,8,-20.971055,1
6-stretch-all-three-axes,stretch-x-minus-0.040-y-minus-0.020-z-plus-0.020,1-cheap-pbe-atoms-relaxed,6-stretch-all-three-axes/stretch-x-minus-0.040-y-minus-0.020-z-plus-0.020/1-cheap-pbe-atoms-relaxed,10.887968977391937,-0.03919995925645853,-0.019799957541127067,0.020200045995638516,-9.178371006082866e-18,2.458611912735999e-17,-1.5407748121277124e-17,0.048339600562730706,0.03919995925645853,,,,550,PBE,172,8,-18.085162,1
6-stretch-all-three-axes,stretch-x-minus-0.040-y-minus-0.020-z-plus-0.020,2-accurate-hse06-atoms-fixed,6-stretch-all-three-axes/stretch-x-minus-0.040-y-minus-0.020-z-plus-0.020/2-accurate-hse06-atoms-fixed,10.887968977391937,-0.03919995925645853,-0.019799957541127067,0.020200045995638516,-9.178371006082866e-18,2.458611912735999e-17,-1.5407748121277124e-17,0.048339600562730706,0.03919995925645853,.TRUE.,0.27,,550,HSE,172,8,-21.249488,1
6-stretch-all-three-axes,stretch-x-minus-0.040-y-minus-0.020-z-plus-0.040,1-cheap-pbe-atoms-relaxed,6-stretch-all-three-axes/stretch-x-minus-0.040-y-minus-0.020-z-plus-0.040/1-cheap-pbe-atoms-relaxed,11.101458565183934,-0.03919995925645853,-0.019799957541127067,0.04080004781707314,5.4279102337977996e-17,-3.887135421670087e-17,-1.5407748121277127e-17,0.05994429936377518,0.04080004781707314,,,,550,PBE,172,8,-18.054304,1
6-stretch-all-three-axes,stretch-x-minus-0.040-y-minus-0.020-z-plus-0.040,2-accurate-hse06-atoms-fixed,6-stretch-all-three-axes/stretch-x-minus-0.040-y-minus-0.020-z-plus-0.040/2-accurate-hse06-atoms-fixed,11.101458565183934,-0.03919995925645853,-0.019799957541127067,0.04080004781707314,5.4279102337977996e-17,-3.887135421670087e-17,-1.5407748121277127e-17,0.05994429936377518,0.04080004781707314,.TRUE.,0.27,,550,HSE,172,8,-21.201467,1
6-stretch-all-three-axes,stretch-x-minus-0.040-y-minus-0.020-z-plus-0.060,1-cheap-pbe-atoms-relaxed,6-stretch-all-three-axes/stretch-x-minus-0.040-y-minus-0.020-z-plus-0.060/1-cheap-pbe-atoms-relaxed,11.314948152975932,-0.03919995925645853,-0.019799957541127067,0.0618000496738752,6.849320631582727e-17,-5.308545819455014e-17,-1.5407748121277127e-17,0.07581504642240804,0.0618000496738752,,,,550,PBE,172,8,-17.994151,1
6-stretch-all-three-axes,stretch-x-minus-0.040-y-minus-0.020-z-plus-0.060,2-accurate-hse06-atoms-fixed,6-stretch-all-three-axes/stretch-x-minus-0.040-y-minus-0.020-z-plus-0.060/2-accurate-hse06-atoms-fixed,11.314948152975932,-0.03919995925645853,-0.019799957541127067,0.0618000496738752,6.849320631582727e-17,-5.308545819455014e-17,-1.5407748121277127e-17,0.07581504642240804,0.0618000496738752,.TRUE.,0.27,,550,HSE,172,8,-21.123077,1
6-stretch-all-three-axes,stretch-x-minus-0.040-y-minus-0.020-z-plus-0.080,1-cheap-pbe-atoms-relaxed,6-stretch-all-three-axes/stretch-x-minus-0.040-y-minus-0.020-z-plus-0.080/1-cheap-pbe-atoms-relaxed,11.52843774076793,-0.03919995925645853,-0.019799957541127067,0.08320005156604482,1.5982362806393085e-17,-5.746146851159604e-19,-1.5407748121277124e-17,0.09407934791935454,0.08320005156604482,,,,550,PBE,172,8,-17.906156,1
6-stretch-all-three-axes,stretch-x-minus-0.040-y-minus-0.020-z-plus-0.080,2-accurate-hse06-atoms-fixed,6-stretch-all-three-axes/stretch-x-minus-0.040-y-minus-0.020-z-plus-0.080/2-accurate-hse06-atoms-fixed,11.52843774076793,-0.03919995925645853,-0.019799957541127067,0.08320005156604482,1.5982362806393085e-17,-5.746146851159604e-19,-1.5407748121277124e-17,0.09407934791935454,0.08320005156604482,.TRUE.,0.27,,550,HSE,172,8,-21.015761,1
6-stretch-all-three-axes,stretch-x-minus-0.040-y-minus-0.040-z-minus-0.020,1-cheap-pbe-atoms-relaxed,6-stretch-all-three-axes/stretch-x-minus-0.040-y-minus-0.040-z-minus-0.020/1-cheap-pbe-atoms-relaxed,10.247500214015934,-0.03919995925645853,-0.03919995925645853,-0.019799957541127067,1.5407748121277124e-17,-5.86105247578449e-18,-9.546695645492635e-18,0.058866900122619435,0.03919995925645853,,,,550,PBE,172,8,-17.984097,1
6-stretch-all-three-axes,stretch-x-minus-0.040-y-minus-0.040-z-minus-0.020,2-accurate-hse06-atoms-fixed,6-stretch-all-three-axes/stretch-x-minus-0.040-y-minus-0.040-z-minus-0.020/2-accurate-hse06-atoms-fixed,10.247500214015934,-0.03919995925645853,-0.03919995925645853,-0.019799957541127067,1.5407748121277124e-17,-5.86105247578449e-18,-9.546695645492635e-18,0.058866900122619435,0.03919995925645853,.TRUE.,0.27,,550,HSE,172,8,-21.193195,1
6-stretch-all-three-axes,stretch-x-minus-0.040-y-minus-0.040-z-minus-0.040,1-cheap-pbe-atoms-relaxed,6-stretch-all-three-axes/stretch-x-minus-0.040-y-minus-0.040-z-minus-0.040/1-cheap-pbe-atoms-relaxed,10.038367556587042,-0.03919995925645853,-0.03919995925645853,-0.03919995925645853,9.546695645492635e-18,-3.550635439419521e-34,-9.546695645492635e-18,0.06789632108681608,0.03919995925645853,,,,550,PBE,172,8,-17.910732,1
6-stretch-all-three-axes,stretch-x-minus-0.040-y-minus-0.040-z-minus-0.040,2-accurate-hse06-atoms-fixed,6-stretch-all-three-axes/stretch-x-minus-0.040-y-minus-0.040-z-minus-0.040/2-accurate-hse06-atoms-fixed,10.038367556587042,-0.03919995925645853,-0.03919995925645853,-0.03919995925645853,9.546695645492635e-18,-3.550635439419521e-34,-9.546695645492635e-18,0.06789632108681608,0.03919995925645853,.TRUE.,0.27,,550,HSE,172,8,-21.133863,1
6-stretch-all-three-axes,stretch-x-minus-0.040-y-minus-0.040-z-minus-0.060,1-cheap-pbe-atoms-relaxed,6-stretch-all-three-axes/stretch-x-minus-0.040-y-minus-0.040-z-minus-0.060/1-cheap-pbe-atoms-relaxed,9.829234899158147,-0.03919995925645853,-0.03919995925645853,-0.05819996093642227,-2.413405532603259e-18,1.1960101178095894e-17,-9.546695645492635e-18,0.08037729196991582,0.05819996093642227,,,,550,PBE,172,8,-17.799665,1
6-stretch-all-three-axes,stretch-x-minus-0.040-y-minus-0.040-z-minus-0.060,2-accurate-hse06-atoms-fixed,6-stretch-all-three-axes/stretch-x-minus-0.040-y-minus-0.040-z-minus-0.060/2-accurate-hse06-atoms-fixed,9.829234899158147,-0.03919995925645853,-0.03919995925645853,-0.05819996093642227,-2.413405532603259e-18,1.1960101178095894e-17,-9.546695645492635e-18,0.08037729196991582,0.05819996093642227,.TRUE.,0.27,,550,HSE,172,8,-21.035623,1
6-stretch-all-three-axes,stretch-x-minus-0.040-y-minus-0.040-z-minus-0.080,1-cheap-pbe-atoms-relaxed,6-stretch-all-three-axes/stretch-x-minus-0.040-y-minus-0.040-z-minus-0.080/1-cheap-pbe-atoms-relaxed,9.620102241729247,-0.03919995925645853,-0.03919995925645853,-0.07679996258101834,-1.386879792636772e-17,2.3415493571860356e-17,-9.546695645492635e-18,0.09471804402468326,0.07679996258101834,,,,550,PBE,172,8,-17.649446,1
6-stretch-all-three-axes,stretch-x-minus-0.040-y-minus-0.040-z-minus-0.080,2-accurate-hse06-atoms-fixed,6-stretch-all-three-axes/stretch-x-minus-0.040-y-minus-0.040-z-minus-0.080/2-accurate-hse06-atoms-fixed,9.620102241729247,-0.03919995925645853,-0.03919995925645853,-0.07679996258101834,-1.386879792636772e-17,2.3415493571860356e-17,-9.546695645492635e-18,0.09471804402468326,0.07679996258101834,.TRUE.,0.27,,550,HSE,172,8,-20.897082,1
6-stretch-all-three-axes,stretch-x-minus-0.040-y-minus-0.040-z-plus-0.020,1-cheap-pbe-atoms-relaxed,6-stretch-all-three-axes/stretch-x-minus-0.040-y-minus-0.040-z-plus-0.020/1-cheap-pbe-atoms-relaxed,10.66576552887373,-0.03919995925645853,-0.03919995925645853,0.020200045995638516,-1.5039423481867355e-17,2.458611912735999e-17,-9.546695645492635e-18,0.05900267341097291,0.03919995925645853,,,,550,PBE,172,8,-18.026367,1
6-stretch-all-three-axes,stretch-x-minus-0.040-y-minus-0.040-z-plus-0.020,2-accurate-hse06-atoms-fixed,6-stretch-all-three-axes/stretch-x-minus-0.040-y-minus-0.040-z-plus-0.020/2-accurate-hse06-atoms-fixed,10.66576552887373,-0.03919995925645853,-0.03919995925645853,0.020200045995638516,-1.5039423481867355e-17,2.458611912735999e-17,-9.546695645492635e-18,0.05900267341097291,0.03919995925645853,.TRUE.,0.27,,550,HSE,172,8,-21.203997,1
6-stretch-all-three-axes,stretch-x-minus-0.040-y-minus-0.040-z-plus-0.040,1-cheap-pbe-atoms-relaxed,6-stretch-all-three-axes/stretch-x-minus-0.040-y-minus-0.040-z-plus-0.040/1-cheap-pbe-atoms-relaxed,10.874898186302628,-0.03919995925645853,-0.03919995925645853,0.04080004781707314,4.8418049862193506e-17,-3.887135421670087e-17,-9.546695645492637e-18,0.06883253237598826,0.04080004781707314,,,,550,PBE,172,8,-17.998622,1
6-stretch-all-three-axes,stretch-x-minus-0.040-y-minus-0.040-z-plus-0.040,2-accurate-hse06-atoms-fixed,6-stretch-all-three-axes/stretch-x-minus-0.040-y-minus-0.040-z-plus-0.040/2-accurate-hse06-atoms-fixed,10.874898186302628,-0.03919995925645853,-0.03919995925645853,0.04080004781707314,4.8418049862193506e-17,-3.887135421670087e-17,-9.546695645492637e-18,0.06883253237598826,0.04080004781707314,.TRUE.,0.27,,550,HSE,172,8,-21.158818,1
6-stretch-all-three-axes,stretch-x-minus-0.040-y-minus-0.040-z-plus-0.060,1-cheap-pbe-atoms-relaxed,6-stretch-all-three-axes/stretch-x-minus-0.040-y-minus-0.040-z-plus-0.060/1-cheap-pbe-atoms-relaxed,11.084030843731524,-0.03919995925645853,-0.03919995925645853,0.0618000496738752,6.263215384004278e-17,-5.308545819455014e-17,-9.546695645492638e-18,0.08302120061231022,0.0618000496738752,,,,550,PBE,172,8,-17.940735,1
6-stretch-all-three-axes,stretch-x-minus-0.040-y-minus-0.040-z-plus-0.060,2-accurate-hse06-atoms-fixed,6-stretch-all-three-axes/stretch-x-minus-0.040-y-minus-0.040-z-plus-0.060/2-accurate-hse06-atoms-fixed,11.084030843731524,-0.03919995925645853,-0.03919995925645853,0.0618000496738752,6.263215384004278e-17,-5.308545819455014e-17,-9.546695645492638e-18,0.08302120061231022,0.0618000496738752,.TRUE.,0.27,,550,HSE,172,8,-21.082405,1
6-stretch-all-three-axes,stretch-x-minus-0.040-y-minus-0.040-z-plus-0.080,1-cheap-pbe-atoms-relaxed,6-stretch-all-three-axes/stretch-x-minus-0.040-y-minus-0.040-z-plus-0.080/1-cheap-pbe-atoms-relaxed,11.293163501160421,-0.03919995925645853,-0.03919995925645853,0.08320005156604482,1.0121310330608596e-17,-5.746146851159604e-19,-9.546695645492635e-18,0.09997760845313582,0.08320005156604482,,,,550,PBE,172,8,-17.854337,1
6-stretch-all-three-axes,stretch-x-minus-0.040-y-minus-0.040-z-plus-0.080,2-accurate-hse06-atoms-fixed,6-stretch-all-three-axes/stretch-x-minus-0.040-y-minus-0.040-z-plus-0.080/2-accurate-hse06-atoms-fixed,11.293163501160421,-0.03919995925645853,-0.03919995925645853,0.08320005156604482,1.0121310330608596e-17,-5.746146851159604e-19,-9.546695645492635e-18,0.09997760845313582,0.08320005156604482,.TRUE.,0.27,,550,HSE,172,8,-20.976401,1
6-stretch-all-three-axes,stretch-x-minus-0.040-y-minus-0.060-z-minus-0.020,1-cheap-pbe-atoms-relaxed,6-stretch-all-three-axes/stretch-x-minus-0.040-y-minus-0.060-z-minus-0.020/1-cheap-pbe-atoms-relaxed,10.034010626223937,-0.03919995925645853,-0.05819996093642227,-0.019799957541127067,3.44764694318123e-18,-5.86105247578449e-18,2.413405532603259e-18,0.0729102912992365,0.05819996093642227,,,,550,PBE,172,8,-17.880122,1
6-stretch-all-three-axes,stretch-x-minus-0.040-y-minus-0.060-z-minus-0.020,2-accurate-hse06-atoms-fixed,6-stretch-all-three-axes/stretch-x-minus-0.040-y-minus-0.060-z-minus-0.020/2-accurate-hse06-atoms-fixed,10.034010626223937,-0.03919995925645853,-0.05819996093642227,-0.019799957541127067,3.44764694318123e-18,-5.86105247578449e-18,2.413405532603259e-18,0.0729102912992365,0.05819996093642227,.TRUE.,0.27,,550,HSE,172,8,-21.101868,1
6-stretch-all-three-axes,stretch-x-minus-0.040-y-minus-0.060-z-minus-0.040,1-cheap-pbe-atoms-relaxed,6-stretch-all-three-axes/stretch-x-minus-0.040-y-minus-0.060-z-minus-0.040/1-cheap-pbe-atoms-relaxed,9.829234899158147,-0.03919995925645853,-0.05819996093642227,-0.03919995925645853,-2.413405532603259e-18,-3.550635439419521e-34,2.413405532603259e-18,0.08037729196991582,0.05819996093642227,,,,550,PBE,172,8,-17.799665,1
6-stretch-all-three-axes,stretch-x-minus-0.040-y-minus-0.060-z-minus-0.040,2-accurate-hse06-atoms-fixed,6-stretch-all-three-axes/stretch-x-minus-0.040-y-minus-0.060-z-minus-0.040/2-accurate-hse06-atoms-fixed,9.829234899158147,-0.03919995925645853,-0.05819996093642227,-0.03919995925645853,-2.413405532603259e-18,-3.550635439419521e-34,2.413405532603259e-18,0.08037729196991582,0.05819996093642227,.TRUE.,0.27,,550,HSE,172,8,-21.035623,1
6-stretch-all-three-axes,stretch-x-minus-0.040-y-minus-0.060-z-minus-0.060,1-cheap-pbe-atoms-relaxed,6-stretch-all-three-axes/stretch-x-minus-0.040-y-minus-0.060-z-minus-0.060/1-cheap-pbe-atoms-relaxed,9.624459172092353,-0.03919995925645853,-0.05819996093642227,-0.05819996093642227,-1.4373506710699154e-17,1.1960101178095894e-17,2.413405532603259e-18,0.0911652768970191,0.05819996093642227,,,,550,PBE,172,8,-17.680733,1
6-stretch-all-three-axes,stretch-x-minus-0.040-y-minus-0.060-z-minus-0.060,2-accurate-hse06-atoms-fixed,6-stretch-all-three-axes/stretch-x-minus-0.040-y-minus-0.060-z-minus-0.060/2-accurate-hse06-atoms-fixed,9.624459172092353,-0.03919995925645853,-0.05819996093642227,-0.05819996093642227,-1.4373506710699154e-17,1.1960101178095894e-17,2.413405532603259e-18,0.0911652768970191,0.05819996093642227,.TRUE.,0.27,,550,HSE,172,8,-20.929719,1
6-stretch-all-three-axes,stretch-x-minus-0.040-y-minus-0.060-z-minus-0.080,1-cheap-pbe-atoms-relaxed,6-stretch-all-three-axes/stretch-x-minus-0.040-y-minus-0.060-z-minus-0.080/1-cheap-pbe-atoms-relaxed,9.419683445026555,-0.03919995925645853,-0.05819996093642227,-0.07679996258101834,-2.5828899104463616e-17,2.3415493571860356e-17,2.4134055326032586e-18,0.10402935408409929,0.07679996258101834,,,,550,PBE,172,8,-17.521289,1
6-stretch-all-three-axes,stretch-x-minus-0.040-y-minus-0.060-z-minus-0.080,2-accurate-hse06-atoms-fixed,6-stretch-all-three-axes/stretch-x-minus-0.040-y-minus-0.060-z-minus-0.080/2-accurate-hse06-atoms-fixed,9.419683445026555,-0.03919995925645853,-0.05819996093642227,-0.07679996258101834,-2.5828899104463616e-17,2.3415493571860356e-17,2.4134055326032586e-18,0.10402935408409929,0.07679996258101834,.TRUE.,0.27,,550,HSE,172,8,-20.782104,1
6-stretch-all-three-axes,stretch-x-minus-0.040-y-minus-0.060-z-plus-0.020,1-cheap-pbe-atoms-relaxed,6-stretch-all-three-axes/stretch-x-minus-0.040-y-minus-0.060-z-plus-0.020/1-cheap-pbe-atoms-relaxed,10.443562080355527,-0.03919995925645853,-0.05819996093642227,0.020200045995638516,-2.6999524659963248e-17,2.458611912735999e-17,2.4134055326032586e-18,0.07301995697708263,0.05819996093642227,,,,550,PBE,172,8,-17.933088,1
6-stretch-all-three-axes,stretch-x-minus-0.040-y-minus-0.060-z-plus-0.020,2-accurate-hse06-atoms-fixed,6-stretch-all-three-axes/stretch-x-minus-0.040-y-minus-0.060-z-plus-0.020/2-accurate-hse06-atoms-fixed,10.443562080355527,-0.03919995925645853,-0.05819996093642227,0.020200045995638516,-2.6999524659963248e-17,2.458611912735999e-17,2.4134055326032586e-18,0.07301995697708263,0.05819996093642227,.TRUE.,0.27,,550,HSE,172,8,-21.122891,1
6-stretch-all-three-axes,stretch-x-minus-0.040-y-minus-0.060-z-plus-0.040,1-cheap-pbe-atoms-relaxed,6-stretch-all-three-axes/stretch-x-minus-0.040-y-minus-0.060-z-plus-0.040/1-cheap-pbe-atoms-relaxed,10.648337807421324,-0.03919995925645853,-0.05819996093642227,0.04080004781707314,3.645794868409761e-17,-3.887135421670087e-17,2.413405532603257e-18,0.08116967512922878,0.05819996093642227,,,,550,PBE,172,8,-17.909404,1
6-stretch-all-three-axes,stretch-x-minus-0.040-y-minus-0.060-z-plus-0.040,2-accurate-hse06-atoms-fixed,6-stretch-all-three-axes/stretch-x-minus-0.040-y-minus-0.060-z-plus-0.040/2-accurate-hse06-atoms-fixed,10.648337807421324,-0.03919995925645853,-0.05819996093642227,0.04080004781707314,3.645794868409761e-17,-3.887135421670087e-17,2.413405532603257e-18,0.08116967512922878,0.05819996093642227,.TRUE.,0.27,,550,HSE,172,8,-21.081523,1
6-stretch-all-three-axes,stretch-x-minus-0.040-y-minus-0.060-z-plus-0.060,1-cheap-pbe-atoms-relaxed,6-stretch-all-three-axes/stretch-x-minus-0.040-y-minus-0.060-z-plus-0.060/1-cheap-pbe-atoms-relaxed,10.853113534487118,-0.03919995925645853,-0.05819996093642227,0.0618000496738752,5.067205266194688e-17,-5.308545819455014e-17,2.413405532603256e-18,0.09350464372640821,0.0618000496738752,,,,550,PBE,172,8,-17.854638,1
6-stretch-all-three-axes,stretch-x-minus-0.040-y-minus-0.060-z-plus-0.060,2-accurate-hse06-atoms-fixed,6-stretch-all-three-axes/stretch-x-minus-0.040-y-minus-0.060-z-plus-0.060/2-accurate-hse06-atoms-fixed,10.853113534487118,-0.03919995925645853,-0.05819996093642227,0.0618000496738752,5.067205266194688e-17,-5.308545819455014e-17,2.413405532603256e-18,0.09350464372640821,0.0618000496738752,.TRUE.,0.27,,550,HSE,172,8,-21.00795,1
6-stretch-all-three-axes,stretch-x-minus-0.040-y-minus-0.060-z-plus-0.080,1-cheap-pbe-atoms-relaxed,6-stretch-all-three-axes/stretch-x-minus-0.040-y-minus-0.060-z-plus-0.080/1-cheap-pbe-atoms-relaxed,11.057889261552914,-0.03919995925645853,-0.05819996093642227,0.08320005156604482,-1.838790847487299e-18,-5.746146851159604e-19,2.413405532603259e-18,0.10883988625178549,0.08320005156604482,,,,550,PBE,172,8,-17.770618,1
6-stretch-all-three-axes,stretch-x-minus-0.040-y-minus-0.060-z-plus-0.080,2-accurate-hse06-atoms-fixed,6-stretch-all-three-axes/stretch-x-minus-0.040-y-minus-0.060-z-plus-0.080/2-accurate-hse06-atoms-fixed,11.057889261552914,-0.03919995925645853,-0.05819996093642227,0.08320005156604482,-1.838790847487299e-18,-5.746146851159604e-19,2.413405532603259e-18,0.10883988625178549,0.08320005156604482,.TRUE.,0.27,,550,HSE,172,8,-20.904037,1
6-stretch-all-three-axes,stretch-x-minus-0.040-y-minus-0.080-z-minus-0.020,1-cheap-pbe-atoms-relaxed,6-stretch-all-three-axes/stretch-x-minus-0.040-y-minus-0.080-z-minus-0.020/1-cheap-pbe-atoms-relaxed,9.820521038431941,-0.03919995925645853,-0.07679996258101834,-0.019799957541127067,-8.007745450583232e-18,-5.8610524757844905e-18,1.386879792636772e-17,0.08846982184216413,0.07679996258101834,,,,550,PBE,172,8,-17.737828,1
6-stretch-all-three-axes,stretch-x-minus-0.040-y-minus-0.080-z-minus-0.020,2-accurate-hse06-atoms-fixed,6-stretch-all-three-axes/stretch-x-minus-0.040-y-minus-0.080-z-minus-0.020/2-accurate-hse06-atoms-fixed,9.820521038431941,-0.03919995925645853,-0.07679996258101834,-0.019799957541127067,-8.007745450583232e-18,-5.8610524757844905e-18,1.386879792636772e-17,0.08846982184216413,0.07679996258101834,.TRUE.,0.27,,550,HSE,172,8,-20.971055,1
6-stretch-all-three-axes,stretch-x-minus-0.040-y-minus-0.080-z-minus-0.040,1-cheap-pbe-atoms-relaxed,6-stretch-all-three-axes/stretch-x-minus-0.040-y-minus-0.080-z-minus-0.040/1-cheap-pbe-atoms-relaxed,9.620102241729247,-0.03919995925645853,-0.07679996258101834,-0.03919995925645853,-1.386879792636772e-17,-1.1254355216968464e-33,1.386879792636772e-17,0.09471804402468326,0.07679996258101834,,,,550,PBE,172,8,-17.649446,1
6-stretch-all-three-axes,stretch-x-minus-0.040-y-minus-0.080-z-minus-0.040,2-accurate-hse06-atoms-fixed,6-stretch-all-three-axes/stretch-x-minus-0.040-y-minus-0.080-z-minus-0.040/2-accurate-hse06-atoms-fixed,9.620102241729247,-0.03919995925645853,-0.07679996258101834,-0.03919995925645853,-1.386879792636772e-17,-1.1254355216968464e-33,1.386879792636772e-17,0.09471804402468326,0.07679996258101834,.TRUE.,0.27,,550,HSE,172,8,-20.897082,1
6-stretch-all-three-axes,stretch-x-minus-0.040-y-minus-0.080-z-minus-0.060,1-cheap-pbe-atoms-relaxed,6-stretch-all-three-axes/stretch-x-minus-0.040-y-minus-0.080-z-minus-0.060/1-cheap-pbe-atoms-relaxed,9.419683445026555,-0.03919995925645853,-0.07679996258101834,-0.05819996093642227,-2.5828899104463616e-17,1.1960101178095894e-17,1.386879792636772e-17,0.10402935408409929,0.07679996258101834,,,,550,PBE,172,8,-17.521289,1
6-stretch-all-three-axes,stretch-x-minus-0.040-y-minus-0.080-z-minus-0.060,2-accurate-hse06-atoms-fixed,6-stretch-all-three-axes/stretch-x-minus-0.040-y-minus-0.080-z-minus-0.060/2-accurate-hse06-atoms-fixed,9.419683445026555,-0.03919995925645853,-0.07679996258101834,-0.05819996093642227,-2.5828899104463616e-17,1.1960101178095894e-17,1.386879792636772e-17,0.10402935408409929,0.07679996258101834,.TRUE.,0.27,,550,HSE,172,8,-20.782104,1
6-stretch-all-three-axes,stretch-x-minus-0.040-y-minus-0.080-z-minus-0.080,1-cheap-pbe-atoms-relaxed,6-stretch-all-three-axes/stretch-x-minus-0.040-y-minus-0.080-z-minus-0.080/1-cheap-pbe-atoms-relaxed,9.219264648323861,-0.03919995925645853,-0.07679996258101834,-0.07679996258101834,-3.728429149822808e-17,2.3415493571860356e-17,1.386879792636772e-17,0.11546906646630363,0.07679996258101834,,,,550,PBE,172,8,-17.351398,1
6-stretch-all-three-axes,stretch-x-minus-0.040-y-minus-0.080-z-minus-0.080,2-accurate-hse06-atoms-fixed,6-stretch-all-three-axes/stretch-x-minus-0.040-y-minus-0.080-z-minus-0.080/2-accurate-hse06-atoms-fixed,9.219264648323861,-0.03919995925645853,-0.07679996258101834,-0.07679996258101834,-3.728429149822808e-17,2.3415493571860356e-17,1.386879792636772e-17,0.11546906646630363,0.07679996258101834,.TRUE.,0.27,,550,HSE,172,8,-20.624165,1
6-stretch-all-three-axes,stretch-x-minus-0.040-y-minus-0.080-z-plus-0.020,1-cheap-pbe-atoms-relaxed,6-stretch-all-three-axes/stretch-x-minus-0.040-y-minus-0.080-z-plus-0.020/1-cheap-pbe-atoms-relaxed,10.221358631837328,-0.03919995925645853,-0.07679996258101834,0.020200045995638516,-3.8454917053727713e-17,2.4586119127359988e-17,1.386879792636772e-17,0.08856022197566885,0.07679996258101834,,,,550,PBE,172,8,-17.803687,1
6-stretch-all-three-axes,stretch-x-minus-0.040-y-minus-0.080-z-plus-0.020,2-accurate-hse06-atoms-fixed,6-stretch-all-three-axes/stretch-x-minus-0.040-y-minus-0.080-z-plus-0.020/2-accurate-hse06-atoms-fixed,10.221358631837328,-0.03919995925645853,-0.07679996258101834,0.020200045995638516,-3.8454917053727713e-17,2.4586119127359988e-17,1.386879792636772e-17,0.08856022197566885,0.07679996258101834,.TRUE.,0.27,,550,HSE,172,8,-21.004544,1
6-stretch-all-three-axes,stretch-x-minus-0.040-y-minus-0.080-z-plus-0.040,1-cheap-pbe-atoms-relaxed,6-stretch-all-three-axes/stretch-x-minus-0.040-y-minus-0.080-z-plus-0.040/1-cheap-pbe-atoms-relaxed,10.421777428540022,-0.03919995925645853,-0.07679996258101834,0.04080004781707314,2.5002556290333147e-17,-3.887135421670087e-17,1.3868797926367719e-17,0.09539137780758428,0.07679996258101834,,,,550,PBE,172,8,-17.785014,1
6-stretch-all-three-axes,stretch-x-minus-0.040-y-minus-0.080-z-plus-0.040,2-accurate-hse06-atoms-fixed,6-stretch-all-three-axes/stretch-x-minus-0.040-y-minus-0.080-z-plus-0.040/2-accurate-hse06-atoms-fixed,10.421777428540022,-0.03919995925645853,-0.07679996258101834,0.04080004781707314,2.5002556290333147e-17,-3.887135421670087e-17,1.3868797926367719e-17,0.09539137780758428,0.07679996258101834,.TRUE.,0.27,,550,HSE,172,8,-20.967941,1
6-stretch-all-three-axes,stretch-x-minus-0.040-y-minus-0.080-z-plus-0.060,1-cheap-pbe-atoms-relaxed,6-stretch-all-three-axes/stretch-x-minus-0.040-y-minus-0.080-z-plus-0.060/1-cheap-pbe-atoms-relaxed,10.622196225242714,-0.03919995925645853,-0.07679996258101834,0.0618000496738752,3.921666026818242e-17,-5.3085458194550145e-17,1.3868797926367718e-17,0.10608542405932715,0.07679996258101834,,,,550,PBE,172,8,-17.734373,1
6-stretch-all-three-axes,stretch-x-minus-0.040-y-minus-0.080-z-plus-0.060,2-accurate-hse06-atoms-fixed,6-stretch-all-three-axes/stretch-x-minus-0.040-y-minus-0.080-z-plus-0.060/2-accurate-hse06-atoms-fixed,10.622196225242714,-0.03919995925645853,-0.07679996258101834,0.0618000496738752,3.921666026818242e-17,-5.3085458194550145e-17,1.3868797926367718e-17,0.10608542405932715,0.07679996258101834,.TRUE.,0.27,,550,HSE,172,8,-20.898238,1
6-stretch-all-three-axes,stretch-x-minus-0.040-y-minus-0.080-z-plus-0.080,1-cheap-pbe-atoms-relaxed,6-stretch-all-three-axes/stretch-x-minus-0.040-y-minus-0.080-z-plus-0.080/1-cheap-pbe-atoms-relaxed,10.822615021945403,-0.03919995925645853,-0.07679996258101834,0.08320005156604482,-1.3294183241251761e-17,-5.746146851159612e-19,1.386879792636772e-17,0.11982119862005364,0.08320005156604482,,,,550,PBE,172,8,-17.653583,1
6-stretch-all-three-axes,stretch-x-minus-0.040-y-minus-0.080-z-plus-0.080,2-accurate-hse06-atoms-fixed,6-stretch-all-three-axes/stretch-x-minus-0.040-y-minus-0.080-z-plus-0.080/2-accurate-hse06-atoms-fixed,10.822615021945403,-0.03919995925645853,-0.07679996258101834,0.08320005156604482,-1.3294183241251761e-17,-5.746146851159612e-19,1.386879792636772e-17,0.11982119862005364,0.08320005156604482,.TRUE.,0.27,,550,HSE,172,8,-20.797266,1
6-stretch-all-three-axes,stretch-x-minus-0.040-y-plus-0.020-z-minus-0.020,1-cheap-pbe-atoms-relaxed,6-stretch-all-three-axes/stretch-x-minus-0.040-y-plus-0.020-z-minus-0.020/1-cheap-pbe-atoms-relaxed,10.887968977391933,-0.03919995925645853,0.020200045995638516,-0.019799957541127067,-9.178371006082864e-18,-5.86105247578449e-18,1.5039423481867355e-17,0.048339600562730706,0.03919995925645853,,,,550,PBE,172,8,-18.085162,1
6-stretch-all-three-axes,stretch-x-minus-0.040-y-plus-0.020-z-minus-0.020,2-accurate-hse06-atoms-fixed,6-stretch-all-three-axes/stretch-x-minus-0.040-y-plus-0.020-z-minus-0.020/2-accurate-hse06-atoms-fixed,10.887968977391933,-0.03919995925645853,0.020200045995638516,-0.019799957541127067,-9.178371006082864e-18,-5.86105247578449e-18,1.5039423481867355e-17,0.048339600562730706,0.03919995925645853,.TRUE.,0.27,,550,HSE,172,8,-21.249488,1
6-stretch-all-three-axes,stretch-x-minus-0.040-y-plus-0.020-z-minus-0.040,1-cheap-pbe-atoms-relaxed,6-stretch-all-three-axes/stretch-x-minus-0.040-y-plus-0.020-z-minus-0.040/1-cheap-pbe-atoms-relaxed,10.66576552887373,-0.03919995925645853,0.020200045995638516,-0.03919995925645853,-1.5039423481867355e-17,-3.550635439419521e-34,1.5039423481867355e-17,0.05900267341097291,0.03919995925645853,,,,550,PBE,172,8,-18.026367,1
6-stretch-all-three-axes,stretch-x-minus-0.040-y-plus-0.020-z-minus-0.040,2-accurate-hse06-atoms-fixed,6-stretch-all-three-axes/stretch-x-minus-0.040-y-plus-0.020-z-minus-0.040/2-accurate-hse06-atoms-fixed,10.66576552887373,-0.03919995925645853,0.020200045995638516,-0.03919995925645853,-1.5039423481867355e-17,-3.550635439419521e-34,1.5039423481867355e-17,0.05900267341097291,0.03919995925645853,.TRUE.,0.27,,550,HSE,172,8,-21.203997,1
6-stretch-all-three-axes,stretch-x-minus-0.040-y-plus-0.020-z-minus-0.060,1-cheap-pbe-atoms-relaxed,6-stretch-all-three-axes/stretch-x-minus-0.040-y-plus-0.020-z-minus-0.060/1-cheap-pbe-atoms-relaxed,10.443562080355527,-0.03919995925645853,0.020200045995638516,-0.05819996093642227,-2.6999524659963248e-17,1.1960101178095894e-17,1.5039423481867355e-17,0.07301995697708263,0.05819996093642227,,,,550,PBE,172,8,-17.933088,1
6-stretch-all-three-axes,stretch-x-minus-0.040-y-plus-0.020-z-minus-0.060,2-accurate-hse06-atoms-fixed,6-stretch-all-three-axes/stretch-x-minus-0.040-y-plus-0.020-z-minus-0.060/2-accurate-hse06-atoms-fixed,10.443562080355527,-0.03919995925645853,0.020200045995638516,-0.05819996093642227,-2.6999524659963248e-17,1.1960101178095894e-17,1.5039423481867355e-17,0.07301995697708263,0.05819996093642227,.TRUE.,0.27,,550,HSE,172,8,-21.122891,1
6-stretch-all-three-axes,stretch-x-minus-0.040-y-plus-0.020-z-minus-0.080,1-cheap-pbe-atoms-relaxed,6-stretch-all-three-axes/stretch-x-minus-0.040-y-plus-0.020-z-minus-0.080/1-cheap-pbe-atoms-relaxed,10.221358631837328,-0.03919995925645853,0.020200045995638516,-0.07679996258101834,-3.845491705372771e-17,2.3415493571860356e-17,1.5039423481867355e-17,0.08856022197566885,0.07679996258101834,,,,550,PBE,172,8,-17.803687,1
6-stretch-all-three-axes,stretch-x-minus-0.040-y-plus-0.020-z-minus-0.080,2-accurate-hse06-atoms-fixed,6-stretch-all-three-axes/stretch-x-minus-0.040-y-plus-0.020-z-minus-0.080/2-accurate-hse06-atoms-fixed,10.221358631837328,-0.03919995925645853,0.020200045995638516,-0.07679996258101834,-3.845491705372771e-17,2.3415493571860356e-17,1.5039423481867355e-17,0.08856022197566885,0.07679996258101834,.TRUE.,0.27,,550,HSE,172,8,-21.004544,1
6-stretch-all-three-axes,stretch-x-minus-0.040-y-plus-0.020-z-plus-0.020,1-cheap-pbe-atoms-relaxed,6-stretch-all-three-axes/stretch-x-minus-0.040-y-plus-0.020-z-plus-0.020/1-cheap-pbe-atoms-relaxed,11.33237587442834,-0.03919995925645853,0.020200045995638516,0.020200045995638516,-3.962554260922734e-17,2.458611912735999e-17,1.5039423481867355e-17,0.04850485050136565,0.03919995925645853,,,,550,PBE,172,8,-18.106209,1
6-stretch-all-three-axes,stretch-x-minus-0.040-y-plus-0.020-z-plus-0.020,2-accurate-hse06-atoms-fixed,6-stretch-all-three-axes/stretch-x-minus-0.040-y-plus-0.020-z-plus-0.020/2-accurate-hse06-atoms-fixed,11.33237587442834,-0.03919995925645853,0.020200045995638516,0.020200045995638516,-3.962554260922734e-17,2.458611912735999e-17,1.5039423481867355e-17,0.04850485050136565,0.03919995925645853,.TRUE.,0.27,,550,HSE,172,8,-21.240621,1
6-stretch-all-three-axes,stretch-x-minus-0.040-y-plus-0.020-z-plus-0.040,1-cheap-pbe-atoms-relaxed,6-stretch-all-three-axes/stretch-x-minus-0.040-y-plus-0.020-z-plus-0.040/1-cheap-pbe-atoms-relaxed,11.55457932294654,-0.03919995925645853,0.020200045995638516,0.04080004781707314,2.3831930734833515e-17,-3.887135421670087e-17,1.503942348186735e-17,0.06007763781815473,0.04080004781707314,,,,550,PBE,172,8,-18.071735,1
6-stretch-all-three-axes,stretch-x-minus-0.040-y-plus-0.020-z-plus-0.040,2-accurate-hse06-atoms-fixed,6-stretch-all-three-axes/stretch-x-minus-0.040-y-plus-0.020-z-plus-0.040/2-accurate-hse06-atoms-fixed,11.55457932294654,-0.03919995925645853,0.020200045995638516,0.04080004781707314,2.3831930734833515e-17,-3.887135421670087e-17,1.503942348186735e-17,0.06007763781815473,0.04080004781707314,.TRUE.,0.27,,550,HSE,172,8,-21.189561,1
6-stretch-all-three-axes,stretch-x-minus-0.040-y-plus-0.020-z-plus-0.060,1-cheap-pbe-atoms-relaxed,6-stretch-all-three-axes/stretch-x-minus-0.040-y-plus-0.020-z-plus-0.060/1-cheap-pbe-atoms-relaxed,11.776782771464742,-0.03919995925645853,0.020200045995638516,0.0618000496738752,3.804603471268279e-17,-5.308545819455014e-17,1.503942348186735e-17,0.07592051635511551,0.0618000496738752,,,,550,PBE,172,8,-18.009366,1
6-stretch-all-three-axes,stretch-x-minus-0.040-y-plus-0.020-z-plus-0.060,2-accurate-hse06-atoms-fixed,6-stretch-all-three-axes/stretch-x-minus-0.040-y-plus-0.020-z-plus-0.060/2-accurate-hse06-atoms-fixed,11.776782771464742,-0.03919995925645853,0.020200045995638516,0.0618000496738752,3.804603471268279e-17,-5.308545819455014e-17,1.503942348186735e-17,0.07592051635511551,0.0618000496738752,.TRUE.,0.27,,550,HSE,172,8,-21.109542,1
6-stretch-all-three-axes,stretch-x-minus-0.040-y-plus-0.020-z-plus-0.080,1-cheap-pbe-atoms-relaxed,6-stretch-all-three-axes/stretch-x-minus-0.040-y-plus-0.020-z-plus-0.080/1-cheap-pbe-atoms-relaxed,11.99898621998295,-0.03919995925645853,0.020200045995638516,0.08320005156604482,-1.4464808796751393e-17,-5.746146851159604e-19,1.5039423481867355e-17,0.09416436292210784,0.08320005156604482,,,,550,PBE,172,8,-17.920648,1
6-stretch-all-three-axes,stretch-x-minus-0.040-y-plus-0.020-z-plus-0.080,2-accurate-hse06-atoms-fixed,6-stretch-all-three-axes/stretch-x-minus-0.040-y-plus-0.020-z-plus-0.080/2-accurate-hse06-atoms-fixed,11.99898621998295,-0.03919995925645853,0.020200045995638516,0.08320005156604482,-1.4464808796751393e-17,-5.746146851159604e-19,1.5039423481867355e-17,0.09416436292210784,0.08320005156604482,.TRUE.,0.27,,550,HSE,172,8,-21.002122,1
6-stretch-all-three-axes,stretch-x-minus-0.040-y-plus-0.040-z-minus-0.020,1-cheap-pbe-atoms-relaxed,6-stretch-all-three-axes/stretch-x-minus-0.040-y-plus-0.040-z-minus-0.020/1-cheap-pbe-atoms-relaxed,11.101458565183929,-0.03919995925645853,0.04080004781707314,-0.019799957541127067,5.427910233797799e-17,-5.861052475784491e-18,-4.8418049862193506e-17,0.05994429936377518,0.04080004781707314,,,,550,PBE,172,8,-18.054304,1
6-stretch-all-three-axes,stretch-x-minus-0.040-y-plus-0.040-z-minus-0.020,2-accurate-hse06-atoms-fixed,6-stretch-all-three-axes/stretch-x-minus-0.040-y-plus-0.040-z-minus-0.020/2-accurate-hse06-atoms-fixed,11.101458565183929,-0.03919995925645853,0.04080004781707314,-0.019799957541127067,5.427910233797799e-17,-5.861052475784491e-18,-4.8418049862193506e-17,0.05994429936377518,0.04080004781707314,.TRUE.,0.27,,550,HSE,172,8,-21.201467,1
6-stretch-all-three-axes,stretch-x-minus-0.040-y-plus-0.040-z-minus-0.040,1-cheap-pbe-atoms-relaxed,6-stretch-all-three-axes/stretch-x-minus-0.040-y-plus-0.040-z-minus-0.040/1-cheap-pbe-atoms-relaxed,10.874898186302628,-0.03919995925645853,0.04080004781707314,-0.03919995925645853,4.8418049862193506e-17,-1.8958074994517408e-33,-4.8418049862193506e-17,0.06883253237598826,0.04080004781707314,,,,550,PBE,172,8,-17.998622,1
6-stretch-all-three-axes,stretch-x-minus-0.040-y-plus-0.040-z-minus-0.040,2-accurate-hse06-atoms-fixed,6-stretch-all-three-axes/stretch-x-minus-0.040-y-plus-0.040-z-minus-0.040/2-accurate-hse06-atoms-fixed,10.874898186302628,-0.03919995925645853,0.04080004781707314,-0.03919995925645853,4.8418049862193506e-17,-1.8958074994517408e-33,-4.8418049862193506e-17,0.06883253237598826,0.04080004781707314,.TRUE.,0.27,,550,HSE,172,8,-21.158818,1
6-stretch-all-three-axes,stretch-x-minus-0.040-y-plus-0.040-z-minus-0.060,1-cheap-pbe-atoms-relaxed,6-stretch-all-three-axes/stretch-x-minus-0.040-y-plus-0.040-z-minus-0.060/1-cheap-pbe-atoms-relaxed,10.648337807421324,-0.03919995925645853,0.04080004781707314,-0.05819996093642227,3.645794868409761e-17,1.1960101178095892e-17,-4.8418049862193506e-17,0.08116967512922878,0.05819996093642227,,,,550,PBE,172,8,-17.909404,1
6-stretch-all-three-axes,stretch-x-minus-0.040-y-plus-0.040-z-minus-0.060,2-accurate-hse06-atoms-fixed,6-stretch-all-three-axes/stretch-x-minus-0.040-y-plus-0.040-z-minus-0.060/2-accurate-hse06-atoms-fixed,10.648337807421324,-0.03919995925645853,0.04080004781707314,-0.05819996093642227,3.645794868409761e-17,1.1960101178095892e-17,-4.8418049862193506e-17,0.08116967512922878,0.05819996093642227,.TRUE.,0.27,,550,HSE,172,8,-21.081523,1
6-stretch-all-three-axes,stretch-x-minus-0.040-y-plus-0.040-z-minus-0.080,1-cheap-pbe-atoms-relaxed,6-stretch-all-three-axes/stretch-x-minus-0.040-y-plus-0.040-z-minus-0.080/1-cheap-pbe-atoms-relaxed,10.421777428540018,-0.03919995925645853,0.04080004781707314,-0.07679996258101834,2.5002556290333147e-17,2.3415493571860353e-17,-4.8418049862193506e-17,0.09539137780758428,0.07679996258101834,,,,550,PBE,172,8,-17.785014,1
6-stretch-all-three-axes,stretch-x-minus-0.040-y-plus-0.040-z-minus-0.080,2-accurate-hse06-atoms-fixed,6-stretch-all-three-axes/stretch-x-minus-0.040-y-plus-0.040-z-minus-0.080/2-accurate-hse06-atoms-fixed,10.421777428540018,-0.03919995925645853,0.04080004781707314,-0.07679996258101834,2.5002556290333147e-17,2.3415493571860353e-17,-4.8418049862193506e-17,0.09539137780758428,0.07679996258101834,.TRUE.,0.27,,550,HSE,172,8,-20.967941,1
6-stretch-all-three-axes,stretch-x-minus-0.040-y-plus-0.040-z-plus-0.020,1-cheap-pbe-atoms-relaxed,6-stretch-all-three-axes/stretch-x-minus-0.040-y-plus-0.040-z-plus-0.020/1-cheap-pbe-atoms-relaxed,11.55457932294654,-0.03919995925645853,0.04080004781707314,0.020200045995638516,2.3831930734833515e-17,2.4586119127359988e-17,-4.8418049862193506e-17,0.06007763781815473,0.04080004781707314,,,,550,PBE,172,8,-18.071735,1
6-stretch-all-three-axes,stretch-x-minus-0.040-y-plus-0.040-z-plus-0.020,2-accurate-hse06-atoms-fixed,6-stretch-all-three-axes/stretch-x-minus-0.040-y-plus-0.040-z-plus-0.020/2-accurate-hse06-atoms-fixed,11.55457932294654,-0.03919995925645853,0.04080004781707314,0.020200045995638516,2.3831930734833515e-17,2.4586119127359988e-17,-4.8418049862193506e-17,0.06007763781815473,0.04080004781707314,.TRUE.,0.27,,550,HSE,172,8,-21.189561,1
6-stretch-all-three-axes,stretch-x-minus-0.040-y-plus-0.040-z-plus-0.040,1-cheap-pbe-atoms-relaxed,6-stretch-all-three-axes/stretch-x-minus-0.040-y-plus-0.040-z-plus-0.040/1-cheap-pbe-atoms-relaxed,11.781139701827847,-0.03919995925645853,0.04080004781707314,0.04080004781707314,8.728940407889437e-17,-3.887135421670087e-17,-4.8418049862193506e-17,0.06975617972236522,0.04080004781707314,,,,550,PBE,172,8,-18.036576,1
6-stretch-all-three-axes,stretch-x-minus-0.040-y-plus-0.040-z-plus-0.040,2-accurate-hse06-atoms-fixed,6-stretch-all-three-axes/stretch-x-minus-0.040-y-plus-0.040-z-plus-0.040/2-accurate-hse06-atoms-fixed,11.781139701827847,-0.03919995925645853,0.04080004781707314,0.04080004781707314,8.728940407889437e-17,-3.887135421670087e-17,-4.8418049862193506e-17,0.06975617972236522,0.04080004781707314,.TRUE.,0.27,,550,HSE,172,8,-21.138115,1
6-stretch-all-three-axes,stretch-x-minus-0.040-y-plus-0.040-z-plus-0.060,1-cheap-pbe-atoms-relaxed,6-stretch-all-three-axes/stretch-x-minus-0.040-y-plus-0.040-z-plus-0.060/1-cheap-pbe-atoms-relaxed,12.007700080709151,-0.03919995925645853,0.04080004781707314,0.0618000496738752,1.0150350805674364e-16,-5.3085458194550145e-17,-4.8418049862193506e-17,0.08378858423005431,0.0618000496738752,,,,550,PBE,172,8,-17.974211,1
6-stretch-all-three-axes,stretch-x-minus-0.040-y-plus-0.040-z-plus-0.060,2-accurate-hse06-atoms-fixed,6-stretch-all-three-axes/stretch-x-minus-0.040-y-plus-0.040-z-plus-0.060/2-accurate-hse06-atoms-fixed,12.007700080709151,-0.03919995925645853,0.04080004781707314,0.0618000496738752,1.0150350805674364e-16,-5.3085458194550145e-17,-4.8418049862193506e-17,0.08378858423005431,0.0618000496738752,.TRUE.,0.27,,550,HSE,172,8,-21.058407,1
6-stretch-all-three-axes,stretch-x-minus-0.040-y-plus-0.040-z-plus-0.080,1-cheap-pbe-atoms-relaxed,6-stretch-all-three-axes/stretch-x-minus-0.040-y-plus-0.040-z-plus-0.080/1-cheap-pbe-atoms-relaxed,12.234260459590455,-0.03919995925645853,0.04080004781707314,0.08320005156604482,4.8992664547309467e-17,-5.74614685115962e-19,-4.8418049862193506e-17,0.10061575069628005,0.08320005156604482,,,,550,PBE,172,8,-17.886173,1
6-stretch-all-three-axes,stretch-x-minus-0.040-y-plus-0.040-z-plus-0.080,2-accurate-hse06-atoms-fixed,6-stretch-all-three-axes/stretch-x-minus-0.040-y-plus-0.040-z-plus-0.080/2-accurate-hse06-atoms-fixed,12.234260459590455,-0.03919995925645853,0.04080004781707314,0.08320005156604482,4.8992664547309467e-17,-5.74614685115962e-19,-4.8418049862193506e-17,0.10061575069628005,0.08320005156604482,.TRUE.,0.27,,550,HSE,172,8,-20.951981,1
6-stretch-all-three-axes,stretch-x-minus-0.040-y-plus-0.060-z-minus-0.020,1-cheap-pbe-atoms-relaxed,6-stretch-all-three-axes/stretch-x-minus-0.040-y-plus-0.060-z-minus-0.020/1-cheap-pbe-atoms-relaxed,11.314948152975928,-0.03919995925645853,0.0618000496738752,-0.019799957541127067,6.849320631582727e-17,-5.861052475784493e-18,-6.263215384004278e-17,0.07581504642240804,0.0618000496738752,,,,550,PBE,172,8,-17.994151,1
6-stretch-all-three-axes,stretch-x-minus-0.040-y-plus-0.060-z-minus-0.020,2-accurate-hse06-atoms-fixed,6-stretch-all-three-axes/stretch-x-minus-0.040-y-plus-0.060-z-minus-0.020/2-accurate-hse06-atoms-fixed,11.314948152975928,-0.03919995925645853,0.0618000496738752,-0.019799957541127067,6.849320631582727e-17,-5.861052475784493e-18,-6.263215384004278e-17,0.07581504642240804,0.0618000496738752,.TRUE.,0.27,,550,HSE,172,8,-21.123077,1
6-stretch-all-three-axes,stretch-x-minus-0.040-y-plus-0.060-z-minus-0.040,1-cheap-pbe-atoms-relaxed,6-stretch-all-three-axes/stretch-x-minus-0.040-y-plus-0.060-z-minus-0.040/1-cheap-pbe-atoms-relaxed,11.084030843731524,-0.03919995925645853,0.0618000496738752,-0.03919995925645853,6.263215384004278e-17,-3.4365514549615295e-33,-6.263215384004278e-17,0.08302120061231022,0.0618000496738752,,,,550,PBE,172,8,-17.940735,1
6-stretch-all-three-axes,stretch-x-minus-0.040-y-plus-0.060-z-minus-0.040,2-accurate-hse06-atoms-fixed,6-stretch-all-three-axes/stretch-x-minus-0.040-y-plus-0.060-z-minus-0.040/2-accurate-hse06-atoms-fixed,11.084030843731524,-0.03919995925645853,0.0618000496738752,-0.03919995925645853,6.263215384004278e-17,-3.4365514549615295e-33,-6.263215384004278e-17,0.08302120061231022,0.0618000496738752,.TRUE.,0.27,,550,HSE,172,8,-21.082405,1
6-stretch-all-three-axes,stretch-x-minus-0.040-y-plus-0.060-z-minus-0.060,1-cheap-pbe-atoms-relaxed,6-stretch-all-three-axes/stretch-x-minus-0.040-y-plus-0.060-z-minus-0.060/1-cheap-pbe-atoms-relaxed,10.853113534487118,-0.03919995925645853,0.0618000496738752,-0.05819996093642227,5.067205266194688e-17,1.196010117809589e-17,-6.263215384004278e-17,0.09350464372640821,0.0618000496738752,,,,550,PBE,172,8,-17.854638,1
6-stretch-all-three-axes,stretch-x-minus-0.040-y-plus-0.060-z-minus-0.060,2-accurate-hse06-atoms-fixed,6-stretch-all-three-axes/stretch-x-minus-0.040-y-plus-0.060-z-minus-0.060/2-accurate-hse06-atoms-fixed,10.853113534487118,-0.03919995925645853,0.0618000496738752,-0.05819996093642227,5.067205266194688e-17,1.196010117809589e-17,-6.263215384004278e-17,0.09350464372640821,0.0618000496738752,.TRUE.,0.27,,550,HSE,172,8,-21.00795,1
6-stretch-all-three-axes,stretch-x-minus-0.040-y-plus-0.060-z-minus-0.080,1-cheap-pbe-atoms-relaxed,6-stretch-all-three-axes/stretch-x-minus-0.040-y-plus-0.060-z-minus-0.080/1-cheap-pbe-atoms-relaxed,10.62219622524271,-0.03919995925645853,0.0618000496738752,-0.07679996258101834,3.921666026818242e-17,2.3415493571860353e-17,-6.263215384004278e-17,0.10608542405932715,0.07679996258101834,,,,550,PBE,172,8,-17.734373,1
6-stretch-all-three-axes,stretch-x-minus-0.040-y-plus-0.060-z-minus-0.080,2-accurate-hse06-atoms-fixed,6-stretch-all-three-axes/stretch-x-minus-0.040-y-plus-0.060-z-minus-0.080/2-accurate-hse06-atoms-fixed,10.62219622524271,-0.03919995925645853,0.0618000496738752,-0.07679996258101834,3.921666026818242e-17,2.3415493571860353e-17,-6.263215384004278e-17,0.10608542405932715,0.07679996258101834,.TRUE.,0.27,,550,HSE,172,8,-20.898238,1
6-stretch-all-three-axes,stretch-x-minus-0.040-y-plus-0.060-z-plus-0.020,1-cheap-pbe-atoms-relaxed,6-stretch-all-three-axes/stretch-x-minus-0.040-y-plus-0.060-z-plus-0.020/1-cheap-pbe-atoms-relaxed,11.776782771464742,-0.03919995925645853,0.0618000496738752,0.020200045995638516,3.8046034712682784e-17,2.4586119127359988e-17,-6.263215384004278e-17,0.07592051635511551,0.0618000496738752,,,,550,PBE,172,8,-18.009366,1
6-stretch-all-three-axes,stretch-x-minus-0.040-y-plus-0.060-z-plus-0.020,2-accurate-hse06-atoms-fixed,6-stretch-all-three-axes/stretch-x-minus-0.040-y-plus-0.060-z-plus-0.020/2-accurate-hse06-atoms-fixed,11.776782771464742,-0.03919995925645853,0.0618000496738752,0.020200045995638516,3.8046034712682784e-17,2.4586119127359988e-17,-6.263215384004278e-17,0.07592051635511551,0.0618000496738752,.TRUE.,0.27,,550,HSE,172,8,-21.109542,1
6-stretch-all-three-axes,stretch-x-minus-0.040-y-plus-0.060-z-plus-0.040,1-cheap-pbe-atoms-relaxed,6-stretch-all-three-axes/stretch-x-minus-0.040-y-plus-0.060-z-plus-0.040/1-cheap-pbe-atoms-relaxed,12.007700080709151,-0.03919995925645853,0.0618000496738752,0.04080004781707314,1.0150350805674364e-16,-3.887135421670087e-17,-6.263215384004278e-17,0.08378858423005431,0.0618000496738752,,,,550,PBE,172,8,-17.974211,1
6-stretch-all-three-axes,stretch-x-minus-0.040-y-plus-0.060-z-plus-0.040,2-accurate-hse06-atoms-fixed,6-stretch-all-three-axes/stretch-x-minus-0.040-y-plus-0.060-z-plus-0.040/2-accurate-hse06-atoms-fixed,12.007700080709151,-0.03919995925645853,0.0618000496738752,0.04080004781707314,1.0150350805674364e-16,-3.887135421670087e-17,-6.263215384004278e-17,0.08378858423005431,0.0618000496738752,.TRUE.,0.27,,550,HSE,172,8,-21.058407,1
6-stretch-all-three-axes,stretch-x-minus-0.040-y-plus-0.060-z-plus-0.060,1-cheap-pbe-atoms-relaxed,6-stretch-all-three-axes/stretch-x-minus-0.040-y-plus-0.060-z-plus-0.060/1-cheap-pbe-atoms-relaxed,12.238617389953557,-0.03919995925645853,0.0618000496738752,0.0618000496738752,1.1571761203459292e-16,-5.3085458194550145e-17,-6.263215384004278e-17,0.09578689411968055,0.0618000496738752,,,,550,PBE,172,8,-17.912503,1
6-stretch-all-three-axes,stretch-x-minus-0.040-y-plus-0.060-z-plus-0.060,2-accurate-hse06-atoms-fixed,6-stretch-all-three-axes/stretch-x-minus-0.040-y-plus-0.060-z-plus-0.060/2-accurate-hse06-atoms-fixed,12.238617389953557,-0.03919995925645853,0.0618000496738752,0.0618000496738752,1.1571761203459292e-16,-5.3085458194550145e-17,-6.263215384004278e-17,0.09578689411968055,0.0618000496738752,.TRUE.,0.27,,550,HSE,172,8,-20.979664,1
6-stretch-all-three-axes,stretch-x-minus-0.040-y-plus-0.060-z-plus-0.080,1-cheap-pbe-atoms-relaxed,6-stretch-all-three-axes/stretch-x-minus-0.040-y-plus-0.060-z-plus-0.080/1-cheap-pbe-atoms-relaxed,12.469534699197965,-0.03919995925645853,0.0618000496738752,0.08320005156604482,6.320676852515874e-17,-5.746146851159635e-19,-6.263215384004278e-17,0.11080673050854793,0.08320005156604482,,,,550,PBE,172,8,-17.825818,1
6-stretch-all-three-axes,stretch-x-minus-0.040-y-plus-0.060-z-plus-0.080,2-accurate-hse06-atoms-fixed,6-stretch-all-three-axes/stretch-x-minus-0.040-y-plus-0.060-z-plus-0.080/2-accurate-hse06-atoms-fixed,12.469534699197965,-0.03919995925645853,0.0618000496738752,0.08320005156604482,6.320676852515874e-17,-5.746146851159635e-19,-6.263215384004278e-17,0.11080673050854793,0.08320005156604482,.TRUE.,0.27,,550,HSE,172,8,-20.874914,1
6-stretch-all-three-axes,stretch-x-minus-0.040-y-plus-0.080-z-minus-0.020,1-cheap-pbe-atoms-relaxed,6-stretch-all-three-axes/stretch-x-minus-0.040-y-plus-0.080-z-minus-0.020/1-cheap-pbe-atoms-relaxed,11.52843774076793,-0.03919995925645853,0.08320005156604482,-0.019799957541127067,1.5982362806393085e-17,-5.86105247578449e-18,-1.0121310330608596e-17,0.09407934791935454,0.08320005156604482,,,,550,PBE,172,8,-17.906156,1
6-stretch-all-three-axes,stretch-x-minus-0.040-y-plus-0.080-z-minus-0.020,2-accurate-hse06-atoms-fixed,6-stretch-all-three-axes/stretch-x-minus-0.040-y-plus-0.080-z-minus-0.020/2-accurate-hse06-atoms-fixed,11.52843774076793,-0.03919995925645853,0.08320005156604482,-0.019799957541127067,1.5982362806393085e-17,-5.86105247578449e-18,-1.0121310330608596e-17,0.09407934791935454,0.08320005156604482,.TRUE.,0.27,,550,HSE,172,8,-21.015761,1
6-stretch-all-three-axes,stretch-x-minus-0.040-y-plus-0.080-z-minus-0.040,1-cheap-pbe-atoms-relaxed,6-stretch-all-three-axes/stretch-x-minus-0.040-y-plus-0.080-z-minus-0.040/1-cheap-pbe-atoms-relaxed,11.293163501160421,-0.03919995925645853,0.08320005156604482,-0.03919995925645853,1.0121310330608596e-17,-3.550635439419521e-34,-1.0121310330608596e-17,0.09997760845313582,0.08320005156604482,,,,550,PBE,172,8,-17.854337,1
6-stretch-all-three-axes,stretch-x-minus-0.040-y-plus-0.080-z-minus-0.040,2-accurate-hse06-atoms-fixed,6-stretch-all-three-axes/stretch-x-minus-0.040-y-plus-0.080-z-minus-0.040/2-accurate-hse06-atoms-fixed,11.293163501160421,-0.03919995925645853,0.08320005156604482,-0.03919995925645853,1.0121310330608596e-17,-3.550635439419521e-34,-1.0121310330608596e-17,0.09997760845313582,0.08320005156604482,.TRUE.,0.27,,550,HSE,172,8,-20.976401,1
6-stretch-all-three-axes,stretch-x-minus-0.040-y-plus-0.080-z-minus-0.060,1-cheap-pbe-atoms-relaxed,6-stretch-all-three-axes/stretch-x-minus-0.040-y-plus-0.080-z-minus-0.060/1-cheap-pbe-atoms-relaxed,11.057889261552914,-0.03919995925645853,0.08320005156604482,-0.05819996093642227,-1.8387908474872986e-18,1.1960101178095894e-17,-1.0121310330608596e-17,0.10883988625178549,0.08320005156604482,,,,550,PBE,172,8,-17.770618,1
6-stretch-all-three-axes,stretch-x-minus-0.040-y-plus-0.080-z-minus-0.060,2-accurate-hse06-atoms-fixed,6-stretch-all-three-axes/stretch-x-minus-0.040-y-plus-0.080-z-minus-0.060/2-accurate-hse06-atoms-fixed,11.057889261552914,-0.03919995925645853,0.08320005156604482,-0.05819996093642227,-1.8387908474872986e-18,1.1960101178095894e-17,-1.0121310330608596e-17,0.10883988625178549,0.08320005156604482,.TRUE.,0.27,,550,HSE,172,8,-20.904037,1
6-stretch-all-three-axes,stretch-x-minus-0.040-y-plus-0.080-z-minus-0.080,1-cheap-pbe-atoms-relaxed,6-stretch-all-three-axes/stretch-x-minus-0.040-y-plus-0.080-z-minus-0.080/1-cheap-pbe-atoms-relaxed,10.822615021945403,-0.03919995925645853,0.08320005156604482,-0.07679996258101834,-1.329418324125176e-17,2.3415493571860356e-17,-1.0121310330608596e-17,0.11982119862005364,0.08320005156604482,,,,550,PBE,172,8,-17.653583,1
6-stretch-all-three-axes,stretch-x-minus-0.040-y-plus-0.080-z-minus-0.080,2-accurate-hse06-atoms-fixed,6-stretch-all-three-axes/stretch-x-minus-0.040-y-plus-0.080-z-minus-0.080/2-accurate-hse06-atoms-fixed,10.822615021945403,-0.03919995925645853,0.08320005156604482,-0.07679996258101834,-1.329418324125176e-17,2.3415493571860356e-17,-1.0121310330608596e-17,0.11982119862005364,0.08320005156604482,.TRUE.,0.27,,550,HSE,172,8,-20.797266,1
6-stretch-all-three-axes,stretch-x-minus-0.040-y-plus-0.080-z-plus-0.020,1-cheap-pbe-atoms-relaxed,6-stretch-all-three-axes/stretch-x-minus-0.040-y-plus-0.080-z-plus-0.020/1-cheap-pbe-atoms-relaxed,11.99898621998295,-0.03919995925645853,0.08320005156604482,0.020200045995638516,-1.4464808796751393e-17,2.458611912735999e-17,-1.0121310330608596e-17,0.09416436292210784,0.08320005156604482,,,,550,PBE,172,8,-17.920648,1
6-stretch-all-three-axes,stretch-x-minus-0.040-y-plus-0.080-z-plus-0.020,2-accurate-hse06-atoms-fixed,6-stretch-all-three-axes/stretch-x-minus-0.040-y-plus-0.080-z-plus-0.020/2-accurate-hse06-atoms-fixed,11.99898621998295,-0.03919995925645853,0.08320005156604482,0.020200045995638516,-1.4464808796751393e-17,2.458611912735999e-17,-1.0121310330608596e-17,0.09416436292210784,0.08320005156604482,.TRUE.,0.27,,550,HSE,172,8,-21.002122,1
6-stretch-all-three-axes,stretch-x-minus-0.040-y-plus-0.080-z-plus-0.040,1-cheap-pbe-atoms-relaxed,6-stretch-all-three-axes/stretch-x-minus-0.040-y-plus-0.080-z-plus-0.040/1-cheap-pbe-atoms-relaxed,12.23426045959046,-0.03919995925645853,0.08320005156604482,0.04080004781707314,4.8992664547309467e-17,-3.887135421670087e-17,-1.0121310330608598e-17,0.10061575069628005,0.08320005156604482,,,,550,PBE,172,8,-17.886173,1
6-stretch-all-three-axes,stretch-x-minus-0.040-y-plus-0.080-z-plus-0.040,2-accurate-hse06-atoms-fixed,6-stretch-all-three-axes/stretch-x-minus-0.040-y-plus-0.080-z-plus-0.040/2-accurate-hse06-atoms-fixed,12.23426045959046,-0.03919995925645853,0.08320005156604482,0.04080004781707314,4.8992664547309467e-17,-3.887135421670087e-17,-1.0121310330608598e-17,0.10061575069628005,0.08320005156604482,.TRUE.,0.27,,550,HSE,172,8,-20.951981,1
6-stretch-all-three-axes,stretch-x-minus-0.040-y-plus-0.080-z-plus-0.060,1-cheap-pbe-atoms-relaxed,6-stretch-all-three-axes/stretch-x-minus-0.040-y-plus-0.080-z-plus-0.060/1-cheap-pbe-atoms-relaxed,12.46953469919797,-0.03919995925645853,0.08320005156604482,0.0618000496738752,6.320676852515874e-17,-5.308545819455014e-17,-1.01213103306086e-17,0.11080673050854793,0.08320005156604482,,,,550,PBE,172,8,-17.825818,1
6-stretch-all-three-axes,stretch-x-minus-0.040-y-plus-0.080-z-plus-0.060,2-accurate-hse06-atoms-fixed,6-stretch-all-three-axes/stretch-x-minus-0.040-y-plus-0.080-z-plus-0.060/2-accurate-hse06-atoms-fixed,12.46953469919797,-0.03919995925645853,0.08320005156604482,0.0618000496738752,6.320676852515874e-17,-5.308545819455014e-17,-1.01213103306086e-17,0.11080673050854793,0.08320005156604482,.TRUE.,0.27,,550,HSE,172,8,-20.874914,1
6-stretch-all-three-axes,stretch-x-minus-0.040-y-plus-0.080-z-plus-0.080,1-cheap-pbe-atoms-relaxed,6-stretch-all-three-axes/stretch-x-minus-0.040-y-plus-0.080-z-plus-0.080/1-cheap-pbe-atoms-relaxed,12.704808938805472,-0.03919995925645853,0.08320005156604482,0.08320005156604482,1.0695925015724556e-17,-5.746146851159604e-19,-1.0121310330608596e-17,0.12402069975166663,0.08320005156604482,,,,550,PBE,172,8,-17.740978,1
6-stretch-all-three-axes,stretch-x-minus-0.040-y-plus-0.080-z-plus-0.080,2-accurate-hse06-atoms-fixed,6-stretch-all-three-axes/stretch-x-minus-0.040-y-plus-0.080-z-plus-0.080/2-accurate-hse06-atoms-fixed,12.704808938805472,-0.03919995925645853,0.08320005156604482,0.08320005156604482,1.0695925015724556e-17,-5.746146851159604e-19,-1.0121310330608596e-17,0.12402069975166663,0.08320005156604482,.TRUE.,0.27,,550,HSE,172,8,-20.772334,1
6-stretch-all-three-axes,stretch-x-minus-0.060-y-minus-0.020-z-minus-0.020,1-cheap-pbe-atoms-relaxed,6-stretch-all-three-axes/stretch-x-minus-0.060-y-minus-0.020-z-minus-0.020/1-cheap-pbe-atoms-relaxed,10.243052514270275,-0.05819996093642227,-0.019799957541127067,-0.019799957541127067,2.1268800597061615e-17,-1.7821153653880384e-17,-3.44764694318123e-18,0.06458569570935926,0.05819996093642227,,,,550,PBE,172,8,-17.955007,1
6-stretch-all-three-axes,stretch-x-minus-0.060-y-minus-0.020-z-minus-0.020,2-accurate-hse06-atoms-fixed,6-stretch-all-three-axes/stretch-x-minus-0.060-y-minus-0.020-z-minus-0.020/2-accurate-hse06-atoms-fixed,10.243052514270275,-0.05819996093642227,-0.019799957541127067,-0.019799957541127067,2.1268800597061615e-17,-1.7821153653880384e-17,-3.44764694318123e-18,0.06458569570935926,0.05819996093642227,.TRUE.,0.27,,550,HSE,172,8,-21.162809,1
6-stretch-all-three-axes,stretch-x-minus-0.060-y-minus-0.020-z-minus-0.040,1-cheap-pbe-atoms-relaxed,6-stretch-all-three-axes/stretch-x-minus-0.060-y-minus-0.020-z-minus-0.040/1-cheap-pbe-atoms-relaxed,10.034010626223937,-0.05819996093642227,-0.019799957541127067,-0.03919995925645853,1.5407748121277124e-17,-1.1960101178095895e-17,-3.44764694318123e-18,0.0729102912992365,0.05819996093642227,,,,550,PBE,172,8,-17.880122,1
6-stretch-all-three-axes,stretch-x-minus-0.060-y-minus-0.020-z-minus-0.040,2-accurate-hse06-atoms-fixed,6-stretch-all-three-axes/stretch-x-minus-0.060-y-minus-0.020-z-minus-0.040/2-accurate-hse06-atoms-fixed,10.034010626223937,-0.05819996093642227,-0.019799957541127067,-0.03919995925645853,1.5407748121277124e-17,-1.1960101178095895e-17,-3.44764694318123e-18,0.0729102912992365,0.05819996093642227,.TRUE.,0.27,,550,HSE,172,8,-21.101868,1
6-stretch-all-three-axes,stretch-x-minus-0.060-y-minus-0.020-z-minus-0.060,1-cheap-pbe-atoms-relaxed,6-stretch-all-three-axes/stretch-x-minus-0.060-y-minus-0.020-z-minus-0.060/1-cheap-pbe-atoms-relaxed,9.824968738177606,-0.05819996093642227,-0.019799957541127067,-0.05819996093642227,3.4476469431812308e-18,-4.186208814925584e-34,-3.44764694318123e-18,0.08465523743178913,0.05819996093642227,,,,550,PBE,172,8,-17.767785,1
6-stretch-all-three-axes,stretch-x-minus-0.060-y-minus-0.020-z-minus-0.060,2-accurate-hse06-atoms-fixed,6-stretch-all-three-axes/stretch-x-minus-0.060-y-minus-0.020-z-minus-0.060/2-accurate-hse06-atoms-fixed,9.824968738177606,-0.05819996093642227,-0.019799957541127067,-0.05819996093642227,3.4476469431812308e-18,-4.186208814925584e-34,-3.44764694318123e-18,0.08465523743178913,0.05819996093642227,.TRUE.,0.27,,550,HSE,172,8,-21.002303,1
6-stretch-all-three-axes,stretch-x-minus-0.060-y-minus-0.020-z-minus-0.080,1-cheap-pbe-atoms-relaxed,6-stretch-all-three-axes/stretch-x-minus-0.060-y-minus-0.020-z-minus-0.080/1-cheap-pbe-atoms-relaxed,9.615926850131276,-0.05819996093642227,-0.019799957541127067,-0.07679996258101834,-8.00774545058323e-18,1.145539239376446e-17,-3.4476469431812304e-18,0.09837432604128646,0.07679996258101834,,,,550,PBE,172,8,-17.615994,1
6-stretch-all-three-axes,stretch-x-minus-0.060-y-minus-0.020-z-minus-0.080,2-accurate-hse06-atoms-fixed,6-stretch-all-three-axes/stretch-x-minus-0.060-y-minus-0.020-z-minus-0.080/2-accurate-hse06-atoms-fixed,9.615926850131276,-0.05819996093642227,-0.019799957541127067,-0.07679996258101834,-8.00774545058323e-18,1.145539239376446e-17,-3.4476469431812304e-18,0.09837432604128646,0.07679996258101834,.TRUE.,0.27,,550,HSE,172,8,-20.862093,1
6-stretch-all-three-axes,stretch-x-minus-0.060-y-minus-0.020-z-plus-0.020,1-cheap-pbe-atoms-relaxed,6-stretch-all-three-axes/stretch-x-minus-0.060-y-minus-0.020-z-plus-0.020/1-cheap-pbe-atoms-relaxed,10.66113629036294,-0.05819996093642227,-0.019799957541127067,0.020200045995638516,-9.178371006082866e-18,1.2626017949264096e-17,-3.4476469431812304e-18,0.06470947094403896,0.05819996093642227,,,,550,PBE,172,8,-17.999826,1
6-stretch-all-three-axes,stretch-x-minus-0.060-y-minus-0.020-z-plus-0.020,2-accurate-hse06-atoms-fixed,6-stretch-all-three-axes/stretch-x-minus-0.060-y-minus-0.020-z-plus-0.020/2-accurate-hse06-atoms-fixed,10.66113629036294,-0.05819996093642227,-0.019799957541127067,0.020200045995638516,-9.178371006082866e-18,1.2626017949264096e-17,-3.4476469431812304e-18,0.06470947094403896,0.05819996093642227,.TRUE.,0.27,,550,HSE,172,8,-21.176286,1
6-stretch-all-three-axes,stretch-x-minus-0.060-y-minus-0.020-z-plus-0.040,1-cheap-pbe-atoms-relaxed,6-stretch-all-three-axes/stretch-x-minus-0.060-y-minus-0.020-z-plus-0.040/1-cheap-pbe-atoms-relaxed,10.870178178409269,-0.05819996093642227,-0.019799957541127067,0.04080004781707314,5.4279102337977996e-17,-5.083145539479676e-17,-3.447646943181232e-18,0.07378290908812804,0.05819996093642227,,,,550,PBE,172,8,-17.973375,1
6-stretch-all-three-axes,stretch-x-minus-0.060-y-minus-0.020-z-plus-0.040,2-accurate-hse06-atoms-fixed,6-stretch-all-three-axes/stretch-x-minus-0.060-y-minus-0.020-z-plus-0.040/2-accurate-hse06-atoms-fixed,10.870178178409269,-0.05819996093642227,-0.019799957541127067,0.04080004781707314,5.4279102337977996e-17,-5.083145539479676e-17,-3.447646943181232e-18,0.07378290908812804,0.05819996093642227,.TRUE.,0.27,,550,HSE,172,8,-21.132468,1
6-stretch-all-three-axes,stretch-x-minus-0.060-y-minus-0.020-z-plus-0.060,1-cheap-pbe-atoms-relaxed,6-stretch-all-three-axes/stretch-x-minus-0.060-y-minus-0.020-z-plus-0.060/1-cheap-pbe-atoms-relaxed,11.079220066455601,-0.05819996093642227,-0.019799957541127067,0.0618000496738752,6.849320631582727e-17,-6.504555937264604e-17,-3.447646943181233e-18,0.08716948956673404,0.0618000496738752,,,,550,PBE,172,8,-17.916672,1
6-stretch-all-three-axes,stretch-x-minus-0.060-y-minus-0.020-z-plus-0.060,2-accurate-hse06-atoms-fixed,6-stretch-all-three-axes/stretch-x-minus-0.060-y-minus-0.020-z-plus-0.060/2-accurate-hse06-atoms-fixed,11.079220066455601,-0.05819996093642227,-0.019799957541127067,0.0618000496738752,6.849320631582727e-17,-6.504555937264604e-17,-3.447646943181233e-18,0.08716948956673404,0.0618000496738752,.TRUE.,0.27,,550,HSE,172,8,-21.057292,1
6-stretch-all-three-axes,stretch-x-minus-0.060-y-minus-0.020-z-plus-0.080,1-cheap-pbe-atoms-relaxed,6-stretch-all-three-axes/stretch-x-minus-0.060-y-minus-0.020-z-plus-0.080/1-cheap-pbe-atoms-relaxed,11.288261954501934,-0.05819996093642227,-0.019799957541127067,0.08320005156604482,1.5982362806393085e-17,-1.2534715863211855e-17,-3.44764694318123e-18,0.10344816263338866,0.08320005156604482,,,,550,PBE,172,8,-17.831388,1
6-stretch-all-three-axes,stretch-x-minus-0.060-y-minus-0.020-z-plus-0.080,2-accurate-hse06-atoms-fixed,6-stretch-all-three-axes/stretch-x-minus-0.060-y-minus-0.020-z-plus-0.080/2-accurate-hse06-atoms-fixed,11.288261954501934,-0.05819996093642227,-0.019799957541127067,0.08320005156604482,1.5982362806393085e-17,-1.2534715863211855e-17,-3.44764694318123e-18,0.10344816263338866,0.08320005156604482,.TRUE.,0.27,,550,HSE,172,8,-20.952441,1
6-stretch-all-three-axes,stretch-x-minus-0.060-y-minus-0.040-z-minus-0.020,1-cheap-pbe-atoms-relaxed,6-stretch-all-three-axes/stretch-x-minus-0.060-y-minus-0.040-z-minus-0.020/1-cheap-pbe-atoms-relaxed,10.034010626223937,-0.05819996093642227,-0.03919995925645853,-0.019799957541127067,1.5407748121277124e-17,-1.7821153653880384e-17,2.413405532603259e-18,0.0729102912992365,0.05819996093642227,,,,550,PBE,172,8,-17.880122,1
6-stretch-all-three-axes,stretch-x-minus-0.060-y-minus-0.040-z-minus-0.020,2-accurate-hse06-atoms-fixed,6-stretch-all-three-axes/stretch-x-minus-0.060-y-minus-0.040-z-minus-0.020/2-accurate-hse06-atoms-fixed,10.034010626223937,-0.05819996093642227,-0.03919995925645853,-0.019799957541127067,1.5407748121277124e-17,-1.7821153653880384e-17,2.413405532603259e-18,0.0729102912992365,0.05819996093642227,.TRUE.,0.27,,550,HSE,172,8,-21.101868,1
6-stretch-all-three-axes,stretch-x-minus-0.060-y-minus-0.040-z-minus-0.040,1-cheap-pbe-atoms-relaxed,6-stretch-all-three-axes/stretch-x-minus-0.060-y-minus-0.040-z-minus-0.040/1-cheap-pbe-atoms-relaxed,9.829234899158147,-0.05819996093642227,-0.03919995925645853,-0.03919995925645853,9.546695645492635e-18,-1.1960101178095895e-17,2.413405532603259e-18,0.08037729196991582,0.05819996093642227,,,,550,PBE,172,8,-17.799665,1
6-stretch-all-three-axes,stretch-x-minus-0.060-y-minus-0.040-z-minus-0.040,2-accurate-hse06-atoms-fixed,6-stretch-all-three-axes/stretch-x-minus-0.060-y-minus-0.040-z-minus-0.040/2-accurate-hse06-atoms-fixed,9.829234899158147,-0.05819996093642227,-0.03919995925645853,-0.03919995925645853,9.546695645492635e-18,-1.1960101178095895e-17,2.413405532603259e-18,0.08037729196991582,0.05819996093642227,.TRUE.,0.27,,550,HSE,172,8,-21.035623,1
6-stretch-all-three-axes,stretch-x-minus-0.060-y-minus-0.040-z-minus-0.060,1-cheap-pbe-atoms-relaxed,6-stretch-all-three-axes/stretch-x-minus-0.060-y-minus-0.040-z-minus-0.060/1-cheap-pbe-atoms-relaxed,9.624459172092353,-0.05819996093642227,-0.03919995925645853,-0.05819996093642227,-2.413405532603259e-18,-4.186208814925584e-34,2.413405532603259e-18,0.0911652768970191,0.05819996093642227,,,,550,PBE,172,8,-17.680733,1
6-stretch-all-three-axes,stretch-x-minus-0.060-y-minus-0.040-z-minus-0.060,2-accurate-hse06-atoms-fixed,6-stretch-all-three-axes/stretch-x-minus-0.060-y-minus-0.040-z-minus-0.060/2-accurate-hse06-atoms-fixed,9.624459172092353,-0.05819996093642227,-0.03919995925645853,-0.05819996093642227,-2.413405532603259e-18,-4.186208814925584e-34,2.413405532603259e-18,0.0911652768970191,0.05819996093642227,.TRUE.,0.27,,550,HSE,172,8,-20.929719,1
6-stretch-all-three-axes,stretch-x-minus-0.060-y-minus-0.040-z-minus-0.080,1-cheap-pbe-atoms-relaxed,6-stretch-all-three-axes/stretch-x-minus-0.060-y-minus-0.040-z-minus-0.080/1-cheap-pbe-atoms-relaxed,9.419683445026555,-0.05819996093642227,-0.03919995925645853,-0.07679996258101834,-1.386879792636772e-17,1.145539239376446e-17,2.4134055326032586e-18,0.10402935408409929,0.07679996258101834,,,,550,PBE,172,8,-17.521289,1
6-stretch-all-three-axes,stretch-x-minus-0.060-y-minus-0.040-z-minus-0.080,2-accurate-hse06-atoms-fixed,6-stretch-all-three-axes/stretch-x-minus-0.060-y-minus-0.040-z-minus-0.080/2-accurate-hse06-atoms-fixed,9.419683445026555,-0.05819996093642227,-0.03919995925645853,-0.07679996258101834,-1.386879792636772e-17,1.145539239376446e-17,2.4134055326032586e-18,0.10402935408409929,0.07679996258101834,.TRUE.,0.27,,550,HSE,172,8,-20.782104,1
6-stretch-all-three-axes,stretch-x-minus-0.060-y-minus-0.040-z-plus-0.020,1-cheap-pbe-atoms-relaxed,6-stretch-all-three-axes/stretch-x-minus-0.060-y-minus-0.040-z-plus-0.020/1-cheap-pbe-atoms-relaxed,10.443562080355527,-0.05819996093642227,-0.03919995925645853,0.020200045995638516,-1.5039423481867355e-17,1.2626017949264096e-17,2.4134055326032586e-18,0.07301995697708263,0.05819996093642227,,,,550,PBE,172,8,-17.933088,1
6-stretch-all-three-axes,stretch-x-minus-0.060-y-minus-0.040-z-plus-0.020,2-accurate-hse06-atoms-fixed,6-stretch-all-three-axes/stretch-x-minus-0.060-y-minus-0.040-z-plus-0.020/2-accurate-hse06-atoms-fixed,10.443562080355527,-0.05819996093642227,-0.03919995925645853,0.020200045995638516,-1.5039423481867355e-17,1.2626017949264096e-17,2.4134055326032586e-18,0.07301995697708263,0.05819996093642227,.TRUE.,0.27,,550,HSE,172,8,-21.122891,1
6-stretch-all-three-axes,stretch-x-minus-0.060-y-minus-0.040-z-plus-0.040,1-cheap-pbe-atoms-relaxed,6-stretch-all-three-axes/stretch-x-minus-0.060-y-minus-0.040-z-plus-0.040/1-cheap-pbe-atoms-relaxed,10.648337807421324,-0.05819996093642227,-0.03919995925645853,0.04080004781707314,4.8418049862193506e-17,-5.083145539479676e-17,2.413405532603257e-18,0.08116967512922878,0.05819996093642227,,,,550,PBE,172,8,-17.909404,1
6-stretch-all-three-axes,stretch-x-minus-0.060-y-minus-0.040-z-plus-0.040,2-accurate-hse06-atoms-fixed,6-stretch-all-three-axes/stretch-x-minus-0.060-y-minus-0.040-z-plus-0.040/2-accurate-hse06-atoms-fixed,10.648337807421324,-0.05819996093642227,-0.03919995925645853,0.04080004781707314,4.8418049862193506e-17,-5.083145539479676e-17,2.413405532603257e-18,0.08116967512922878,0.05819996093642227,.TRUE.,0.27,,550,HSE,172,8,-21.081523,1
6-stretch-all-three-axes,stretch-x-minus-0.060-y-minus-0.040-z-plus-0.060,1-cheap-pbe-atoms-relaxed,6-stretch-all-three-axes/stretch-x-minus-0.060-y-minus-0.040-z-plus-0.060/1-cheap-pbe-atoms-relaxed,10.853113534487118,-0.05819996093642227,-0.03919995925645853,0.0618000496738752,6.263215384004278e-17,-6.504555937264604e-17,2.413405532603256e-18,0.09350464372640821,0.0618000496738752,,,,550,PBE,172,8,-17.854638,1
6-stretch-all-three-axes,stretch-x-minus-0.060-y-minus-0.040-z-plus-0.060,2-accurate-hse06-atoms-fixed,6-stretch-all-three-axes/stretch-x-minus-0.060-y-minus-0.040-z-plus-0.060/2-accurate-hse06-atoms-fixed,10.853113534487118,-0.05819996093642227,-0.03919995925645853,0.0618000496738752,6.263215384004278e-17,-6.504555937264604e-17,2.413405532603256e-18,0.09350464372640821,0.0618000496738752,.TRUE.,0.27,,550,HSE,172,8,-21.00795,1
6-stretch-all-three-axes,stretch-x-minus-0.060-y-minus-0.040-z-plus-0.080,1-cheap-pbe-atoms-relaxed,6-stretch-all-three-axes/stretch-x-minus-0.060-y-minus-0.040-z-plus-0.080/1-cheap-pbe-atoms-relaxed,11.057889261552914,-0.05819996093642227,-0.03919995925645853,0.08320005156604482,1.0121310330608596e-17,-1.2534715863211855e-17,2.413405532603259e-18,0.10883988625178549,0.08320005156604482,,,,550,PBE,172,8,-17.770618,1
6-stretch-all-three-axes,stretch-x-minus-0.060-y-minus-0.040-z-plus-0.080,2-accurate-hse06-atoms-fixed,6-stretch-all-three-axes/stretch-x-minus-0.060-y-minus-0.040-z-plus-0.080/2-accurate-hse06-atoms-fixed,11.057889261552914,-0.05819996093642227,-0.03919995925645853,0.08320005156604482,1.0121310330608596e-17,-1.2534715863211855e-17,2.413405532603259e-18,0.10883988625178549,0.08320005156604482,.TRUE.,0.27,,550,HSE,172,8,-20.904037,1
6-stretch-all-three-axes,stretch-x-minus-0.060-y-minus-0.060-z-minus-0.020,1-cheap-pbe-atoms-relaxed,6-stretch-all-three-axes/stretch-x-minus-0.060-y-minus-0.060-z-minus-0.020/1-cheap-pbe-atoms-relaxed,9.824968738177606,-0.05819996093642227,-0.05819996093642227,-0.019799957541127067,3.44764694318123e-18,-1.7821153653880384e-17,1.4373506710699154e-17,0.08465523743178913,0.05819996093642227,,,,550,PBE,172,8,-17.767785,1
6-stretch-all-three-axes,stretch-x-minus-0.060-y-minus-0.060-z-minus-0.020,2-accurate-hse06-atoms-fixed,6-stretch-all-three-axes/stretch-x-minus-0.060-y-minus-0.060-z-minus-0.020/2-accurate-hse06-atoms-fixed,9.824968738177606,-0.05819996093642227,-0.05819996093642227,-0.019799957541127067,3.44764694318123e-18,-1.7821153653880384e-17,1.4373506710699154e-17,0.08465523743178913,0.05819996093642227,.TRUE.,0.27,,550,HSE,172,8,-21.002303,1
6-stretch-all-three-axes,stretch-x-minus-0.060-y-minus-0.060-z-minus-0.040,1-cheap-pbe-atoms-relaxed,6-stretch-all-three-axes/stretch-x-minus-0.060-y-minus-0.060-z-minus-0.040/1-cheap-pbe-atoms-relaxed,9.624459172092347,-0.05819996093642227,-0.05819996093642227,-0.03919995925645853,-2.413405532603259e-18,-1.1960101178095895e-17,1.4373506710699154e-17,0.0911652768970191,0.05819996093642227,,,,550,PBE,172,8,-17.680733,1
6-stretch-all-three-axes,stretch-x-minus-0.060-y-minus-0.060-z-minus-0.040,2-accurate-hse06-atoms-fixed,6-stretch-all-three-axes/stretch-x-minus-0.060-y-minus-0.060-z-minus-0.040/2-accurate-hse06-atoms-fixed,9.624459172092347,-0.05819996093642227,-0.05819996093642227,-0.03919995925645853,-2.413405532603259e-18,-1.1960101178095895e-17,1.4373506710699154e-17,0.0911652768970191,0.05819996093642227,.TRUE.,0.27,,550,HSE,172,8,-20.929719,1
6-stretch-all-three-axes,stretch-x-minus-0.060-y-minus-0.060-z-minus-0.060,1-cheap-pbe-atoms-relaxed,6-stretch-all-three-axes/stretch-x-minus-0.060-y-minus-0.060-z-minus-0.060/1-cheap-pbe-atoms-relaxed,9.423949606007092,-0.05819996093642227,-0.05819996093642227,-0.05819996093642227,-1.4373506710699154e-17,-4.186208814925584e-34,1.4373506710699154e-17,0.10080528934040729,0.05819996093642227,,,,550,PBE,172,8,-17.554061,1
6-stretch-all-three-axes,stretch-x-minus-0.060-y-minus-0.060-z-minus-0.060,2-accurate-hse06-atoms-fixed,6-stretch-all-three-axes/stretch-x-minus-0.060-y-minus-0.060-z-minus-0.060/2-accurate-hse06-atoms-fixed,9.423949606007092,-0.05819996093642227,-0.05819996093642227,-0.05819996093642227,-1.4373506710699154e-17,-4.186208814925584e-34,1.4373506710699154e-17,0.10080528934040729,0.05819996093642227,.TRUE.,0.27,,550,HSE,172,8,-20.816307,1
6-stretch-all-three-axes,stretch-x-minus-0.060-y-minus-0.060-z-minus-0.080,1-cheap-pbe-atoms-relaxed,6-stretch-all-three-axes/stretch-x-minus-0.060-y-minus-0.060-z-minus-0.080/1-cheap-pbe-atoms-relaxed,9.223440039921831,-0.05819996093642227,-0.05819996093642227,-0.07679996258101834,-2.5828899104463616e-17,1.145539239376446e-17,1.4373506710699154e-17,0.11257311028148762,0.07679996258101834,,,,550,PBE,172,8,-17.385819,1
6-stretch-all-three-axes,stretch-x-minus-0.060-y-minus-0.060-z-minus-0.080,2-accurate-hse06-atoms-fixed,6-stretch-all-three-axes/stretch-x-minus-0.060-y-minus-0.060-z-minus-0.080/2-accurate-hse06-atoms-fixed,9.223440039921831,-0.05819996093642227,-0.05819996093642227,-0.07679996258101834,-2.5828899104463616e-17,1.145539239376446e-17,1.4373506710699154e-17,0.11257311028148762,0.07679996258101834,.TRUE.,0.27,,550,HSE,172,8,-20.660124,1
6-stretch-all-three-axes,stretch-x-minus-0.060-y-minus-0.060-z-plus-0.020,1-cheap-pbe-atoms-relaxed,6-stretch-all-three-axes/stretch-x-minus-0.060-y-minus-0.060-z-plus-0.020/1-cheap-pbe-atoms-relaxed,10.22598787034812,-0.05819996093642227,-0.05819996093642227,0.020200045995638516,-2.6999524659963248e-17,1.2626017949264096e-17,1.4373506710699154e-17,0.08474970657310896,0.05819996093642227,,,,550,PBE,172,8,-17.830867,1
6-stretch-all-three-axes,stretch-x-minus-0.060-y-minus-0.060-z-plus-0.020,2-accurate-hse06-atoms-fixed,6-stretch-all-three-axes/stretch-x-minus-0.060-y-minus-0.060-z-plus-0.020/2-accurate-hse06-atoms-fixed,10.22598787034812,-0.05819996093642227,-0.05819996093642227,0.020200045995638516,-2.6999524659963248e-17,1.2626017949264096e-17,1.4373506710699154e-17,0.08474970657310896,0.05819996093642227,.TRUE.,0.27,,550,HSE,172,8,-21.032871,1
6-stretch-all-three-axes,stretch-x-minus-0.060-y-minus-0.060-z-plus-0.040,1-cheap-pbe-atoms-relaxed,6-stretch-all-three-axes/stretch-x-minus-0.060-y-minus-0.060-z-plus-0.040/1-cheap-pbe-atoms-relaxed,10.426497436433381,-0.05819996093642227,-0.05819996093642227,0.04080004781707314,3.645794868409761e-17,-5.083145539479676e-17,1.437350671069915e-17,0.09186465483458592,0.05819996093642227,,,,550,PBE,172,8,-17.810839,1
6-stretch-all-three-axes,stretch-x-minus-0.060-y-minus-0.060-z-plus-0.040,2-accurate-hse06-atoms-fixed,6-stretch-all-three-axes/stretch-x-minus-0.060-y-minus-0.060-z-plus-0.040/2-accurate-hse06-atoms-fixed,10.426497436433381,-0.05819996093642227,-0.05819996093642227,0.04080004781707314,3.645794868409761e-17,-5.083145539479676e-17,1.437350671069915e-17,0.09186465483458592,0.05819996093642227,.TRUE.,0.27,,550,HSE,172,8,-20.994849,1
6-stretch-all-three-axes,stretch-x-minus-0.060-y-minus-0.060-z-plus-0.060,1-cheap-pbe-atoms-relaxed,6-stretch-all-three-axes/stretch-x-minus-0.060-y-minus-0.060-z-plus-0.060/1-cheap-pbe-atoms-relaxed,10.627007002518639,-0.05819996093642227,-0.05819996093642227,0.0618000496738752,5.067205266194688e-17,-6.504555937264604e-17,1.437350671069915e-17,0.10292578416361761,0.0618000496738752,,,,550,PBE,172,8,-17.758939,1
6-stretch-all-three-axes,stretch-x-minus-0.060-y-minus-0.060-z-plus-0.060,2-accurate-hse06-atoms-fixed,6-stretch-all-three-axes/stretch-x-minus-0.060-y-minus-0.060-z-plus-0.060/2-accurate-hse06-atoms-fixed,10.627007002518639,-0.05819996093642227,-0.05819996093642227,0.0618000496738752,5.067205266194688e-17,-6.504555937264604e-17,1.437350671069915e-17,0.10292578416361761,0.0618000496738752,.TRUE.,0.27,,550,HSE,172,8,-20.923825,1
6-stretch-all-three-axes,stretch-x-minus-0.060-y-minus-0.060-z-plus-0.080,1-cheap-pbe-atoms-relaxed,6-stretch-all-three-axes/stretch-x-minus-0.060-y-minus-0.060-z-plus-0.080/1-cheap-pbe-atoms-relaxed,10.82751656860389,-0.05819996093642227,-0.05819996093642227,0.08320005156604482,-1.838790847487299e-18,-1.2534715863211855e-17,1.4373506710699154e-17,0.11703298460944536,0.08320005156604482,,,,550,PBE,172,8,-17.676961,1
6-stretch-all-three-axes,stretch-x-minus-0.060-y-minus-0.060-z-plus-0.080,2-accurate-hse06-atoms-fixed,6-stretch-all-three-axes/stretch-x-minus-0.060-y-minus-0.060-z-plus-0.080/2-accurate-hse06-atoms-fixed,10.82751656860389,-0.05819996093642227,-0.05819996093642227,0.08320005156604482,-1.838790847487299e-18,-1.2534715863211855e-17,1.4373506710699154e-17,0.11703298460944536,0.08320005156604482,.TRUE.,0.27,,550,HSE,172,8,-20.821618,1
6-stretch-all-three-axes,stretch-x-minus-0.060-y-minus-0.080-z-minus-0.020,1-cheap-pbe-atoms-relaxed,6-stretch-all-three-axes/stretch-x-minus-0.060-y-minus-0.080-z-minus-0.020/1-cheap-pbe-atoms-relaxed,9.615926850131276,-0.05819996093642227,-0.07679996258101834,-0.019799957541127067,-8.007745450583232e-18,-1.7821153653880384e-17,2.5828899104463616e-17,0.09837432604128646,0.07679996258101834,,,,550,PBE,172,8,-17.615994,1
6-stretch-all-three-axes,stretch-x-minus-0.060-y-minus-0.080-z-minus-0.020,2-accurate-hse06-atoms-fixed,6-stretch-all-three-axes/stretch-x-minus-0.060-y-minus-0.080-z-minus-0.020/2-accurate-hse06-atoms-fixed,9.615926850131276,-0.05819996093642227,-0.07679996258101834,-0.019799957541127067,-8.007745450583232e-18,-1.7821153653880384e-17,2.5828899104463616e-17,0.09837432604128646,0.07679996258101834,.TRUE.,0.27,,550,HSE,172,8,-20.862093,1
6-stretch-all-three-axes,stretch-x-minus-0.060-y-minus-0.080-z-minus-0.040,1-cheap-pbe-atoms-relaxed,6-stretch-all-three-axes/stretch-x-minus-0.060-y-minus-0.080-z-minus-0.040/1-cheap-pbe-atoms-relaxed,9.419683445026552,-0.05819996093642227,-0.07679996258101834,-0.03919995925645853,-1.386879792636772e-17,-1.1960101178095895e-17,2.5828899104463616e-17,0.10402935408409929,0.07679996258101834,,,,550,PBE,172,8,-17.521289,1
6-stretch-all-three-axes,stretch-x-minus-0.060-y-minus-0.080-z-minus-0.040,2-accurate-hse06-atoms-fixed,6-stretch-all-three-axes/stretch-x-minus-0.060-y-minus-0.080-z-minus-0.040/2-accurate-hse06-atoms-fixed,9.419683445026552,-0.05819996093642227,-0.07679996258101834,-0.03919995925645853,-1.386879792636772e-17,-1.1960101178095895e-17,2.5828899104463616e-17,0.10402935408409929,0.07679996258101834,.TRUE.,0.27,,550,HSE,172,8,-20.782104,1
6-stretch-all-three-axes,stretch-x-minus-0.060-y-minus-0.080-z-minus-0.060,1-cheap-pbe-atoms-relaxed,6-stretch-all-three-axes/stretch-x-minus-0.060-y-minus-0.080-z-minus-0.060/1-cheap-pbe-atoms-relaxed,9.223440039921831,-0.05819996093642227,-0.07679996258101834,-0.05819996093642227,-2.5828899104463616e-17,-4.186208814925584e-34,2.5828899104463616e-17,0.11257311028148763,0.07679996258101834,,,,550,PBE,172,8,-17.385819,1
6-stretch-all-three-axes,stretch-x-minus-0.060-y-minus-0.080-z-minus-0.060,2-accurate-hse06-atoms-fixed,6-stretch-all-three-axes/stretch-x-minus-0.060-y-minus-0.080-z-minus-0.060/2-accurate-hse06-atoms-fixed,9.223440039921831,-0.05819996093642227,-0.07679996258101834,-0.05819996093642227,-2.5828899104463616e-17,-4.186208814925584e-34,2.5828899104463616e-17,0.11257311028148763,0.07679996258101834,.TRUE.,0.27,,550,HSE,172,8,-20.660124,1
6-stretch-all-three-axes,stretch-x-minus-0.060-y-minus-0.080-z-minus-0.080,1-cheap-pbe-atoms-relaxed,6-stretch-all-three-axes/stretch-x-minus-0.060-y-minus-0.080-z-minus-0.080/1-cheap-pbe-atoms-relaxed,9.027196634817114,-0.05819996093642227,-0.07679996258101834,-0.07679996258101834,-3.728429149822808e-17,1.145539239376446e-17,2.5828899104463616e-17,0.12322217315845681,0.07679996258101834,,,,550,PBE,172,8,-17.207362,1
6-stretch-all-three-axes,stretch-x-minus-0.060-y-minus-0.080-z-minus-0.080,2-accurate-hse06-atoms-fixed,6-stretch-all-three-axes/stretch-x-minus-0.060-y-minus-0.080-z-minus-0.080/2-accurate-hse06-atoms-fixed,9.027196634817114,-0.05819996093642227,-0.07679996258101834,-0.07679996258101834,-3.728429149822808e-17,1.145539239376446e-17,2.5828899104463616e-17,0.12322217315845681,0.07679996258101834,.TRUE.,0.27,,550,HSE,172,8,-20.493901,1
6-stretch-all-three-axes,stretch-x-minus-0.060-y-minus-0.080-z-plus-0.020,1-cheap-pbe-atoms-relaxed,6-stretch-all-three-axes/stretch-x-minus-0.060-y-minus-0.080-z-plus-0.020/1-cheap-pbe-atoms-relaxed,10.008413660340716,-0.05819996093642227,-0.07679996258101834,0.020200045995638516,-3.8454917053727713e-17,1.2626017949264096e-17,2.5828899104463616e-17,0.09845563246291605,0.07679996258101834,,,,550,PBE,172,8,-17.691317,1
6-stretch-all-three-axes,stretch-x-minus-0.060-y-minus-0.080-z-plus-0.020,2-accurate-hse06-atoms-fixed,6-stretch-all-three-axes/stretch-x-minus-0.060-y-minus-0.080-z-plus-0.020/2-accurate-hse06-atoms-fixed,10.008413660340716,-0.05819996093642227,-0.07679996258101834,0.020200045995638516,-3.8454917053727713e-17,1.2626017949264096e-17,2.5828899104463616e-17,0.09845563246291605,0.07679996258101834,.TRUE.,0.27,,550,HSE,172,8,-20.904359,1
6-stretch-all-three-axes,stretch-x-minus-0.060-y-minus-0.080-z-plus-0.040,1-cheap-pbe-atoms-relaxed,6-stretch-all-three-axes/stretch-x-minus-0.060-y-minus-0.080-z-plus-0.040/1-cheap-pbe-atoms-relaxed,10.204657065445435,-0.05819996093642227,-0.07679996258101834,0.04080004781707314,2.5002556290333147e-17,-5.083145539479676e-17,2.5828899104463613e-17,0.1046427905176575,0.07679996258101834,,,,550,PBE,172,8,-17.675987,1
6-stretch-all-three-axes,stretch-x-minus-0.060-y-minus-0.080-z-plus-0.040,2-accurate-hse06-atoms-fixed,6-stretch-all-three-axes/stretch-x-minus-0.060-y-minus-0.080-z-plus-0.040/2-accurate-hse06-atoms-fixed,10.204657065445435,-0.05819996093642227,-0.07679996258101834,0.04080004781707314,2.5002556290333147e-17,-5.083145539479676e-17,2.5828899104463613e-17,0.1046427905176575,0.07679996258101834,.TRUE.,0.27,,550,HSE,172,8,-20.870746,1
6-stretch-all-three-axes,stretch-x-minus-0.060-y-minus-0.080-z-plus-0.060,1-cheap-pbe-atoms-relaxed,6-stretch-all-three-axes/stretch-x-minus-0.060-y-minus-0.080-z-plus-0.060/1-cheap-pbe-atoms-relaxed,10.400900470550154,-0.05819996093642227,-0.07679996258101834,0.0618000496738752,3.921666026818242e-17,-6.504555937264604e-17,2.5828899104463613e-17,0.11447583083402513,0.07679996258101834,,,,550,PBE,172,8,-17.62783,1
6-stretch-all-three-axes,stretch-x-minus-0.060-y-minus-0.080-z-plus-0.060,2-accurate-hse06-atoms-fixed,6-stretch-all-three-axes/stretch-x-minus-0.060-y-minus-0.080-z-plus-0.060/2-accurate-hse06-atoms-fixed,10.400900470550154,-0.05819996093642227,-0.07679996258101834,0.0618000496738752,3.921666026818242e-17,-6.504555937264604e-17,2.5828899104463613e-17,0.11447583083402513,0.07679996258101834,.TRUE.,0.27,,550,HSE,172,8,-20.803148,1
6-stretch-all-three-axes,stretch-x-minus-0.060-y-minus-0.080-z-plus-0.080,1-cheap-pbe-atoms-relaxed,6-stretch-all-three-axes/stretch-x-minus-0.060-y-minus-0.080-z-plus-0.080/1-cheap-pbe-atoms-relaxed,10.597143875654874,-0.05819996093642227,-0.07679996258101834,0.08320005156604482,-1.3294183241251761e-17,-1.2534715863211855e-17,2.5828899104463616e-17,0.12730953729410618,0.08320005156604482,,,,550,PBE,172,8,-17.548818,1
6-stretch-all-three-axes,stretch-x-minus-0.060-y-minus-0.080-z-plus-0.080,2-accurate-hse06-atoms-fixed,6-stretch-all-three-axes/stretch-x-minus-0.060-y-minus-0.080-z-plus-0.080/2-accurate-hse06-atoms-fixed,10.597143875654874,-0.05819996093642227,-0.07679996258101834,0.08320005156604482,-1.3294183241251761e-17,-1.2534715863211855e-17,2.5828899104463616e-17,0.12730953729410618,0.08320005156604482,.TRUE.,0.27,,550,HSE,172,8,-20.70358,1
6-stretch-all-three-axes,stretch-x-minus-0.060-y-plus-0.020-z-minus-0.020,1-cheap-pbe-atoms-relaxed,6-stretch-all-three-axes/stretch-x-minus-0.060-y-plus-0.020-z-minus-0.020/1-cheap-pbe-atoms-relaxed,10.661136290362931,-0.05819996093642227,0.020200045995638516,-0.019799957541127067,-9.178371006082864e-18,-1.7821153653880384e-17,2.6999524659963248e-17,0.06470947094403898,0.05819996093642227,,,,550,PBE,172,8,-17.999826,1
6-stretch-all-three-axes,stretch-x-minus-0.060-y-plus-0.020-z-minus-0.020,2-accurate-hse06-atoms-fixed,6-stretch-all-three-axes/stretch-x-minus-0.060-y-plus-0.020-z-minus-0.020/2-accurate-hse06-atoms-fixed,10.661136290362931,-0.05819996093642227,0.020200045995638516,-0.019799957541127067,-9.178371006082864e-18,-1.7821153653880384e-17,2.6999524659963248e-17,0.06470947094403898,0.05819996093642227,.TRUE.,0.27,,550,HSE,172,8,-21.176286,1
6-stretch-all-three-axes,stretch-x-minus-0.060-y-plus-0.020-z-minus-0.040,1-cheap-pbe-atoms-relaxed,6-stretch-all-three-axes/stretch-x-minus-0.060-y-plus-0.020-z-minus-0.040/1-cheap-pbe-atoms-relaxed,10.443562080355527,-0.05819996093642227,0.020200045995638516,-0.03919995925645853,-1.5039423481867355e-17,-1.1960101178095895e-17,2.6999524659963248e-17,0.07301995697708263,0.05819996093642227,,,,550,PBE,172,8,-17.933088,1
6-stretch-all-three-axes,stretch-x-minus-0.060-y-plus-0.020-z-minus-0.040,2-accurate-hse06-atoms-fixed,6-stretch-all-three-axes/stretch-x-minus-0.060-y-plus-0.020-z-minus-0.040/2-accurate-hse06-atoms-fixed,10.443562080355527,-0.05819996093642227,0.020200045995638516,-0.03919995925645853,-1.5039423481867355e-17,-1.1960101178095895e-17,2.6999524659963248e-17,0.07301995697708263,0.05819996093642227,.TRUE.,0.27,,550,HSE,172,8,-21.122891,1
6-stretch-all-three-axes,stretch-x-minus-0.060-y-plus-0.020-z-minus-0.060,1-cheap-pbe-atoms-relaxed,6-stretch-all-three-axes/stretch-x-minus-0.060-y-plus-0.020-z-minus-0.060/1-cheap-pbe-atoms-relaxed,10.22598787034812,-0.05819996093642227,0.020200045995638516,-0.05819996093642227,-2.6999524659963248e-17,-4.186208814925584e-34,2.6999524659963248e-17,0.08474970657310896,0.05819996093642227,,,,550,PBE,172,8,-17.830867,1
6-stretch-all-three-axes,stretch-x-minus-0.060-y-plus-0.020-z-minus-0.060,2-accurate-hse06-atoms-fixed,6-stretch-all-three-axes/stretch-x-minus-0.060-y-plus-0.020-z-minus-0.060/2-accurate-hse06-atoms-fixed,10.22598787034812,-0.05819996093642227,0.020200045995638516,-0.05819996093642227,-2.6999524659963248e-17,-4.186208814925584e-34,2.6999524659963248e-17,0.08474970657310896,0.05819996093642227,.TRUE.,0.27,,550,HSE,172,8,-21.032871,1
6-stretch-all-three-axes,stretch-x-minus-0.060-y-plus-0.020-z-minus-0.080,1-cheap-pbe-atoms-relaxed,6-stretch-all-three-axes/stretch-x-minus-0.060-y-plus-0.020-z-minus-0.080/1-cheap-pbe-atoms-relaxed,10.008413660340713,-0.05819996093642227,0.020200045995638516,-0.07679996258101834,-3.845491705372771e-17,1.145539239376446e-17,2.6999524659963248e-17,0.09845563246291605,0.07679996258101834,,,,550,PBE,172,8,-17.691317,1
6-stretch-all-three-axes,stretch-x-minus-0.060-y-plus-0.020-z-minus-0.080,2-accurate-hse06-atoms-fixed,6-stretch-all-three-axes/stretch-x-minus-0.060-y-plus-0.020-z-minus-0.080/2-accurate-hse06-atoms-fixed,10.008413660340713,-0.05819996093642227,0.020200045995638516,-0.07679996258101834,-3.845491705372771e-17,1.145539239376446e-17,2.6999524659963248e-17,0.09845563246291605,0.07679996258101834,.TRUE.,0.27,,550,HSE,172,8,-20.904359,1
6-stretch-all-three-axes,stretch-x-minus-0.060-y-plus-0.020-z-plus-0.020,1-cheap-pbe-atoms-relaxed,6-stretch-all-three-axes/stretch-x-minus-0.060-y-plus-0.020-z-plus-0.020/1-cheap-pbe-atoms-relaxed,11.096284710377745,-0.05819996093642227,0.020200045995638516,0.020200045995638516,-3.962554260922734e-17,1.2626017949264096e-17,2.6999524659963248e-17,0.06483300987500812,0.05819996093642227,,,,550,PBE,172,8,-18.033666,1
6-stretch-all-three-axes,stretch-x-minus-0.060-y-plus-0.020-z-plus-0.020,2-accurate-hse06-atoms-fixed,6-stretch-all-three-axes/stretch-x-minus-0.060-y-plus-0.020-z-plus-0.020/2-accurate-hse06-atoms-fixed,11.096284710377745,-0.05819996093642227,0.020200045995638516,0.020200045995638516,-3.962554260922734e-17,1.2626017949264096e-17,2.6999524659963248e-17,0.06483300987500812,0.05819996093642227,.TRUE.,0.27,,550,HSE,172,8,-21.180037,1
6-stretch-all-three-axes,stretch-x-minus-0.060-y-plus-0.020-z-plus-0.040,1-cheap-pbe-atoms-relaxed,6-stretch-all-three-axes/stretch-x-minus-0.060-y-plus-0.020-z-plus-0.040/1-cheap-pbe-atoms-relaxed,11.313858920385155,-0.05819996093642227,0.020200045995638516,0.04080004781707314,2.3831930734833515e-17,-5.083145539479676e-17,2.6999524659963245e-17,0.07389127968239854,0.05819996093642227,,,,550,PBE,172,8,-18.004219,1
6-stretch-all-three-axes,stretch-x-minus-0.060-y-plus-0.020-z-plus-0.040,2-accurate-hse06-atoms-fixed,6-stretch-all-three-axes/stretch-x-minus-0.060-y-plus-0.020-z-plus-0.040/2-accurate-hse06-atoms-fixed,11.313858920385155,-0.05819996093642227,0.020200045995638516,0.04080004781707314,2.3831930734833515e-17,-5.083145539479676e-17,2.6999524659963245e-17,0.07389127968239854,0.05819996093642227,.TRUE.,0.27,,550,HSE,172,8,-21.133882,1
6-stretch-all-three-axes,stretch-x-minus-0.060-y-plus-0.020-z-plus-0.060,1-cheap-pbe-atoms-relaxed,6-stretch-all-three-axes/stretch-x-minus-0.060-y-plus-0.020-z-plus-0.060/1-cheap-pbe-atoms-relaxed,11.53143313039256,-0.05819996093642227,0.020200045995638516,0.0618000496738752,3.804603471268279e-17,-6.504555937264604e-17,2.6999524659963245e-17,0.08726123681750352,0.0618000496738752,,,,550,PBE,172,8,-17.946011,1
6-stretch-all-three-axes,stretch-x-minus-0.060-y-plus-0.020-z-plus-0.060,2-accurate-hse06-atoms-fixed,6-stretch-all-three-axes/stretch-x-minus-0.060-y-plus-0.020-z-plus-0.060/2-accurate-hse06-atoms-fixed,11.53143313039256,-0.05819996093642227,0.020200045995638516,0.0618000496738752,3.804603471268279e-17,-6.504555937264604e-17,2.6999524659963245e-17,0.08726123681750352,0.0618000496738752,.TRUE.,0.27,,550,HSE,172,8,-21.057875,1
6-stretch-all-three-axes,stretch-x-minus-0.060-y-plus-0.020-z-plus-0.080,1-cheap-pbe-atoms-relaxed,6-stretch-all-three-axes/stretch-x-minus-0.060-y-plus-0.020-z-plus-0.080/1-cheap-pbe-atoms-relaxed,11.749007340399967,-0.05819996093642227,0.020200045995638516,0.08320005156604482,-1.4464808796751393e-17,-1.2534715863211855e-17,2.6999524659963248e-17,0.10352548426266601,0.08320005156604482,,,,550,PBE,172,8,-17.860641,1
6-stretch-all-three-axes,stretch-x-minus-0.060-y-plus-0.020-z-plus-0.080,2-accurate-hse06-atoms-fixed,6-stretch-all-three-axes/stretch-x-minus-0.060-y-plus-0.020-z-plus-0.080/2-accurate-hse06-atoms-fixed,11.749007340399967,-0.05819996093642227,0.020200045995638516,0.08320005156604482,-1.4464808796751393e-17,-1.2534715863211855e-17,2.6999524659963248e-17,0.10352548426266601,0.08320005156604482,.TRUE.,0.27,,550,HSE,172,8,-20.953635,1
6-stretch-all-three-axes,stretch-x-minus-0.060-y-plus-0.040-z-minus-0.020,1-cheap-pbe-atoms-relaxed,6-stretch-all-three-axes/stretch-x-minus-0.060-y-plus-0.040-z-minus-0.020/1-cheap-pbe-atoms-relaxed,10.870178178409265,-0.05819996093642227,0.04080004781707314,-0.019799957541127067,5.427910233797799e-17,-1.7821153653880384e-17,-3.645794868409761e-17,0.07378290908812804,0.05819996093642227,,,,550,PBE,172,8,-17.973375,1
6-stretch-all-three-axes,stretch-x-minus-0.060-y-plus-0.040-z-minus-0.020,2-accurate-hse06-atoms-fixed,6-stretch-all-three-axes/stretch-x-minus-0.060-y-plus-0.040-z-minus-0.020/2-accurate-hse06-atoms-fixed,10.870178178409265,-0.05819996093642227,0.04080004781707314,-0.019799957541127067,5.427910233797799e-17,-1.7821153653880384e-17,-3.645794868409761e-17,0.07378290908812804,0.05819996093642227,.TRUE.,0.27,,550,HSE,172,8,-21.132468,1
6-stretch-all-three-axes,stretch-x-minus-0.060-y-plus-0.040-z-minus-0.040,1-cheap-pbe-atoms-relaxed,6-stretch-all-three-axes/stretch-x-minus-0.060-y-plus-0.040-z-minus-0.040/1-cheap-pbe-atoms-relaxed,10.648337807421324,-0.05819996093642227,0.04080004781707314,-0.03919995925645853,4.8418049862193506e-17,-1.1960101178095897e-17,-3.645794868409761e-17,0.08116967512922878,0.05819996093642227,,,,550,PBE,172,8,-17.909404,1
6-stretch-all-three-axes,stretch-x-minus-0.060-y-plus-0.040-z-minus-0.040,2-accurate-hse06-atoms-fixed,6-stretch-all-three-axes/stretch-x-minus-0.060-y-plus-0.040-z-minus-0.040/2-accurate-hse06-atoms-fixed,10.648337807421324,-0.05819996093642227,0.04080004781707314,-0.03919995925645853,4.8418049862193506e-17,-1.1960101178095897e-17,-3.645794868409761e-17,0.08116967512922878,0.05819996093642227,.TRUE.,0.27,,550,HSE,172,8,-21.081523,1
6-stretch-all-three-axes,stretch-x-minus-0.060-y-plus-0.040-z-minus-0.060,1-cheap-pbe-atoms-relaxed,6-stretch-all-three-axes/stretch-x-minus-0.060-y-plus-0.040-z-minus-0.060/1-cheap-pbe-atoms-relaxed,10.426497436433381,-0.05819996093642227,0.04080004781707314,-0.05819996093642227,3.645794868409761e-17,-1.959364837002347e-33,-3.645794868409761e-17,0.09186465483458592,0.05819996093642227,,,,550,PBE,172,8,-17.810839,1
6-stretch-all-three-axes,stretch-x-minus-0.060-y-plus-0.040-z-minus-0.060,2-accurate-hse06-atoms-fixed,6-stretch-all-three-axes/stretch-x-minus-0.060-y-plus-0.040-z-minus-0.060/2-accurate-hse06-atoms-fixed,10.426497436433381,-0.05819996093642227,0.04080004781707314,-0.05819996093642227,3.645794868409761e-17,-1.959364837002347e-33,-3.645794868409761e-17,0.09186465483458592,0.05819996093642227,.TRUE.,0.27,,550,HSE,172,8,-20.994849,1
6-stretch-all-three-axes,stretch-x-minus-0.060-y-plus-0.040-z-minus-0.080,1-cheap-pbe-atoms-relaxed,6-stretch-all-three-axes/stretch-x-minus-0.060-y-plus-0.040-z-minus-0.080/1-cheap-pbe-atoms-relaxed,10.204657065445435,-0.05819996093642227,0.04080004781707314,-0.07679996258101834,2.5002556290333147e-17,1.1455392393764459e-17,-3.645794868409761e-17,0.1046427905176575,0.07679996258101834,,,,550,PBE,172,8,-17.675987,1
6-stretch-all-three-axes,stretch-x-minus-0.060-y-plus-0.040-z-minus-0.080,2-accurate-hse06-atoms-fixed,6-stretch-all-three-axes/stretch-x-minus-0.060-y-plus-0.040-z-minus-0.080/2-accurate-hse06-atoms-fixed,10.204657065445435,-0.05819996093642227,0.04080004781707314,-0.07679996258101834,2.5002556290333147e-17,1.1455392393764459e-17,-3.645794868409761e-17,0.1046427905176575,0.07679996258101834,.TRUE.,0.27,,550,HSE,172,8,-20.870746,1
6-stretch-all-three-axes,stretch-x-minus-0.060-y-plus-0.040-z-plus-0.020,1-cheap-pbe-atoms-relaxed,6-stretch-all-three-axes/stretch-x-minus-0.060-y-plus-0.040-z-plus-0.020/1-cheap-pbe-atoms-relaxed,11.313858920385155,-0.05819996093642227,0.04080004781707314,0.020200045995638516,2.3831930734833515e-17,1.2626017949264094e-17,-3.645794868409761e-17,0.07389127968239854,0.05819996093642227,,,,550,PBE,172,8,-18.004219,1
6-stretch-all-three-axes,stretch-x-minus-0.060-y-plus-0.040-z-plus-0.020,2-accurate-hse06-atoms-fixed,6-stretch-all-three-axes/stretch-x-minus-0.060-y-plus-0.040-z-plus-0.020/2-accurate-hse06-atoms-fixed,11.313858920385155,-0.05819996093642227,0.04080004781707314,0.020200045995638516,2.3831930734833515e-17,1.2626017949264094e-17,-3.645794868409761e-17,0.07389127968239854,0.05819996093642227,.TRUE.,0.27,,550,HSE,172,8,-21.133882,1
6-stretch-all-three-axes,stretch-x-minus-0.060-y-plus-0.040-z-plus-0.040,1-cheap-pbe-atoms-relaxed,6-stretch-all-three-axes/stretch-x-minus-0.060-y-plus-0.040-z-plus-0.040/1-cheap-pbe-atoms-relaxed,11.535699291373101,-0.05819996093642227,0.04080004781707314,0.04080004781707314,8.728940407889437e-17,-5.083145539479676e-17,-3.645794868409761e-17,0.08195439742168803,0.05819996093642227,,,,550,PBE,172,8,-17.974413,1
6-stretch-all-three-axes,stretch-x-minus-0.060-y-plus-0.040-z-plus-0.040,2-accurate-hse06-atoms-fixed,6-stretch-all-three-axes/stretch-x-minus-0.060-y-plus-0.040-z-plus-0.040/2-accurate-hse06-atoms-fixed,11.535699291373101,-0.05819996093642227,0.04080004781707314,0.04080004781707314,8.728940407889437e-17,-5.083145539479676e-17,-3.645794868409761e-17,0.08195439742168803,0.05819996093642227,.TRUE.,0.27,,550,HSE,172,8,-21.087707,1
6-stretch-all-three-axes,stretch-x-minus-0.060-y-plus-0.040-z-plus-0.060,1-cheap-pbe-atoms-relaxed,6-stretch-all-three-axes/stretch-x-minus-0.060-y-plus-0.040-z-plus-0.060/1-cheap-pbe-atoms-relaxed,11.757539662361046,-0.05819996093642227,0.04080004781707314,0.0618000496738752,1.0150350805674364e-16,-6.504555937264604e-17,-3.645794868409761e-17,0.09418665242256981,0.0618000496738752,,,,550,PBE,172,8,-17.91652,1
6-stretch-all-three-axes,stretch-x-minus-0.060-y-plus-0.040-z-plus-0.060,2-accurate-hse06-atoms-fixed,6-stretch-all-three-axes/stretch-x-minus-0.060-y-plus-0.040-z-plus-0.060/2-accurate-hse06-atoms-fixed,11.757539662361046,-0.05819996093642227,0.04080004781707314,0.0618000496738752,1.0150350805674364e-16,-6.504555937264604e-17,-3.645794868409761e-17,0.09418665242256981,0.0618000496738752,.TRUE.,0.27,,550,HSE,172,8,-21.012361,1
6-stretch-all-three-axes,stretch-x-minus-0.060-y-plus-0.040-z-plus-0.080,1-cheap-pbe-atoms-relaxed,6-stretch-all-three-axes/stretch-x-minus-0.060-y-plus-0.040-z-plus-0.080/1-cheap-pbe-atoms-relaxed,11.979380033348988,-0.05819996093642227,0.04080004781707314,0.08320005156604482,4.8992664547309467e-17,-1.2534715863211856e-17,-3.645794868409761e-17,0.10942635850410563,0.08320005156604482,,,,550,PBE,172,8,-17.832161,1
6-stretch-all-three-axes,stretch-x-minus-0.060-y-plus-0.040-z-plus-0.080,2-accurate-hse06-atoms-fixed,6-stretch-all-three-axes/stretch-x-minus-0.060-y-plus-0.040-z-plus-0.080/2-accurate-hse06-atoms-fixed,11.979380033348988,-0.05819996093642227,0.04080004781707314,0.08320005156604482,4.8992664547309467e-17,-1.2534715863211856e-17,-3.645794868409761e-17,0.10942635850410563,0.08320005156604482,.TRUE.,0.27,,550,HSE,172,8,-20.909479,1
6-stretch-all-three-axes,stretch-x-minus-0.060-y-plus-0.060-z-minus-0.020,1-cheap-pbe-atoms-relaxed,6-stretch-all-three-axes/stretch-x-minus-0.060-y-plus-0.060-z-minus-0.020/1-cheap-pbe-atoms-relaxed,11.079220066455596,-0.05819996093642227,0.0618000496738752,-0.019799957541127067,6.849320631582727e-17,-1.7821153653880387e-17,-5.067205266194688e-17,0.08716948956673404,0.0618000496738752,,,,550,PBE,172,8,-17.916672,1
6-stretch-all-three-axes,stretch-x-minus-0.060-y-plus-0.060-z-minus-0.020,2-accurate-hse06-atoms-fixed,6-stretch-all-three-axes/stretch-x-minus-0.060-y-plus-0.060-z-minus-0.020/2-accurate-hse06-atoms-fixed,11.079220066455596,-0.05819996093642227,0.0618000496738752,-0.019799957541127067,6.849320631582727e-17,-1.7821153653880387e-17,-5.067205266194688e-17,0.08716948956673404,0.0618000496738752,.TRUE.,0.27,,550,HSE,172,8,-21.057292,1
6-stretch-all-three-axes,stretch-x-minus-0.060-y-plus-0.060-z-minus-0.040,1-cheap-pbe-atoms-relaxed,6-stretch-all-three-axes/stretch-x-minus-0.060-y-plus-0.060-z-minus-0.040/1-cheap-pbe-atoms-relaxed,10.853113534487118,-0.05819996093642227,0.0618000496738752,-0.03919995925645853,6.263215384004278e-17,-1.1960101178095898e-17,-5.067205266194688e-17,0.09350464372640821,0.0618000496738752,,,,550,PBE,172,8,-17.854638,1
6-stretch-all-three-axes,stretch-x-minus-0.060-y-plus-0.060-z-minus-0.040,2-accurate-hse06-atoms-fixed,6-stretch-all-three-axes/stretch-x-minus-0.060-y-plus-0.060-z-minus-0.040/2-accurate-hse06-atoms-fixed,10.853113534487118,-0.05819996093642227,0.0618000496738752,-0.03919995925645853,6.263215384004278e-17,-1.1960101178095898e-17,-5.067205266194688e-17,0.09350464372640821,0.0618000496738752,.TRUE.,0.27,,550,HSE,172,8,-21.00795,1
6-stretch-all-three-axes,stretch-x-minus-0.060-y-plus-0.060-z-minus-0.060,1-cheap-pbe-atoms-relaxed,6-stretch-all-three-axes/stretch-x-minus-0.060-y-plus-0.060-z-minus-0.060/1-cheap-pbe-atoms-relaxed,10.627007002518639,-0.05819996093642227,0.0618000496738752,-0.05819996093642227,5.067205266194688e-17,-3.500108792512136e-33,-5.067205266194688e-17,0.10292578416361761,0.0618000496738752,,,,550,PBE,172,8,-17.758939,1
6-stretch-all-three-axes,stretch-x-minus-0.060-y-plus-0.060-z-minus-0.060,2-accurate-hse06-atoms-fixed,6-stretch-all-three-axes/stretch-x-minus-0.060-y-plus-0.060-z-minus-0.060/2-accurate-hse06-atoms-fixed,10.627007002518639,-0.05819996093642227,0.0618000496738752,-0.05819996093642227,5.067205266194688e-17,-3.500108792512136e-33,-5.067205266194688e-17,0.10292578416361761,0.0618000496738752,.TRUE.,0.27,,550,HSE,172,8,-20.923825,1
6-stretch-all-three-axes,stretch-x-minus-0.060-y-plus-0.060-z-minus-0.080,1-cheap-pbe-atoms-relaxed,6-stretch-all-three-axes/stretch-x-minus-0.060-y-plus-0.060-z-minus-0.080/1-cheap-pbe-atoms-relaxed,10.400900470550154,-0.05819996093642227,0.0618000496738752,-0.07679996258101834,3.921666026818242e-17,1.1455392393764458e-17,-5.067205266194688e-17,0.11447583083402513,0.07679996258101834,,,,550,PBE,172,8,-17.62783,1
6-stretch-all-three-axes,stretch-x-minus-0.060-y-plus-0.060-z-minus-0.080,2-accurate-hse06-atoms-fixed,6-stretch-all-three-axes/stretch-x-minus-0.060-y-plus-0.060-z-minus-0.080/2-accurate-hse06-atoms-fixed,10.400900470550154,-0.05819996093642227,0.0618000496738752,-0.07679996258101834,3.921666026818242e-17,1.1455392393764458e-17,-5.067205266194688e-17,0.11447583083402513,0.07679996258101834,.TRUE.,0.27,,550,HSE,172,8,-20.803148,1
6-stretch-all-three-axes,stretch-x-minus-0.060-y-plus-0.060-z-plus-0.020,1-cheap-pbe-atoms-relaxed,6-stretch-all-three-axes/stretch-x-minus-0.060-y-plus-0.060-z-plus-0.020/1-cheap-pbe-atoms-relaxed,11.53143313039256,-0.05819996093642227,0.0618000496738752,0.020200045995638516,3.8046034712682784e-17,1.2626017949264093e-17,-5.067205266194688e-17,0.08726123681750352,0.0618000496738752,,,,550,PBE,172,8,-17.946011,1
6-stretch-all-three-axes,stretch-x-minus-0.060-y-plus-0.060-z-plus-0.020,2-accurate-hse06-atoms-fixed,6-stretch-all-three-axes/stretch-x-minus-0.060-y-plus-0.060-z-plus-0.020/2-accurate-hse06-atoms-fixed,11.53143313039256,-0.05819996093642227,0.0618000496738752,0.020200045995638516,3.8046034712682784e-17,1.2626017949264093e-17,-5.067205266194688e-17,0.08726123681750352,0.0618000496738752,.TRUE.,0.27,,550,HSE,172,8,-21.057875,1
6-stretch-all-three-axes,stretch-x-minus-0.060-y-plus-0.060-z-plus-0.040,1-cheap-pbe-atoms-relaxed,6-stretch-all-three-axes/stretch-x-minus-0.060-y-plus-0.060-z-plus-0.040/1-cheap-pbe-atoms-relaxed,11.757539662361046,-0.05819996093642227,0.0618000496738752,0.04080004781707314,1.0150350805674364e-16,-5.083145539479677e-17,-5.067205266194688e-17,0.09418665242256981,0.0618000496738752,,,,550,PBE,172,8,-17.91652,1
6-stretch-all-three-axes,stretch-x-minus-0.060-y-plus-0.060-z-plus-0.040,2-accurate-hse06-atoms-fixed,6-stretch-all-three-axes/stretch-x-minus-0.060-y-plus-0.060-z-plus-0.040/2-accurate-hse06-atoms-fixed,11.757539662361046,-0.05819996093642227,0.0618000496738752,0.04080004781707314,1.0150350805674364e-16,-5.083145539479677e-17,-5.067205266194688e-17,0.09418665242256981,0.0618000496738752,.TRUE.,0.27,,550,HSE,172,8,-21.012361,1
6-stretch-all-three-axes,stretch-x-minus-0.060-y-plus-0.060-z-plus-0.060,1-cheap-pbe-atoms-relaxed,6-stretch-all-three-axes/stretch-x-minus-0.060-y-plus-0.060-z-plus-0.060/1-cheap-pbe-atoms-relaxed,11.983646194329525,-0.05819996093642227,0.0618000496738752,0.0618000496738752,1.1571761203459292e-16,-6.504555937264604e-17,-5.067205266194688e-17,0.10500346533514007,0.0618000496738752,,,,550,PBE,172,8,-17.859646,1
6-stretch-all-three-axes,stretch-x-minus-0.060-y-plus-0.060-z-plus-0.060,2-accurate-hse06-atoms-fixed,6-stretch-all-three-axes/stretch-x-minus-0.060-y-plus-0.060-z-plus-0.060/2-accurate-hse06-atoms-fixed,11.983646194329525,-0.05819996093642227,0.0618000496738752,0.0618000496738752,1.1571761203459292e-16,-6.504555937264604e-17,-5.067205266194688e-17,0.10500346533514007,0.0618000496738752,.TRUE.,0.27,,550,HSE,172,8,-20.938377,1
6-stretch-all-three-axes,stretch-x-minus-0.060-y-plus-0.060-z-plus-0.080,1-cheap-pbe-atoms-relaxed,6-stretch-all-three-axes/stretch-x-minus-0.060-y-plus-0.060-z-plus-0.080/1-cheap-pbe-atoms-relaxed,12.209752726298008,-0.05819996093642227,0.0618000496738752,0.08320005156604482,6.320676852515874e-17,-1.2534715863211858e-17,-5.067205266194688e-17,0.11886433516108622,0.08320005156604482,,,,550,PBE,172,8,-17.776914,1
6-stretch-all-three-axes,stretch-x-minus-0.060-y-plus-0.060-z-plus-0.080,2-accurate-hse06-atoms-fixed,6-stretch-all-three-axes/stretch-x-minus-0.060-y-plus-0.060-z-plus-0.080/2-accurate-hse06-atoms-fixed,12.209752726298008,-0.05819996093642227,0.0618000496738752,0.08320005156604482,6.320676852515874e-17,-1.2534715863211858e-17,-5.067205266194688e-17,0.11886433516108622,0.08320005156604482,.TRUE.,0.27,,550,HSE,172,8,-20.837476,1
6-stretch-all-three-axes,stretch-x-minus-0.060-y-plus-0.080-z-minus-0.020,1-cheap-pbe-atoms-relaxed,6-stretch-all-three-axes/stretch-x-minus-0.060-y-plus-0.080-z-minus-0.020/1-cheap-pbe-atoms-relaxed,11.288261954501934,-0.05819996093642227,0.08320005156604482,-0.019799957541127067,1.5982362806393085e-17,-1.7821153653880384e-17,1.838790847487299e-18,0.10344816263338867,0.08320005156604482,,,,550,PBE,172,8,-17.831388,1
6-stretch-all-three-axes,stretch-x-minus-0.060-y-plus-0.080-z-minus-0.020,2-accurate-hse06-atoms-fixed,6-stretch-all-three-axes/stretch-x-minus-0.060-y-plus-0.080-z-minus-0.020/2-accurate-hse06-atoms-fixed,11.288261954501934,-0.05819996093642227,0.08320005156604482,-0.019799957541127067,1.5982362806393085e-17,-1.7821153653880384e-17,1.838790847487299e-18,0.10344816263338867,0.08320005156604482,.TRUE.,0.27,,550,HSE,172,8,-20.952441,1
6-stretch-all-three-axes,stretch-x-minus-0.060-y-plus-0.080-z-minus-0.040,1-cheap-pbe-atoms-relaxed,6-stretch-all-three-axes/stretch-x-minus-0.060-y-plus-0.080-z-minus-0.040/1-cheap-pbe-atoms-relaxed,11.057889261552909,-0.05819996093642227,0.08320005156604482,-0.03919995925645853,1.0121310330608596e-17,-1.1960101178095895e-17,1.838790847487299e-18,0.10883988625178549,0.08320005156604482,,,,550,PBE,172,8,-17.770618,1
6-stretch-all-three-axes,stretch-x-minus-0.060-y-plus-0.080-z-minus-0.040,2-accurate-hse06-atoms-fixed,6-stretch-all-three-axes/stretch-x-minus-0.060-y-plus-0.080-z-minus-0.040/2-accurate-hse06-atoms-fixed,11.057889261552909,-0.05819996093642227,0.08320005156604482,-0.03919995925645853,1.0121310330608596e-17,-1.1960101178095895e-17,1.838790847487299e-18,0.10883988625178549,0.08320005156604482,.TRUE.,0.27,,550,HSE,172,8,-20.904037,1
6-stretch-all-three-axes,stretch-x-minus-0.060-y-plus-0.080-z-minus-0.060,1-cheap-pbe-atoms-relaxed,6-stretch-all-three-axes/stretch-x-minus-0.060-y-plus-0.080-z-minus-0.060/1-cheap-pbe-atoms-relaxed,10.82751656860389,-0.05819996093642227,0.08320005156604482,-0.05819996093642227,-1.8387908474872986e-18,-4.186208814925584e-34,1.838790847487299e-18,0.11703298460944536,0.08320005156604482,,,,550,PBE,172,8,-17.676961,1
6-stretch-all-three-axes,stretch-x-minus-0.060-y-plus-0.080-z-minus-0.060,2-accurate-hse06-atoms-fixed,6-stretch-all-three-axes/stretch-x-minus-0.060-y-plus-0.080-z-minus-0.060/2-accurate-hse06-atoms-fixed,10.82751656860389,-0.05819996093642227,0.08320005156604482,-0.05819996093642227,-1.8387908474872986e-18,-4.186208814925584e-34,1.838790847487299e-18,0.11703298460944536,0.08320005156604482,.TRUE.,0.27,,550,HSE,172,8,-20.821618,1
6-stretch-all-three-axes,stretch-x-minus-0.060-y-plus-0.080-z-minus-0.080,1-cheap-pbe-atoms-relaxed,6-stretch-all-three-axes/stretch-x-minus-0.060-y-plus-0.080-z-minus-0.080/1-cheap-pbe-atoms-relaxed,10.597143875654874,-0.05819996093642227,0.08320005156604482,-0.07679996258101834,-1.329418324125176e-17,1.145539239376446e-17,1.8387908474872986e-18,0.12730953729410618,0.08320005156604482,,,,550,PBE,172,8,-17.548818,1
6-stretch-all-three-axes,stretch-x-minus-0.060-y-plus-0.080-z-minus-0.080,2-accurate-hse06-atoms-fixed,6-stretch-all-three-axes/stretch-x-minus-0.060-y-plus-0.080-z-minus-0.080/2-accurate-hse06-atoms-fixed,10.597143875654874,-0.05819996093642227,0.08320005156604482,-0.07679996258101834,-1.329418324125176e-17,1.145539239376446e-17,1.8387908474872986e-18,0.12730953729410618,0.08320005156604482,.TRUE.,0.27,,550,HSE,172,8,-20.70358,1
6-stretch-all-three-axes,stretch-x-minus-0.060-y-plus-0.080-z-plus-0.020,1-cheap-pbe-atoms-relaxed,6-stretch-all-three-axes/stretch-x-minus-0.060-y-plus-0.080-z-plus-0.020/1-cheap-pbe-atoms-relaxed,11.749007340399972,-0.05819996093642227,0.08320005156604482,0.020200045995638516,-1.4464808796751393e-17,1.2626017949264096e-17,1.8387908474872986e-18,0.10352548426266601,0.08320005156604482,,,,550,PBE,172,8,-17.860641,1
6-stretch-all-three-axes,stretch-x-minus-0.060-y-plus-0.080-z-plus-0.020,2-accurate-hse06-atoms-fixed,6-stretch-all-three-axes/stretch-x-minus-0.060-y-plus-0.080-z-plus-0.020/2-accurate-hse06-atoms-fixed,11.749007340399972,-0.05819996093642227,0.08320005156604482,0.020200045995638516,-1.4464808796751393e-17,1.2626017949264096e-17,1.8387908474872986e-18,0.10352548426266601,0.08320005156604482,.TRUE.,0.27,,550,HSE,172,8,-20.953635,1
6-stretch-all-three-axes,stretch-x-minus-0.060-y-plus-0.080-z-plus-0.040,1-cheap-pbe-atoms-relaxed,6-stretch-all-three-axes/stretch-x-minus-0.060-y-plus-0.080-z-plus-0.040/1-cheap-pbe-atoms-relaxed,11.979380033348988,-0.05819996093642227,0.08320005156604482,0.04080004781707314,4.8992664547309467e-17,-5.083145539479676e-17,1.838790847487297e-18,0.10942635850410563,0.08320005156604482,,,,550,PBE,172,8,-17.832161,1
6-stretch-all-three-axes,stretch-x-minus-0.060-y-plus-0.080-z-plus-0.040,2-accurate-hse06-atoms-fixed,6-stretch-all-three-axes/stretch-x-minus-0.060-y-plus-0.080-z-plus-0.040/2-accurate-hse06-atoms-fixed,11.979380033348988,-0.05819996093642227,0.08320005156604482,0.04080004781707314,4.8992664547309467e-17,-5.083145539479676e-17,1.838790847487297e-18,0.10942635850410563,0.08320005156604482,.TRUE.,0.27,,550,HSE,172,8,-20.909479,1
6-stretch-all-three-axes,stretch-x-minus-0.060-y-plus-0.080-z-plus-0.060,1-cheap-pbe-atoms-relaxed,6-stretch-all-three-axes/stretch-x-minus-0.060-y-plus-0.080-z-plus-0.060/1-cheap-pbe-atoms-relaxed,12.209752726298008,-0.05819996093642227,0.08320005156604482,0.0618000496738752,6.320676852515874e-17,-6.504555937264604e-17,1.838790847487296e-18,0.11886433516108622,0.08320005156604482,,,,550,PBE,172,8,-17.776914,1
6-stretch-all-three-axes,stretch-x-minus-0.060-y-plus-0.080-z-plus-0.060,2-accurate-hse06-atoms-fixed,6-stretch-all-three-axes/stretch-x-minus-0.060-y-plus-0.080-z-plus-0.060/2-accurate-hse06-atoms-fixed,12.209752726298008,-0.05819996093642227,0.08320005156604482,0.0618000496738752,6.320676852515874e-17,-6.504555937264604e-17,1.838790847487296e-18,0.11886433516108622,0.08320005156604482,.TRUE.,0.27,,550,HSE,172,8,-20.837476,1
6-stretch-all-three-axes,stretch-x-minus-0.060-y-plus-0.080-z-plus-0.080,1-cheap-pbe-atoms-relaxed,6-stretch-all-three-axes/stretch-x-minus-0.060-y-plus-0.080-z-plus-0.080/1-cheap-pbe-atoms-relaxed,12.440125419247027,-0.05819996093642227,0.08320005156604482,0.08320005156604482,1.0695925015724556e-17,-1.2534715863211855e-17,1.838790847487299e-18,0.13126969419552295,0.08320005156604482,,,,550,PBE,172,8,-17.696433,1
6-stretch-all-three-axes,stretch-x-minus-0.060-y-plus-0.080-z-plus-0.080,2-accurate-hse06-atoms-fixed,6-stretch-all-three-axes/stretch-x-minus-0.060-y-plus-0.080-z-plus-0.080/2-accurate-hse06-atoms-fixed,12.440125419247027,-0.05819996093642227,0.08320005156604482,0.08320005156604482,1.0695925015724556e-17,-1.2534715863211855e-17,1.838790847487299e-18,0.13126969419552295,0.08320005156604482,.TRUE.,0.27,,550,HSE,172,8,-20.739189,1
6-stretch-all-three-axes,stretch-x-minus-0.080-y-minus-0.020-z-minus-0.020,1-cheap-pbe-atoms-relaxed,6-stretch-all-three-axes/stretch-x-minus-0.080-y-minus-0.020-z-minus-0.020/1-cheap-pbe-atoms-relaxed,10.025115226732607,-0.07679996258101834,-0.019799957541127067,-0.019799957541127067,2.1268800597061615e-17,-2.9276546047644843e-17,8.007745450583232e-18,0.08174540286589019,0.07679996258101834,,,,550,PBE,172,8,-17.821047,1
6-stretch-all-three-axes,stretch-x-minus-0.080-y-minus-0.020-z-minus-0.020,2-accurate-hse06-atoms-fixed,6-stretch-all-three-axes/stretch-x-minus-0.080-y-minus-0.020-z-minus-0.020/2-accurate-hse06-atoms-fixed,10.025115226732607,-0.07679996258101834,-0.019799957541127067,-0.019799957541127067,2.1268800597061615e-17,-2.9276546047644843e-17,8.007745450583232e-18,0.08174540286589019,0.07679996258101834,.TRUE.,0.27,,550,HSE,172,8,-21.040201,1
6-stretch-all-three-axes,stretch-x-minus-0.080-y-minus-0.020-z-minus-0.040,1-cheap-pbe-atoms-relaxed,6-stretch-all-three-axes/stretch-x-minus-0.080-y-minus-0.020-z-minus-0.040/1-cheap-pbe-atoms-relaxed,9.820521038431941,-0.07679996258101834,-0.019799957541127067,-0.03919995925645853,1.5407748121277124e-17,-2.3415493571860356e-17,8.007745450583232e-18,0.08846982184216413,0.07679996258101834,,,,550,PBE,172,8,-17.737828,1
6-stretch-all-three-axes,stretch-x-minus-0.080-y-minus-0.020-z-minus-0.040,2-accurate-hse06-atoms-fixed,6-stretch-all-three-axes/stretch-x-minus-0.080-y-minus-0.020-z-minus-0.040/2-accurate-hse06-atoms-fixed,9.820521038431941,-0.07679996258101834,-0.019799957541127067,-0.03919995925645853,1.5407748121277124e-17,-2.3415493571860356e-17,8.007745450583232e-18,0.08846982184216413,0.07679996258101834,.TRUE.,0.27,,550,HSE,172,8,-20.971055,1
6-stretch-all-three-axes,stretch-x-minus-0.080-y-minus-0.020-z-minus-0.060,1-cheap-pbe-atoms-relaxed,6-stretch-all-three-axes/stretch-x-minus-0.080-y-minus-0.020-z-minus-0.060/1-cheap-pbe-atoms-relaxed,9.615926850131276,-0.07679996258101834,-0.019799957541127067,-0.05819996093642227,3.4476469431812308e-18,-1.1455392393764462e-17,8.007745450583232e-18,0.09837432604128646,0.07679996258101834,,,,550,PBE,172,8,-17.615994,1
6-stretch-all-three-axes,stretch-x-minus-0.080-y-minus-0.020-z-minus-0.060,2-accurate-hse06-atoms-fixed,6-stretch-all-three-axes/stretch-x-minus-0.080-y-minus-0.020-z-minus-0.060/2-accurate-hse06-atoms-fixed,9.615926850131276,-0.07679996258101834,-0.019799957541127067,-0.05819996093642227,3.4476469431812308e-18,-1.1455392393764462e-17,8.007745450583232e-18,0.09837432604128646,0.07679996258101834,.TRUE.,0.27,,550,HSE,172,8,-20.862093,1
6-stretch-all-three-axes,stretch-x-minus-0.080-y-minus-0.020-z-minus-0.080,1-cheap-pbe-atoms-relaxed,6-stretch-all-three-axes/stretch-x-minus-0.080-y-minus-0.020-z-minus-0.080/1-cheap-pbe-atoms-relaxed,9.411332661830613,-0.07679996258101834,-0.019799957541127067,-0.07679996258101834,-8.00774545058323e-18,-9.514889787831346e-34,8.007745450583232e-18,0.1104015707475309,0.07679996258101834,,,,550,PBE,172,8,-17.453491,1
6-stretch-all-three-axes,stretch-x-minus-0.080-y-minus-0.020-z-minus-0.080,2-accurate-hse06-atoms-fixed,6-stretch-all-three-axes/stretch-x-minus-0.080-y-minus-0.020-z-minus-0.080/2-accurate-hse06-atoms-fixed,9.411332661830613,-0.07679996258101834,-0.019799957541127067,-0.07679996258101834,-8.00774545058323e-18,-9.514889787831346e-34,8.007745450583232e-18,0.1104015707475309,0.07679996258101834,.TRUE.,0.27,,550,HSE,172,8,-20.711245,1
6-stretch-all-three-axes,stretch-x-minus-0.080-y-minus-0.020-z-plus-0.020,1-cheap-pbe-atoms-relaxed,6-stretch-all-three-axes/stretch-x-minus-0.080-y-minus-0.020-z-plus-0.020/1-cheap-pbe-atoms-relaxed,10.43430360333394,-0.07679996258101834,-0.019799957541127067,0.020200045995638516,-9.178371006082866e-18,1.1706255554996334e-18,8.007745450583232e-18,0.08184323080928663,0.07679996258101834,,,,550,PBE,172,8,-17.879435,1
6-stretch-all-three-axes,stretch-x-minus-0.080-y-minus-0.020-z-plus-0.020,2-accurate-hse06-atoms-fixed,6-stretch-all-three-axes/stretch-x-minus-0.080-y-minus-0.020-z-plus-0.020/2-accurate-hse06-atoms-fixed,10.43430360333394,-0.07679996258101834,-0.019799957541127067,0.020200045995638516,-9.178371006082866e-18,1.1706255554996334e-18,8.007745450583232e-18,0.08184323080928663,0.07679996258101834,.TRUE.,0.27,,550,HSE,172,8,-21.066925,1
6-stretch-all-three-axes,stretch-x-minus-0.080-y-minus-0.020-z-plus-0.040,1-cheap-pbe-atoms-relaxed,6-stretch-all-three-axes/stretch-x-minus-0.080-y-minus-0.020-z-plus-0.040/1-cheap-pbe-atoms-relaxed,10.638897791634601,-0.07679996258101834,-0.019799957541127067,0.04080004781707314,5.4279102337977996e-17,-6.228684778856123e-17,8.00774545058323e-18,0.08919033845070724,0.07679996258101834,,,,550,PBE,172,8,-17.858296,1
6-stretch-all-three-axes,stretch-x-minus-0.080-y-minus-0.020-z-plus-0.040,2-accurate-hse06-atoms-fixed,6-stretch-all-three-axes/stretch-x-minus-0.080-y-minus-0.020-z-plus-0.040/2-accurate-hse06-atoms-fixed,10.638897791634601,-0.07679996258101834,-0.019799957541127067,0.04080004781707314,5.4279102337977996e-17,-6.228684778856123e-17,8.00774545058323e-18,0.08919033845070724,0.07679996258101834,.TRUE.,0.27,,550,HSE,172,8,-21.028222,1
6-stretch-all-three-axes,stretch-x-minus-0.080-y-minus-0.020-z-plus-0.060,1-cheap-pbe-atoms-relaxed,6-stretch-all-three-axes/stretch-x-minus-0.080-y-minus-0.020-z-plus-0.060/1-cheap-pbe-atoms-relaxed,10.843491979935267,-0.07679996258101834,-0.019799957541127067,0.0618000496738752,6.849320631582727e-17,-7.65009517664105e-17,8.007745450583229e-18,0.10054610241461225,0.07679996258101834,,,,550,PBE,172,8,-17.806011,1
6-stretch-all-three-axes,stretch-x-minus-0.080-y-minus-0.020-z-plus-0.060,2-accurate-hse06-atoms-fixed,6-stretch-all-three-axes/stretch-x-minus-0.080-y-minus-0.020-z-plus-0.060/2-accurate-hse06-atoms-fixed,10.843491979935267,-0.07679996258101834,-0.019799957541127067,0.0618000496738752,6.849320631582727e-17,-7.65009517664105e-17,8.007745450583229e-18,0.10054610241461225,0.07679996258101834,.TRUE.,0.27,,550,HSE,172,8,-20.957248,1
6-stretch-all-three-axes,stretch-x-minus-0.080-y-minus-0.020-z-plus-0.080,1-cheap-pbe-atoms-relaxed,6-stretch-all-three-axes/stretch-x-minus-0.080-y-minus-0.020-z-plus-0.080/1-cheap-pbe-atoms-relaxed,11.048086168235937,-0.07679996258101834,-0.019799957541127067,0.08320005156604482,1.5982362806393085e-17,-2.3990108256976317e-17,8.007745450583232e-18,0.1149457313329589,0.08320005156604482,,,,550,PBE,172,8,-17.724313,1
6-stretch-all-three-axes,stretch-x-minus-0.080-y-minus-0.020-z-plus-0.080,2-accurate-hse06-atoms-fixed,6-stretch-all-three-axes/stretch-x-minus-0.080-y-minus-0.020-z-plus-0.080/2-accurate-hse06-atoms-fixed,11.048086168235937,-0.07679996258101834,-0.019799957541127067,0.08320005156604482,1.5982362806393085e-17,-2.3990108256976317e-17,8.007745450583232e-18,0.1149457313329589,0.08320005156604482,.TRUE.,0.27,,550,HSE,172,8,-20.855744,1
6-stretch-all-three-axes,stretch-x-minus-0.080-y-minus-0.040-z-minus-0.020,1-cheap-pbe-atoms-relaxed,6-stretch-all-three-axes/stretch-x-minus-0.080-y-minus-0.040-z-minus-0.020/1-cheap-pbe-atoms-relaxed,9.820521038431941,-0.07679996258101834,-0.03919995925645853,-0.019799957541127067,1.5407748121277124e-17,-2.9276546047644843e-17,1.386879792636772e-17,0.08846982184216413,0.07679996258101834,,,,550,PBE,172,8,-17.737828,1
6-stretch-all-three-axes,stretch-x-minus-0.080-y-minus-0.040-z-minus-0.020,2-accurate-hse06-atoms-fixed,6-stretch-all-three-axes/stretch-x-minus-0.080-y-minus-0.040-z-minus-0.020/2-accurate-hse06-atoms-fixed,9.820521038431941,-0.07679996258101834,-0.03919995925645853,-0.019799957541127067,1.5407748121277124e-17,-2.9276546047644843e-17,1.386879792636772e-17,0.08846982184216413,0.07679996258101834,.TRUE.,0.27,,550,HSE,172,8,-20.971055,1
6-stretch-all-three-axes,stretch-x-minus-0.080-y-minus-0.040-z-minus-0.040,1-cheap-pbe-atoms-relaxed,6-stretch-all-three-axes/stretch-x-minus-0.080-y-minus-0.040-z-minus-0.040/1-cheap-pbe-atoms-relaxed,9.620102241729247,-0.07679996258101834,-0.03919995925645853,-0.03919995925645853,9.546695645492635e-18,-2.3415493571860356e-17,1.386879792636772e-17,0.09471804402468326,0.07679996258101834,,,,550,PBE,172,8,-17.649446,1
6-stretch-all-three-axes,stretch-x-minus-0.080-y-minus-0.040-z-minus-0.040,2-accurate-hse06-atoms-fixed,6-stretch-all-three-axes/stretch-x-minus-0.080-y-minus-0.040-z-minus-0.040/2-accurate-hse06-atoms-fixed,9.620102241729247,-0.07679996258101834,-0.03919995925645853,-0.03919995925645853,9.546695645492635e-18,-2.3415493571860356e-17,1.386879792636772e-17,0.09471804402468326,0.07679996258101834,.TRUE.,0.27,,550,HSE,172,8,-20.897082,1
6-stretch-all-three-axes,stretch-x-minus-0.080-y-minus-0.040-z-minus-0.060,1-cheap-pbe-atoms-relaxed,6-stretch-all-three-axes/stretch-x-minus-0.080-y-minus-0.040-z-minus-0.060/1-cheap-pbe-atoms-relaxed,9.419683445026555,-0.07679996258101834,-0.03919995925645853,-0.05819996093642227,-2.413405532603259e-18,-1.1455392393764462e-17,1.386879792636772e-17,0.10402935408409929,0.07679996258101834,,,,550,PBE,172,8,-17.521289,1
6-stretch-all-three-axes,stretch-x-minus-0.080-y-minus-0.040-z-minus-0.060,2-accurate-hse06-atoms-fixed,6-stretch-all-three-axes/stretch-x-minus-0.080-y-minus-0.040-z-minus-0.060/2-accurate-hse06-atoms-fixed,9.419683445026555,-0.07679996258101834,-0.03919995925645853,-0.05819996093642227,-2.413405532603259e-18,-1.1455392393764462e-17,1.386879792636772e-17,0.10402935408409929,0.07679996258101834,.TRUE.,0.27,,550,HSE,172,8,-20.782104,1
6-stretch-all-three-axes,stretch-x-minus-0.080-y-minus-0.040-z-minus-0.080,1-cheap-pbe-atoms-relaxed,6-stretch-all-three-axes/stretch-x-minus-0.080-y-minus-0.040-z-minus-0.080/1-cheap-pbe-atoms-relaxed,9.219264648323861,-0.07679996258101834,-0.03919995925645853,-0.07679996258101834,-1.386879792636772e-17,-9.514889787831346e-34,1.386879792636772e-17,0.11546906646630363,0.07679996258101834,,,,550,PBE,172,8,-17.351398,1
6-stretch-all-three-axes,stretch-x-minus-0.080-y-minus-0.040-z-minus-0.080,2-accurate-hse06-atoms-fixed,6-stretch-all-three-axes/stretch-x-minus-0.080-y-minus-0.040-z-minus-0.080/2-accurate-hse06-atoms-fixed,9.219264648323861,-0.07679996258101834,-0.03919995925645853,-0.07679996258101834,-1.386879792636772e-17,-9.514889787831346e-34,1.386879792636772e-17,0.11546906646630363,0.07679996258101834,.TRUE.,0.27,,550,HSE,172,8,-20.624165,1
6-stretch-all-three-axes,stretch-x-minus-0.080-y-minus-0.040-z-plus-0.020,1-cheap-pbe-atoms-relaxed,6-stretch-all-three-axes/stretch-x-minus-0.080-y-minus-0.040-z-plus-0.020/1-cheap-pbe-atoms-relaxed,10.221358631837328,-0.07679996258101834,-0.03919995925645853,0.020200045995638516,-1.5039423481867355e-17,1.1706255554996334e-18,1.386879792636772e-17,0.08856022197566885,0.07679996258101834,,,,550,PBE,172,8,-17.803687,1
6-stretch-all-three-axes,stretch-x-minus-0.080-y-minus-0.040-z-plus-0.020,2-accurate-hse06-atoms-fixed,6-stretch-all-three-axes/stretch-x-minus-0.080-y-minus-0.040-z-plus-0.020/2-accurate-hse06-atoms-fixed,10.221358631837328,-0.07679996258101834,-0.03919995925645853,0.020200045995638516,-1.5039423481867355e-17,1.1706255554996334e-18,1.386879792636772e-17,0.08856022197566885,0.07679996258101834,.TRUE.,0.27,,550,HSE,172,8,-21.004544,1
6-stretch-all-three-axes,stretch-x-minus-0.080-y-minus-0.040-z-plus-0.040,1-cheap-pbe-atoms-relaxed,6-stretch-all-three-axes/stretch-x-minus-0.080-y-minus-0.040-z-plus-0.040/1-cheap-pbe-atoms-relaxed,10.421777428540022,-0.07679996258101834,-0.03919995925645853,0.04080004781707314,4.8418049862193506e-17,-6.228684778856123e-17,1.3868797926367719e-17,0.09539137780758428,0.07679996258101834,,,,550,PBE,172,8,-17.785014,1
6-stretch-all-three-axes,stretch-x-minus-0.080-y-minus-0.040-z-plus-0.040,2-accurate-hse06-atoms-fixed,6-stretch-all-three-axes/stretch-x-minus-0.080-y-minus-0.040-z-plus-0.040/2-accurate-hse06-atoms-fixed,10.421777428540022,-0.07679996258101834,-0.03919995925645853,0.04080004781707314,4.8418049862193506e-17,-6.228684778856123e-17,1.3868797926367719e-17,0.09539137780758428,0.07679996258101834,.TRUE.,0.27,,550,HSE,172,8,-20.967941,1
6-stretch-all-three-axes,stretch-x-minus-0.080-y-minus-0.040-z-plus-0.060,1-cheap-pbe-atoms-relaxed,6-stretch-all-three-axes/stretch-x-minus-0.080-y-minus-0.040-z-plus-0.060/1-cheap-pbe-atoms-relaxed,10.622196225242714,-0.07679996258101834,-0.03919995925645853,0.0618000496738752,6.263215384004278e-17,-7.65009517664105e-17,1.3868797926367718e-17,0.10608542405932715,0.07679996258101834,,,,550,PBE,172,8,-17.734373,1
6-stretch-all-three-axes,stretch-x-minus-0.080-y-minus-0.040-z-plus-0.060,2-accurate-hse06-atoms-fixed,6-stretch-all-three-axes/stretch-x-minus-0.080-y-minus-0.040-z-plus-0.060/2-accurate-hse06-atoms-fixed,10.622196225242714,-0.07679996258101834,-0.03919995925645853,0.0618000496738752,6.263215384004278e-17,-7.65009517664105e-17,1.3868797926367718e-17,0.10608542405932715,0.07679996258101834,.TRUE.,0.27,,550,HSE,172,8,-20.898238,1
6-stretch-all-three-axes,stretch-x-minus-0.080-y-minus-0.040-z-plus-0.080,1-cheap-pbe-atoms-relaxed,6-stretch-all-three-axes/stretch-x-minus-0.080-y-minus-0.040-z-plus-0.080/1-cheap-pbe-atoms-relaxed,10.822615021945403,-0.07679996258101834,-0.03919995925645853,0.08320005156604482,1.0121310330608596e-17,-2.3990108256976317e-17,1.386879792636772e-17,0.11982119862005364,0.08320005156604482,,,,550,PBE,172,8,-17.653583,1
6-stretch-all-three-axes,stretch-x-minus-0.080-y-minus-0.040-z-plus-0.080,2-accurate-hse06-atoms-fixed,6-stretch-all-three-axes/stretch-x-minus-0.080-y-minus-0.040-z-plus-0.080/2-accurate-hse06-atoms-fixed,10.822615021945403,-0.07679996258101834,-0.03919995925645853,0.08320005156604482,1.0121310330608596e-17,-2.3990108256976317e-17,1.386879792636772e-17,0.11982119862005364,0.08320005156604482,.TRUE.,0.27,,550,HSE,172,8,-20.797266,1
6-stretch-all-three-axes,stretch-x-minus-0.080-y-minus-0.060-z-minus-0.020,1-cheap-pbe-atoms-relaxed,6-stretch-all-three-axes/stretch-x-minus-0.080-y-minus-0.060-z-minus-0.020/1-cheap-pbe-atoms-relaxed,9.615926850131276,-0.07679996258101834,-0.05819996093642227,-0.019799957541127067,3.44764694318123e-18,-2.9276546047644843e-17,2.5828899104463616e-17,0.09837432604128646,0.07679996258101834,,,,550,PBE,172,8,-17.615994,1
6-stretch-all-three-axes,stretch-x-minus-0.080-y-minus-0.060-z-minus-0.020,2-accurate-hse06-atoms-fixed,6-stretch-all-three-axes/stretch-x-minus-0.080-y-minus-0.060-z-minus-0.020/2-accurate-hse06-atoms-fixed,9.615926850131276,-0.07679996258101834,-0.05819996093642227,-0.019799957541127067,3.44764694318123e-18,-2.9276546047644843e-17,2.5828899104463616e-17,0.09837432604128646,0.07679996258101834,.TRUE.,0.27,,550,HSE,172,8,-20.862093,1
6-stretch-all-three-axes,stretch-x-minus-0.080-y-minus-0.060-z-minus-0.040,1-cheap-pbe-atoms-relaxed,6-stretch-all-three-axes/stretch-x-minus-0.080-y-minus-0.060-z-minus-0.040/1-cheap-pbe-atoms-relaxed,9.419683445026552,-0.07679996258101834,-0.05819996093642227,-0.03919995925645853,-2.413405532603259e-18,-2.3415493571860356e-17,2.5828899104463616e-17,0.10402935408409929,0.07679996258101834,,,,550,PBE,172,8,-17.521289,1
6-stretch-all-three-axes,stretch-x-minus-0.080-y-minus-0.060-z-minus-0.040,2-accurate-hse06-atoms-fixed,6-stretch-all-three-axes/stretch-x-minus-0.080-y-minus-0.060-z-minus-0.040/2-accurate-hse06-atoms-fixed,9.419683445026552,-0.07679996258101834,-0.05819996093642227,-0.03919995925645853,-2.413405532603259e-18,-2.3415493571860356e-17,2.5828899104463616e-17,0.10402935408409929,0.07679996258101834,.TRUE.,0.27,,550,HSE,172,8,-20.782104,1
6-stretch-all-three-axes,stretch-x-minus-0.080-y-minus-0.060-z-minus-0.060,1-cheap-pbe-atoms-relaxed,6-stretch-all-three-axes/stretch-x-minus-0.080-y-minus-0.060-z-minus-0.060/1-cheap-pbe-atoms-relaxed,9.223440039921831,-0.07679996258101834,-0.05819996093642227,-0.05819996093642227,-1.4373506710699154e-17,-1.1455392393764462e-17,2.5828899104463616e-17,0.11257311028148763,0.07679996258101834,,,,550,PBE,172,8,-17.385819,1
6-stretch-all-three-axes,stretch-x-minus-0.080-y-minus-0.060-z-minus-0.060,2-accurate-hse06-atoms-fixed,6-stretch-all-three-axes/stretch-x-minus-0.080-y-minus-0.060-z-minus-0.060/2-accurate-hse06-atoms-fixed,9.223440039921831,-0.07679996258101834,-0.05819996093642227,-0.05819996093642227,-1.4373506710699154e-17,-1.1455392393764462e-17,2.5828899104463616e-17,0.11257311028148763,0.07679996258101834,.TRUE.,0.27,,550,HSE,172,8,-20.660124,1
6-stretch-all-three-axes,stretch-x-minus-0.080-y-minus-0.060-z-minus-0.080,1-cheap-pbe-atoms-relaxed,6-stretch-all-three-axes/stretch-x-minus-0.080-y-minus-0.060-z-minus-0.080/1-cheap-pbe-atoms-relaxed,9.027196634817114,-0.07679996258101834,-0.05819996093642227,-0.07679996258101834,-2.5828899104463616e-17,-9.514889787831346e-34,2.5828899104463616e-17,0.12322217315845681,0.07679996258101834,,,,550,PBE,172,8,-17.207362,1
6-stretch-all-three-axes,stretch-x-minus-0.080-y-minus-0.060-z-minus-0.080,2-accurate-hse06-atoms-fixed,6-stretch-all-three-axes/stretch-x-minus-0.080-y-minus-0.060-z-minus-0.080/2-accurate-hse06-atoms-fixed,9.027196634817114,-0.07679996258101834,-0.05819996093642227,-0.07679996258101834,-2.5828899104463616e-17,-9.514889787831346e-34,2.5828899104463616e-17,0.12322217315845681,0.07679996258101834,.TRUE.,0.27,,550,HSE,172,8,-20.493901,1
6-stretch-all-three-axes,stretch-x-minus-0.080-y-minus-0.060-z-plus-0.020,1-cheap-pbe-atoms-relaxed,6-stretch-all-three-axes/stretch-x-minus-0.080-y-minus-0.060-z-plus-0.020/1-cheap-pbe-atoms-relaxed,10.008413660340716,-0.07679996258101834,-0.05819996093642227,0.020200045995638516,-2.6999524659963248e-17,1.1706255554996334e-18,2.5828899104463616e-17,0.09845563246291605,0.07679996258101834,,,,550,PBE,172,8,-17.691317,1
6-stretch-all-three-axes,stretch-x-minus-0.080-y-minus-0.060-z-plus-0.020,2-accurate-hse06-atoms-fixed,6-stretch-all-three-axes/stretch-x-minus-0.080-y-minus-0.060-z-plus-0.020/2-accurate-hse06-atoms-fixed,10.008413660340716,-0.07679996258101834,-0.05819996093642227,0.020200045995638516,-2.6999524659963248e-17,1.1706255554996334e-18,2.5828899104463616e-17,0.09845563246291605,0.07679996258101834,.TRUE.,0.27,,550,HSE,172,8,-20.904359,1
6-stretch-all-three-axes,stretch-x-minus-0.080-y-minus-0.060-z-plus-0.040,1-cheap-pbe-atoms-relaxed,6-stretch-all-three-axes/stretch-x-minus-0.080-y-minus-0.060-z-plus-0.040/1-cheap-pbe-atoms-relaxed,10.204657065445435,-0.07679996258101834,-0.05819996093642227,0.04080004781707314,3.645794868409761e-17,-6.228684778856123e-17,2.5828899104463613e-17,0.1046427905176575,0.07679996258101834,,,,550,PBE,172,8,-17.675987,1
6-stretch-all-three-axes,stretch-x-minus-0.080-y-minus-0.060-z-plus-0.040,2-accurate-hse06-atoms-fixed,6-stretch-all-three-axes/stretch-x-minus-0.080-y-minus-0.060-z-plus-0.040/2-accurate-hse06-atoms-fixed,10.204657065445435,-0.07679996258101834,-0.05819996093642227,0.04080004781707314,3.645794868409761e-17,-6.228684778856123e-17,2.5828899104463613e-17,0.1046427905176575,0.07679996258101834,.TRUE.,0.27,,550,HSE,172,8,-20.870746,1
6-stretch-all-three-axes,stretch-x-minus-0.080-y-minus-0.060-z-plus-0.060,1-cheap-pbe-atoms-relaxed,6-stretch-all-three-axes/stretch-x-minus-0.080-y-minus-0.060-z-plus-0.060/1-cheap-pbe-atoms-relaxed,10.400900470550154,-0.07679996258101834,-0.05819996093642227,0.0618000496738752,5.067205266194688e-17,-7.65009517664105e-17,2.5828899104463613e-17,0.11447583083402513,0.07679996258101834,,,,550,PBE,172,8,-17.62783,1
6-stretch-all-three-axes,stretch-x-minus-0.080-y-minus-0.060-z-plus-0.060,2-accurate-hse06-atoms-fixed,6-stretch-all-three-axes/stretch-x-minus-0.080-y-minus-0.060-z-plus-0.060/2-accurate-hse06-atoms-fixed,10.400900470550154,-0.07679996258101834,-0.05819996093642227,0.0618000496738752,5.067205266194688e-17,-7.65009517664105e-17,2.5828899104463613e-17,0.11447583083402513,0.07679996258101834,.TRUE.,0.27,,550,HSE,172,8,-20.803148,1
6-stretch-all-three-axes,stretch-x-minus-0.080-y-minus-0.060-z-plus-0.080,1-cheap-pbe-atoms-relaxed,6-stretch-all-three-axes/stretch-x-minus-0.080-y-minus-0.060-z-plus-0.080/1-cheap-pbe-atoms-relaxed,10.597143875654874,-0.07679996258101834,-0.05819996093642227,0.08320005156604482,-1.838790847487299e-18,-2.3990108256976317e-17,2.5828899104463616e-17,0.12730953729410618,0.08320005156604482,,,,550,PBE,172,8,-17.548818,1
6-stretch-all-three-axes,stretch-x-minus-0.080-y-minus-0.060-z-plus-0.080,2-accurate-hse06-atoms-fixed,6-stretch-all-three-axes/stretch-x-minus-0.080-y-minus-0.060-z-plus-0.080/2-accurate-hse06-atoms-fixed,10.597143875654874,-0.07679996258101834,-0.05819996093642227,0.08320005156604482,-1.838790847487299e-18,-2.3990108256976317e-17,2.5828899104463616e-17,0.12730953729410618,0.08320005156604482,.TRUE.,0.27,,550,HSE,172,8,-20.70358,1
6-stretch-all-three-axes,stretch-x-minus-0.080-y-minus-0.080-z-minus-0.020,1-cheap-pbe-atoms-relaxed,6-stretch-all-three-axes/stretch-x-minus-0.080-y-minus-0.080-z-minus-0.020/1-cheap-pbe-atoms-relaxed,9.411332661830608,-0.07679996258101834,-0.07679996258101834,-0.019799957541127067,-8.007745450583232e-18,-2.9276546047644843e-17,3.728429149822808e-17,0.1104015707475309,0.07679996258101834,,,,550,PBE,172,8,-17.453491,1
6-stretch-all-three-axes,stretch-x-minus-0.080-y-minus-0.080-z-minus-0.020,2-accurate-hse06-atoms-fixed,6-stretch-all-three-axes/stretch-x-minus-0.080-y-minus-0.080-z-minus-0.020/2-accurate-hse06-atoms-fixed,9.411332661830608,-0.07679996258101834,-0.07679996258101834,-0.019799957541127067,-8.007745450583232e-18,-2.9276546047644843e-17,3.728429149822808e-17,0.1104015707475309,0.07679996258101834,.TRUE.,0.27,,550,HSE,172,8,-20.711245,1
6-stretch-all-three-axes,stretch-x-minus-0.080-y-minus-0.080-z-minus-0.040,1-cheap-pbe-atoms-relaxed,6-stretch-all-three-axes/stretch-x-minus-0.080-y-minus-0.080-z-minus-0.040/1-cheap-pbe-atoms-relaxed,9.219264648323861,-0.07679996258101834,-0.07679996258101834,-0.03919995925645853,-1.386879792636772e-17,-2.3415493571860356e-17,3.728429149822808e-17,0.11546906646630363,0.07679996258101834,,,,550,PBE,172,8,-17.351398,1
6-stretch-all-three-axes,stretch-x-minus-0.080-y-minus-0.080-z-minus-0.040,2-accurate-hse06-atoms-fixed,6-stretch-all-three-axes/stretch-x-minus-0.080-y-minus-0.080-z-minus-0.040/2-accurate-hse06-atoms-fixed,9.219264648323861,-0.07679996258101834,-0.07679996258101834,-0.03919995925645853,-1.386879792636772e-17,-2.3415493571860356e-17,3.728429149822808e-17,0.11546906646630363,0.07679996258101834,.TRUE.,0.27,,550,HSE,172,8,-20.624165,1
6-stretch-all-three-axes,stretch-x-minus-0.080-y-minus-0.080-z-minus-0.060,1-cheap-pbe-atoms-relaxed,6-stretch-all-three-axes/stretch-x-minus-0.080-y-minus-0.080-z-minus-0.060/1-cheap-pbe-atoms-relaxed,9.027196634817114,-0.07679996258101834,-0.07679996258101834,-0.05819996093642227,-2.5828899104463616e-17,-1.1455392393764462e-17,3.728429149822808e-17,0.12322217315845681,0.07679996258101834,,,,550,PBE,172,8,-17.207362,1
6-stretch-all-three-axes,stretch-x-minus-0.080-y-minus-0.080-z-minus-0.060,2-accurate-hse06-atoms-fixed,6-stretch-all-three-axes/stretch-x-minus-0.080-y-minus-0.080-z-minus-0.060/2-accurate-hse06-atoms-fixed,9.027196634817114,-0.07679996258101834,-0.07679996258101834,-0.05819996093642227,-2.5828899104463616e-17,-1.1455392393764462e-17,3.728429149822808e-17,0.12322217315845681,0.07679996258101834,.TRUE.,0.27,,550,HSE,172,8,-20.493901,1
6-stretch-all-three-axes,stretch-x-minus-0.080-y-minus-0.080-z-minus-0.080,1-cheap-pbe-atoms-relaxed,6-stretch-all-three-axes/stretch-x-minus-0.080-y-minus-0.080-z-minus-0.080/1-cheap-pbe-atoms-relaxed,8.83512862131037,-0.07679996258101834,-0.07679996258101834,-0.07679996258101834,-3.728429149822808e-17,-9.514889787831346e-34,3.728429149822808e-17,0.13302143720971238,0.07679996258101834,,,,550,PBE,172,8,-17.018963,1
6-stretch-all-three-axes,stretch-x-minus-0.080-y-minus-0.080-z-minus-0.080,2-accurate-hse06-atoms-fixed,6-stretch-all-three-axes/stretch-x-minus-0.080-y-minus-0.080-z-minus-0.080/2-accurate-hse06-atoms-fixed,8.83512862131037,-0.07679996258101834,-0.07679996258101834,-0.07679996258101834,-3.728429149822808e-17,-9.514889787831346e-34,3.728429149822808e-17,0.13302143720971238,0.07679996258101834,.TRUE.,0.27,,550,HSE,172,8,-20.317976,1
6-stretch-all-three-axes,stretch-x-minus-0.080-y-minus-0.080-z-plus-0.020,1-cheap-pbe-atoms-relaxed,6-stretch-all-three-axes/stretch-x-minus-0.080-y-minus-0.080-z-plus-0.020/1-cheap-pbe-atoms-relaxed,9.795468688844103,-0.07679996258101834,-0.07679996258101834,0.020200045995638516,-3.8454917053727713e-17,1.1706255554996334e-18,3.728429149822808e-17,0.11047402573961695,0.07679996258101834,,,,550,PBE,172,8,-17.540383,1
6-stretch-all-three-axes,stretch-x-minus-0.080-y-minus-0.080-z-plus-0.020,2-accurate-hse06-atoms-fixed,6-stretch-all-three-axes/stretch-x-minus-0.080-y-minus-0.080-z-plus-0.020/2-accurate-hse06-atoms-fixed,9.795468688844103,-0.07679996258101834,-0.07679996258101834,0.020200045995638516,-3.8454917053727713e-17,1.1706255554996334e-18,3.728429149822808e-17,0.11047402573961695,0.07679996258101834,.TRUE.,0.27,,550,HSE,172,8,-20.764422,1
6-stretch-all-three-axes,stretch-x-minus-0.080-y-minus-0.080-z-plus-0.040,1-cheap-pbe-atoms-relaxed,6-stretch-all-three-axes/stretch-x-minus-0.080-y-minus-0.080-z-plus-0.040/1-cheap-pbe-atoms-relaxed,9.987536702350853,-0.07679996258101834,-0.07679996258101834,0.04080004781707314,2.5002556290333147e-17,-6.228684778856123e-17,3.728429149822808e-17,0.11602203414337765,0.07679996258101834,,,,550,PBE,172,8,-17.529371,1
6-stretch-all-three-axes,stretch-x-minus-0.080-y-minus-0.080-z-plus-0.040,2-accurate-hse06-atoms-fixed,6-stretch-all-three-axes/stretch-x-minus-0.080-y-minus-0.080-z-plus-0.040/2-accurate-hse06-atoms-fixed,9.987536702350853,-0.07679996258101834,-0.07679996258101834,0.04080004781707314,2.5002556290333147e-17,-6.228684778856123e-17,3.728429149822808e-17,0.11602203414337765,0.07679996258101834,.TRUE.,0.27,,550,HSE,172,8,-20.734765,1
6-stretch-all-three-axes,stretch-x-minus-0.080-y-minus-0.080-z-plus-0.060,1-cheap-pbe-atoms-relaxed,6-stretch-all-three-axes/stretch-x-minus-0.080-y-minus-0.080-z-plus-0.060/1-cheap-pbe-atoms-relaxed,10.1796047158576,-0.07679996258101834,-0.07679996258101834,0.0618000496738752,3.921666026818242e-17,-7.65009517664105e-17,3.728429149822808e-17,0.12496285305875934,0.07679996258101834,,,,550,PBE,172,8,-17.484707,1
6-stretch-all-three-axes,stretch-x-minus-0.080-y-minus-0.080-z-plus-0.060,2-accurate-hse06-atoms-fixed,6-stretch-all-three-axes/stretch-x-minus-0.080-y-minus-0.080-z-plus-0.060/2-accurate-hse06-atoms-fixed,10.1796047158576,-0.07679996258101834,-0.07679996258101834,0.0618000496738752,3.921666026818242e-17,-7.65009517664105e-17,3.728429149822808e-17,0.12496285305875934,0.07679996258101834,.TRUE.,0.27,,550,HSE,172,8,-20.670306,1
6-stretch-all-three-axes,stretch-x-minus-0.080-y-minus-0.080-z-plus-0.080,1-cheap-pbe-atoms-relaxed,6-stretch-all-three-axes/stretch-x-minus-0.080-y-minus-0.080-z-plus-0.080/1-cheap-pbe-atoms-relaxed,10.371672729364347,-0.07679996258101834,-0.07679996258101834,0.08320005156604482,-1.3294183241251761e-17,-2.3990108256976317e-17,3.728429149822808e-17,0.13681636263796867,0.08320005156604482,,,,550,PBE,172,8,-17.408315,1
6-stretch-all-three-axes,stretch-x-minus-0.080-y-minus-0.080-z-plus-0.080,2-accurate-hse06-atoms-fixed,6-stretch-all-three-axes/stretch-x-minus-0.080-y-minus-0.080-z-plus-0.080/2-accurate-hse06-atoms-fixed,10.371672729364347,-0.07679996258101834,-0.07679996258101834,0.08320005156604482,-1.3294183241251761e-17,-2.3990108256976317e-17,3.728429149822808e-17,0.13681636263796867,0.08320005156604482,.TRUE.,0.27,,550,HSE,172,8,-20.572975,1
6-stretch-all-three-axes,stretch-x-minus-0.080-y-plus-0.020-z-minus-0.020,1-cheap-pbe-atoms-relaxed,6-stretch-all-three-axes/stretch-x-minus-0.080-y-plus-0.020-z-minus-0.020/1-cheap-pbe-atoms-relaxed,10.434303603333934,-0.07679996258101834,0.020200045995638516,-0.019799957541127067,-9.178371006082864e-18,-2.9276546047644843e-17,3.8454917053727713e-17,0.08184323080928663,0.07679996258101834,,,,550,PBE,172,8,-17.879435,1
6-stretch-all-three-axes,stretch-x-minus-0.080-y-plus-0.020-z-minus-0.020,2-accurate-hse06-atoms-fixed,6-stretch-all-three-axes/stretch-x-minus-0.080-y-plus-0.020-z-minus-0.020/2-accurate-hse06-atoms-fixed,10.434303603333934,-0.07679996258101834,0.020200045995638516,-0.019799957541127067,-9.178371006082864e-18,-2.9276546047644843e-17,3.8454917053727713e-17,0.08184323080928663,0.07679996258101834,.TRUE.,0.27,,550,HSE,172,8,-21.066925,1
6-stretch-all-three-axes,stretch-x-minus-0.080-y-plus-0.020-z-minus-0.040,1-cheap-pbe-atoms-relaxed,6-stretch-all-three-axes/stretch-x-minus-0.080-y-plus-0.020-z-minus-0.040/1-cheap-pbe-atoms-relaxed,10.221358631837328,-0.07679996258101834,0.020200045995638516,-0.03919995925645853,-1.5039423481867355e-17,-2.3415493571860356e-17,3.8454917053727713e-17,0.08856022197566885,0.07679996258101834,,,,550,PBE,172,8,-17.803687,1
6-stretch-all-three-axes,stretch-x-minus-0.080-y-plus-0.020-z-minus-0.040,2-accurate-hse06-atoms-fixed,6-stretch-all-three-axes/stretch-x-minus-0.080-y-plus-0.020-z-minus-0.040/2-accurate-hse06-atoms-fixed,10.221358631837328,-0.07679996258101834,0.020200045995638516,-0.03919995925645853,-1.5039423481867355e-17,-2.3415493571860356e-17,3.8454917053727713e-17,0.08856022197566885,0.07679996258101834,.TRUE.,0.27,,550,HSE,172,8,-21.004544,1
6-stretch-all-three-axes,stretch-x-minus-0.080-y-plus-0.020-z-minus-0.060,1-cheap-pbe-atoms-relaxed,6-stretch-all-three-axes/stretch-x-minus-0.080-y-plus-0.020-z-minus-0.060/1-cheap-pbe-atoms-relaxed,10.008413660340716,-0.07679996258101834,0.020200045995638516,-0.05819996093642227,-2.6999524659963248e-17,-1.1455392393764462e-17,3.8454917053727713e-17,0.09845563246291605,0.07679996258101834,,,,550,PBE,172,8,-17.691317,1
6-stretch-all-three-axes,stretch-x-minus-0.080-y-plus-0.020-z-minus-0.060,2-accurate-hse06-atoms-fixed,6-stretch-all-three-axes/stretch-x-minus-0.080-y-plus-0.020-z-minus-0.060/2-accurate-hse06-atoms-fixed,10.008413660340716,-0.07679996258101834,0.020200045995638516,-0.05819996093642227,-2.6999524659963248e-17,-1.1455392393764462e-17,3.8454917053727713e-17,0.09845563246291605,0.07679996258101834,.TRUE.,0.27,,550,HSE,172,8,-20.904359,1
6-stretch-all-three-axes,stretch-x-minus-0.080-y-plus-0.020-z-minus-0.080,1-cheap-pbe-atoms-relaxed,6-stretch-all-three-axes/stretch-x-minus-0.080-y-plus-0.020-z-minus-0.080/1-cheap-pbe-atoms-relaxed,9.795468688844103,-0.07679996258101834,0.020200045995638516,-0.07679996258101834,-3.845491705372771e-17,-9.514889787831346e-34,3.8454917053727713e-17,0.11047402573961695,0.07679996258101834,,,,550,PBE,172,8,-17.540383,1
6-stretch-all-three-axes,stretch-x-minus-0.080-y-plus-0.020-z-minus-0.080,2-accurate-hse06-atoms-fixed,6-stretch-all-three-axes/stretch-x-minus-0.080-y-plus-0.020-z-minus-0.080/2-accurate-hse06-atoms-fixed,9.795468688844103,-0.07679996258101834,0.020200045995638516,-0.07679996258101834,-3.845491705372771e-17,-9.514889787831346e-34,3.8454917053727713e-17,0.11047402573961695,0.07679996258101834,.TRUE.,0.27,,550,HSE,172,8,-20.764422,1
6-stretch-all-three-axes,stretch-x-minus-0.080-y-plus-0.020-z-plus-0.020,1-cheap-pbe-atoms-relaxed,6-stretch-all-three-axes/stretch-x-minus-0.080-y-plus-0.020-z-plus-0.020/1-cheap-pbe-atoms-relaxed,10.860193546327157,-0.07679996258101834,0.020200045995638516,0.020200045995638516,-3.962554260922734e-17,1.1706255554996334e-18,3.8454917053727713e-17,0.0819409419575931,0.07679996258101834,,,,550,PBE,172,8,-17.928158,1
6-stretch-all-three-axes,stretch-x-minus-0.080-y-plus-0.020-z-plus-0.020,2-accurate-hse06-atoms-fixed,6-stretch-all-three-axes/stretch-x-minus-0.080-y-plus-0.020-z-plus-0.020/2-accurate-hse06-atoms-fixed,10.860193546327157,-0.07679996258101834,0.020200045995638516,0.020200045995638516,-3.962554260922734e-17,1.1706255554996334e-18,3.8454917053727713e-17,0.0819409419575931,0.07679996258101834,.TRUE.,0.27,,550,HSE,172,8,-21.08543,1
6-stretch-all-three-axes,stretch-x-minus-0.080-y-plus-0.020-z-plus-0.040,1-cheap-pbe-atoms-relaxed,6-stretch-all-three-axes/stretch-x-minus-0.080-y-plus-0.020-z-plus-0.040/1-cheap-pbe-atoms-relaxed,11.07313851782377,-0.07679996258101834,0.020200045995638516,0.04080004781707314,2.3831930734833515e-17,-6.228684778856123e-17,3.8454917053727713e-17,0.08928000903084175,0.07679996258101834,,,,550,PBE,172,8,-17.904617,1
6-stretch-all-three-axes,stretch-x-minus-0.080-y-plus-0.020-z-plus-0.040,2-accurate-hse06-atoms-fixed,6-stretch-all-three-axes/stretch-x-minus-0.080-y-plus-0.020-z-plus-0.040/2-accurate-hse06-atoms-fixed,11.07313851782377,-0.07679996258101834,0.020200045995638516,0.04080004781707314,2.3831930734833515e-17,-6.228684778856123e-17,3.8454917053727713e-17,0.08928000903084175,0.07679996258101834,.TRUE.,0.27,,550,HSE,172,8,-21.045067,1
6-stretch-all-three-axes,stretch-x-minus-0.080-y-plus-0.020-z-plus-0.060,1-cheap-pbe-atoms-relaxed,6-stretch-all-three-axes/stretch-x-minus-0.080-y-plus-0.020-z-plus-0.060/1-cheap-pbe-atoms-relaxed,11.286083489320381,-0.07679996258101834,0.020200045995638516,0.0618000496738752,3.804603471268279e-17,-7.65009517664105e-17,3.8454917053727713e-17,0.10062565403695607,0.07679996258101834,,,,550,PBE,172,8,-17.851464,1
6-stretch-all-three-axes,stretch-x-minus-0.080-y-plus-0.020-z-plus-0.060,2-accurate-hse06-atoms-fixed,6-stretch-all-three-axes/stretch-x-minus-0.080-y-plus-0.020-z-plus-0.060/2-accurate-hse06-atoms-fixed,11.286083489320381,-0.07679996258101834,0.020200045995638516,0.0618000496738752,3.804603471268279e-17,-7.65009517664105e-17,3.8454917053727713e-17,0.10062565403695607,0.07679996258101834,.TRUE.,0.27,,550,HSE,172,8,-20.973982,1
6-stretch-all-three-axes,stretch-x-minus-0.080-y-plus-0.020-z-plus-0.080,1-cheap-pbe-atoms-relaxed,6-stretch-all-three-axes/stretch-x-minus-0.080-y-plus-0.020-z-plus-0.080/1-cheap-pbe-atoms-relaxed,11.499028460816993,-0.07679996258101834,0.020200045995638516,0.08320005156604482,-1.4464808796751393e-17,-2.3990108256976317e-17,3.8454917053727713e-17,0.11501532372368582,0.08320005156604482,,,,550,PBE,172,8,-17.770316,1
6-stretch-all-three-axes,stretch-x-minus-0.080-y-plus-0.020-z-plus-0.080,2-accurate-hse06-atoms-fixed,6-stretch-all-three-axes/stretch-x-minus-0.080-y-plus-0.020-z-plus-0.080/2-accurate-hse06-atoms-fixed,11.499028460816993,-0.07679996258101834,0.020200045995638516,0.08320005156604482,-1.4464808796751393e-17,-2.3990108256976317e-17,3.8454917053727713e-17,0.11501532372368582,0.08320005156604482,.TRUE.,0.27,,550,HSE,172,8,-20.873803,1
6-stretch-all-three-axes,stretch-x-minus-0.080-y-plus-0.040-z-minus-0.020,1-cheap-pbe-atoms-relaxed,6-stretch-all-three-axes/stretch-x-minus-0.080-y-plus-0.040-z-minus-0.020/1-cheap-pbe-atoms-relaxed,10.638897791634601,-0.07679996258101834,0.04080004781707314,-0.019799957541127067,5.427910233797799e-17,-2.927654604764485e-17,-2.5002556290333147e-17,0.08919033845070726,0.07679996258101834,,,,550,PBE,172,8,-17.858296,1
6-stretch-all-three-axes,stretch-x-minus-0.080-y-plus-0.040-z-minus-0.020,2-accurate-hse06-atoms-fixed,6-stretch-all-three-axes/stretch-x-minus-0.080-y-plus-0.040-z-minus-0.020/2-accurate-hse06-atoms-fixed,10.638897791634601,-0.07679996258101834,0.04080004781707314,-0.019799957541127067,5.427910233797799e-17,-2.927654604764485e-17,-2.5002556290333147e-17,0.08919033845070726,0.07679996258101834,.TRUE.,0.27,,550,HSE,172,8,-21.028222,1
6-stretch-all-three-axes,stretch-x-minus-0.080-y-plus-0.040-z-minus-0.040,1-cheap-pbe-atoms-relaxed,6-stretch-all-three-axes/stretch-x-minus-0.080-y-plus-0.040-z-minus-0.040/1-cheap-pbe-atoms-relaxed,10.421777428540018,-0.07679996258101834,0.04080004781707314,-0.03919995925645853,4.8418049862193506e-17,-2.341549357186036e-17,-2.5002556290333147e-17,0.09539137780758428,0.07679996258101834,,,,550,PBE,172,8,-17.785014,1
6-stretch-all-three-axes,stretch-x-minus-0.080-y-plus-0.040-z-minus-0.040,2-accurate-hse06-atoms-fixed,6-stretch-all-three-axes/stretch-x-minus-0.080-y-plus-0.040-z-minus-0.040/2-accurate-hse06-atoms-fixed,10.421777428540018,-0.07679996258101834,0.04080004781707314,-0.03919995925645853,4.8418049862193506e-17,-2.341549357186036e-17,-2.5002556290333147e-17,0.09539137780758428,0.07679996258101834,.TRUE.,0.27,,550,HSE,172,8,-20.967941,1
6-stretch-all-three-axes,stretch-x-minus-0.080-y-plus-0.040-z-minus-0.060,1-cheap-pbe-atoms-relaxed,6-stretch-all-three-axes/stretch-x-minus-0.080-y-plus-0.040-z-minus-0.060/1-cheap-pbe-atoms-relaxed,10.204657065445435,-0.07679996258101834,0.04080004781707314,-0.05819996093642227,3.645794868409761e-17,-1.1455392393764465e-17,-2.5002556290333147e-17,0.1046427905176575,0.07679996258101834,,,,550,PBE,172,8,-17.675987,1
6-stretch-all-three-axes,stretch-x-minus-0.080-y-plus-0.040-z-minus-0.060,2-accurate-hse06-atoms-fixed,6-stretch-all-three-axes/stretch-x-minus-0.080-y-plus-0.040-z-minus-0.060/2-accurate-hse06-atoms-fixed,10.204657065445435,-0.07679996258101834,0.04080004781707314,-0.05819996093642227,3.645794868409761e-17,-1.1455392393764465e-17,-2.5002556290333147e-17,0.1046427905176575,0.07679996258101834,.TRUE.,0.27,,550,HSE,172,8,-20.870746,1
6-stretch-all-three-axes,stretch-x-minus-0.080-y-plus-0.040-z-minus-0.080,1-cheap-pbe-atoms-relaxed,6-stretch-all-three-axes/stretch-x-minus-0.080-y-plus-0.040-z-minus-0.080/1-cheap-pbe-atoms-relaxed,9.987536702350848,-0.07679996258101834,0.04080004781707314,-0.07679996258101834,2.5002556290333147e-17,-4.032976889802712e-33,-2.5002556290333147e-17,0.11602203414337765,0.07679996258101834,,,,550,PBE,172,8,-17.529371,1
6-stretch-all-three-axes,stretch-x-minus-0.080-y-plus-0.040-z-minus-0.080,2-accurate-hse06-atoms-fixed,6-stretch-all-three-axes/stretch-x-minus-0.080-y-plus-0.040-z-minus-0.080/2-accurate-hse06-atoms-fixed,9.987536702350848,-0.07679996258101834,0.04080004781707314,-0.07679996258101834,2.5002556290333147e-17,-4.032976889802712e-33,-2.5002556290333147e-17,0.11602203414337765,0.07679996258101834,.TRUE.,0.27,,550,HSE,172,8,-20.734765,1
6-stretch-all-three-axes,stretch-x-minus-0.080-y-plus-0.040-z-plus-0.020,1-cheap-pbe-atoms-relaxed,6-stretch-all-three-axes/stretch-x-minus-0.080-y-plus-0.040-z-plus-0.020/1-cheap-pbe-atoms-relaxed,11.07313851782377,-0.07679996258101834,0.04080004781707314,0.020200045995638516,2.3831930734833515e-17,1.1706255554996303e-18,-2.5002556290333147e-17,0.08928000903084175,0.07679996258101834,,,,550,PBE,172,8,-17.904617,1
6-stretch-all-three-axes,stretch-x-minus-0.080-y-plus-0.040-z-plus-0.020,2-accurate-hse06-atoms-fixed,6-stretch-all-three-axes/stretch-x-minus-0.080-y-plus-0.040-z-plus-0.020/2-accurate-hse06-atoms-fixed,11.07313851782377,-0.07679996258101834,0.04080004781707314,0.020200045995638516,2.3831930734833515e-17,1.1706255554996303e-18,-2.5002556290333147e-17,0.08928000903084175,0.07679996258101834,.TRUE.,0.27,,550,HSE,172,8,-21.045067,1
6-stretch-all-three-axes,stretch-x-minus-0.080-y-plus-0.040-z-plus-0.040,1-cheap-pbe-atoms-relaxed,6-stretch-all-three-axes/stretch-x-minus-0.080-y-plus-0.040-z-plus-0.040/1-cheap-pbe-atoms-relaxed,11.290258880918357,-0.07679996258101834,0.04080004781707314,0.04080004781707314,8.728940407889437e-17,-6.228684778856123e-17,-2.500255629033315e-17,0.09605999196437988,0.07679996258101834,,,,550,PBE,172,8,-17.881046,1
6-stretch-all-three-axes,stretch-x-minus-0.080-y-plus-0.040-z-plus-0.040,2-accurate-hse06-atoms-fixed,6-stretch-all-three-axes/stretch-x-minus-0.080-y-plus-0.040-z-plus-0.040/2-accurate-hse06-atoms-fixed,11.290258880918357,-0.07679996258101834,0.04080004781707314,0.04080004781707314,8.728940407889437e-17,-6.228684778856123e-17,-2.500255629033315e-17,0.09605999196437988,0.07679996258101834,.TRUE.,0.27,,550,HSE,172,8,-21.005054,1
6-stretch-all-three-axes,stretch-x-minus-0.080-y-plus-0.040-z-plus-0.060,1-cheap-pbe-atoms-relaxed,6-stretch-all-three-axes/stretch-x-minus-0.080-y-plus-0.040-z-plus-0.060/1-cheap-pbe-atoms-relaxed,11.50737924401294,-0.07679996258101834,0.04080004781707314,0.0618000496738752,1.0150350805674364e-16,-7.65009517664105e-17,-2.500255629033315e-17,0.10668703901606191,0.07679996258101834,,,,550,PBE,172,8,-17.8286,1
6-stretch-all-three-axes,stretch-x-minus-0.080-y-plus-0.040-z-plus-0.060,2-accurate-hse06-atoms-fixed,6-stretch-all-three-axes/stretch-x-minus-0.080-y-plus-0.040-z-plus-0.060/2-accurate-hse06-atoms-fixed,11.50737924401294,-0.07679996258101834,0.04080004781707314,0.0618000496738752,1.0150350805674364e-16,-7.65009517664105e-17,-2.500255629033315e-17,0.10668703901606191,0.07679996258101834,.TRUE.,0.27,,550,HSE,172,8,-20.935068,1
6-stretch-all-three-axes,stretch-x-minus-0.080-y-plus-0.040-z-plus-0.080,1-cheap-pbe-atoms-relaxed,6-stretch-all-three-axes/stretch-x-minus-0.080-y-plus-0.040-z-plus-0.080/1-cheap-pbe-atoms-relaxed,11.72449960710752,-0.07679996258101834,0.04080004781707314,0.08320005156604482,4.8992664547309467e-17,-2.399010825697632e-17,-2.5002556290333147e-17,0.12035417207107442,0.08320005156604482,,,,550,PBE,172,8,-17.74877,1
6-stretch-all-three-axes,stretch-x-minus-0.080-y-plus-0.040-z-plus-0.080,2-accurate-hse06-atoms-fixed,6-stretch-all-three-axes/stretch-x-minus-0.080-y-plus-0.040-z-plus-0.080/2-accurate-hse06-atoms-fixed,11.72449960710752,-0.07679996258101834,0.04080004781707314,0.08320005156604482,4.8992664547309467e-17,-2.399010825697632e-17,-2.5002556290333147e-17,0.12035417207107442,0.08320005156604482,.TRUE.,0.27,,550,HSE,172,8,-20.83659,1
6-stretch-all-three-axes,stretch-x-minus-0.080-y-plus-0.060-z-minus-0.020,1-cheap-pbe-atoms-relaxed,6-stretch-all-three-axes/stretch-x-minus-0.080-y-plus-0.060-z-minus-0.020/1-cheap-pbe-atoms-relaxed,10.843491979935267,-0.07679996258101834,0.0618000496738752,-0.019799957541127067,6.849320631582727e-17,-2.927654604764485e-17,-3.921666026818242e-17,0.10054610241461226,0.07679996258101834,,,,550,PBE,172,8,-17.806011,1
6-stretch-all-three-axes,stretch-x-minus-0.080-y-plus-0.060-z-minus-0.020,2-accurate-hse06-atoms-fixed,6-stretch-all-three-axes/stretch-x-minus-0.080-y-plus-0.060-z-minus-0.020/2-accurate-hse06-atoms-fixed,10.843491979935267,-0.07679996258101834,0.0618000496738752,-0.019799957541127067,6.849320631582727e-17,-2.927654604764485e-17,-3.921666026818242e-17,0.10054610241461226,0.07679996258101834,.TRUE.,0.27,,550,HSE,172,8,-20.957248,1
6-stretch-all-three-axes,stretch-x-minus-0.080-y-plus-0.060-z-minus-0.040,1-cheap-pbe-atoms-relaxed,6-stretch-all-three-axes/stretch-x-minus-0.080-y-plus-0.060-z-minus-0.040/1-cheap-pbe-atoms-relaxed,10.62219622524271,-0.07679996258101834,0.0618000496738752,-0.03919995925645853,6.263215384004278e-17,-2.341549357186036e-17,-3.921666026818242e-17,0.10608542405932715,0.07679996258101834,,,,550,PBE,172,8,-17.734373,1
6-stretch-all-three-axes,stretch-x-minus-0.080-y-plus-0.060-z-minus-0.040,2-accurate-hse06-atoms-fixed,6-stretch-all-three-axes/stretch-x-minus-0.080-y-plus-0.060-z-minus-0.040/2-accurate-hse06-atoms-fixed,10.62219622524271,-0.07679996258101834,0.0618000496738752,-0.03919995925645853,6.263215384004278e-17,-2.341549357186036e-17,-3.921666026818242e-17,0.10608542405932715,0.07679996258101834,.TRUE.,0.27,,550,HSE,172,8,-20.898238,1
6-stretch-all-three-axes,stretch-x-minus-0.080-y-plus-0.060-z-minus-0.060,1-cheap-pbe-atoms-relaxed,6-stretch-all-three-axes/stretch-x-minus-0.080-y-plus-0.060-z-minus-0.060/1-cheap-pbe-atoms-relaxed,10.400900470550154,-0.07679996258101834,0.0618000496738752,-0.05819996093642227,5.067205266194688e-17,-1.1455392393764465e-17,-3.921666026818242e-17,0.11447583083402513,0.07679996258101834,,,,550,PBE,172,8,-17.62783,1
6-stretch-all-three-axes,stretch-x-minus-0.080-y-plus-0.060-z-minus-0.060,2-accurate-hse06-atoms-fixed,6-stretch-all-three-axes/stretch-x-minus-0.080-y-plus-0.060-z-minus-0.060/2-accurate-hse06-atoms-fixed,10.400900470550154,-0.07679996258101834,0.0618000496738752,-0.05819996093642227,5.067205266194688e-17,-1.1455392393764465e-17,-3.921666026818242e-17,0.11447583083402513,0.07679996258101834,.TRUE.,0.27,,550,HSE,172,8,-20.803148,1
6-stretch-all-three-axes,stretch-x-minus-0.080-y-plus-0.060-z-minus-0.080,1-cheap-pbe-atoms-relaxed,6-stretch-all-three-axes/stretch-x-minus-0.080-y-plus-0.060-z-minus-0.080/1-cheap-pbe-atoms-relaxed,10.179604715857595,-0.07679996258101834,0.0618000496738752,-0.07679996258101834,3.921666026818242e-17,-4.032976889802712e-33,-3.921666026818242e-17,0.12496285305875934,0.07679996258101834,,,,550,PBE,172,8,-17.484707,1
6-stretch-all-three-axes,stretch-x-minus-0.080-y-plus-0.060-z-minus-0.080,2-accurate-hse06-atoms-fixed,6-stretch-all-three-axes/stretch-x-minus-0.080-y-plus-0.060-z-minus-0.080/2-accurate-hse06-atoms-fixed,10.179604715857595,-0.07679996258101834,0.0618000496738752,-0.07679996258101834,3.921666026818242e-17,-4.032976889802712e-33,-3.921666026818242e-17,0.12496285305875934,0.07679996258101834,.TRUE.,0.27,,550,HSE,172,8,-20.670306,1
6-stretch-all-three-axes,stretch-x-minus-0.080-y-plus-0.060-z-plus-0.020,1-cheap-pbe-atoms-relaxed,6-stretch-all-three-axes/stretch-x-minus-0.080-y-plus-0.060-z-plus-0.020/1-cheap-pbe-atoms-relaxed,11.286083489320381,-0.07679996258101834,0.0618000496738752,0.020200045995638516,3.8046034712682784e-17,1.1706255554996303e-18,-3.921666026818242e-17,0.10062565403695607,0.07679996258101834,,,,550,PBE,172,8,-17.851464,1
6-stretch-all-three-axes,stretch-x-minus-0.080-y-plus-0.060-z-plus-0.020,2-accurate-hse06-atoms-fixed,6-stretch-all-three-axes/stretch-x-minus-0.080-y-plus-0.060-z-plus-0.020/2-accurate-hse06-atoms-fixed,11.286083489320381,-0.07679996258101834,0.0618000496738752,0.020200045995638516,3.8046034712682784e-17,1.1706255554996303e-18,-3.921666026818242e-17,0.10062565403695607,0.07679996258101834,.TRUE.,0.27,,550,HSE,172,8,-20.973982,1
6-stretch-all-three-axes,stretch-x-minus-0.080-y-plus-0.060-z-plus-0.040,1-cheap-pbe-atoms-relaxed,6-stretch-all-three-axes/stretch-x-minus-0.080-y-plus-0.060-z-plus-0.040/1-cheap-pbe-atoms-relaxed,11.50737924401294,-0.07679996258101834,0.0618000496738752,0.04080004781707314,1.0150350805674364e-16,-6.228684778856123e-17,-3.921666026818242e-17,0.10668703901606191,0.07679996258101834,,,,550,PBE,172,8,-17.8286,1
6-stretch-all-three-axes,stretch-x-minus-0.080-y-plus-0.060-z-plus-0.040,2-accurate-hse06-atoms-fixed,6-stretch-all-three-axes/stretch-x-minus-0.080-y-plus-0.060-z-plus-0.040/2-accurate-hse06-atoms-fixed,11.50737924401294,-0.07679996258101834,0.0618000496738752,0.04080004781707314,1.0150350805674364e-16,-6.228684778856123e-17,-3.921666026818242e-17,0.10668703901606191,0.07679996258101834,.TRUE.,0.27,,550,HSE,172,8,-20.935068,1
6-stretch-all-three-axes,stretch-x-minus-0.080-y-plus-0.060-z-plus-0.060,1-cheap-pbe-atoms-relaxed,6-stretch-all-three-axes/stretch-x-minus-0.080-y-plus-0.060-z-plus-0.060/1-cheap-pbe-atoms-relaxed,11.728674998705497,-0.07679996258101834,0.0618000496738752,0.0618000496738752,1.1571761203459292e-16,-7.65009517664105e-17,-3.921666026818242e-17,0.11634743887096399,0.07679996258101834,,,,550,PBE,172,8,-17.777441,1
6-stretch-all-three-axes,stretch-x-minus-0.080-y-plus-0.060-z-plus-0.060,2-accurate-hse06-atoms-fixed,6-stretch-all-three-axes/stretch-x-minus-0.080-y-plus-0.060-z-plus-0.060/2-accurate-hse06-atoms-fixed,11.728674998705497,-0.07679996258101834,0.0618000496738752,0.0618000496738752,1.1571761203459292e-16,-7.65009517664105e-17,-3.921666026818242e-17,0.11634743887096399,0.07679996258101834,.TRUE.,0.27,,550,HSE,172,8,-20.866742,1
6-stretch-all-three-axes,stretch-x-minus-0.080-y-plus-0.060-z-plus-0.080,1-cheap-pbe-atoms-relaxed,6-stretch-all-three-axes/stretch-x-minus-0.080-y-plus-0.060-z-plus-0.080/1-cheap-pbe-atoms-relaxed,11.949970753398047,-0.07679996258101834,0.0618000496738752,0.08320005156604482,6.320676852515874e-17,-2.399010825697632e-17,-3.921666026818242e-17,0.12899507344364658,0.08320005156604482,,,,550,PBE,172,8,-17.699582,1
6-stretch-all-three-axes,stretch-x-minus-0.080-y-plus-0.060-z-plus-0.080,2-accurate-hse06-atoms-fixed,6-stretch-all-three-axes/stretch-x-minus-0.080-y-plus-0.060-z-plus-0.080/2-accurate-hse06-atoms-fixed,11.949970753398047,-0.07679996258101834,0.0618000496738752,0.08320005156604482,6.320676852515874e-17,-2.399010825697632e-17,-3.921666026818242e-17,0.12899507344364658,0.08320005156604482,.TRUE.,0.27,,550,HSE,172,8,-20.770623,1
6-stretch-all-three-axes,stretch-x-minus-0.080-y-plus-0.080-z-minus-0.020,1-cheap-pbe-atoms-relaxed,6-stretch-all-three-axes/stretch-x-minus-0.080-y-plus-0.080-z-minus-0.020/1-cheap-pbe-atoms-relaxed,11.048086168235937,-0.07679996258101834,0.08320005156604482,-0.019799957541127067,1.5982362806393085e-17,-2.9276546047644843e-17,1.3294183241251761e-17,0.1149457313329589,0.08320005156604482,,,,550,PBE,172,8,-17.724313,1
6-stretch-all-three-axes,stretch-x-minus-0.080-y-plus-0.080-z-minus-0.020,2-accurate-hse06-atoms-fixed,6-stretch-all-three-axes/stretch-x-minus-0.080-y-plus-0.080-z-minus-0.020/2-accurate-hse06-atoms-fixed,11.048086168235937,-0.07679996258101834,0.08320005156604482,-0.019799957541127067,1.5982362806393085e-17,-2.9276546047644843e-17,1.3294183241251761e-17,0.1149457313329589,0.08320005156604482,.TRUE.,0.27,,550,HSE,172,8,-20.855744,1
6-stretch-all-three-axes,stretch-x-minus-0.080-y-plus-0.080-z-minus-0.040,1-cheap-pbe-atoms-relaxed,6-stretch-all-three-axes/stretch-x-minus-0.080-y-plus-0.080-z-minus-0.040/1-cheap-pbe-atoms-relaxed,10.822615021945403,-0.07679996258101834,0.08320005156604482,-0.03919995925645853,1.0121310330608596e-17,-2.3415493571860356e-17,1.3294183241251761e-17,0.11982119862005364,0.08320005156604482,,,,550,PBE,172,8,-17.653583,1
6-stretch-all-three-axes,stretch-x-minus-0.080-y-plus-0.080-z-minus-0.040,2-accurate-hse06-atoms-fixed,6-stretch-all-three-axes/stretch-x-minus-0.080-y-plus-0.080-z-minus-0.040/2-accurate-hse06-atoms-fixed,10.822615021945403,-0.07679996258101834,0.08320005156604482,-0.03919995925645853,1.0121310330608596e-17,-2.3415493571860356e-17,1.3294183241251761e-17,0.11982119862005364,0.08320005156604482,.TRUE.,0.27,,550,HSE,172,8,-20.797266,1
6-stretch-all-three-axes,stretch-x-minus-0.080-y-plus-0.080-z-minus-0.060,1-cheap-pbe-atoms-relaxed,6-stretch-all-three-axes/stretch-x-minus-0.080-y-plus-0.080-z-minus-0.060/1-cheap-pbe-atoms-relaxed,10.597143875654874,-0.07679996258101834,0.08320005156604482,-0.05819996093642227,-1.8387908474872986e-18,-1.1455392393764462e-17,1.3294183241251761e-17,0.12730953729410618,0.08320005156604482,,,,550,PBE,172,8,-17.548818,1
6-stretch-all-three-axes,stretch-x-minus-0.080-y-plus-0.080-z-minus-0.060,2-accurate-hse06-atoms-fixed,6-stretch-all-three-axes/stretch-x-minus-0.080-y-plus-0.080-z-minus-0.060/2-accurate-hse06-atoms-fixed,10.597143875654874,-0.07679996258101834,0.08320005156604482,-0.05819996093642227,-1.8387908474872986e-18,-1.1455392393764462e-17,1.3294183241251761e-17,0.12730953729410618,0.08320005156604482,.TRUE.,0.27,,550,HSE,172,8,-20.70358,1
6-stretch-all-three-axes,stretch-x-minus-0.080-y-plus-0.080-z-minus-0.080,1-cheap-pbe-atoms-relaxed,6-stretch-all-three-axes/stretch-x-minus-0.080-y-plus-0.080-z-minus-0.080/1-cheap-pbe-atoms-relaxed,10.371672729364347,-0.07679996258101834,0.08320005156604482,-0.07679996258101834,-1.329418324125176e-17,-9.514889787831346e-34,1.3294183241251761e-17,0.13681636263796867,0.08320005156604482,,,,550,PBE,172,8,-17.408315,1
6-stretch-all-three-axes,stretch-x-minus-0.080-y-plus-0.080-z-minus-0.080,2-accurate-hse06-atoms-fixed,6-stretch-all-three-axes/stretch-x-minus-0.080-y-plus-0.080-z-minus-0.080/2-accurate-hse06-atoms-fixed,10.371672729364347,-0.07679996258101834,0.08320005156604482,-0.07679996258101834,-1.329418324125176e-17,-9.514889787831346e-34,1.3294183241251761e-17,0.13681636263796867,0.08320005156604482,.TRUE.,0.27,,550,HSE,172,8,-20.572975,1
6-stretch-all-three-axes,stretch-x-minus-0.080-y-plus-0.080-z-plus-0.020,1-cheap-pbe-atoms-relaxed,6-stretch-all-three-axes/stretch-x-minus-0.080-y-plus-0.080-z-plus-0.020/1-cheap-pbe-atoms-relaxed,11.499028460816998,-0.07679996258101834,0.08320005156604482,0.020200045995638516,-1.4464808796751393e-17,1.1706255554996334e-18,1.3294183241251761e-17,0.11501532372368582,0.08320005156604482,,,,550,PBE,172,8,-17.770316,1
6-stretch-all-three-axes,stretch-x-minus-0.080-y-plus-0.080-z-plus-0.020,2-accurate-hse06-atoms-fixed,6-stretch-all-three-axes/stretch-x-minus-0.080-y-plus-0.080-z-plus-0.020/2-accurate-hse06-atoms-fixed,11.499028460816998,-0.07679996258101834,0.08320005156604482,0.020200045995638516,-1.4464808796751393e-17,1.1706255554996334e-18,1.3294183241251761e-17,0.11501532372368582,0.08320005156604482,.TRUE.,0.27,,550,HSE,172,8,-20.873803,1
6-stretch-all-three-axes,stretch-x-minus-0.080-y-plus-0.080-z-plus-0.040,1-cheap-pbe-atoms-relaxed,6-stretch-all-three-axes/stretch-x-minus-0.080-y-plus-0.080-z-plus-0.040/1-cheap-pbe-atoms-relaxed,11.724499607107523,-0.07679996258101834,0.08320005156604482,0.04080004781707314,4.8992664547309467e-17,-6.228684778856123e-17,1.329418324125176e-17,0.12035417207107442,0.08320005156604482,,,,550,PBE,172,8,-17.74877,1
6-stretch-all-three-axes,stretch-x-minus-0.080-y-plus-0.080-z-plus-0.040,2-accurate-hse06-atoms-fixed,6-stretch-all-three-axes/stretch-x-minus-0.080-y-plus-0.080-z-plus-0.040/2-accurate-hse06-atoms-fixed,11.724499607107523,-0.07679996258101834,0.08320005156604482,0.04080004781707314,4.8992664547309467e-17,-6.228684778856123e-17,1.329418324125176e-17,0.12035417207107442,0.08320005156604482,.TRUE.,0.27,,550,HSE,172,8,-20.83659,1
6-stretch-all-three-axes,stretch-x-minus-0.080-y-plus-0.080-z-plus-0.060,1-cheap-pbe-atoms-relaxed,6-stretch-all-three-axes/stretch-x-minus-0.080-y-plus-0.080-z-plus-0.060/1-cheap-pbe-atoms-relaxed,11.949970753398052,-0.07679996258101834,0.08320005156604482,0.0618000496738752,6.320676852515874e-17,-7.65009517664105e-17,1.3294183241251758e-17,0.12899507344364658,0.08320005156604482,,,,550,PBE,172,8,-17.699582,1
6-stretch-all-three-axes,stretch-x-minus-0.080-y-plus-0.080-z-plus-0.060,2-accurate-hse06-atoms-fixed,6-stretch-all-three-axes/stretch-x-minus-0.080-y-plus-0.080-z-plus-0.060/2-accurate-hse06-atoms-fixed,11.949970753398052,-0.07679996258101834,0.08320005156604482,0.0618000496738752,6.320676852515874e-17,-7.65009517664105e-17,1.3294183241251758e-17,0.12899507344364658,0.08320005156604482,.TRUE.,0.27,,550,HSE,172,8,-20.770623,1
6-stretch-all-three-axes,stretch-x-minus-0.080-y-plus-0.080-z-plus-0.080,1-cheap-pbe-atoms-relaxed,6-stretch-all-three-axes/stretch-x-minus-0.080-y-plus-0.080-z-plus-0.080/1-cheap-pbe-atoms-relaxed,12.175441899688582,-0.07679996258101834,0.08320005156604482,0.08320005156604482,1.0695925015724556e-17,-2.3990108256976317e-17,1.3294183241251761e-17,0.14050883037599754,0.08320005156604482,,,,550,PBE,172,8,-17.624281,1
6-stretch-all-three-axes,stretch-x-minus-0.080-y-plus-0.080-z-plus-0.080,2-accurate-hse06-atoms-fixed,6-stretch-all-three-axes/stretch-x-minus-0.080-y-plus-0.080-z-plus-0.080/2-accurate-hse06-atoms-fixed,12.175441899688582,-0.07679996258101834,0.08320005156604482,0.08320005156604482,1.0695925015724556e-17,-2.3990108256976317e-17,1.3294183241251761e-17,0.14050883037599754,0.08320005156604482,.TRUE.,0.27,,550,HSE,172,8,-20.677456,1
6-stretch-all-three-axes,stretch-x-plus-0.020-y-minus-0.020-z-minus-0.020,1-cheap-pbe-atoms-relaxed,6-stretch-all-three-axes/stretch-x-plus-0.020-y-minus-0.020-z-minus-0.020/1-cheap-pbe-atoms-relaxed,11.114801664420932,0.020200045995638516,-0.019799957541127067,-0.019799957541127067,2.1268800597061615e-17,-3.044717160314448e-17,9.178371006082864e-18,0.03452706902542961,0.020200045995638516,,,,550,PBE,172,8,-18.137045,1
6-stretch-all-three-axes,stretch-x-plus-0.020-y-minus-0.020-z-minus-0.020,2-accurate-hse06-atoms-fixed,6-stretch-all-three-axes/stretch-x-plus-0.020-y-minus-0.020-z-minus-0.020/2-accurate-hse06-atoms-fixed,11.114801664420932,0.020200045995638516,-0.019799957541127067,-0.019799957541127067,2.1268800597061615e-17,-3.044717160314448e-17,9.178371006082864e-18,0.03452706902542961,0.020200045995638516,.TRUE.,0.27,,550,HSE,172,8,-21.288136,1
6-stretch-all-three-axes,stretch-x-plus-0.020-y-minus-0.020-z-minus-0.040,1-cheap-pbe-atoms-relaxed,6-stretch-all-three-axes/stretch-x-plus-0.020-y-minus-0.020-z-minus-0.040/1-cheap-pbe-atoms-relaxed,10.887968977391933,0.020200045995638516,-0.019799957541127067,-0.03919995925645853,1.5407748121277124e-17,-2.4586119127359988e-17,9.178371006082864e-18,0.048339600562730706,0.03919995925645853,,,,550,PBE,172,8,-18.085162,1
6-stretch-all-three-axes,stretch-x-plus-0.020-y-minus-0.020-z-minus-0.040,2-accurate-hse06-atoms-fixed,6-stretch-all-three-axes/stretch-x-plus-0.020-y-minus-0.020-z-minus-0.040/2-accurate-hse06-atoms-fixed,10.887968977391933,0.020200045995638516,-0.019799957541127067,-0.03919995925645853,1.5407748121277124e-17,-2.4586119127359988e-17,9.178371006082864e-18,0.048339600562730706,0.03919995925645853,.TRUE.,0.27,,550,HSE,172,8,-21.249488,1
6-stretch-all-three-axes,stretch-x-plus-0.020-y-minus-0.020-z-minus-0.060,1-cheap-pbe-atoms-relaxed,6-stretch-all-three-axes/stretch-x-plus-0.020-y-minus-0.020-z-minus-0.060/1-cheap-pbe-atoms-relaxed,10.661136290362935,0.020200045995638516,-0.019799957541127067,-0.05819996093642227,3.4476469431812308e-18,-1.2626017949264094e-17,9.178371006082864e-18,0.06470947094403896,0.05819996093642227,,,,550,PBE,172,8,-17.999826,1
6-stretch-all-three-axes,stretch-x-plus-0.020-y-minus-0.020-z-minus-0.060,2-accurate-hse06-atoms-fixed,6-stretch-all-three-axes/stretch-x-plus-0.020-y-minus-0.020-z-minus-0.060/2-accurate-hse06-atoms-fixed,10.661136290362935,0.020200045995638516,-0.019799957541127067,-0.05819996093642227,3.4476469431812308e-18,-1.2626017949264094e-17,9.178371006082864e-18,0.06470947094403896,0.05819996093642227,.TRUE.,0.27,,550,HSE,172,8,-21.176286,1
6-stretch-all-three-axes,stretch-x-plus-0.020-y-minus-0.020-z-minus-0.080,1-cheap-pbe-atoms-relaxed,6-stretch-all-three-axes/stretch-x-plus-0.020-y-minus-0.020-z-minus-0.080/1-cheap-pbe-atoms-relaxed,10.434303603333934,0.020200045995638516,-0.019799957541127067,-0.07679996258101834,-8.00774545058323e-18,-1.1706255554996332e-18,9.178371006082864e-18,0.08184323080928663,0.07679996258101834,,,,550,PBE,172,8,-17.879435,1
6-stretch-all-three-axes,stretch-x-plus-0.020-y-minus-0.020-z-minus-0.080,2-accurate-hse06-atoms-fixed,6-stretch-all-three-axes/stretch-x-plus-0.020-y-minus-0.020-z-minus-0.080/2-accurate-hse06-atoms-fixed,10.434303603333934,0.020200045995638516,-0.019799957541127067,-0.07679996258101834,-8.00774545058323e-18,-1.1706255554996332e-18,9.178371006082864e-18,0.08184323080928663,0.07679996258101834,.TRUE.,0.27,,550,HSE,172,8,-21.066925,1
6-stretch-all-three-axes,stretch-x-plus-0.020-y-minus-0.020-z-plus-0.020,1-cheap-pbe-atoms-relaxed,6-stretch-all-three-axes/stretch-x-plus-0.020-y-minus-0.020-z-plus-0.020/1-cheap-pbe-atoms-relaxed,11.56846703847893,0.020200045995638516,-0.019799957541127067,0.020200045995638516,-9.178371006082866e-18,1.09389088829366e-33,9.178371006082864e-18,0.03475804993209858,0.020200045995638516,,,,550,PBE,172,8,-18.147254,1
6-stretch-all-three-axes,stretch-x-plus-0.020-y-minus-0.020-z-plus-0.020,2-accurate-hse06-atoms-fixed,6-stretch-all-three-axes/stretch-x-plus-0.020-y-minus-0.020-z-plus-0.020/2-accurate-hse06-atoms-fixed,11.56846703847893,0.020200045995638516,-0.019799957541127067,0.020200045995638516,-9.178371006082866e-18,1.09389088829366e-33,9.178371006082864e-18,0.03475804993209858,0.020200045995638516,.TRUE.,0.27,,550,HSE,172,8,-21.268649,1
6-stretch-all-three-axes,stretch-x-plus-0.020-y-minus-0.020-z-plus-0.040,1-cheap-pbe-atoms-relaxed,6-stretch-all-three-axes/stretch-x-plus-0.020-y-minus-0.020-z-plus-0.040/1-cheap-pbe-atoms-relaxed,11.795299725507933,0.020200045995638516,-0.019799957541127067,0.04080004781707314,5.4279102337977996e-17,-6.345747334406085e-17,9.178371006082862e-18,0.04964598753909324,0.04080004781707314,,,,550,PBE,172,8,-18.108689,1
6-stretch-all-three-axes,stretch-x-plus-0.020-y-minus-0.020-z-plus-0.040,2-accurate-hse06-atoms-fixed,6-stretch-all-three-axes/stretch-x-plus-0.020-y-minus-0.020-z-plus-0.040/2-accurate-hse06-atoms-fixed,11.795299725507933,0.020200045995638516,-0.019799957541127067,0.04080004781707314,5.4279102337977996e-17,-6.345747334406085e-17,9.178371006082862e-18,0.04964598753909324,0.04080004781707314,.TRUE.,0.27,,550,HSE,172,8,-21.213641,1
6-stretch-all-three-axes,stretch-x-plus-0.020-y-minus-0.020-z-plus-0.060,1-cheap-pbe-atoms-relaxed,6-stretch-all-three-axes/stretch-x-plus-0.020-y-minus-0.020-z-plus-0.060/1-cheap-pbe-atoms-relaxed,12.02213241253693,0.020200045995638516,-0.019799957541127067,0.0618000496738752,6.849320631582727e-17,-7.767157732191013e-17,9.178371006082861e-18,0.06796562599248085,0.0618000496738752,,,,550,PBE,172,8,-18.043064,1
6-stretch-all-three-axes,stretch-x-plus-0.020-y-minus-0.020-z-plus-0.060,2-accurate-hse06-atoms-fixed,6-stretch-all-three-axes/stretch-x-plus-0.020-y-minus-0.020-z-plus-0.060/2-accurate-hse06-atoms-fixed,12.02213241253693,0.020200045995638516,-0.019799957541127067,0.0618000496738752,6.849320631582727e-17,-7.767157732191013e-17,9.178371006082861e-18,0.06796562599248085,0.0618000496738752,.TRUE.,0.27,,550,HSE,172,8,-21.130532,1
6-stretch-all-three-axes,stretch-x-plus-0.020-y-minus-0.020-z-plus-0.080,1-cheap-pbe-atoms-relaxed,6-stretch-all-three-axes/stretch-x-plus-0.020-y-minus-0.020-z-plus-0.080/1-cheap-pbe-atoms-relaxed,12.248965099565924,0.020200045995638516,-0.019799957541127067,0.08320005156604482,1.5982362806393085e-17,-2.516073381247595e-17,9.178371006082864e-18,0.0878767816743926,0.08320005156604482,,,,550,PBE,172,8,-17.951818,1
6-stretch-all-three-axes,stretch-x-plus-0.020-y-minus-0.020-z-plus-0.080,2-accurate-hse06-atoms-fixed,6-stretch-all-three-axes/stretch-x-plus-0.020-y-minus-0.020-z-plus-0.080/2-accurate-hse06-atoms-fixed,12.248965099565924,0.020200045995638516,-0.019799957541127067,0.08320005156604482,1.5982362806393085e-17,-2.516073381247595e-17,9.178371006082864e-18,0.0878767816743926,0.08320005156604482,.TRUE.,0.27,,550,HSE,172,8,-21.020761,1
6-stretch-all-three-axes,stretch-x-plus-0.020-y-minus-0.040-z-minus-0.020,1-cheap-pbe-atoms-relaxed,6-stretch-all-three-axes/stretch-x-plus-0.020-y-minus-0.040-z-minus-0.020/1-cheap-pbe-atoms-relaxed,10.887968977391933,0.020200045995638516,-0.03919995925645853,-0.019799957541127067,1.5407748121277124e-17,-3.044717160314448e-17,1.5039423481867355e-17,0.048339600562730706,0.03919995925645853,,,,550,PBE,172,8,-18.085162,1
6-stretch-all-three-axes,stretch-x-plus-0.020-y-minus-0.040-z-minus-0.020,2-accurate-hse06-atoms-fixed,6-stretch-all-three-axes/stretch-x-plus-0.020-y-minus-0.040-z-minus-0.020/2-accurate-hse06-atoms-fixed,10.887968977391933,0.020200045995638516,-0.03919995925645853,-0.019799957541127067,1.5407748121277124e-17,-3.044717160314448e-17,1.5039423481867355e-17,0.048339600562730706,0.03919995925645853,.TRUE.,0.27,,550,HSE,172,8,-21.249488,1
6-stretch-all-three-axes,stretch-x-plus-0.020-y-minus-0.040-z-minus-0.040,1-cheap-pbe-atoms-relaxed,6-stretch-all-three-axes/stretch-x-plus-0.020-y-minus-0.040-z-minus-0.040/1-cheap-pbe-atoms-relaxed,10.66576552887373,0.020200045995638516,-0.03919995925645853,-0.03919995925645853,9.546695645492635e-18,-2.4586119127359988e-17,1.5039423481867355e-17,0.05900267341097291,0.03919995925645853,,,,550,PBE,172,8,-18.026367,1
6-stretch-all-three-axes,stretch-x-plus-0.020-y-minus-0.040-z-minus-0.040,2-accurate-hse06-atoms-fixed,6-stretch-all-three-axes/stretch-x-plus-0.020-y-minus-0.040-z-minus-0.040/2-accurate-hse06-atoms-fixed,10.66576552887373,0.020200045995638516,-0.03919995925645853,-0.03919995925645853,9.546695645492635e-18,-2.4586119127359988e-17,1.5039423481867355e-17,0.05900267341097291,0.03919995925645853,.TRUE.,0.27,,550,HSE,172,8,-21.203997,1
6-stretch-all-three-axes,stretch-x-plus-0.020-y-minus-0.040-z-minus-0.060,1-cheap-pbe-atoms-relaxed,6-stretch-all-three-axes/stretch-x-plus-0.020-y-minus-0.040-z-minus-0.060/1-cheap-pbe-atoms-relaxed,10.443562080355527,0.020200045995638516,-0.03919995925645853,-0.05819996093642227,-2.413405532603259e-18,-1.2626017949264094e-17,1.5039423481867355e-17,0.07301995697708263,0.05819996093642227,,,,550,PBE,172,8,-17.933088,1
6-stretch-all-three-axes,stretch-x-plus-0.020-y-minus-0.040-z-minus-0.060,2-accurate-hse06-atoms-fixed,6-stretch-all-three-axes/stretch-x-plus-0.020-y-minus-0.040-z-minus-0.060/2-accurate-hse06-atoms-fixed,10.443562080355527,0.020200045995638516,-0.03919995925645853,-0.05819996093642227,-2.413405532603259e-18,-1.2626017949264094e-17,1.5039423481867355e-17,0.07301995697708263,0.05819996093642227,.TRUE.,0.27,,550,HSE,172,8,-21.122891,1
6-stretch-all-three-axes,stretch-x-plus-0.020-y-minus-0.040-z-minus-0.080,1-cheap-pbe-atoms-relaxed,6-stretch-all-three-axes/stretch-x-plus-0.020-y-minus-0.040-z-minus-0.080/1-cheap-pbe-atoms-relaxed,10.221358631837328,0.020200045995638516,-0.03919995925645853,-0.07679996258101834,-1.386879792636772e-17,-1.1706255554996332e-18,1.5039423481867355e-17,0.08856022197566885,0.07679996258101834,,,,550,PBE,172,8,-17.803687,1
6-stretch-all-three-axes,stretch-x-plus-0.020-y-minus-0.040-z-minus-0.080,2-accurate-hse06-atoms-fixed,6-stretch-all-three-axes/stretch-x-plus-0.020-y-minus-0.040-z-minus-0.080/2-accurate-hse06-atoms-fixed,10.221358631837328,0.020200045995638516,-0.03919995925645853,-0.07679996258101834,-1.386879792636772e-17,-1.1706255554996332e-18,1.5039423481867355e-17,0.08856022197566885,0.07679996258101834,.TRUE.,0.27,,550,HSE,172,8,-21.004544,1
6-stretch-all-three-axes,stretch-x-plus-0.020-y-minus-0.040-z-plus-0.020,1-cheap-pbe-atoms-relaxed,6-stretch-all-three-axes/stretch-x-plus-0.020-y-minus-0.040-z-plus-0.020/1-cheap-pbe-atoms-relaxed,11.33237587442834,0.020200045995638516,-0.03919995925645853,0.020200045995638516,-1.5039423481867355e-17,1.09389088829366e-33,1.5039423481867355e-17,0.04850485050136565,0.03919995925645853,,,,550,PBE,172,8,-18.106209,1
6-stretch-all-three-axes,stretch-x-plus-0.020-y-minus-0.040-z-plus-0.020,2-accurate-hse06-atoms-fixed,6-stretch-all-three-axes/stretch-x-plus-0.020-y-minus-0.040-z-plus-0.020/2-accurate-hse06-atoms-fixed,11.33237587442834,0.020200045995638516,-0.03919995925645853,0.020200045995638516,-1.5039423481867355e-17,1.09389088829366e-33,1.5039423481867355e-17,0.04850485050136565,0.03919995925645853,.TRUE.,0.27,,550,HSE,172,8,-21.240621,1
6-stretch-all-three-axes,stretch-x-plus-0.020-y-minus-0.040-z-plus-0.040,1-cheap-pbe-atoms-relaxed,6-stretch-all-three-axes/stretch-x-plus-0.020-y-minus-0.040-z-plus-0.040/1-cheap-pbe-atoms-relaxed,11.55457932294654,0.020200045995638516,-0.03919995925645853,0.04080004781707314,4.8418049862193506e-17,-6.345747334406085e-17,1.503942348186735e-17,0.06007763781815473,0.04080004781707314,,,,550,PBE,172,8,-18.071735,1
6-stretch-all-three-axes,stretch-x-plus-0.020-y-minus-0.040-z-plus-0.040,2-accurate-hse06-atoms-fixed,6-stretch-all-three-axes/stretch-x-plus-0.020-y-minus-0.040-z-plus-0.040/2-accurate-hse06-atoms-fixed,11.55457932294654,0.020200045995638516,-0.03919995925645853,0.04080004781707314,4.8418049862193506e-17,-6.345747334406085e-17,1.503942348186735e-17,0.06007763781815473,0.04080004781707314,.TRUE.,0.27,,550,HSE,172,8,-21.189561,1
6-stretch-all-three-axes,stretch-x-plus-0.020-y-minus-0.040-z-plus-0.060,1-cheap-pbe-atoms-relaxed,6-stretch-all-three-axes/stretch-x-plus-0.020-y-minus-0.040-z-plus-0.060/1-cheap-pbe-atoms-relaxed,11.776782771464742,0.020200045995638516,-0.03919995925645853,0.0618000496738752,6.263215384004278e-17,-7.767157732191013e-17,1.503942348186735e-17,0.07592051635511551,0.0618000496738752,,,,550,PBE,172,8,-18.009366,1
6-stretch-all-three-axes,stretch-x-plus-0.020-y-minus-0.040-z-plus-0.060,2-accurate-hse06-atoms-fixed,6-stretch-all-three-axes/stretch-x-plus-0.020-y-minus-0.040-z-plus-0.060/2-accurate-hse06-atoms-fixed,11.776782771464742,0.020200045995638516,-0.03919995925645853,0.0618000496738752,6.263215384004278e-17,-7.767157732191013e-17,1.503942348186735e-17,0.07592051635511551,0.0618000496738752,.TRUE.,0.27,,550,HSE,172,8,-21.109542,1
6-stretch-all-three-axes,stretch-x-plus-0.020-y-minus-0.040-z-plus-0.080,1-cheap-pbe-atoms-relaxed,6-stretch-all-three-axes/stretch-x-plus-0.020-y-minus-0.040-z-plus-0.080/1-cheap-pbe-atoms-relaxed,11.99898621998295,0.020200045995638516,-0.03919995925645853,0.08320005156604482,1.0121310330608596e-17,-2.516073381247595e-17,1.5039423481867355e-17,0.09416436292210784,0.08320005156604482,,,,550,PBE,172,8,-17.920648,1
6-stretch-all-three-axes,stretch-x-plus-0.020-y-minus-0.040-z-plus-0.080,2-accurate-hse06-atoms-fixed,6-stretch-all-three-axes/stretch-x-plus-0.020-y-minus-0.040-z-plus-0.080/2-accurate-hse06-atoms-fixed,11.99898621998295,0.020200045995638516,-0.03919995925645853,0.08320005156604482,1.0121310330608596e-17,-2.516073381247595e-17,1.5039423481867355e-17,0.09416436292210784,0.08320005156604482,.TRUE.,0.27,,550,HSE,172,8,-21.002122,1
6-stretch-all-three-axes,stretch-x-plus-0.020-y-minus-0.060-z-minus-0.020,1-cheap-pbe-atoms-relaxed,6-stretch-all-three-axes/stretch-x-plus-0.020-y-minus-0.060-z-minus-0.020/1-cheap-pbe-atoms-relaxed,10.661136290362931,0.020200045995638516,-0.05819996093642227,-0.019799957541127067,3.44764694318123e-18,-3.044717160314448e-17,2.6999524659963248e-17,0.06470947094403898,0.05819996093642227,,,,550,PBE,172,8,-17.999826,1
6-stretch-all-three-axes,stretch-x-plus-0.020-y-minus-0.060-z-minus-0.020,2-accurate-hse06-atoms-fixed,6-stretch-all-three-axes/stretch-x-plus-0.020-y-minus-0.060-z-minus-0.020/2-accurate-hse06-atoms-fixed,10.661136290362931,0.020200045995638516,-0.05819996093642227,-0.019799957541127067,3.44764694318123e-18,-3.044717160314448e-17,2.6999524659963248e-17,0.06470947094403898,0.05819996093642227,.TRUE.,0.27,,550,HSE,172,8,-21.176286,1
6-stretch-all-three-axes,stretch-x-plus-0.020-y-minus-0.060-z-minus-0.040,1-cheap-pbe-atoms-relaxed,6-stretch-all-three-axes/stretch-x-plus-0.020-y-minus-0.060-z-minus-0.040/1-cheap-pbe-atoms-relaxed,10.443562080355527,0.020200045995638516,-0.05819996093642227,-0.03919995925645853,-2.413405532603259e-18,-2.4586119127359988e-17,2.6999524659963248e-17,0.07301995697708263,0.05819996093642227,,,,550,PBE,172,8,-17.933088,1
6-stretch-all-three-axes,stretch-x-plus-0.020-y-minus-0.060-z-minus-0.040,2-accurate-hse06-atoms-fixed,6-stretch-all-three-axes/stretch-x-plus-0.020-y-minus-0.060-z-minus-0.040/2-accurate-hse06-atoms-fixed,10.443562080355527,0.020200045995638516,-0.05819996093642227,-0.03919995925645853,-2.413405532603259e-18,-2.4586119127359988e-17,2.6999524659963248e-17,0.07301995697708263,0.05819996093642227,.TRUE.,0.27,,550,HSE,172,8,-21.122891,1
6-stretch-all-three-axes,stretch-x-plus-0.020-y-minus-0.060-z-minus-0.060,1-cheap-pbe-atoms-relaxed,6-stretch-all-three-axes/stretch-x-plus-0.020-y-minus-0.060-z-minus-0.060/1-cheap-pbe-atoms-relaxed,10.22598787034812,0.020200045995638516,-0.05819996093642227,-0.05819996093642227,-1.4373506710699154e-17,-1.2626017949264094e-17,2.6999524659963248e-17,0.08474970657310896,0.05819996093642227,,,,550,PBE,172,8,-17.830867,1
6-stretch-all-three-axes,stretch-x-plus-0.020-y-minus-0.060-z-minus-0.060,2-accurate-hse06-atoms-fixed,6-stretch-all-three-axes/stretch-x-plus-0.020-y-minus-0.060-z-minus-0.060/2-accurate-hse06-atoms-fixed,10.22598787034812,0.020200045995638516,-0.05819996093642227,-0.05819996093642227,-1.4373506710699154e-17,-1.2626017949264094e-17,2.6999524659963248e-17,0.08474970657310896,0.05819996093642227,.TRUE.,0.27,,550,HSE,172,8,-21.032871,1
6-stretch-all-three-axes,stretch-x-plus-0.020-y-minus-0.060-z-minus-0.080,1-cheap-pbe-atoms-relaxed,6-stretch-all-three-axes/stretch-x-plus-0.020-y-minus-0.060-z-minus-0.080/1-cheap-pbe-atoms-relaxed,10.008413660340713,0.020200045995638516,-0.05819996093642227,-0.07679996258101834,-2.5828899104463616e-17,-1.1706255554996332e-18,2.6999524659963248e-17,0.09845563246291605,0.07679996258101834,,,,550,PBE,172,8,-17.691317,1
6-stretch-all-three-axes,stretch-x-plus-0.020-y-minus-0.060-z-minus-0.080,2-accurate-hse06-atoms-fixed,6-stretch-all-three-axes/stretch-x-plus-0.020-y-minus-0.060-z-minus-0.080/2-accurate-hse06-atoms-fixed,10.008413660340713,0.020200045995638516,-0.05819996093642227,-0.07679996258101834,-2.5828899104463616e-17,-1.1706255554996332e-18,2.6999524659963248e-17,0.09845563246291605,0.07679996258101834,.TRUE.,0.27,,550,HSE,172,8,-20.904359,1
6-stretch-all-three-axes,stretch-x-plus-0.020-y-minus-0.060-z-plus-0.020,1-cheap-pbe-atoms-relaxed,6-stretch-all-three-axes/stretch-x-plus-0.020-y-minus-0.060-z-plus-0.020/1-cheap-pbe-atoms-relaxed,11.096284710377745,0.020200045995638516,-0.05819996093642227,0.020200045995638516,-2.6999524659963248e-17,1.09389088829366e-33,2.6999524659963248e-17,0.06483300987500812,0.05819996093642227,,,,550,PBE,172,8,-18.033666,1
6-stretch-all-three-axes,stretch-x-plus-0.020-y-minus-0.060-z-plus-0.020,2-accurate-hse06-atoms-fixed,6-stretch-all-three-axes/stretch-x-plus-0.020-y-minus-0.060-z-plus-0.020/2-accurate-hse06-atoms-fixed,11.096284710377745,0.020200045995638516,-0.05819996093642227,0.020200045995638516,-2.6999524659963248e-17,1.09389088829366e-33,2.6999524659963248e-17,0.06483300987500812,0.05819996093642227,.TRUE.,0.27,,550,HSE,172,8,-21.180037,1
6-stretch-all-three-axes,stretch-x-plus-0.020-y-minus-0.060-z-plus-0.040,1-cheap-pbe-atoms-relaxed,6-stretch-all-three-axes/stretch-x-plus-0.020-y-minus-0.060-z-plus-0.040/1-cheap-pbe-atoms-relaxed,11.313858920385155,0.020200045995638516,-0.05819996093642227,0.04080004781707314,3.645794868409761e-17,-6.345747334406085e-17,2.6999524659963245e-17,0.07389127968239854,0.05819996093642227,,,,550,PBE,172,8,-18.004219,1
6-stretch-all-three-axes,stretch-x-plus-0.020-y-minus-0.060-z-plus-0.040,2-accurate-hse06-atoms-fixed,6-stretch-all-three-axes/stretch-x-plus-0.020-y-minus-0.060-z-plus-0.040/2-accurate-hse06-atoms-fixed,11.313858920385155,0.020200045995638516,-0.05819996093642227,0.04080004781707314,3.645794868409761e-17,-6.345747334406085e-17,2.6999524659963245e-17,0.07389127968239854,0.05819996093642227,.TRUE.,0.27,,550,HSE,172,8,-21.133882,1
6-stretch-all-three-axes,stretch-x-plus-0.020-y-minus-0.060-z-plus-0.060,1-cheap-pbe-atoms-relaxed,6-stretch-all-three-axes/stretch-x-plus-0.020-y-minus-0.060-z-plus-0.060/1-cheap-pbe-atoms-relaxed,11.53143313039256,0.020200045995638516,-0.05819996093642227,0.0618000496738752,5.067205266194688e-17,-7.767157732191013e-17,2.6999524659963245e-17,0.08726123681750352,0.0618000496738752,,,,550,PBE,172,8,-17.946011,1
6-stretch-all-three-axes,stretch-x-plus-0.020-y-minus-0.060-z-plus-0.060,2-accurate-hse06-atoms-fixed,6-stretch-all-three-axes/stretch-x-plus-0.020-y-minus-0.060-z-plus-0.060/2-accurate-hse06-atoms-fixed,11.53143313039256,0.020200045995638516,-0.05819996093642227,0.0618000496738752,5.067205266194688e-17,-7.767157732191013e-17,2.6999524659963245e-17,0.08726123681750352,0.0618000496738752,.TRUE.,0.27,,550,HSE,172,8,-21.057875,1
6-stretch-all-three-axes,stretch-x-plus-0.020-y-minus-0.060-z-plus-0.080,1-cheap-pbe-atoms-relaxed,6-stretch-all-three-axes/stretch-x-plus-0.020-y-minus-0.060-z-plus-0.080/1-cheap-pbe-atoms-relaxed,11.749007340399967,0.020200045995638516,-0.05819996093642227,0.08320005156604482,-1.838790847487299e-18,-2.516073381247595e-17,2.6999524659963248e-17,0.10352548426266601,0.08320005156604482,,,,550,PBE,172,8,-17.860641,1
6-stretch-all-three-axes,stretch-x-plus-0.020-y-minus-0.060-z-plus-0.080,2-accurate-hse06-atoms-fixed,6-stretch-all-three-axes/stretch-x-plus-0.020-y-minus-0.060-z-plus-0.080/2-accurate-hse06-atoms-fixed,11.749007340399967,0.020200045995638516,-0.05819996093642227,0.08320005156604482,-1.838790847487299e-18,-2.516073381247595e-17,2.6999524659963248e-17,0.10352548426266601,0.08320005156604482,.TRUE.,0.27,,550,HSE,172,8,-20.953635,1
6-stretch-all-three-axes,stretch-x-plus-0.020-y-minus-0.080-z-minus-0.020,1-cheap-pbe-atoms-relaxed,6-stretch-all-three-axes/stretch-x-plus-0.020-y-minus-0.080-z-minus-0.020/1-cheap-pbe-atoms-relaxed,10.434303603333934,0.020200045995638516,-0.07679996258101834,-0.019799957541127067,-8.007745450583232e-18,-3.044717160314448e-17,3.845491705372771e-17,0.08184323080928663,0.07679996258101834,,,,550,PBE,172,8,-17.879435,1
6-stretch-all-three-axes,stretch-x-plus-0.020-y-minus-0.080-z-minus-0.020,2-accurate-hse06-atoms-fixed,6-stretch-all-three-axes/stretch-x-plus-0.020-y-minus-0.080-z-minus-0.020/2-accurate-hse06-atoms-fixed,10.434303603333934,0.020200045995638516,-0.07679996258101834,-0.019799957541127067,-8.007745450583232e-18,-3.044717160314448e-17,3.845491705372771e-17,0.08184323080928663,0.07679996258101834,.TRUE.,0.27,,550,HSE,172,8,-21.066925,1
6-stretch-all-three-axes,stretch-x-plus-0.020-y-minus-0.080-z-minus-0.040,1-cheap-pbe-atoms-relaxed,6-stretch-all-three-axes/stretch-x-plus-0.020-y-minus-0.080-z-minus-0.040/1-cheap-pbe-atoms-relaxed,10.221358631837328,0.020200045995638516,-0.07679996258101834,-0.03919995925645853,-1.386879792636772e-17,-2.4586119127359988e-17,3.845491705372771e-17,0.08856022197566885,0.07679996258101834,,,,550,PBE,172,8,-17.803687,1
6-stretch-all-three-axes,stretch-x-plus-0.020-y-minus-0.080-z-minus-0.040,2-accurate-hse06-atoms-fixed,6-stretch-all-three-axes/stretch-x-plus-0.020-y-minus-0.080-z-minus-0.040/2-accurate-hse06-atoms-fixed,10.221358631837328,0.020200045995638516,-0.07679996258101834,-0.03919995925645853,-1.386879792636772e-17,-2.4586119127359988e-17,3.845491705372771e-17,0.08856022197566885,0.07679996258101834,.TRUE.,0.27,,550,HSE,172,8,-21.004544,1
6-stretch-all-three-axes,stretch-x-plus-0.020-y-minus-0.080-z-minus-0.060,1-cheap-pbe-atoms-relaxed,6-stretch-all-three-axes/stretch-x-plus-0.020-y-minus-0.080-z-minus-0.060/1-cheap-pbe-atoms-relaxed,10.008413660340716,0.020200045995638516,-0.07679996258101834,-0.05819996093642227,-2.5828899104463616e-17,-1.2626017949264094e-17,3.845491705372771e-17,0.09845563246291605,0.07679996258101834,,,,550,PBE,172,8,-17.691317,1
6-stretch-all-three-axes,stretch-x-plus-0.020-y-minus-0.080-z-minus-0.060,2-accurate-hse06-atoms-fixed,6-stretch-all-three-axes/stretch-x-plus-0.020-y-minus-0.080-z-minus-0.060/2-accurate-hse06-atoms-fixed,10.008413660340716,0.020200045995638516,-0.07679996258101834,-0.05819996093642227,-2.5828899104463616e-17,-1.2626017949264094e-17,3.845491705372771e-17,0.09845563246291605,0.07679996258101834,.TRUE.,0.27,,550,HSE,172,8,-20.904359,1
6-stretch-all-three-axes,stretch-x-plus-0.020-y-minus-0.080-z-minus-0.080,1-cheap-pbe-atoms-relaxed,6-stretch-all-three-axes/stretch-x-plus-0.020-y-minus-0.080-z-minus-0.080/1-cheap-pbe-atoms-relaxed,9.795468688844103,0.020200045995638516,-0.07679996258101834,-0.07679996258101834,-3.728429149822808e-17,-1.1706255554996332e-18,3.845491705372771e-17,0.11047402573961695,0.07679996258101834,,,,550,PBE,172,8,-17.540383,1
6-stretch-all-three-axes,stretch-x-plus-0.020-y-minus-0.080-z-minus-0.080,2-accurate-hse06-atoms-fixed,6-stretch-all-three-axes/stretch-x-plus-0.020-y-minus-0.080-z-minus-0.080/2-accurate-hse06-atoms-fixed,9.795468688844103,0.020200045995638516,-0.07679996258101834,-0.07679996258101834,-3.728429149822808e-17,-1.1706255554996332e-18,3.845491705372771e-17,0.11047402573961695,0.07679996258101834,.TRUE.,0.27,,550,HSE,172,8,-20.764422,1
6-stretch-all-three-axes,stretch-x-plus-0.020-y-minus-0.080-z-plus-0.020,1-cheap-pbe-atoms-relaxed,6-stretch-all-three-axes/stretch-x-plus-0.020-y-minus-0.080-z-plus-0.020/1-cheap-pbe-atoms-relaxed,10.860193546327157,0.020200045995638516,-0.07679996258101834,0.020200045995638516,-3.8454917053727713e-17,1.09389088829366e-33,3.845491705372771e-17,0.0819409419575931,0.07679996258101834,,,,550,PBE,172,8,-17.928158,1
6-stretch-all-three-axes,stretch-x-plus-0.020-y-minus-0.080-z-plus-0.020,2-accurate-hse06-atoms-fixed,6-stretch-all-three-axes/stretch-x-plus-0.020-y-minus-0.080-z-plus-0.020/2-accurate-hse06-atoms-fixed,10.860193546327157,0.020200045995638516,-0.07679996258101834,0.020200045995638516,-3.8454917053727713e-17,1.09389088829366e-33,3.845491705372771e-17,0.0819409419575931,0.07679996258101834,.TRUE.,0.27,,550,HSE,172,8,-21.08543,1
6-stretch-all-three-axes,stretch-x-plus-0.020-y-minus-0.080-z-plus-0.040,1-cheap-pbe-atoms-relaxed,6-stretch-all-three-axes/stretch-x-plus-0.020-y-minus-0.080-z-plus-0.040/1-cheap-pbe-atoms-relaxed,11.07313851782377,0.020200045995638516,-0.07679996258101834,0.04080004781707314,2.5002556290333147e-17,-6.345747334406085e-17,3.845491705372771e-17,0.08928000903084175,0.07679996258101834,,,,550,PBE,172,8,-17.904617,1
6-stretch-all-three-axes,stretch-x-plus-0.020-y-minus-0.080-z-plus-0.040,2-accurate-hse06-atoms-fixed,6-stretch-all-three-axes/stretch-x-plus-0.020-y-minus-0.080-z-plus-0.040/2-accurate-hse06-atoms-fixed,11.07313851782377,0.020200045995638516,-0.07679996258101834,0.04080004781707314,2.5002556290333147e-17,-6.345747334406085e-17,3.845491705372771e-17,0.08928000903084175,0.07679996258101834,.TRUE.,0.27,,550,HSE,172,8,-21.045067,1
6-stretch-all-three-axes,stretch-x-plus-0.020-y-minus-0.080-z-plus-0.060,1-cheap-pbe-atoms-relaxed,6-stretch-all-three-axes/stretch-x-plus-0.020-y-minus-0.080-z-plus-0.060/1-cheap-pbe-atoms-relaxed,11.286083489320381,0.020200045995638516,-0.07679996258101834,0.0618000496738752,3.921666026818242e-17,-7.767157732191013e-17,3.845491705372771e-17,0.10062565403695607,0.07679996258101834,,,,550,PBE,172,8,-17.851464,1
6-stretch-all-three-axes,stretch-x-plus-0.020-y-minus-0.080-z-plus-0.060,2-accurate-hse06-atoms-fixed,6-stretch-all-three-axes/stretch-x-plus-0.020-y-minus-0.080-z-plus-0.060/2-accurate-hse06-atoms-fixed,11.286083489320381,0.020200045995638516,-0.07679996258101834,0.0618000496738752,3.921666026818242e-17,-7.767157732191013e-17,3.845491705372771e-17,0.10062565403695607,0.07679996258101834,.TRUE.,0.27,,550,HSE,172,8,-20.973982,1
6-stretch-all-three-axes,stretch-x-plus-0.020-y-minus-0.080-z-plus-0.080,1-cheap-pbe-atoms-relaxed,6-stretch-all-three-axes/stretch-x-plus-0.020-y-minus-0.080-z-plus-0.080/1-cheap-pbe-atoms-relaxed,11.499028460816993,0.020200045995638516,-0.07679996258101834,0.08320005156604482,-1.3294183241251761e-17,-2.516073381247595e-17,3.845491705372771e-17,0.11501532372368582,0.08320005156604482,,,,550,PBE,172,8,-17.770316,1
6-stretch-all-three-axes,stretch-x-plus-0.020-y-minus-0.080-z-plus-0.080,2-accurate-hse06-atoms-fixed,6-stretch-all-three-axes/stretch-x-plus-0.020-y-minus-0.080-z-plus-0.080/2-accurate-hse06-atoms-fixed,11.499028460816993,0.020200045995638516,-0.07679996258101834,0.08320005156604482,-1.3294183241251761e-17,-2.516073381247595e-17,3.845491705372771e-17,0.11501532372368582,0.08320005156604482,.TRUE.,0.27,,550,HSE,172,8,-20.873803,1
6-stretch-all-three-axes,stretch-x-plus-0.020-y-plus-0.020-z-minus-0.020,1-cheap-pbe-atoms-relaxed,6-stretch-all-three-axes/stretch-x-plus-0.020-y-plus-0.020-z-minus-0.020/1-cheap-pbe-atoms-relaxed,11.56846703847893,0.020200045995638516,0.020200045995638516,-0.019799957541127067,-9.178371006082864e-18,-3.044717160314448e-17,3.962554260922734e-17,0.03475804993209858,0.020200045995638516,,,,550,PBE,172,8,-18.147254,1
6-stretch-all-three-axes,stretch-x-plus-0.020-y-plus-0.020-z-minus-0.020,2-accurate-hse06-atoms-fixed,6-stretch-all-three-axes/stretch-x-plus-0.020-y-plus-0.020-z-minus-0.020/2-accurate-hse06-atoms-fixed,11.56846703847893,0.020200045995638516,0.020200045995638516,-0.019799957541127067,-9.178371006082864e-18,-3.044717160314448e-17,3.962554260922734e-17,0.03475804993209858,0.020200045995638516,.TRUE.,0.27,,550,HSE,172,8,-21.268649,1
6-stretch-all-three-axes,stretch-x-plus-0.020-y-plus-0.020-z-minus-0.040,1-cheap-pbe-atoms-relaxed,6-stretch-all-three-axes/stretch-x-plus-0.020-y-plus-0.020-z-minus-0.040/1-cheap-pbe-atoms-relaxed,11.332375874428335,0.020200045995638516,0.020200045995638516,-0.03919995925645853,-1.5039423481867355e-17,-2.4586119127359988e-17,3.962554260922734e-17,0.04850485050136565,0.03919995925645853,,,,550,PBE,172,8,-18.106209,1
6-stretch-all-three-axes,stretch-x-plus-0.020-y-plus-0.020-z-minus-0.040,2-accurate-hse06-atoms-fixed,6-stretch-all-three-axes/stretch-x-plus-0.020-y-plus-0.020-z-minus-0.040/2-accurate-hse06-atoms-fixed,11.332375874428335,0.020200045995638516,0.020200045995638516,-0.03919995925645853,-1.5039423481867355e-17,-2.4586119127359988e-17,3.962554260922734e-17,0.04850485050136565,0.03919995925645853,.TRUE.,0.27,,550,HSE,172,8,-21.240621,1
6-stretch-all-three-axes,stretch-x-plus-0.020-y-plus-0.020-z-minus-0.060,1-cheap-pbe-atoms-relaxed,6-stretch-all-three-axes/stretch-x-plus-0.020-y-plus-0.020-z-minus-0.060/1-cheap-pbe-atoms-relaxed,11.096284710377745,0.020200045995638516,0.020200045995638516,-0.05819996093642227,-2.6999524659963248e-17,-1.2626017949264094e-17,3.962554260922734e-17,0.06483300987500812,0.05819996093642227,,,,550,PBE,172,8,-18.033666,1
6-stretch-all-three-axes,stretch-x-plus-0.020-y-plus-0.020-z-minus-0.060,2-accurate-hse06-atoms-fixed,6-stretch-all-three-axes/stretch-x-plus-0.020-y-plus-0.020-z-minus-0.060/2-accurate-hse06-atoms-fixed,11.096284710377745,0.020200045995638516,0.020200045995638516,-0.05819996093642227,-2.6999524659963248e-17,-1.2626017949264094e-17,3.962554260922734e-17,0.06483300987500812,0.05819996093642227,.TRUE.,0.27,,550,HSE,172,8,-21.180037,1
6-stretch-all-three-axes,stretch-x-plus-0.020-y-plus-0.020-z-minus-0.080,1-cheap-pbe-atoms-relaxed,6-stretch-all-three-axes/stretch-x-plus-0.020-y-plus-0.020-z-minus-0.080/1-cheap-pbe-atoms-relaxed,10.860193546327157,0.020200045995638516,0.020200045995638516,-0.07679996258101834,-3.845491705372771e-17,-1.1706255554996332e-18,3.962554260922734e-17,0.0819409419575931,0.07679996258101834,,,,550,PBE,172,8,-17.928158,1
6-stretch-all-three-axes,stretch-x-plus-0.020-y-plus-0.020-z-minus-0.080,2-accurate-hse06-atoms-fixed,6-stretch-all-three-axes/stretch-x-plus-0.020-y-plus-0.020-z-minus-0.080/2-accurate-hse06-atoms-fixed,10.860193546327157,0.020200045995638516,0.020200045995638516,-0.07679996258101834,-3.845491705372771e-17,-1.1706255554996332e-18,3.962554260922734e-17,0.0819409419575931,0.07679996258101834,.TRUE.,0.27,,550,HSE,172,8,-21.08543,1
6-stretch-all-three-axes,stretch-x-plus-0.020-y-plus-0.020-z-plus-0.020,1-cheap-pbe-atoms-relaxed,6-stretch-all-three-axes/stretch-x-plus-0.020-y-plus-0.020-z-plus-0.020/1-cheap-pbe-atoms-relaxed,12.040649366580112,0.020200045995638516,0.020200045995638516,0.020200045995638516,-3.962554260922734e-17,1.09389088829366e-33,3.962554260922734e-17,0.034987505979674156,0.020200045995638516,,,,550,PBE,172,8,-18.141093,1
6-stretch-all-three-axes,stretch-x-plus-0.020-y-plus-0.020-z-plus-0.020,2-accurate-hse06-atoms-fixed,6-stretch-all-three-axes/stretch-x-plus-0.020-y-plus-0.020-z-plus-0.020/2-accurate-hse06-atoms-fixed,12.040649366580112,0.020200045995638516,0.020200045995638516,0.020200045995638516,-3.962554260922734e-17,1.09389088829366e-33,3.962554260922734e-17,0.034987505979674156,0.020200045995638516,.TRUE.,0.27,,550,HSE,172,8,-21.233344,1
6-stretch-all-three-axes,stretch-x-plus-0.020-y-plus-0.020-z-plus-0.040,1-cheap-pbe-atoms-relaxed,6-stretch-all-three-axes/stretch-x-plus-0.020-y-plus-0.020-z-plus-0.040/1-cheap-pbe-atoms-relaxed,12.2767405306307,0.020200045995638516,0.020200045995638516,0.04080004781707314,2.3831930734833515e-17,-6.345747334406085e-17,3.962554260922734e-17,0.04980690331999448,0.04080004781707314,,,,550,PBE,172,8,-18.096851,1
6-stretch-all-three-axes,stretch-x-plus-0.020-y-plus-0.020-z-plus-0.040,2-accurate-hse06-atoms-fixed,6-stretch-all-three-axes/stretch-x-plus-0.020-y-plus-0.020-z-plus-0.040/2-accurate-hse06-atoms-fixed,12.2767405306307,0.020200045995638516,0.020200045995638516,0.04080004781707314,2.3831930734833515e-17,-6.345747334406085e-17,3.962554260922734e-17,0.04980690331999448,0.04080004781707314,.TRUE.,0.27,,550,HSE,172,8,-21.172985,1
6-stretch-all-three-axes,stretch-x-plus-0.020-y-plus-0.020-z-plus-0.060,1-cheap-pbe-atoms-relaxed,6-stretch-all-three-axes/stretch-x-plus-0.020-y-plus-0.020-z-plus-0.060/1-cheap-pbe-atoms-relaxed,12.51283169468129,0.020200045995638516,0.020200045995638516,0.0618000496738752,3.804603471268279e-17,-7.767157732191013e-17,3.962554260922734e-17,0.06808325679743343,0.0618000496738752,,,,550,PBE,172,8,-18.027009,1
6-stretch-all-three-axes,stretch-x-plus-0.020-y-plus-0.020-z-plus-0.060,2-accurate-hse06-atoms-fixed,6-stretch-all-three-axes/stretch-x-plus-0.020-y-plus-0.020-z-plus-0.060/2-accurate-hse06-atoms-fixed,12.51283169468129,0.020200045995638516,0.020200045995638516,0.0618000496738752,3.804603471268279e-17,-7.767157732191013e-17,3.962554260922734e-17,0.06808325679743343,0.0618000496738752,.TRUE.,0.27,,550,HSE,172,8,-21.086016,1
6-stretch-all-three-axes,stretch-x-plus-0.020-y-plus-0.020-z-plus-0.080,1-cheap-pbe-atoms-relaxed,6-stretch-all-three-axes/stretch-x-plus-0.020-y-plus-0.020-z-plus-0.080/1-cheap-pbe-atoms-relaxed,12.74892285873188,0.020200045995638516,0.020200045995638516,0.08320005156604482,-1.4464808796751393e-17,-2.516073381247595e-17,3.962554260922734e-17,0.08796779124795814,0.08320005156604482,,,,550,PBE,172,8,-17.932979,1
6-stretch-all-three-axes,stretch-x-plus-0.020-y-plus-0.020-z-plus-0.080,2-accurate-hse06-atoms-fixed,6-stretch-all-three-axes/stretch-x-plus-0.020-y-plus-0.020-z-plus-0.080/2-accurate-hse06-atoms-fixed,12.74892285873188,0.020200045995638516,0.020200045995638516,0.08320005156604482,-1.4464808796751393e-17,-2.516073381247595e-17,3.962554260922734e-17,0.08796779124795814,0.08320005156604482,.TRUE.,0.27,,550,HSE,172,8,-20.973858,1
6-stretch-all-three-axes,stretch-x-plus-0.020-y-plus-0.040-z-minus-0.020,1-cheap-pbe-atoms-relaxed,6-stretch-all-three-axes/stretch-x-plus-0.020-y-plus-0.040-z-minus-0.020/1-cheap-pbe-atoms-relaxed,11.795299725507933,0.020200045995638516,0.04080004781707314,-0.019799957541127067,5.427910233797799e-17,-3.044717160314448e-17,-2.3831930734833515e-17,0.04964598753909324,0.04080004781707314,,,,550,PBE,172,8,-18.108689,1
6-stretch-all-three-axes,stretch-x-plus-0.020-y-plus-0.040-z-minus-0.020,2-accurate-hse06-atoms-fixed,6-stretch-all-three-axes/stretch-x-plus-0.020-y-plus-0.040-z-minus-0.020/2-accurate-hse06-atoms-fixed,11.795299725507933,0.020200045995638516,0.04080004781707314,-0.019799957541127067,5.427910233797799e-17,-3.044717160314448e-17,-2.3831930734833515e-17,0.04964598753909324,0.04080004781707314,.TRUE.,0.27,,550,HSE,172,8,-21.213641,1
6-stretch-all-three-axes,stretch-x-plus-0.020-y-plus-0.040-z-minus-0.040,1-cheap-pbe-atoms-relaxed,6-stretch-all-three-axes/stretch-x-plus-0.020-y-plus-0.040-z-minus-0.040/1-cheap-pbe-atoms-relaxed,11.55457932294654,0.020200045995638516,0.04080004781707314,-0.03919995925645853,4.8418049862193506e-17,-2.458611912735999e-17,-2.3831930734833515e-17,0.06007763781815473,0.04080004781707314,,,,550,PBE,172,8,-18.071735,1
6-stretch-all-three-axes,stretch-x-plus-0.020-y-plus-0.040-z-minus-0.040,2-accurate-hse06-atoms-fixed,6-stretch-all-three-axes/stretch-x-plus-0.020-y-plus-0.040-z-minus-0.040/2-accurate-hse06-atoms-fixed,11.55457932294654,0.020200045995638516,0.04080004781707314,-0.03919995925645853,4.8418049862193506e-17,-2.458611912735999e-17,-2.3831930734833515e-17,0.06007763781815473,0.04080004781707314,.TRUE.,0.27,,550,HSE,172,8,-21.189561,1
6-stretch-all-three-axes,stretch-x-plus-0.020-y-plus-0.040-z-minus-0.060,1-cheap-pbe-atoms-relaxed,6-stretch-all-three-axes/stretch-x-plus-0.020-y-plus-0.040-z-minus-0.060/1-cheap-pbe-atoms-relaxed,11.313858920385155,0.020200045995638516,0.04080004781707314,-0.05819996093642227,3.645794868409761e-17,-1.2626017949264097e-17,-2.3831930734833515e-17,0.07389127968239854,0.05819996093642227,,,,550,PBE,172,8,-18.004219,1
6-stretch-all-three-axes,stretch-x-plus-0.020-y-plus-0.040-z-minus-0.060,2-accurate-hse06-atoms-fixed,6-stretch-all-three-axes/stretch-x-plus-0.020-y-plus-0.040-z-minus-0.060/2-accurate-hse06-atoms-fixed,11.313858920385155,0.020200045995638516,0.04080004781707314,-0.05819996093642227,3.645794868409761e-17,-1.2626017949264097e-17,-2.3831930734833515e-17,0.07389127968239854,0.05819996093642227,.TRUE.,0.27,,550,HSE,172,8,-21.133882,1
6-stretch-all-three-axes,stretch-x-plus-0.020-y-plus-0.040-z-minus-0.080,1-cheap-pbe-atoms-relaxed,6-stretch-all-three-axes/stretch-x-plus-0.020-y-plus-0.040-z-minus-0.080/1-cheap-pbe-atoms-relaxed,11.07313851782377,0.020200045995638516,0.04080004781707314,-0.07679996258101834,2.5002556290333147e-17,-1.1706255554996363e-18,-2.3831930734833515e-17,0.08928000903084175,0.07679996258101834,,,,550,PBE,172,8,-17.904617,1
6-stretch-all-three-axes,stretch-x-plus-0.020-y-plus-0.040-z-minus-0.080,2-accurate-hse06-atoms-fixed,6-stretch-all-three-axes/stretch-x-plus-0.020-y-plus-0.040-z-minus-0.080/2-accurate-hse06-atoms-fixed,11.07313851782377,0.020200045995638516,0.04080004781707314,-0.07679996258101834,2.5002556290333147e-17,-1.1706255554996363e-18,-2.3831930734833515e-17,0.08928000903084175,0.07679996258101834,.TRUE.,0.27,,550,HSE,172,8,-21.045067,1
6-stretch-all-three-axes,stretch-x-plus-0.020-y-plus-0.040-z-plus-0.020,1-cheap-pbe-atoms-relaxed,6-stretch-all-three-axes/stretch-x-plus-0.020-y-plus-0.040-z-plus-0.020/1-cheap-pbe-atoms-relaxed,12.276740530630706,0.020200045995638516,0.04080004781707314,0.020200045995638516,2.3831930734833515e-17,-1.9875970227259173e-33,-2.3831930734833515e-17,0.04980690331999449,0.04080004781707314,,,,550,PBE,172,8,-18.096851,1
6-stretch-all-three-axes,stretch-x-plus-0.020-y-plus-0.040-z-plus-0.020,2-accurate-hse06-atoms-fixed,6-stretch-all-three-axes/stretch-x-plus-0.020-y-plus-0.040-z-plus-0.020/2-accurate-hse06-atoms-fixed,12.276740530630706,0.020200045995638516,0.04080004781707314,0.020200045995638516,2.3831930734833515e-17,-1.9875970227259173e-33,-2.3831930734833515e-17,0.04980690331999449,0.04080004781707314,.TRUE.,0.27,,550,HSE,172,8,-21.172985,1
6-stretch-all-three-axes,stretch-x-plus-0.020-y-plus-0.040-z-plus-0.040,1-cheap-pbe-atoms-relaxed,6-stretch-all-three-axes/stretch-x-plus-0.020-y-plus-0.040-z-plus-0.040/1-cheap-pbe-atoms-relaxed,12.51746093319209,0.020200045995638516,0.04080004781707314,0.04080004781707314,8.728940407889437e-17,-6.345747334406087e-17,-2.3831930734833518e-17,0.06113370315936064,0.04080004781707314,,,,550,PBE,172,8,-18.050894,1
6-stretch-all-three-axes,stretch-x-plus-0.020-y-plus-0.040-z-plus-0.040,2-accurate-hse06-atoms-fixed,6-stretch-all-three-axes/stretch-x-plus-0.020-y-plus-0.040-z-plus-0.040/2-accurate-hse06-atoms-fixed,12.51746093319209,0.020200045995638516,0.04080004781707314,0.04080004781707314,8.728940407889437e-17,-6.345747334406087e-17,-2.3831930734833518e-17,0.06113370315936064,0.04080004781707314,.TRUE.,0.27,,550,HSE,172,8,-21.111101,1
6-stretch-all-three-axes,stretch-x-plus-0.020-y-plus-0.040-z-plus-0.060,1-cheap-pbe-atoms-relaxed,6-stretch-all-three-axes/stretch-x-plus-0.020-y-plus-0.040-z-plus-0.060/1-cheap-pbe-atoms-relaxed,12.758181335753475,0.020200045995638516,0.04080004781707314,0.0618000496738752,1.0150350805674364e-16,-7.767157732191014e-17,-2.3831930734833518e-17,0.07675892065287793,0.0618000496738752,,,,550,PBE,172,8,-17.980006,1
6-stretch-all-three-axes,stretch-x-plus-0.020-y-plus-0.040-z-plus-0.060,2-accurate-hse06-atoms-fixed,6-stretch-all-three-axes/stretch-x-plus-0.020-y-plus-0.040-z-plus-0.060/2-accurate-hse06-atoms-fixed,12.758181335753475,0.020200045995638516,0.04080004781707314,0.0618000496738752,1.0150350805674364e-16,-7.767157732191014e-17,-2.3831930734833518e-17,0.07675892065287793,0.0618000496738752,.TRUE.,0.27,,550,HSE,172,8,-21.023283,1
6-stretch-all-three-axes,stretch-x-plus-0.020-y-plus-0.040-z-plus-0.080,1-cheap-pbe-atoms-relaxed,6-stretch-all-three-axes/stretch-x-plus-0.020-y-plus-0.040-z-plus-0.080/1-cheap-pbe-atoms-relaxed,12.998901738314862,0.020200045995638516,0.04080004781707314,0.08320005156604482,4.8992664547309467e-17,-2.5160733812475952e-17,-2.3831930734833515e-17,0.09484162767842971,0.08320005156604482,,,,550,PBE,172,8,-17.885637,1
6-stretch-all-three-axes,stretch-x-plus-0.020-y-plus-0.040-z-plus-0.080,2-accurate-hse06-atoms-fixed,6-stretch-all-three-axes/stretch-x-plus-0.020-y-plus-0.040-z-plus-0.080/2-accurate-hse06-atoms-fixed,12.998901738314862,0.020200045995638516,0.04080004781707314,0.08320005156604482,4.8992664547309467e-17,-2.5160733812475952e-17,-2.3831930734833515e-17,0.09484162767842971,0.08320005156604482,.TRUE.,0.27,,550,HSE,172,8,-20.910992,1
6-stretch-all-three-axes,stretch-x-plus-0.020-y-plus-0.060-z-minus-0.020,1-cheap-pbe-atoms-relaxed,6-stretch-all-three-axes/stretch-x-plus-0.020-y-plus-0.060-z-minus-0.020/1-cheap-pbe-atoms-relaxed,12.02213241253693,0.020200045995638516,0.0618000496738752,-0.019799957541127067,6.849320631582727e-17,-3.044717160314448e-17,-3.804603471268279e-17,0.06796562599248085,0.0618000496738752,,,,550,PBE,172,8,-18.043064,1
6-stretch-all-three-axes,stretch-x-plus-0.020-y-plus-0.060-z-minus-0.020,2-accurate-hse06-atoms-fixed,6-stretch-all-three-axes/stretch-x-plus-0.020-y-plus-0.060-z-minus-0.020/2-accurate-hse06-atoms-fixed,12.02213241253693,0.020200045995638516,0.0618000496738752,-0.019799957541127067,6.849320631582727e-17,-3.044717160314448e-17,-3.804603471268279e-17,0.06796562599248085,0.0618000496738752,.TRUE.,0.27,,550,HSE,172,8,-21.130532,1
6-stretch-all-three-axes,stretch-x-plus-0.020-y-plus-0.060-z-minus-0.040,1-cheap-pbe-atoms-relaxed,6-stretch-all-three-axes/stretch-x-plus-0.020-y-plus-0.060-z-minus-0.040/1-cheap-pbe-atoms-relaxed,11.776782771464742,0.020200045995638516,0.0618000496738752,-0.03919995925645853,6.263215384004278e-17,-2.458611912735999e-17,-3.804603471268279e-17,0.07592051635511551,0.0618000496738752,,,,550,PBE,172,8,-18.009366,1
6-stretch-all-three-axes,stretch-x-plus-0.020-y-plus-0.060-z-minus-0.040,2-accurate-hse06-atoms-fixed,6-stretch-all-three-axes/stretch-x-plus-0.020-y-plus-0.060-z-minus-0.040/2-accurate-hse06-atoms-fixed,11.776782771464742,0.020200045995638516,0.0618000496738752,-0.03919995925645853,6.263215384004278e-17,-2.458611912735999e-17,-3.804603471268279e-17,0.07592051635511551,0.0618000496738752,.TRUE.,0.27,,550,HSE,172,8,-21.109542,1
6-stretch-all-three-axes,stretch-x-plus-0.020-y-plus-0.060-z-minus-0.060,1-cheap-pbe-atoms-relaxed,6-stretch-all-three-axes/stretch-x-plus-0.020-y-plus-0.060-z-minus-0.060/1-cheap-pbe-atoms-relaxed,11.53143313039256,0.020200045995638516,0.0618000496738752,-0.05819996093642227,5.067205266194688e-17,-1.2626017949264097e-17,-3.804603471268279e-17,0.08726123681750352,0.0618000496738752,,,,550,PBE,172,8,-17.946011,1
6-stretch-all-three-axes,stretch-x-plus-0.020-y-plus-0.060-z-minus-0.060,2-accurate-hse06-atoms-fixed,6-stretch-all-three-axes/stretch-x-plus-0.020-y-plus-0.060-z-minus-0.060/2-accurate-hse06-atoms-fixed,11.53143313039256,0.020200045995638516,0.0618000496738752,-0.05819996093642227,5.067205266194688e-17,-1.2626017949264097e-17,-3.804603471268279e-17,0.08726123681750352,0.0618000496738752,.TRUE.,0.27,,550,HSE,172,8,-21.057875,1
6-stretch-all-three-axes,stretch-x-plus-0.020-y-plus-0.060-z-minus-0.080,1-cheap-pbe-atoms-relaxed,6-stretch-all-three-axes/stretch-x-plus-0.020-y-plus-0.060-z-minus-0.080/1-cheap-pbe-atoms-relaxed,11.286083489320381,0.020200045995638516,0.0618000496738752,-0.07679996258101834,3.921666026818242e-17,-1.1706255554996363e-18,-3.804603471268279e-17,0.10062565403695606,0.07679996258101834,,,,550,PBE,172,8,-17.851464,1
6-stretch-all-three-axes,stretch-x-plus-0.020-y-plus-0.060-z-minus-0.080,2-accurate-hse06-atoms-fixed,6-stretch-all-three-axes/stretch-x-plus-0.020-y-plus-0.060-z-minus-0.080/2-accurate-hse06-atoms-fixed,11.286083489320381,0.020200045995638516,0.0618000496738752,-0.07679996258101834,3.921666026818242e-17,-1.1706255554996363e-18,-3.804603471268279e-17,0.10062565403695606,0.07679996258101834,.TRUE.,0.27,,550,HSE,172,8,-20.973982,1
6-stretch-all-three-axes,stretch-x-plus-0.020-y-plus-0.060-z-plus-0.020,1-cheap-pbe-atoms-relaxed,6-stretch-all-three-axes/stretch-x-plus-0.020-y-plus-0.060-z-plus-0.020/1-cheap-pbe-atoms-relaxed,12.512831694681296,0.020200045995638516,0.0618000496738752,0.020200045995638516,3.8046034712682784e-17,-1.9875970227259173e-33,-3.804603471268279e-17,0.06808325679743343,0.0618000496738752,,,,550,PBE,172,8,-18.027009,1
6-stretch-all-three-axes,stretch-x-plus-0.020-y-plus-0.060-z-plus-0.020,2-accurate-hse06-atoms-fixed,6-stretch-all-three-axes/stretch-x-plus-0.020-y-plus-0.060-z-plus-0.020/2-accurate-hse06-atoms-fixed,12.512831694681296,0.020200045995638516,0.0618000496738752,0.020200045995638516,3.8046034712682784e-17,-1.9875970227259173e-33,-3.804603471268279e-17,0.06808325679743343,0.0618000496738752,.TRUE.,0.27,,550,HSE,172,8,-21.086016,1
6-stretch-all-three-axes,stretch-x-plus-0.020-y-plus-0.060-z-plus-0.040,1-cheap-pbe-atoms-relaxed,6-stretch-all-three-axes/stretch-x-plus-0.020-y-plus-0.060-z-plus-0.040/1-cheap-pbe-atoms-relaxed,12.758181335753475,0.020200045995638516,0.0618000496738752,0.04080004781707314,1.0150350805674364e-16,-6.345747334406087e-17,-3.804603471268279e-17,0.07675892065287791,0.0618000496738752,,,,550,PBE,172,8,-17.980006,1
6-stretch-all-three-axes,stretch-x-plus-0.020-y-plus-0.060-z-plus-0.040,2-accurate-hse06-atoms-fixed,6-stretch-all-three-axes/stretch-x-plus-0.020-y-plus-0.060-z-plus-0.040/2-accurate-hse06-atoms-fixed,12.758181335753475,0.020200045995638516,0.0618000496738752,0.04080004781707314,1.0150350805674364e-16,-6.345747334406087e-17,-3.804603471268279e-17,0.07675892065287791,0.0618000496738752,.TRUE.,0.27,,550,HSE,172,8,-21.023283,1
6-stretch-all-three-axes,stretch-x-plus-0.020-y-plus-0.060-z-plus-0.060,1-cheap-pbe-atoms-relaxed,6-stretch-all-three-axes/stretch-x-plus-0.020-y-plus-0.060-z-plus-0.060/1-cheap-pbe-atoms-relaxed,13.003530976825656,0.020200045995638516,0.0618000496738752,0.0618000496738752,1.1571761203459292e-16,-7.767157732191014e-17,-3.804603471268279e-17,0.08970247564929741,0.0618000496738752,,,,550,PBE,172,8,-17.908869,1
6-stretch-all-three-axes,stretch-x-plus-0.020-y-plus-0.060-z-plus-0.060,2-accurate-hse06-atoms-fixed,6-stretch-all-three-axes/stretch-x-plus-0.020-y-plus-0.060-z-plus-0.060/2-accurate-hse06-atoms-fixed,13.003530976825656,0.020200045995638516,0.0618000496738752,0.0618000496738752,1.1571761203459292e-16,-7.767157732191014e-17,-3.804603471268279e-17,0.08970247564929741,0.0618000496738752,.TRUE.,0.27,,550,HSE,172,8,-20.935428,1
6-stretch-all-three-axes,stretch-x-plus-0.020-y-plus-0.060-z-plus-0.080,1-cheap-pbe-atoms-relaxed,6-stretch-all-three-axes/stretch-x-plus-0.020-y-plus-0.060-z-plus-0.080/1-cheap-pbe-atoms-relaxed,13.24888061789784,0.020200045995638516,0.0618000496738752,0.08320005156604482,6.320676852515874e-17,-2.5160733812475952e-17,-3.804603471268279e-17,0.10559136602256773,0.08320005156604482,,,,550,PBE,172,8,-17.814784,1
6-stretch-all-three-axes,stretch-x-plus-0.020-y-plus-0.060-z-plus-0.080,2-accurate-hse06-atoms-fixed,6-stretch-all-three-axes/stretch-x-plus-0.020-y-plus-0.060-z-plus-0.080/2-accurate-hse06-atoms-fixed,13.24888061789784,0.020200045995638516,0.0618000496738752,0.08320005156604482,6.320676852515874e-17,-2.5160733812475952e-17,-3.804603471268279e-17,0.10559136602256773,0.08320005156604482,.TRUE.,0.27,,550,HSE,172,8,-20.823644,1
6-stretch-all-three-axes,stretch-x-plus-0.020-y-plus-0.080-z-minus-0.020,1-cheap-pbe-atoms-relaxed,6-stretch-all-three-axes/stretch-x-plus-0.020-y-plus-0.080-z-minus-0.020/1-cheap-pbe-atoms-relaxed,12.248965099565924,0.020200045995638516,0.08320005156604482,-0.019799957541127067,1.5982362806393085e-17,-3.044717160314448e-17,1.4464808796751393e-17,0.0878767816743926,0.08320005156604482,,,,550,PBE,172,8,-17.951818,1
6-stretch-all-three-axes,stretch-x-plus-0.020-y-plus-0.080-z-minus-0.020,2-accurate-hse06-atoms-fixed,6-stretch-all-three-axes/stretch-x-plus-0.020-y-plus-0.080-z-minus-0.020/2-accurate-hse06-atoms-fixed,12.248965099565924,0.020200045995638516,0.08320005156604482,-0.019799957541127067,1.5982362806393085e-17,-3.044717160314448e-17,1.4464808796751393e-17,0.0878767816743926,0.08320005156604482,.TRUE.,0.27,,550,HSE,172,8,-21.020761,1
6-stretch-all-three-axes,stretch-x-plus-0.020-y-plus-0.080-z-minus-0.040,1-cheap-pbe-atoms-relaxed,6-stretch-all-three-axes/stretch-x-plus-0.020-y-plus-0.080-z-minus-0.040/1-cheap-pbe-atoms-relaxed,11.99898621998295,0.020200045995638516,0.08320005156604482,-0.03919995925645853,1.0121310330608596e-17,-2.4586119127359988e-17,1.4464808796751393e-17,0.09416436292210784,0.08320005156604482,,,,550,PBE,172,8,-17.920648,1
6-stretch-all-three-axes,stretch-x-plus-0.020-y-plus-0.080-z-minus-0.040,2-accurate-hse06-atoms-fixed,6-stretch-all-three-axes/stretch-x-plus-0.020-y-plus-0.080-z-minus-0.040/2-accurate-hse06-atoms-fixed,11.99898621998295,0.020200045995638516,0.08320005156604482,-0.03919995925645853,1.0121310330608596e-17,-2.4586119127359988e-17,1.4464808796751393e-17,0.09416436292210784,0.08320005156604482,.TRUE.,0.27,,550,HSE,172,8,-21.002122,1
6-stretch-all-three-axes,stretch-x-plus-0.020-y-plus-0.080-z-minus-0.060,1-cheap-pbe-atoms-relaxed,6-stretch-all-three-axes/stretch-x-plus-0.020-y-plus-0.080-z-minus-0.060/1-cheap-pbe-atoms-relaxed,11.749007340399972,0.020200045995638516,0.08320005156604482,-0.05819996093642227,-1.8387908474872986e-18,-1.2626017949264094e-17,1.4464808796751393e-17,0.10352548426266601,0.08320005156604482,,,,550,PBE,172,8,-17.860641,1
6-stretch-all-three-axes,stretch-x-plus-0.020-y-plus-0.080-z-minus-0.060,2-accurate-hse06-atoms-fixed,6-stretch-all-three-axes/stretch-x-plus-0.020-y-plus-0.080-z-minus-0.060/2-accurate-hse06-atoms-fixed,11.749007340399972,0.020200045995638516,0.08320005156604482,-0.05819996093642227,-1.8387908474872986e-18,-1.2626017949264094e-17,1.4464808796751393e-17,0.10352548426266601,0.08320005156604482,.TRUE.,0.27,,550,HSE,172,8,-20.953635,1
6-stretch-all-three-axes,stretch-x-plus-0.020-y-plus-0.080-z-minus-0.080,1-cheap-pbe-atoms-relaxed,6-stretch-all-three-axes/stretch-x-plus-0.020-y-plus-0.080-z-minus-0.080/1-cheap-pbe-atoms-relaxed,11.499028460816993,0.020200045995638516,0.08320005156604482,-0.07679996258101834,-1.329418324125176e-17,-1.1706255554996332e-18,1.4464808796751393e-17,0.11501532372368582,0.08320005156604482,,,,550,PBE,172,8,-17.770316,1
6-stretch-all-three-axes,stretch-x-plus-0.020-y-plus-0.080-z-minus-0.080,2-accurate-hse06-atoms-fixed,6-stretch-all-three-axes/stretch-x-plus-0.020-y-plus-0.080-z-minus-0.080/2-accurate-hse06-atoms-fixed,11.499028460816993,0.020200045995638516,0.08320005156604482,-0.07679996258101834,-1.329418324125176e-17,-1.1706255554996332e-18,1.4464808796751393e-17,0.11501532372368582,0.08320005156604482,.TRUE.,0.27,,550,HSE,172,8,-20.873803,1
6-stretch-all-three-axes,stretch-x-plus-0.020-y-plus-0.080-z-plus-0.020,1-cheap-pbe-atoms-relaxed,6-stretch-all-three-axes/stretch-x-plus-0.020-y-plus-0.080-z-plus-0.020/1-cheap-pbe-atoms-relaxed,12.74892285873188,0.020200045995638516,0.08320005156604482,0.020200045995638516,-1.4464808796751393e-17,1.09389088829366e-33,1.4464808796751393e-17,0.08796779124795814,0.08320005156604482,,,,550,PBE,172,8,-17.932979,1
6-stretch-all-three-axes,stretch-x-plus-0.020-y-plus-0.080-z-plus-0.020,2-accurate-hse06-atoms-fixed,6-stretch-all-three-axes/stretch-x-plus-0.020-y-plus-0.080-z-plus-0.020/2-accurate-hse06-atoms-fixed,12.74892285873188,0.020200045995638516,0.08320005156604482,0.020200045995638516,-1.4464808796751393e-17,1.09389088829366e-33,1.4464808796751393e-17,0.08796779124795814,0.08320005156604482,.TRUE.,0.27,,550,HSE,172,8,-20.973858,1
6-stretch-all-three-axes,stretch-x-plus-0.020-y-plus-0.080-z-plus-0.040,1-cheap-pbe-atoms-relaxed,6-stretch-all-three-axes/stretch-x-plus-0.020-y-plus-0.080-z-plus-0.040/1-cheap-pbe-atoms-relaxed,12.998901738314862,0.020200045995638516,0.08320005156604482,0.04080004781707314,4.8992664547309467e-17,-6.345747334406085e-17,1.446480879675139e-17,0.09484162767842971,0.08320005156604482,,,,550,PBE,172,8,-17.885637,1
6-stretch-all-three-axes,stretch-x-plus-0.020-y-plus-0.080-z-plus-0.040,2-accurate-hse06-atoms-fixed,6-stretch-all-three-axes/stretch-x-plus-0.020-y-plus-0.080-z-plus-0.040/2-accurate-hse06-atoms-fixed,12.998901738314862,0.020200045995638516,0.08320005156604482,0.04080004781707314,4.8992664547309467e-17,-6.345747334406085e-17,1.446480879675139e-17,0.09484162767842971,0.08320005156604482,.TRUE.,0.27,,550,HSE,172,8,-20.910992,1
6-stretch-all-three-axes,stretch-x-plus-0.020-y-plus-0.080-z-plus-0.060,1-cheap-pbe-atoms-relaxed,6-stretch-all-three-axes/stretch-x-plus-0.020-y-plus-0.080-z-plus-0.060/1-cheap-pbe-atoms-relaxed,13.24888061789784,0.020200045995638516,0.08320005156604482,0.0618000496738752,6.320676852515874e-17,-7.767157732191013e-17,1.446480879675139e-17,0.10559136602256773,0.08320005156604482,,,,550,PBE,172,8,-17.814784,1
6-stretch-all-three-axes,stretch-x-plus-0.020-y-plus-0.080-z-plus-0.060,2-accurate-hse06-atoms-fixed,6-stretch-all-three-axes/stretch-x-plus-0.020-y-plus-0.080-z-plus-0.060/2-accurate-hse06-atoms-fixed,13.24888061789784,0.020200045995638516,0.08320005156604482,0.0618000496738752,6.320676852515874e-17,-7.767157732191013e-17,1.446480879675139e-17,0.10559136602256773,0.08320005156604482,.TRUE.,0.27,,550,HSE,172,8,-20.823644,1
6-stretch-all-three-axes,stretch-x-plus-0.020-y-plus-0.080-z-plus-0.080,1-cheap-pbe-atoms-relaxed,6-stretch-all-three-axes/stretch-x-plus-0.020-y-plus-0.080-z-plus-0.080/1-cheap-pbe-atoms-relaxed,13.498859497480817,0.020200045995638516,0.08320005156604482,0.08320005156604482,1.0695925015724556e-17,-2.516073381247595e-17,1.4464808796751393e-17,0.11938399817149259,0.08320005156604482,,,,550,PBE,172,8,-17.721609,1
6-stretch-all-three-axes,stretch-x-plus-0.020-y-plus-0.080-z-plus-0.080,2-accurate-hse06-atoms-fixed,6-stretch-all-three-axes/stretch-x-plus-0.020-y-plus-0.080-z-plus-0.080/2-accurate-hse06-atoms-fixed,13.498859497480817,0.020200045995638516,0.08320005156604482,0.08320005156604482,1.0695925015724556e-17,-2.516073381247595e-17,1.4464808796751393e-17,0.11938399817149259,0.08320005156604482,.TRUE.,0.27,,550,HSE,172,8,-20.713007,1
6-stretch-all-three-axes,stretch-x-plus-0.040-y-minus-0.020-z-minus-0.020,1-cheap-pbe-atoms-relaxed,6-stretch-all-three-axes/stretch-x-plus-0.040-y-minus-0.020-z-minus-0.020/1-cheap-pbe-atoms-relaxed,11.3327389519586,0.04080004781707314,-0.019799957541127067,-0.019799957541127067,2.1268800597061612e-17,3.301030174091638e-17,-5.427910233797799e-17,0.04948454848875883,0.04080004781707314,,,,550,PBE,172,8,-18.102796,1
6-stretch-all-three-axes,stretch-x-plus-0.040-y-minus-0.020-z-minus-0.020,2-accurate-hse06-atoms-fixed,6-stretch-all-three-axes/stretch-x-plus-0.040-y-minus-0.020-z-minus-0.020/2-accurate-hse06-atoms-fixed,11.3327389519586,0.04080004781707314,-0.019799957541127067,-0.019799957541127067,2.1268800597061612e-17,3.301030174091638e-17,-5.427910233797799e-17,0.04948454848875883,0.04080004781707314,.TRUE.,0.27,,550,HSE,172,8,-21.236952,1
6-stretch-all-three-axes,stretch-x-plus-0.040-y-minus-0.020-z-minus-0.040,1-cheap-pbe-atoms-relaxed,6-stretch-all-three-axes/stretch-x-plus-0.040-y-minus-0.020-z-minus-0.040/1-cheap-pbe-atoms-relaxed,11.101458565183929,0.04080004781707314,-0.019799957541127067,-0.03919995925645853,1.5407748121277124e-17,3.8871354216700866e-17,-5.427910233797799e-17,0.05994429936377518,0.04080004781707314,,,,550,PBE,172,8,-18.054304,1
6-stretch-all-three-axes,stretch-x-plus-0.040-y-minus-0.020-z-minus-0.040,2-accurate-hse06-atoms-fixed,6-stretch-all-three-axes/stretch-x-plus-0.040-y-minus-0.020-z-minus-0.040/2-accurate-hse06-atoms-fixed,11.101458565183929,0.04080004781707314,-0.019799957541127067,-0.03919995925645853,1.5407748121277124e-17,3.8871354216700866e-17,-5.427910233797799e-17,0.05994429936377518,0.04080004781707314,.TRUE.,0.27,,550,HSE,172,8,-21.201467,1
6-stretch-all-three-axes,stretch-x-plus-0.040-y-minus-0.020-z-minus-0.060,1-cheap-pbe-atoms-relaxed,6-stretch-all-three-axes/stretch-x-plus-0.040-y-minus-0.020-z-minus-0.060/1-cheap-pbe-atoms-relaxed,10.870178178409265,0.04080004781707314,-0.019799957541127067,-0.05819996093642227,3.4476469431812293e-18,5.083145539479676e-17,-5.427910233797799e-17,0.07378290908812804,0.05819996093642227,,,,550,PBE,172,8,-17.973375,1
6-stretch-all-three-axes,stretch-x-plus-0.040-y-minus-0.020-z-minus-0.060,2-accurate-hse06-atoms-fixed,6-stretch-all-three-axes/stretch-x-plus-0.040-y-minus-0.020-z-minus-0.060/2-accurate-hse06-atoms-fixed,10.870178178409265,0.04080004781707314,-0.019799957541127067,-0.05819996093642227,3.4476469431812293e-18,5.083145539479676e-17,-5.427910233797799e-17,0.07378290908812804,0.05819996093642227,.TRUE.,0.27,,550,HSE,172,8,-21.132468,1
6-stretch-all-three-axes,stretch-x-plus-0.040-y-minus-0.020-z-minus-0.080,1-cheap-pbe-atoms-relaxed,6-stretch-all-three-axes/stretch-x-plus-0.040-y-minus-0.020-z-minus-0.080/1-cheap-pbe-atoms-relaxed,10.638897791634601,0.04080004781707314,-0.019799957541127067,-0.07679996258101834,-8.007745450583232e-18,6.228684778856123e-17,-5.427910233797799e-17,0.08919033845070724,0.07679996258101834,,,,550,PBE,172,8,-17.858296,1
6-stretch-all-three-axes,stretch-x-plus-0.040-y-minus-0.020-z-minus-0.080,2-accurate-hse06-atoms-fixed,6-stretch-all-three-axes/stretch-x-plus-0.040-y-minus-0.020-z-minus-0.080/2-accurate-hse06-atoms-fixed,10.638897791634601,0.04080004781707314,-0.019799957541127067,-0.07679996258101834,-8.007745450583232e-18,6.228684778856123e-17,-5.427910233797799e-17,0.08919033845070724,0.07679996258101834,.TRUE.,0.27,,550,HSE,172,8,-21.028222,1
6-stretch-all-three-axes,stretch-x-plus-0.040-y-minus-0.020-z-plus-0.020,1-cheap-pbe-atoms-relaxed,6-stretch-all-three-axes/stretch-x-plus-0.040-y-minus-0.020-z-plus-0.020/1-cheap-pbe-atoms-relaxed,11.795299725507933,0.04080004781707314,-0.019799957541127067,0.020200045995638516,-9.178371006082867e-18,6.345747334406085e-17,-5.427910233797799e-17,0.04964598753909324,0.04080004781707314,,,,550,PBE,172,8,-18.108689,1
6-stretch-all-three-axes,stretch-x-plus-0.040-y-minus-0.020-z-plus-0.020,2-accurate-hse06-atoms-fixed,6-stretch-all-three-axes/stretch-x-plus-0.040-y-minus-0.020-z-plus-0.020/2-accurate-hse06-atoms-fixed,11.795299725507933,0.04080004781707314,-0.019799957541127067,0.020200045995638516,-9.178371006082867e-18,6.345747334406085e-17,-5.427910233797799e-17,0.04964598753909324,0.04080004781707314,.TRUE.,0.27,,550,HSE,172,8,-21.213641,1
6-stretch-all-three-axes,stretch-x-plus-0.040-y-minus-0.020-z-plus-0.040,1-cheap-pbe-atoms-relaxed,6-stretch-all-three-axes/stretch-x-plus-0.040-y-minus-0.020-z-plus-0.040/1-cheap-pbe-atoms-relaxed,12.026580112282595,0.04080004781707314,-0.019799957541127067,0.04080004781707314,5.427910233797799e-17,-1.0408000828351506e-33,-5.427910233797799e-17,0.061002673075705,0.04080004781707314,,,,550,PBE,172,8,-18.069119,1
6-stretch-all-three-axes,stretch-x-plus-0.040-y-minus-0.020-z-plus-0.040,2-accurate-hse06-atoms-fixed,6-stretch-all-three-axes/stretch-x-plus-0.040-y-minus-0.020-z-plus-0.040/2-accurate-hse06-atoms-fixed,12.026580112282595,0.04080004781707314,-0.019799957541127067,0.04080004781707314,5.427910233797799e-17,-1.0408000828351506e-33,-5.427910233797799e-17,0.061002673075705,0.04080004781707314,.TRUE.,0.27,,550,HSE,172,8,-21.157887,1
6-stretch-all-three-axes,stretch-x-plus-0.040-y-minus-0.020-z-plus-0.060,1-cheap-pbe-atoms-relaxed,6-stretch-all-three-axes/stretch-x-plus-0.040-y-minus-0.020-z-plus-0.060/1-cheap-pbe-atoms-relaxed,12.25786049905726,0.04080004781707314,-0.019799957541127067,0.0618000496738752,6.849320631582727e-17,-1.4214103977849273e-17,-5.427910233797799e-17,0.07665460429875906,0.0618000496738752,,,,550,PBE,172,8,-18.003128,1
6-stretch-all-three-axes,stretch-x-plus-0.040-y-minus-0.020-z-plus-0.060,2-accurate-hse06-atoms-fixed,6-stretch-all-three-axes/stretch-x-plus-0.040-y-minus-0.020-z-plus-0.060/2-accurate-hse06-atoms-fixed,12.25786049905726,0.04080004781707314,-0.019799957541127067,0.0618000496738752,6.849320631582727e-17,-1.4214103977849273e-17,-5.427910233797799e-17,0.07665460429875906,0.0618000496738752,.TRUE.,0.27,,550,HSE,172,8,-21.07468,1
6-stretch-all-three-axes,stretch-x-plus-0.040-y-minus-0.020-z-plus-0.080,1-cheap-pbe-atoms-relaxed,6-stretch-all-three-axes/stretch-x-plus-0.040-y-minus-0.020-z-plus-0.080/1-cheap-pbe-atoms-relaxed,12.489140885831924,0.04080004781707314,-0.019799957541127067,0.08320005156604482,1.5982362806393085e-17,3.8296739531584905e-17,-5.427910233797799e-17,0.09475722031116365,0.08320005156604482,,,,550,PBE,172,8,-17.912211,1
6-stretch-all-three-axes,stretch-x-plus-0.040-y-minus-0.020-z-plus-0.080,2-accurate-hse06-atoms-fixed,6-stretch-all-three-axes/stretch-x-plus-0.040-y-minus-0.020-z-plus-0.080/2-accurate-hse06-atoms-fixed,12.489140885831924,0.04080004781707314,-0.019799957541127067,0.08320005156604482,1.5982362806393085e-17,3.8296739531584905e-17,-5.427910233797799e-17,0.09475722031116365,0.08320005156604482,.TRUE.,0.27,,550,HSE,172,8,-20.965516,1
6-stretch-all-three-axes,stretch-x-plus-0.040-y-minus-0.040-z-minus-0.020,1-cheap-pbe-atoms-relaxed,6-stretch-all-three-axes/stretch-x-plus-0.040-y-minus-0.040-z-minus-0.020/1-cheap-pbe-atoms-relaxed,11.101458565183929,0.04080004781707314,-0.03919995925645853,-0.019799957541127067,1.5407748121277124e-17,3.301030174091638e-17,-4.8418049862193506e-17,0.05994429936377518,0.04080004781707314,,,,550,PBE,172,8,-18.054304,1
6-stretch-all-three-axes,stretch-x-plus-0.040-y-minus-0.040-z-minus-0.020,2-accurate-hse06-atoms-fixed,6-stretch-all-three-axes/stretch-x-plus-0.040-y-minus-0.040-z-minus-0.020/2-accurate-hse06-atoms-fixed,11.101458565183929,0.04080004781707314,-0.03919995925645853,-0.019799957541127067,1.5407748121277124e-17,3.301030174091638e-17,-4.8418049862193506e-17,0.05994429936377518,0.04080004781707314,.TRUE.,0.27,,550,HSE,172,8,-21.201467,1
6-stretch-all-three-axes,stretch-x-plus-0.040-y-minus-0.040-z-minus-0.040,1-cheap-pbe-atoms-relaxed,6-stretch-all-three-axes/stretch-x-plus-0.040-y-minus-0.040-z-minus-0.040/1-cheap-pbe-atoms-relaxed,10.874898186302628,0.04080004781707314,-0.03919995925645853,-0.03919995925645853,9.546695645492634e-18,3.8871354216700866e-17,-4.8418049862193506e-17,0.06883253237598826,0.04080004781707314,,,,550,PBE,172,8,-17.998622,1
6-stretch-all-three-axes,stretch-x-plus-0.040-y-minus-0.040-z-minus-0.040,2-accurate-hse06-atoms-fixed,6-stretch-all-three-axes/stretch-x-plus-0.040-y-minus-0.040-z-minus-0.040/2-accurate-hse06-atoms-fixed,10.874898186302628,0.04080004781707314,-0.03919995925645853,-0.03919995925645853,9.546695645492634e-18,3.8871354216700866e-17,-4.8418049862193506e-17,0.06883253237598826,0.04080004781707314,.TRUE.,0.27,,550,HSE,172,8,-21.158818,1
6-stretch-all-three-axes,stretch-x-plus-0.040-y-minus-0.040-z-minus-0.060,1-cheap-pbe-atoms-relaxed,6-stretch-all-three-axes/stretch-x-plus-0.040-y-minus-0.040-z-minus-0.060/1-cheap-pbe-atoms-relaxed,10.648337807421324,0.04080004781707314,-0.03919995925645853,-0.05819996093642227,-2.4134055326032605e-18,5.083145539479676e-17,-4.8418049862193506e-17,0.08116967512922878,0.05819996093642227,,,,550,PBE,172,8,-17.909404,1
6-stretch-all-three-axes,stretch-x-plus-0.040-y-minus-0.040-z-minus-0.060,2-accurate-hse06-atoms-fixed,6-stretch-all-three-axes/stretch-x-plus-0.040-y-minus-0.040-z-minus-0.060/2-accurate-hse06-atoms-fixed,10.648337807421324,0.04080004781707314,-0.03919995925645853,-0.05819996093642227,-2.4134055326032605e-18,5.083145539479676e-17,-4.8418049862193506e-17,0.08116967512922878,0.05819996093642227,.TRUE.,0.27,,550,HSE,172,8,-21.081523,1
6-stretch-all-three-axes,stretch-x-plus-0.040-y-minus-0.040-z-minus-0.080,1-cheap-pbe-atoms-relaxed,6-stretch-all-three-axes/stretch-x-plus-0.040-y-minus-0.040-z-minus-0.080/1-cheap-pbe-atoms-relaxed,10.421777428540018,0.04080004781707314,-0.03919995925645853,-0.07679996258101834,-1.3868797926367722e-17,6.228684778856123e-17,-4.8418049862193506e-17,0.09539137780758428,0.07679996258101834,,,,550,PBE,172,8,-17.785014,1
6-stretch-all-three-axes,stretch-x-plus-0.040-y-minus-0.040-z-minus-0.080,2-accurate-hse06-atoms-fixed,6-stretch-all-three-axes/stretch-x-plus-0.040-y-minus-0.040-z-minus-0.080/2-accurate-hse06-atoms-fixed,10.421777428540018,0.04080004781707314,-0.03919995925645853,-0.07679996258101834,-1.3868797926367722e-17,6.228684778856123e-17,-4.8418049862193506e-17,0.09539137780758428,0.07679996258101834,.TRUE.,0.27,,550,HSE,172,8,-20.967941,1
6-stretch-all-three-axes,stretch-x-plus-0.040-y-minus-0.040-z-plus-0.020,1-cheap-pbe-atoms-relaxed,6-stretch-all-three-axes/stretch-x-plus-0.040-y-minus-0.040-z-plus-0.020/1-cheap-pbe-atoms-relaxed,11.55457932294654,0.04080004781707314,-0.03919995925645853,0.020200045995638516,-1.5039423481867358e-17,6.345747334406085e-17,-4.8418049862193506e-17,0.06007763781815473,0.04080004781707314,,,,550,PBE,172,8,-18.071735,1
6-stretch-all-three-axes,stretch-x-plus-0.040-y-minus-0.040-z-plus-0.020,2-accurate-hse06-atoms-fixed,6-stretch-all-three-axes/stretch-x-plus-0.040-y-minus-0.040-z-plus-0.020/2-accurate-hse06-atoms-fixed,11.55457932294654,0.04080004781707314,-0.03919995925645853,0.020200045995638516,-1.5039423481867358e-17,6.345747334406085e-17,-4.8418049862193506e-17,0.06007763781815473,0.04080004781707314,.TRUE.,0.27,,550,HSE,172,8,-21.189561,1
6-stretch-all-three-axes,stretch-x-plus-0.040-y-minus-0.040-z-plus-0.040,1-cheap-pbe-atoms-relaxed,6-stretch-all-three-axes/stretch-x-plus-0.040-y-minus-0.040-z-plus-0.040/1-cheap-pbe-atoms-relaxed,11.781139701827847,0.04080004781707314,-0.03919995925645853,0.04080004781707314,4.8418049862193506e-17,-1.0408000828351506e-33,-4.8418049862193506e-17,0.06975617972236522,0.04080004781707314,,,,550,PBE,172,8,-18.036576,1
6-stretch-all-three-axes,stretch-x-plus-0.040-y-minus-0.040-z-plus-0.040,2-accurate-hse06-atoms-fixed,6-stretch-all-three-axes/stretch-x-plus-0.040-y-minus-0.040-z-plus-0.040/2-accurate-hse06-atoms-fixed,11.781139701827847,0.04080004781707314,-0.03919995925645853,0.04080004781707314,4.8418049862193506e-17,-1.0408000828351506e-33,-4.8418049862193506e-17,0.06975617972236522,0.04080004781707314,.TRUE.,0.27,,550,HSE,172,8,-21.138115,1
6-stretch-all-three-axes,stretch-x-plus-0.040-y-minus-0.040-z-plus-0.060,1-cheap-pbe-atoms-relaxed,6-stretch-all-three-axes/stretch-x-plus-0.040-y-minus-0.040-z-plus-0.060/1-cheap-pbe-atoms-relaxed,12.007700080709151,0.04080004781707314,-0.03919995925645853,0.0618000496738752,6.263215384004278e-17,-1.4214103977849273e-17,-4.8418049862193506e-17,0.08378858423005431,0.0618000496738752,,,,550,PBE,172,8,-17.974211,1
6-stretch-all-three-axes,stretch-x-plus-0.040-y-minus-0.040-z-plus-0.060,2-accurate-hse06-atoms-fixed,6-stretch-all-three-axes/stretch-x-plus-0.040-y-minus-0.040-z-plus-0.060/2-accurate-hse06-atoms-fixed,12.007700080709151,0.04080004781707314,-0.03919995925645853,0.0618000496738752,6.263215384004278e-17,-1.4214103977849273e-17,-4.8418049862193506e-17,0.08378858423005431,0.0618000496738752,.TRUE.,0.27,,550,HSE,172,8,-21.058407,1
6-stretch-all-three-axes,stretch-x-plus-0.040-y-minus-0.040-z-plus-0.080,1-cheap-pbe-atoms-relaxed,6-stretch-all-three-axes/stretch-x-plus-0.040-y-minus-0.040-z-plus-0.080/1-cheap-pbe-atoms-relaxed,12.234260459590455,0.04080004781707314,-0.03919995925645853,0.08320005156604482,1.0121310330608595e-17,3.8296739531584905e-17,-4.8418049862193506e-17,0.10061575069628005,0.08320005156604482,,,,550,PBE,172,8,-17.886173,1
6-stretch-all-three-axes,stretch-x-plus-0.040-y-minus-0.040-z-plus-0.080,2-accurate-hse06-atoms-fixed,6-stretch-all-three-axes/stretch-x-plus-0.040-y-minus-0.040-z-plus-0.080/2-accurate-hse06-atoms-fixed,12.234260459590455,0.04080004781707314,-0.03919995925645853,0.08320005156604482,1.0121310330608595e-17,3.8296739531584905e-17,-4.8418049862193506e-17,0.10061575069628005,0.08320005156604482,.TRUE.,0.27,,550,HSE,172,8,-20.951981,1
6-stretch-all-three-axes,stretch-x-plus-0.040-y-minus-0.060-z-minus-0.020,1-cheap-pbe-atoms-relaxed,6-stretch-all-three-axes/stretch-x-plus-0.040-y-minus-0.060-z-minus-0.020/1-cheap-pbe-atoms-relaxed,10.870178178409265,0.04080004781707314,-0.05819996093642227,-0.019799957541127067,3.4476469431812285e-18,3.301030174091638e-17,-3.645794868409761e-17,0.07378290908812804,0.05819996093642227,,,,550,PBE,172,8,-17.973375,1
6-stretch-all-three-axes,stretch-x-plus-0.040-y-minus-0.060-z-minus-0.020,2-accurate-hse06-atoms-fixed,6-stretch-all-three-axes/stretch-x-plus-0.040-y-minus-0.060-z-minus-0.020/2-accurate-hse06-atoms-fixed,10.870178178409265,0.04080004781707314,-0.05819996093642227,-0.019799957541127067,3.4476469431812285e-18,3.301030174091638e-17,-3.645794868409761e-17,0.07378290908812804,0.05819996093642227,.TRUE.,0.27,,550,HSE,172,8,-21.132468,1
6-stretch-all-three-axes,stretch-x-plus-0.040-y-minus-0.060-z-minus-0.040,1-cheap-pbe-atoms-relaxed,6-stretch-all-three-axes/stretch-x-plus-0.040-y-minus-0.060-z-minus-0.040/1-cheap-pbe-atoms-relaxed,10.648337807421324,0.04080004781707314,-0.05819996093642227,-0.03919995925645853,-2.4134055326032605e-18,3.8871354216700866e-17,-3.645794868409761e-17,0.08116967512922878,0.05819996093642227,,,,550,PBE,172,8,-17.909404,1
6-stretch-all-three-axes,stretch-x-plus-0.040-y-minus-0.060-z-minus-0.040,2-accurate-hse06-atoms-fixed,6-stretch-all-three-axes/stretch-x-plus-0.040-y-minus-0.060-z-minus-0.040/2-accurate-hse06-atoms-fixed,10.648337807421324,0.04080004781707314,-0.05819996093642227,-0.03919995925645853,-2.4134055326032605e-18,3.8871354216700866e-17,-3.645794868409761e-17,0.08116967512922878,0.05819996093642227,.TRUE.,0.27,,550,HSE,172,8,-21.081523,1
6-stretch-all-three-axes,stretch-x-plus-0.040-y-minus-0.060-z-minus-0.060,1-cheap-pbe-atoms-relaxed,6-stretch-all-three-axes/stretch-x-plus-0.040-y-minus-0.060-z-minus-0.060/1-cheap-pbe-atoms-relaxed,10.426497436433381,0.04080004781707314,-0.05819996093642227,-0.05819996093642227,-1.4373506710699154e-17,5.083145539479676e-17,-3.645794868409761e-17,0.09186465483458592,0.05819996093642227,,,,550,PBE,172,8,-17.810839,1
6-stretch-all-three-axes,stretch-x-plus-0.040-y-minus-0.060-z-minus-0.060,2-accurate-hse06-atoms-fixed,6-stretch-all-three-axes/stretch-x-plus-0.040-y-minus-0.060-z-minus-0.060/2-accurate-hse06-atoms-fixed,10.426497436433381,0.04080004781707314,-0.05819996093642227,-0.05819996093642227,-1.4373506710699154e-17,5.083145539479676e-17,-3.645794868409761e-17,0.09186465483458592,0.05819996093642227,.TRUE.,0.27,,550,HSE,172,8,-20.994849,1
6-stretch-all-three-axes,stretch-x-plus-0.040-y-minus-0.060-z-minus-0.080,1-cheap-pbe-atoms-relaxed,6-stretch-all-three-axes/stretch-x-plus-0.040-y-minus-0.060-z-minus-0.080/1-cheap-pbe-atoms-relaxed,10.204657065445435,0.04080004781707314,-0.05819996093642227,-0.07679996258101834,-2.5828899104463616e-17,6.228684778856123e-17,-3.645794868409761e-17,0.1046427905176575,0.07679996258101834,,,,550,PBE,172,8,-17.675987,1
6-stretch-all-three-axes,stretch-x-plus-0.040-y-minus-0.060-z-minus-0.080,2-accurate-hse06-atoms-fixed,6-stretch-all-three-axes/stretch-x-plus-0.040-y-minus-0.060-z-minus-0.080/2-accurate-hse06-atoms-fixed,10.204657065445435,0.04080004781707314,-0.05819996093642227,-0.07679996258101834,-2.5828899104463616e-17,6.228684778856123e-17,-3.645794868409761e-17,0.1046427905176575,0.07679996258101834,.TRUE.,0.27,,550,HSE,172,8,-20.870746,1
6-stretch-all-three-axes,stretch-x-plus-0.040-y-minus-0.060-z-plus-0.020,1-cheap-pbe-atoms-relaxed,6-stretch-all-three-axes/stretch-x-plus-0.040-y-minus-0.060-z-plus-0.020/1-cheap-pbe-atoms-relaxed,11.313858920385155,0.04080004781707314,-0.05819996093642227,0.020200045995638516,-2.699952465996325e-17,6.345747334406085e-17,-3.645794868409761e-17,0.07389127968239854,0.05819996093642227,,,,550,PBE,172,8,-18.004219,1
6-stretch-all-three-axes,stretch-x-plus-0.040-y-minus-0.060-z-plus-0.020,2-accurate-hse06-atoms-fixed,6-stretch-all-three-axes/stretch-x-plus-0.040-y-minus-0.060-z-plus-0.020/2-accurate-hse06-atoms-fixed,11.313858920385155,0.04080004781707314,-0.05819996093642227,0.020200045995638516,-2.699952465996325e-17,6.345747334406085e-17,-3.645794868409761e-17,0.07389127968239854,0.05819996093642227,.TRUE.,0.27,,550,HSE,172,8,-21.133882,1
6-stretch-all-three-axes,stretch-x-plus-0.040-y-minus-0.060-z-plus-0.040,1-cheap-pbe-atoms-relaxed,6-stretch-all-three-axes/stretch-x-plus-0.040-y-minus-0.060-z-plus-0.040/1-cheap-pbe-atoms-relaxed,11.535699291373101,0.04080004781707314,-0.05819996093642227,0.04080004781707314,3.645794868409761e-17,-1.0408000828351506e-33,-3.645794868409761e-17,0.08195439742168803,0.05819996093642227,,,,550,PBE,172,8,-17.974413,1
6-stretch-all-three-axes,stretch-x-plus-0.040-y-minus-0.060-z-plus-0.040,2-accurate-hse06-atoms-fixed,6-stretch-all-three-axes/stretch-x-plus-0.040-y-minus-0.060-z-plus-0.040/2-accurate-hse06-atoms-fixed,11.535699291373101,0.04080004781707314,-0.05819996093642227,0.04080004781707314,3.645794868409761e-17,-1.0408000828351506e-33,-3.645794868409761e-17,0.08195439742168803,0.05819996093642227,.TRUE.,0.27,,550,HSE,172,8,-21.087707,1
6-stretch-all-three-axes,stretch-x-plus-0.040-y-minus-0.060-z-plus-0.060,1-cheap-pbe-atoms-relaxed,6-stretch-all-three-axes/stretch-x-plus-0.040-y-minus-0.060-z-plus-0.060/1-cheap-pbe-atoms-relaxed,11.757539662361046,0.04080004781707314,-0.05819996093642227,0.0618000496738752,5.067205266194688e-17,-1.4214103977849273e-17,-3.645794868409761e-17,0.09418665242256981,0.0618000496738752,,,,550,PBE,172,8,-17.91652,1
6-stretch-all-three-axes,stretch-x-plus-0.040-y-minus-0.060-z-plus-0.060,2-accurate-hse06-atoms-fixed,6-stretch-all-three-axes/stretch-x-plus-0.040-y-minus-0.060-z-plus-0.060/2-accurate-hse06-atoms-fixed,11.757539662361046,0.04080004781707314,-0.05819996093642227,0.0618000496738752,5.067205266194688e-17,-1.4214103977849273e-17,-3.645794868409761e-17,0.09418665242256981,0.0618000496738752,.TRUE.,0.27,,550,HSE,172,8,-21.012361,1
6-stretch-all-three-axes,stretch-x-plus-0.040-y-minus-0.060-z-plus-0.080,1-cheap-pbe-atoms-relaxed,6-stretch-all-three-axes/stretch-x-plus-0.040-y-minus-0.060-z-plus-0.080/1-cheap-pbe-atoms-relaxed,11.979380033348988,0.04080004781707314,-0.05819996093642227,0.08320005156604482,-1.8387908474873006e-18,3.8296739531584905e-17,-3.645794868409761e-17,0.10942635850410563,0.08320005156604482,,,,550,PBE,172,8,-17.832161,1
6-stretch-all-three-axes,stretch-x-plus-0.040-y-minus-0.060-z-plus-0.080,2-accurate-hse06-atoms-fixed,6-stretch-all-three-axes/stretch-x-plus-0.040-y-minus-0.060-z-plus-0.080/2-accurate-hse06-atoms-fixed,11.979380033348988,0.04080004781707314,-0.05819996093642227,0.08320005156604482,-1.8387908474873006e-18,3.8296739531584905e-17,-3.645794868409761e-17,0.10942635850410563,0.08320005156604482,.TRUE.,0.27,,550,HSE,172,8,-20.909479,1
6-stretch-all-three-axes,stretch-x-plus-0.040-y-minus-0.080-z-minus-0.020,1-cheap-pbe-atoms-relaxed,6-stretch-all-three-axes/stretch-x-plus-0.040-y-minus-0.080-z-minus-0.020/1-cheap-pbe-atoms-relaxed,10.638897791634601,0.04080004781707314,-0.07679996258101834,-0.019799957541127067,-8.007745450583232e-18,3.301030174091638e-17,-2.5002556290333147e-17,0.08919033845070726,0.07679996258101834,,,,550,PBE,172,8,-17.858296,1
6-stretch-all-three-axes,stretch-x-plus-0.040-y-minus-0.080-z-minus-0.020,2-accurate-hse06-atoms-fixed,6-stretch-all-three-axes/stretch-x-plus-0.040-y-minus-0.080-z-minus-0.020/2-accurate-hse06-atoms-fixed,10.638897791634601,0.04080004781707314,-0.07679996258101834,-0.019799957541127067,-8.007745450583232e-18,3.301030174091638e-17,-2.5002556290333147e-17,0.08919033845070726,0.07679996258101834,.TRUE.,0.27,,550,HSE,172,8,-21.028222,1
6-stretch-all-three-axes,stretch-x-plus-0.040-y-minus-0.080-z-minus-0.040,1-cheap-pbe-atoms-relaxed,6-stretch-all-three-axes/stretch-x-plus-0.040-y-minus-0.080-z-minus-0.040/1-cheap-pbe-atoms-relaxed,10.421777428540018,0.04080004781707314,-0.07679996258101834,-0.03919995925645853,-1.386879792636772e-17,3.8871354216700866e-17,-2.5002556290333147e-17,0.09539137780758428,0.07679996258101834,,,,550,PBE,172,8,-17.785014,1
6-stretch-all-three-axes,stretch-x-plus-0.040-y-minus-0.080-z-minus-0.040,2-accurate-hse06-atoms-fixed,6-stretch-all-three-axes/stretch-x-plus-0.040-y-minus-0.080-z-minus-0.040/2-accurate-hse06-atoms-fixed,10.421777428540018,0.04080004781707314,-0.07679996258101834,-0.03919995925645853,-1.386879792636772e-17,3.8871354216700866e-17,-2.5002556290333147e-17,0.09539137780758428,0.07679996258101834,.TRUE.,0.27,,550,HSE,172,8,-20.967941,1
6-stretch-all-three-axes,stretch-x-plus-0.040-y-minus-0.080-z-minus-0.060,1-cheap-pbe-atoms-relaxed,6-stretch-all-three-axes/stretch-x-plus-0.040-y-minus-0.080-z-minus-0.060/1-cheap-pbe-atoms-relaxed,10.204657065445435,0.04080004781707314,-0.07679996258101834,-0.05819996093642227,-2.5828899104463616e-17,5.083145539479676e-17,-2.5002556290333147e-17,0.1046427905176575,0.07679996258101834,,,,550,PBE,172,8,-17.675987,1
6-stretch-all-three-axes,stretch-x-plus-0.040-y-minus-0.080-z-minus-0.060,2-accurate-hse06-atoms-fixed,6-stretch-all-three-axes/stretch-x-plus-0.040-y-minus-0.080-z-minus-0.060/2-accurate-hse06-atoms-fixed,10.204657065445435,0.04080004781707314,-0.07679996258101834,-0.05819996093642227,-2.5828899104463616e-17,5.083145539479676e-17,-2.5002556290333147e-17,0.1046427905176575,0.07679996258101834,.TRUE.,0.27,,550,HSE,172,8,-20.870746,1
6-stretch-all-three-axes,stretch-x-plus-0.040-y-minus-0.080-z-minus-0.080,1-cheap-pbe-atoms-relaxed,6-stretch-all-three-axes/stretch-x-plus-0.040-y-minus-0.080-z-minus-0.080/1-cheap-pbe-atoms-relaxed,9.987536702350848,0.04080004781707314,-0.07679996258101834,-0.07679996258101834,-3.728429149822808e-17,6.228684778856123e-17,-2.5002556290333147e-17,0.11602203414337765,0.07679996258101834,,,,550,PBE,172,8,-17.529371,1
6-stretch-all-three-axes,stretch-x-plus-0.040-y-minus-0.080-z-minus-0.080,2-accurate-hse06-atoms-fixed,6-stretch-all-three-axes/stretch-x-plus-0.040-y-minus-0.080-z-minus-0.080/2-accurate-hse06-atoms-fixed,9.987536702350848,0.04080004781707314,-0.07679996258101834,-0.07679996258101834,-3.728429149822808e-17,6.228684778856123e-17,-2.5002556290333147e-17,0.11602203414337765,0.07679996258101834,.TRUE.,0.27,,550,HSE,172,8,-20.734765,1
6-stretch-all-three-axes,stretch-x-plus-0.040-y-minus-0.080-z-plus-0.020,1-cheap-pbe-atoms-relaxed,6-stretch-all-three-axes/stretch-x-plus-0.040-y-minus-0.080-z-plus-0.020/1-cheap-pbe-atoms-relaxed,11.07313851782377,0.04080004781707314,-0.07679996258101834,0.020200045995638516,-3.8454917053727713e-17,6.345747334406085e-17,-2.5002556290333147e-17,0.08928000903084175,0.07679996258101834,,,,550,PBE,172,8,-17.904617,1
6-stretch-all-three-axes,stretch-x-plus-0.040-y-minus-0.080-z-plus-0.020,2-accurate-hse06-atoms-fixed,6-stretch-all-three-axes/stretch-x-plus-0.040-y-minus-0.080-z-plus-0.020/2-accurate-hse06-atoms-fixed,11.07313851782377,0.04080004781707314,-0.07679996258101834,0.020200045995638516,-3.8454917053727713e-17,6.345747334406085e-17,-2.5002556290333147e-17,0.08928000903084175,0.07679996258101834,.TRUE.,0.27,,550,HSE,172,8,-21.045067,1
6-stretch-all-three-axes,stretch-x-plus-0.040-y-minus-0.080-z-plus-0.040,1-cheap-pbe-atoms-relaxed,6-stretch-all-three-axes/stretch-x-plus-0.040-y-minus-0.080-z-plus-0.040/1-cheap-pbe-atoms-relaxed,11.290258880918357,0.04080004781707314,-0.07679996258101834,0.04080004781707314,2.5002556290333147e-17,-1.0408000828351506e-33,-2.500255629033315e-17,0.09605999196437988,0.07679996258101834,,,,550,PBE,172,8,-17.881046,1
6-stretch-all-three-axes,stretch-x-plus-0.040-y-minus-0.080-z-plus-0.040,2-accurate-hse06-atoms-fixed,6-stretch-all-three-axes/stretch-x-plus-0.040-y-minus-0.080-z-plus-0.040/2-accurate-hse06-atoms-fixed,11.290258880918357,0.04080004781707314,-0.07679996258101834,0.04080004781707314,2.5002556290333147e-17,-1.0408000828351506e-33,-2.500255629033315e-17,0.09605999196437988,0.07679996258101834,.TRUE.,0.27,,550,HSE,172,8,-21.005054,1
6-stretch-all-three-axes,stretch-x-plus-0.040-y-minus-0.080-z-plus-0.060,1-cheap-pbe-atoms-relaxed,6-stretch-all-three-axes/stretch-x-plus-0.040-y-minus-0.080-z-plus-0.060/1-cheap-pbe-atoms-relaxed,11.50737924401294,0.04080004781707314,-0.07679996258101834,0.0618000496738752,3.921666026818242e-17,-1.4214103977849273e-17,-2.500255629033315e-17,0.10668703901606191,0.07679996258101834,,,,550,PBE,172,8,-17.8286,1
6-stretch-all-three-axes,stretch-x-plus-0.040-y-minus-0.080-z-plus-0.060,2-accurate-hse06-atoms-fixed,6-stretch-all-three-axes/stretch-x-plus-0.040-y-minus-0.080-z-plus-0.060/2-accurate-hse06-atoms-fixed,11.50737924401294,0.04080004781707314,-0.07679996258101834,0.0618000496738752,3.921666026818242e-17,-1.4214103977849273e-17,-2.500255629033315e-17,0.10668703901606191,0.07679996258101834,.TRUE.,0.27,,550,HSE,172,8,-20.935068,1
6-stretch-all-three-axes,stretch-x-plus-0.040-y-minus-0.080-z-plus-0.080,1-cheap-pbe-atoms-relaxed,6-stretch-all-three-axes/stretch-x-plus-0.040-y-minus-0.080-z-plus-0.080/1-cheap-pbe-atoms-relaxed,11.72449960710752,0.04080004781707314,-0.07679996258101834,0.08320005156604482,-1.3294183241251761e-17,3.8296739531584905e-17,-2.5002556290333147e-17,0.12035417207107442,0.08320005156604482,,,,550,PBE,172,8,-17.74877,1
6-stretch-all-three-axes,stretch-x-plus-0.040-y-minus-0.080-z-plus-0.080,2-accurate-hse06-atoms-fixed,6-stretch-all-three-axes/stretch-x-plus-0.040-y-minus-0.080-z-plus-0.080/2-accurate-hse06-atoms-fixed,11.72449960710752,0.04080004781707314,-0.07679996258101834,0.08320005156604482,-1.3294183241251761e-17,3.8296739531584905e-17,-2.5002556290333147e-17,0.12035417207107442,0.08320005156604482,.TRUE.,0.27,,550,HSE,172,8,-20.83659,1
6-stretch-all-three-axes,stretch-x-plus-0.040-y-plus-0.020-z-minus-0.020,1-cheap-pbe-atoms-relaxed,6-stretch-all-three-axes/stretch-x-plus-0.040-y-plus-0.020-z-minus-0.020/1-cheap-pbe-atoms-relaxed,11.795299725507933,0.04080004781707314,0.020200045995638516,-0.019799957541127067,-9.178371006082867e-18,3.301030174091638e-17,-2.3831930734833515e-17,0.04964598753909324,0.04080004781707314,,,,550,PBE,172,8,-18.108689,1
6-stretch-all-three-axes,stretch-x-plus-0.040-y-plus-0.020-z-minus-0.020,2-accurate-hse06-atoms-fixed,6-stretch-all-three-axes/stretch-x-plus-0.040-y-plus-0.020-z-minus-0.020/2-accurate-hse06-atoms-fixed,11.795299725507933,0.04080004781707314,0.020200045995638516,-0.019799957541127067,-9.178371006082867e-18,3.301030174091638e-17,-2.3831930734833515e-17,0.04964598753909324,0.04080004781707314,.TRUE.,0.27,,550,HSE,172,8,-21.213641,1
6-stretch-all-three-axes,stretch-x-plus-0.040-y-plus-0.020-z-minus-0.040,1-cheap-pbe-atoms-relaxed,6-stretch-all-three-axes/stretch-x-plus-0.040-y-plus-0.020-z-minus-0.040/1-cheap-pbe-atoms-relaxed,11.55457932294654,0.04080004781707314,0.020200045995638516,-0.03919995925645853,-1.5039423481867358e-17,3.8871354216700866e-17,-2.3831930734833515e-17,0.06007763781815473,0.04080004781707314,,,,550,PBE,172,8,-18.071735,1
6-stretch-all-three-axes,stretch-x-plus-0.040-y-plus-0.020-z-minus-0.040,2-accurate-hse06-atoms-fixed,6-stretch-all-three-axes/stretch-x-plus-0.040-y-plus-0.020-z-minus-0.040/2-accurate-hse06-atoms-fixed,11.55457932294654,0.04080004781707314,0.020200045995638516,-0.03919995925645853,-1.5039423481867358e-17,3.8871354216700866e-17,-2.3831930734833515e-17,0.06007763781815473,0.04080004781707314,.TRUE.,0.27,,550,HSE,172,8,-21.189561,1
6-stretch-all-three-axes,stretch-x-plus-0.040-y-plus-0.020-z-minus-0.060,1-cheap-pbe-atoms-relaxed,6-stretch-all-three-axes/stretch-x-plus-0.040-y-plus-0.020-z-minus-0.060/1-cheap-pbe-atoms-relaxed,11.313858920385155,0.04080004781707314,0.020200045995638516,-0.05819996093642227,-2.699952465996325e-17,5.083145539479676e-17,-2.3831930734833515e-17,0.07389127968239854,0.05819996093642227,,,,550,PBE,172,8,-18.004219,1
6-stretch-all-three-axes,stretch-x-plus-0.040-y-plus-0.020-z-minus-0.060,2-accurate-hse06-atoms-fixed,6-stretch-all-three-axes/stretch-x-plus-0.040-y-plus-0.020-z-minus-0.060/2-accurate-hse06-atoms-fixed,11.313858920385155,0.04080004781707314,0.020200045995638516,-0.05819996093642227,-2.699952465996325e-17,5.083145539479676e-17,-2.3831930734833515e-17,0.07389127968239854,0.05819996093642227,.TRUE.,0.27,,550,HSE,172,8,-21.133882,1
6-stretch-all-three-axes,stretch-x-plus-0.040-y-plus-0.020-z-minus-0.080,1-cheap-pbe-atoms-relaxed,6-stretch-all-three-axes/stretch-x-plus-0.040-y-plus-0.020-z-minus-0.080/1-cheap-pbe-atoms-relaxed,11.07313851782377,0.04080004781707314,0.020200045995638516,-0.07679996258101834,-3.8454917053727713e-17,6.228684778856123e-17,-2.3831930734833515e-17,0.08928000903084175,0.07679996258101834,,,,550,PBE,172,8,-17.904617,1
6-stretch-all-three-axes,stretch-x-plus-0.040-y-plus-0.020-z-minus-0.080,2-accurate-hse06-atoms-fixed,6-stretch-all-three-axes/stretch-x-plus-0.040-y-plus-0.020-z-minus-0.080/2-accurate-hse06-atoms-fixed,11.07313851782377,0.04080004781707314,0.020200045995638516,-0.07679996258101834,-3.8454917053727713e-17,6.228684778856123e-17,-2.3831930734833515e-17,0.08928000903084175,0.07679996258101834,.TRUE.,0.27,,550,HSE,172,8,-21.045067,1
6-stretch-all-three-axes,stretch-x-plus-0.040-y-plus-0.020-z-plus-0.020,1-cheap-pbe-atoms-relaxed,6-stretch-all-three-axes/stretch-x-plus-0.040-y-plus-0.020-z-plus-0.020/1-cheap-pbe-atoms-relaxed,12.276740530630706,0.04080004781707314,0.020200045995638516,0.020200045995638516,-3.962554260922735e-17,6.345747334406085e-17,-2.3831930734833515e-17,0.04980690331999449,0.04080004781707314,,,,550,PBE,172,8,-18.096851,1
6-stretch-all-three-axes,stretch-x-plus-0.040-y-plus-0.020-z-plus-0.020,2-accurate-hse06-atoms-fixed,6-stretch-all-three-axes/stretch-x-plus-0.040-y-plus-0.020-z-plus-0.020/2-accurate-hse06-atoms-fixed,12.276740530630706,0.04080004781707314,0.020200045995638516,0.020200045995638516,-3.962554260922735e-17,6.345747334406085e-17,-2.3831930734833515e-17,0.04980690331999449,0.04080004781707314,.TRUE.,0.27,,550,HSE,172,8,-21.172985,1
6-stretch-all-three-axes,stretch-x-plus-0.040-y-plus-0.020-z-plus-0.040,1-cheap-pbe-atoms-relaxed,6-stretch-all-three-axes/stretch-x-plus-0.040-y-plus-0.020-z-plus-0.040/1-cheap-pbe-atoms-relaxed,12.51746093319209,0.04080004781707314,0.020200045995638516,0.04080004781707314,2.383193073483351e-17,-1.0408000828351506e-33,-2.3831930734833518e-17,0.06113370315936064,0.04080004781707314,,,,550,PBE,172,8,-18.050894,1
6-stretch-all-three-axes,stretch-x-plus-0.040-y-plus-0.020-z-plus-0.040,2-accurate-hse06-atoms-fixed,6-stretch-all-three-axes/stretch-x-plus-0.040-y-plus-0.020-z-plus-0.040/2-accurate-hse06-atoms-fixed,12.51746093319209,0.04080004781707314,0.020200045995638516,0.04080004781707314,2.383193073483351e-17,-1.0408000828351506e-33,-2.3831930734833518e-17,0.06113370315936064,0.04080004781707314,.TRUE.,0.27,,550,HSE,172,8,-21.111101,1
6-stretch-all-three-axes,stretch-x-plus-0.040-y-plus-0.020-z-plus-0.060,1-cheap-pbe-atoms-relaxed,6-stretch-all-three-axes/stretch-x-plus-0.040-y-plus-0.020-z-plus-0.060/1-cheap-pbe-atoms-relaxed,12.758181335753475,0.04080004781707314,0.020200045995638516,0.0618000496738752,3.8046034712682784e-17,-1.4214103977849273e-17,-2.3831930734833518e-17,0.07675892065287793,0.0618000496738752,,,,550,PBE,172,8,-17.980006,1
6-stretch-all-three-axes,stretch-x-plus-0.040-y-plus-0.020-z-plus-0.060,2-accurate-hse06-atoms-fixed,6-stretch-all-three-axes/stretch-x-plus-0.040-y-plus-0.020-z-plus-0.060/2-accurate-hse06-atoms-fixed,12.758181335753475,0.04080004781707314,0.020200045995638516,0.0618000496738752,3.8046034712682784e-17,-1.4214103977849273e-17,-2.3831930734833518e-17,0.07675892065287793,0.0618000496738752,.TRUE.,0.27,,550,HSE,172,8,-21.023283,1
6-stretch-all-three-axes,stretch-x-plus-0.040-y-plus-0.020-z-plus-0.080,1-cheap-pbe-atoms-relaxed,6-stretch-all-three-axes/stretch-x-plus-0.040-y-plus-0.020-z-plus-0.080/1-cheap-pbe-atoms-relaxed,12.998901738314862,0.04080004781707314,0.020200045995638516,0.08320005156604482,-1.4464808796751396e-17,3.8296739531584905e-17,-2.3831930734833515e-17,0.09484162767842971,0.08320005156604482,,,,550,PBE,172,8,-17.885637,1
6-stretch-all-three-axes,stretch-x-plus-0.040-y-plus-0.020-z-plus-0.080,2-accurate-hse06-atoms-fixed,6-stretch-all-three-axes/stretch-x-plus-0.040-y-plus-0.020-z-plus-0.080/2-accurate-hse06-atoms-fixed,12.998901738314862,0.04080004781707314,0.020200045995638516,0.08320005156604482,-1.4464808796751396e-17,3.8296739531584905e-17,-2.3831930734833515e-17,0.09484162767842971,0.08320005156604482,.TRUE.,0.27,,550,HSE,172,8,-20.910992,1
6-stretch-all-three-axes,stretch-x-plus-0.040-y-plus-0.040-z-minus-0.020,1-cheap-pbe-atoms-relaxed,6-stretch-all-three-axes/stretch-x-plus-0.040-y-plus-0.040-z-minus-0.020/1-cheap-pbe-atoms-relaxed,12.026580112282595,0.04080004781707314,0.04080004781707314,-0.019799957541127067,5.427910233797799e-17,3.301030174091638e-17,-8.728940407889437e-17,0.061002673075705,0.04080004781707314,,,,550,PBE,172,8,-18.069119,1
6-stretch-all-three-axes,stretch-x-plus-0.040-y-plus-0.040-z-minus-0.020,2-accurate-hse06-atoms-fixed,6-stretch-all-three-axes/stretch-x-plus-0.040-y-plus-0.040-z-minus-0.020/2-accurate-hse06-atoms-fixed,12.026580112282595,0.04080004781707314,0.04080004781707314,-0.019799957541127067,5.427910233797799e-17,3.301030174091638e-17,-8.728940407889437e-17,0.061002673075705,0.04080004781707314,.TRUE.,0.27,,550,HSE,172,8,-21.157887,1
6-stretch-all-three-axes,stretch-x-plus-0.040-y-plus-0.040-z-minus-0.040,1-cheap-pbe-atoms-relaxed,6-stretch-all-three-axes/stretch-x-plus-0.040-y-plus-0.040-z-minus-0.040/1-cheap-pbe-atoms-relaxed,11.781139701827847,0.04080004781707314,0.04080004781707314,-0.03919995925645853,4.8418049862193506e-17,3.8871354216700866e-17,-8.728940407889437e-17,0.06975617972236522,0.04080004781707314,,,,550,PBE,172,8,-18.036576,1
6-stretch-all-three-axes,stretch-x-plus-0.040-y-plus-0.040-z-minus-0.040,2-accurate-hse06-atoms-fixed,6-stretch-all-three-axes/stretch-x-plus-0.040-y-plus-0.040-z-minus-0.040/2-accurate-hse06-atoms-fixed,11.781139701827847,0.04080004781707314,0.04080004781707314,-0.03919995925645853,4.8418049862193506e-17,3.8871354216700866e-17,-8.728940407889437e-17,0.06975617972236522,0.04080004781707314,.TRUE.,0.27,,550,HSE,172,8,-21.138115,1
6-stretch-all-three-axes,stretch-x-plus-0.040-y-plus-0.040-z-minus-0.060,1-cheap-pbe-atoms-relaxed,6-stretch-all-three-axes/stretch-x-plus-0.040-y-plus-0.040-z-minus-0.060/1-cheap-pbe-atoms-relaxed,11.535699291373101,0.04080004781707314,0.04080004781707314,-0.05819996093642227,3.645794868409761e-17,5.083145539479676e-17,-8.728940407889437e-17,0.08195439742168803,0.05819996093642227,,,,550,PBE,172,8,-17.974413,1
6-stretch-all-three-axes,stretch-x-plus-0.040-y-plus-0.040-z-minus-0.060,2-accurate-hse06-atoms-fixed,6-stretch-all-three-axes/stretch-x-plus-0.040-y-plus-0.040-z-minus-0.060/2-accurate-hse06-atoms-fixed,11.535699291373101,0.04080004781707314,0.04080004781707314,-0.05819996093642227,3.645794868409761e-17,5.083145539479676e-17,-8.728940407889437e-17,0.08195439742168803,0.05819996093642227,.TRUE.,0.27,,550,HSE,172,8,-21.087707,1
6-stretch-all-three-axes,stretch-x-plus-0.040-y-plus-0.040-z-minus-0.080,1-cheap-pbe-atoms-relaxed,6-stretch-all-three-axes/stretch-x-plus-0.040-y-plus-0.040-z-minus-0.080/1-cheap-pbe-atoms-relaxed,11.290258880918357,0.04080004781707314,0.04080004781707314,-0.07679996258101834,2.5002556290333147e-17,6.228684778856123e-17,-8.728940407889437e-17,0.09605999196437988,0.07679996258101834,,,,550,PBE,172,8,-17.881046,1
6-stretch-all-three-axes,stretch-x-plus-0.040-y-plus-0.040-z-minus-0.080,2-accurate-hse06-atoms-fixed,6-stretch-all-three-axes/stretch-x-plus-0.040-y-plus-0.040-z-minus-0.080/2-accurate-hse06-atoms-fixed,11.290258880918357,0.04080004781707314,0.04080004781707314,-0.07679996258101834,2.5002556290333147e-17,6.228684778856123e-17,-8.728940407889437e-17,0.09605999196437988,0.07679996258101834,.TRUE.,0.27,,550,HSE,172,8,-21.005054,1
6-stretch-all-three-axes,stretch-x-plus-0.040-y-plus-0.040-z-plus-0.020,1-cheap-pbe-atoms-relaxed,6-stretch-all-three-axes/stretch-x-plus-0.040-y-plus-0.040-z-plus-0.020/1-cheap-pbe-atoms-relaxed,12.51746093319209,0.04080004781707314,0.04080004781707314,0.020200045995638516,2.3831930734833515e-17,6.345747334406085e-17,-8.728940407889437e-17,0.06113370315936064,0.04080004781707314,,,,550,PBE,172,8,-18.050894,1
6-stretch-all-three-axes,stretch-x-plus-0.040-y-plus-0.040-z-plus-0.020,2-accurate-hse06-atoms-fixed,6-stretch-all-three-axes/stretch-x-plus-0.040-y-plus-0.040-z-plus-0.020/2-accurate-hse06-atoms-fixed,12.51746093319209,0.04080004781707314,0.04080004781707314,0.020200045995638516,2.3831930734833515e-17,6.345747334406085e-17,-8.728940407889437e-17,0.06113370315936064,0.04080004781707314,.TRUE.,0.27,,550,HSE,172,8,-21.111101,1
6-stretch-all-three-axes,stretch-x-plus-0.040-y-plus-0.040-z-plus-0.040,1-cheap-pbe-atoms-relaxed,6-stretch-all-three-axes/stretch-x-plus-0.040-y-plus-0.040-z-plus-0.040/1-cheap-pbe-atoms-relaxed,12.762901343646833,0.04080004781707314,0.04080004781707314,0.04080004781707314,8.728940407889437e-17,-1.0408000828351506e-33,-8.728940407889437e-17,0.07066775577041033,0.04080004781707314,,,,550,PBE,172,8,-18.002835,1
6-stretch-all-three-axes,stretch-x-plus-0.040-y-plus-0.040-z-plus-0.040,2-accurate-hse06-atoms-fixed,6-stretch-all-three-axes/stretch-x-plus-0.040-y-plus-0.040-z-plus-0.040/2-accurate-hse06-atoms-fixed,12.762901343646833,0.04080004781707314,0.04080004781707314,0.04080004781707314,8.728940407889437e-17,-1.0408000828351506e-33,-8.728940407889437e-17,0.07066775577041033,0.04080004781707314,.TRUE.,0.27,,550,HSE,172,8,-21.047261,1
6-stretch-all-three-axes,stretch-x-plus-0.040-y-plus-0.040-z-plus-0.060,1-cheap-pbe-atoms-relaxed,6-stretch-all-three-axes/stretch-x-plus-0.040-y-plus-0.040-z-plus-0.060/1-cheap-pbe-atoms-relaxed,13.008341754101581,0.04080004781707314,0.04080004781707314,0.0618000496738752,1.0150350805674364e-16,-1.4214103977849273e-17,-8.728940407889437e-17,0.08454900320786964,0.0618000496738752,,,,550,PBE,172,8,-17.93064,1
6-stretch-all-three-axes,stretch-x-plus-0.040-y-plus-0.040-z-plus-0.060,2-accurate-hse06-atoms-fixed,6-stretch-all-three-axes/stretch-x-plus-0.040-y-plus-0.040-z-plus-0.060/2-accurate-hse06-atoms-fixed,13.008341754101581,0.04080004781707314,0.04080004781707314,0.0618000496738752,1.0150350805674364e-16,-1.4214103977849273e-17,-8.728940407889437e-17,0.08454900320786964,0.0618000496738752,.TRUE.,0.27,,550,HSE,172,8,-20.958306,1
6-stretch-all-three-axes,stretch-x-plus-0.040-y-plus-0.040-z-plus-0.080,1-cheap-pbe-atoms-relaxed,6-stretch-all-three-axes/stretch-x-plus-0.040-y-plus-0.040-z-plus-0.080/1-cheap-pbe-atoms-relaxed,13.253782164556332,0.04080004781707314,0.04080004781707314,0.08320005156604482,4.8992664547309467e-17,3.8296739531584905e-17,-8.728940407889437e-17,0.10124987103371257,0.08320005156604482,,,,550,PBE,172,8,-17.835607,1
6-stretch-all-three-axes,stretch-x-plus-0.040-y-plus-0.040-z-plus-0.080,2-accurate-hse06-atoms-fixed,6-stretch-all-three-axes/stretch-x-plus-0.040-y-plus-0.040-z-plus-0.080/2-accurate-hse06-atoms-fixed,13.253782164556332,0.04080004781707314,0.04080004781707314,0.08320005156604482,4.8992664547309467e-17,3.8296739531584905e-17,-8.728940407889437e-17,0.10124987103371257,0.08320005156604482,.TRUE.,0.27,,550,HSE,172,8,-20.845532,1
6-stretch-all-three-axes,stretch-x-plus-0.040-y-plus-0.060-z-minus-0.020,1-cheap-pbe-atoms-relaxed,6-stretch-all-three-axes/stretch-x-plus-0.040-y-plus-0.060-z-minus-0.020/1-cheap-pbe-atoms-relaxed,12.25786049905726,0.04080004781707314,0.0618000496738752,-0.019799957541127067,6.849320631582727e-17,3.301030174091638e-17,-1.0150350805674364e-16,0.07665460429875906,0.0618000496738752,,,,550,PBE,172,8,-18.003128,1
6-stretch-all-three-axes,stretch-x-plus-0.040-y-plus-0.060-z-minus-0.020,2-accurate-hse06-atoms-fixed,6-stretch-all-three-axes/stretch-x-plus-0.040-y-plus-0.060-z-minus-0.020/2-accurate-hse06-atoms-fixed,12.25786049905726,0.04080004781707314,0.0618000496738752,-0.019799957541127067,6.849320631582727e-17,3.301030174091638e-17,-1.0150350805674364e-16,0.07665460429875906,0.0618000496738752,.TRUE.,0.27,,550,HSE,172,8,-21.07468,1
6-stretch-all-three-axes,stretch-x-plus-0.040-y-plus-0.060-z-minus-0.040,1-cheap-pbe-atoms-relaxed,6-stretch-all-three-axes/stretch-x-plus-0.040-y-plus-0.060-z-minus-0.040/1-cheap-pbe-atoms-relaxed,12.007700080709151,0.04080004781707314,0.0618000496738752,-0.03919995925645853,6.263215384004278e-17,3.8871354216700866e-17,-1.0150350805674364e-16,0.08378858423005431,0.0618000496738752,,,,550,PBE,172,8,-17.974211,1
6-stretch-all-three-axes,stretch-x-plus-0.040-y-plus-0.060-z-minus-0.040,2-accurate-hse06-atoms-fixed,6-stretch-all-three-axes/stretch-x-plus-0.040-y-plus-0.060-z-minus-0.040/2-accurate-hse06-atoms-fixed,12.007700080709151,0.04080004781707314,0.0618000496738752,-0.03919995925645853,6.263215384004278e-17,3.8871354216700866e-17,-1.0150350805674364e-16,0.08378858423005431,0.0618000496738752,.TRUE.,0.27,,550,HSE,172,8,-21.058407,1
6-stretch-all-three-axes,stretch-x-plus-0.040-y-plus-0.060-z-minus-0.060,1-cheap-pbe-atoms-relaxed,6-stretch-all-three-axes/stretch-x-plus-0.040-y-plus-0.060-z-minus-0.060/1-cheap-pbe-atoms-relaxed,11.757539662361046,0.04080004781707314,0.0618000496738752,-0.05819996093642227,5.067205266194688e-17,5.083145539479676e-17,-1.0150350805674364e-16,0.09418665242256981,0.0618000496738752,,,,550,PBE,172,8,-17.91652,1
6-stretch-all-three-axes,stretch-x-plus-0.040-y-plus-0.060-z-minus-0.060,2-accurate-hse06-atoms-fixed,6-stretch-all-three-axes/stretch-x-plus-0.040-y-plus-0.060-z-minus-0.060/2-accurate-hse06-atoms-fixed,11.757539662361046,0.04080004781707314,0.0618000496738752,-0.05819996093642227,5.067205266194688e-17,5.083145539479676e-17,-1.0150350805674364e-16,0.09418665242256981,0.0618000496738752,.TRUE.,0.27,,550,HSE,172,8,-21.012361,1
6-stretch-all-three-axes,stretch-x-plus-0.040-y-plus-0.060-z-minus-0.080,1-cheap-pbe-atoms-relaxed,6-stretch-all-three-axes/stretch-x-plus-0.040-y-plus-0.060-z-minus-0.080/1-cheap-pbe-atoms-relaxed,11.50737924401294,0.04080004781707314,0.0618000496738752,-0.07679996258101834,3.921666026818242e-17,6.228684778856123e-17,-1.0150350805674364e-16,0.10668703901606191,0.07679996258101834,,,,550,PBE,172,8,-17.8286,1
6-stretch-all-three-axes,stretch-x-plus-0.040-y-plus-0.060-z-minus-0.080,2-accurate-hse06-atoms-fixed,6-stretch-all-three-axes/stretch-x-plus-0.040-y-plus-0.060-z-minus-0.080/2-accurate-hse06-atoms-fixed,11.50737924401294,0.04080004781707314,0.0618000496738752,-0.07679996258101834,3.921666026818242e-17,6.228684778856123e-17,-1.0150350805674364e-16,0.10668703901606191,0.07679996258101834,.TRUE.,0.27,,550,HSE,172,8,-20.935068,1
6-stretch-all-three-axes,stretch-x-plus-0.040-y-plus-0.060-z-plus-0.020,1-cheap-pbe-atoms-relaxed,6-stretch-all-three-axes/stretch-x-plus-0.040-y-plus-0.060-z-plus-0.020/1-cheap-pbe-atoms-relaxed,12.758181335753475,0.04080004781707314,0.0618000496738752,0.020200045995638516,3.8046034712682784e-17,6.345747334406085e-17,-1.0150350805674364e-16,0.07675892065287793,0.0618000496738752,,,,550,PBE,172,8,-17.980006,1
6-stretch-all-three-axes,stretch-x-plus-0.040-y-plus-0.060-z-plus-0.020,2-accurate-hse06-atoms-fixed,6-stretch-all-three-axes/stretch-x-plus-0.040-y-plus-0.060-z-plus-0.020/2-accurate-hse06-atoms-fixed,12.758181335753475,0.04080004781707314,0.0618000496738752,0.020200045995638516,3.8046034712682784e-17,6.345747334406085e-17,-1.0150350805674364e-16,0.07675892065287793,0.0618000496738752,.TRUE.,0.27,,550,HSE,172,8,-21.023283,1
6-stretch-all-three-axes,stretch-x-plus-0.040-y-plus-0.060-z-plus-0.040,1-cheap-pbe-atoms-relaxed,6-stretch-all-three-axes/stretch-x-plus-0.040-y-plus-0.060-z-plus-0.040/1-cheap-pbe-atoms-relaxed,13.008341754101581,0.04080004781707314,0.0618000496738752,0.04080004781707314,1.0150350805674364e-16,-1.0408000828351506e-33,-1.0150350805674364e-16,0.08454900320786964,0.0618000496738752,,,,550,PBE,172,8,-17.93064,1
6-stretch-all-three-axes,stretch-x-plus-0.040-y-plus-0.060-z-plus-0.040,2-accurate-hse06-atoms-fixed,6-stretch-all-three-axes/stretch-x-plus-0.040-y-plus-0.060-z-plus-0.040/2-accurate-hse06-atoms-fixed,13.008341754101581,0.04080004781707314,0.0618000496738752,0.04080004781707314,1.0150350805674364e-16,-1.0408000828351506e-33,-1.0150350805674364e-16,0.08454900320786964,0.0618000496738752,.TRUE.,0.27,,550,HSE,172,8,-20.958306,1
6-stretch-all-three-axes,stretch-x-plus-0.040-y-plus-0.060-z-plus-0.060,1-cheap-pbe-atoms-relaxed,6-stretch-all-three-axes/stretch-x-plus-0.040-y-plus-0.060-z-plus-0.060/1-cheap-pbe-atoms-relaxed,13.258502172449687,0.04080004781707314,0.0618000496738752,0.0618000496738752,1.1571761203459292e-16,-1.4214103977849273e-17,-1.0150350805674364e-16,0.09645276658169188,0.0618000496738752,,,,550,PBE,172,8,-17.857798,1
6-stretch-all-three-axes,stretch-x-plus-0.040-y-plus-0.060-z-plus-0.060,2-accurate-hse06-atoms-fixed,6-stretch-all-three-axes/stretch-x-plus-0.040-y-plus-0.060-z-plus-0.060/2-accurate-hse06-atoms-fixed,13.258502172449687,0.04080004781707314,0.0618000496738752,0.0618000496738752,1.1571761203459292e-16,-1.4214103977849273e-17,-1.0150350805674364e-16,0.09645276658169188,0.0618000496738752,.TRUE.,0.27,,550,HSE,172,8,-20.86888,1
6-stretch-all-three-axes,stretch-x-plus-0.040-y-plus-0.060-z-plus-0.080,1-cheap-pbe-atoms-relaxed,6-stretch-all-three-axes/stretch-x-plus-0.040-y-plus-0.060-z-plus-0.080/1-cheap-pbe-atoms-relaxed,13.5086625907978,0.04080004781707314,0.0618000496738752,0.08320005156604482,6.320676852515874e-17,3.8296739531584905e-17,-1.0150350805674364e-16,0.11138284707333268,0.08320005156604482,,,,550,PBE,172,8,-17.762729,1
6-stretch-all-three-axes,stretch-x-plus-0.040-y-plus-0.060-z-plus-0.080,2-accurate-hse06-atoms-fixed,6-stretch-all-three-axes/stretch-x-plus-0.040-y-plus-0.060-z-plus-0.080/2-accurate-hse06-atoms-fixed,13.5086625907978,0.04080004781707314,0.0618000496738752,0.08320005156604482,6.320676852515874e-17,3.8296739531584905e-17,-1.0150350805674364e-16,0.11138284707333268,0.08320005156604482,.TRUE.,0.27,,550,HSE,172,8,-20.756262,1
6-stretch-all-three-axes,stretch-x-plus-0.040-y-plus-0.080-z-minus-0.020,1-cheap-pbe-atoms-relaxed,6-stretch-all-three-axes/stretch-x-plus-0.040-y-plus-0.080-z-minus-0.020/1-cheap-pbe-atoms-relaxed,12.489140885831924,0.04080004781707314,0.08320005156604482,-0.019799957541127067,1.5982362806393082e-17,3.301030174091638e-17,-4.8992664547309467e-17,0.09475722031116367,0.08320005156604482,,,,550,PBE,172,8,-17.912211,1
6-stretch-all-three-axes,stretch-x-plus-0.040-y-plus-0.080-z-minus-0.020,2-accurate-hse06-atoms-fixed,6-stretch-all-three-axes/stretch-x-plus-0.040-y-plus-0.080-z-minus-0.020/2-accurate-hse06-atoms-fixed,12.489140885831924,0.04080004781707314,0.08320005156604482,-0.019799957541127067,1.5982362806393082e-17,3.301030174091638e-17,-4.8992664547309467e-17,0.09475722031116367,0.08320005156604482,.TRUE.,0.27,,550,HSE,172,8,-20.965516,1
6-stretch-all-three-axes,stretch-x-plus-0.040-y-plus-0.080-z-minus-0.040,1-cheap-pbe-atoms-relaxed,6-stretch-all-three-axes/stretch-x-plus-0.040-y-plus-0.080-z-minus-0.040/1-cheap-pbe-atoms-relaxed,12.23426045959046,0.04080004781707314,0.08320005156604482,-0.03919995925645853,1.0121310330608595e-17,3.8871354216700866e-17,-4.8992664547309467e-17,0.10061575069628005,0.08320005156604482,,,,550,PBE,172,8,-17.886173,1
6-stretch-all-three-axes,stretch-x-plus-0.040-y-plus-0.080-z-minus-0.040,2-accurate-hse06-atoms-fixed,6-stretch-all-three-axes/stretch-x-plus-0.040-y-plus-0.080-z-minus-0.040/2-accurate-hse06-atoms-fixed,12.23426045959046,0.04080004781707314,0.08320005156604482,-0.03919995925645853,1.0121310330608595e-17,3.8871354216700866e-17,-4.8992664547309467e-17,0.10061575069628005,0.08320005156604482,.TRUE.,0.27,,550,HSE,172,8,-20.951981,1
6-stretch-all-three-axes,stretch-x-plus-0.040-y-plus-0.080-z-minus-0.060,1-cheap-pbe-atoms-relaxed,6-stretch-all-three-axes/stretch-x-plus-0.040-y-plus-0.080-z-minus-0.060/1-cheap-pbe-atoms-relaxed,11.979380033348994,0.04080004781707314,0.08320005156604482,-0.05819996093642227,-1.8387908474873e-18,5.083145539479676e-17,-4.8992664547309467e-17,0.10942635850410563,0.08320005156604482,,,,550,PBE,172,8,-17.832161,1
6-stretch-all-three-axes,stretch-x-plus-0.040-y-plus-0.080-z-minus-0.060,2-accurate-hse06-atoms-fixed,6-stretch-all-three-axes/stretch-x-plus-0.040-y-plus-0.080-z-minus-0.060/2-accurate-hse06-atoms-fixed,11.979380033348994,0.04080004781707314,0.08320005156604482,-0.05819996093642227,-1.8387908474873e-18,5.083145539479676e-17,-4.8992664547309467e-17,0.10942635850410563,0.08320005156604482,.TRUE.,0.27,,550,HSE,172,8,-20.909479,1
6-stretch-all-three-axes,stretch-x-plus-0.040-y-plus-0.080-z-minus-0.080,1-cheap-pbe-atoms-relaxed,6-stretch-all-three-axes/stretch-x-plus-0.040-y-plus-0.080-z-minus-0.080/1-cheap-pbe-atoms-relaxed,11.724499607107523,0.04080004781707314,0.08320005156604482,-0.07679996258101834,-1.3294183241251761e-17,6.228684778856123e-17,-4.8992664547309467e-17,0.12035417207107442,0.08320005156604482,,,,550,PBE,172,8,-17.74877,1
6-stretch-all-three-axes,stretch-x-plus-0.040-y-plus-0.080-z-minus-0.080,2-accurate-hse06-atoms-fixed,6-stretch-all-three-axes/stretch-x-plus-0.040-y-plus-0.080-z-minus-0.080/2-accurate-hse06-atoms-fixed,11.724499607107523,0.04080004781707314,0.08320005156604482,-0.07679996258101834,-1.3294183241251761e-17,6.228684778856123e-17,-4.8992664547309467e-17,0.12035417207107442,0.08320005156604482,.TRUE.,0.27,,550,HSE,172,8,-20.83659,1
6-stretch-all-three-axes,stretch-x-plus-0.040-y-plus-0.080-z-plus-0.020,1-cheap-pbe-atoms-relaxed,6-stretch-all-three-axes/stretch-x-plus-0.040-y-plus-0.080-z-plus-0.020/1-cheap-pbe-atoms-relaxed,12.998901738314862,0.04080004781707314,0.08320005156604482,0.020200045995638516,-1.4464808796751396e-17,6.345747334406085e-17,-4.8992664547309467e-17,0.09484162767842971,0.08320005156604482,,,,550,PBE,172,8,-17.885637,1
6-stretch-all-three-axes,stretch-x-plus-0.040-y-plus-0.080-z-plus-0.020,2-accurate-hse06-atoms-fixed,6-stretch-all-three-axes/stretch-x-plus-0.040-y-plus-0.080-z-plus-0.020/2-accurate-hse06-atoms-fixed,12.998901738314862,0.04080004781707314,0.08320005156604482,0.020200045995638516,-1.4464808796751396e-17,6.345747334406085e-17,-4.8992664547309467e-17,0.09484162767842971,0.08320005156604482,.TRUE.,0.27,,550,HSE,172,8,-20.910992,1
6-stretch-all-three-axes,stretch-x-plus-0.040-y-plus-0.080-z-plus-0.040,1-cheap-pbe-atoms-relaxed,6-stretch-all-three-axes/stretch-x-plus-0.040-y-plus-0.080-z-plus-0.040/1-cheap-pbe-atoms-relaxed,13.253782164556332,0.04080004781707314,0.08320005156604482,0.04080004781707314,4.899266454730946e-17,-1.0408000828351506e-33,-4.8992664547309467e-17,0.10124987103371257,0.08320005156604482,,,,550,PBE,172,8,-17.835607,1
6-stretch-all-three-axes,stretch-x-plus-0.040-y-plus-0.080-z-plus-0.040,2-accurate-hse06-atoms-fixed,6-stretch-all-three-axes/stretch-x-plus-0.040-y-plus-0.080-z-plus-0.040/2-accurate-hse06-atoms-fixed,13.253782164556332,0.04080004781707314,0.08320005156604482,0.04080004781707314,4.899266454730946e-17,-1.0408000828351506e-33,-4.8992664547309467e-17,0.10124987103371257,0.08320005156604482,.TRUE.,0.27,,550,HSE,172,8,-20.845532,1
6-stretch-all-three-axes,stretch-x-plus-0.040-y-plus-0.080-z-plus-0.060,1-cheap-pbe-atoms-relaxed,6-stretch-all-three-axes/stretch-x-plus-0.040-y-plus-0.080-z-plus-0.060/1-cheap-pbe-atoms-relaxed,13.5086625907978,0.04080004781707314,0.08320005156604482,0.0618000496738752,6.320676852515874e-17,-1.4214103977849273e-17,-4.8992664547309467e-17,0.11138284707333268,0.08320005156604482,,,,550,PBE,172,8,-17.762729,1
6-stretch-all-three-axes,stretch-x-plus-0.040-y-plus-0.080-z-plus-0.060,2-accurate-hse06-atoms-fixed,6-stretch-all-three-axes/stretch-x-plus-0.040-y-plus-0.080-z-plus-0.060/2-accurate-hse06-atoms-fixed,13.5086625907978,0.04080004781707314,0.08320005156604482,0.0618000496738752,6.320676852515874e-17,-1.4214103977849273e-17,-4.8992664547309467e-17,0.11138284707333268,0.08320005156604482,.TRUE.,0.27,,550,HSE,172,8,-20.756262,1
6-stretch-all-three-axes,stretch-x-plus-0.040-y-plus-0.080-z-plus-0.080,1-cheap-pbe-atoms-relaxed,6-stretch-all-three-axes/stretch-x-plus-0.040-y-plus-0.080-z-plus-0.080/1-cheap-pbe-atoms-relaxed,13.763543017039268,0.04080004781707314,0.08320005156604482,0.08320005156604482,1.0695925015724554e-17,3.8296739531584905e-17,-4.8992664547309467e-17,0.12453570196156799,0.08320005156604482,,,,550,PBE,172,8,-17.668218,1
6-stretch-all-three-axes,stretch-x-plus-0.040-y-plus-0.080-z-plus-0.080,2-accurate-hse06-atoms-fixed,6-stretch-all-three-axes/stretch-x-plus-0.040-y-plus-0.080-z-plus-0.080/2-accurate-hse06-atoms-fixed,13.763543017039268,0.04080004781707314,0.08320005156604482,0.08320005156604482,1.0695925015724554e-17,3.8296739531584905e-17,-4.8992664547309467e-17,0.12453570196156799,0.08320005156604482,.TRUE.,0.27,,550,HSE,172,8,-20.644406,1
6-stretch-all-three-axes,stretch-x-plus-0.060-y-minus-0.020-z-minus-0.020,1-cheap-pbe-atoms-relaxed,6-stretch-all-three-axes/stretch-x-plus-0.060-y-minus-0.020-z-minus-0.020/1-cheap-pbe-atoms-relaxed,11.550676239496266,0.0618000496738752,-0.019799957541127067,-0.019799957541127067,2.1268800597061612e-17,4.7224405718765654e-17,-6.849320631582727e-17,0.06784779124595222,0.0618000496738752,,,,550,PBE,172,8,-18.040029,1
6-stretch-all-three-axes,stretch-x-plus-0.060-y-minus-0.020-z-minus-0.020,2-accurate-hse06-atoms-fixed,6-stretch-all-three-axes/stretch-x-plus-0.060-y-minus-0.020-z-minus-0.020/2-accurate-hse06-atoms-fixed,11.550676239496266,0.0618000496738752,-0.019799957541127067,-0.019799957541127067,2.1268800597061612e-17,4.7224405718765654e-17,-6.849320631582727e-17,0.06784779124595222,0.0618000496738752,.TRUE.,0.27,,550,HSE,172,8,-21.156193,1
6-stretch-all-three-axes,stretch-x-plus-0.060-y-minus-0.020-z-minus-0.040,1-cheap-pbe-atoms-relaxed,6-stretch-all-three-axes/stretch-x-plus-0.060-y-minus-0.020-z-minus-0.040/1-cheap-pbe-atoms-relaxed,11.314948152975928,0.0618000496738752,-0.019799957541127067,-0.03919995925645853,1.540774812127712e-17,5.308545819455014e-17,-6.849320631582727e-17,0.07581504642240804,0.0618000496738752,,,,550,PBE,172,8,-17.994151,1
6-stretch-all-three-axes,stretch-x-plus-0.060-y-minus-0.020-z-minus-0.040,2-accurate-hse06-atoms-fixed,6-stretch-all-three-axes/stretch-x-plus-0.060-y-minus-0.020-z-minus-0.040/2-accurate-hse06-atoms-fixed,11.314948152975928,0.0618000496738752,-0.019799957541127067,-0.03919995925645853,1.540774812127712e-17,5.308545819455014e-17,-6.849320631582727e-17,0.07581504642240804,0.0618000496738752,.TRUE.,0.27,,550,HSE,172,8,-21.123077,1
6-stretch-all-three-axes,stretch-x-plus-0.060-y-minus-0.020-z-minus-0.060,1-cheap-pbe-atoms-relaxed,6-stretch-all-three-axes/stretch-x-plus-0.060-y-minus-0.020-z-minus-0.060/1-cheap-pbe-atoms-relaxed,11.079220066455596,0.0618000496738752,-0.019799957541127067,-0.05819996093642227,3.4476469431812277e-18,6.504555937264603e-17,-6.849320631582727e-17,0.08716948956673404,0.0618000496738752,,,,550,PBE,172,8,-17.916672,1
6-stretch-all-three-axes,stretch-x-plus-0.060-y-minus-0.020-z-minus-0.060,2-accurate-hse06-atoms-fixed,6-stretch-all-three-axes/stretch-x-plus-0.060-y-minus-0.020-z-minus-0.060/2-accurate-hse06-atoms-fixed,11.079220066455596,0.0618000496738752,-0.019799957541127067,-0.05819996093642227,3.4476469431812277e-18,6.504555937264603e-17,-6.849320631582727e-17,0.08716948956673404,0.0618000496738752,.TRUE.,0.27,,550,HSE,172,8,-21.057292,1
6-stretch-all-three-axes,stretch-x-plus-0.060-y-minus-0.020-z-minus-0.080,1-cheap-pbe-atoms-relaxed,6-stretch-all-three-axes/stretch-x-plus-0.060-y-minus-0.020-z-minus-0.080/1-cheap-pbe-atoms-relaxed,10.843491979935267,0.0618000496738752,-0.019799957541127067,-0.07679996258101834,-8.007745450583233e-18,7.65009517664105e-17,-6.849320631582727e-17,0.10054610241461225,0.07679996258101834,,,,550,PBE,172,8,-17.806011,1
6-stretch-all-three-axes,stretch-x-plus-0.060-y-minus-0.020-z-minus-0.080,2-accurate-hse06-atoms-fixed,6-stretch-all-three-axes/stretch-x-plus-0.060-y-minus-0.020-z-minus-0.080/2-accurate-hse06-atoms-fixed,10.843491979935267,0.0618000496738752,-0.019799957541127067,-0.07679996258101834,-8.007745450583233e-18,7.65009517664105e-17,-6.849320631582727e-17,0.10054610241461225,0.07679996258101834,.TRUE.,0.27,,550,HSE,172,8,-20.957248,1
6-stretch-all-three-axes,stretch-x-plus-0.060-y-minus-0.020-z-plus-0.020,1-cheap-pbe-atoms-relaxed,6-stretch-all-three-axes/stretch-x-plus-0.060-y-minus-0.020-z-plus-0.020/1-cheap-pbe-atoms-relaxed,12.02213241253693,0.0618000496738752,-0.019799957541127067,0.020200045995638516,-9.178371006082869e-18,7.767157732191013e-17,-6.849320631582727e-17,0.06796562599248085,0.0618000496738752,,,,550,PBE,172,8,-18.043064,1
6-stretch-all-three-axes,stretch-x-plus-0.060-y-minus-0.020-z-plus-0.020,2-accurate-hse06-atoms-fixed,6-stretch-all-three-axes/stretch-x-plus-0.060-y-minus-0.020-z-plus-0.020/2-accurate-hse06-atoms-fixed,12.02213241253693,0.0618000496738752,-0.019799957541127067,0.020200045995638516,-9.178371006082869e-18,7.767157732191013e-17,-6.849320631582727e-17,0.06796562599248085,0.0618000496738752,.TRUE.,0.27,,550,HSE,172,8,-21.130532,1
6-stretch-all-three-axes,stretch-x-plus-0.060-y-minus-0.020-z-plus-0.040,1-cheap-pbe-atoms-relaxed,6-stretch-all-three-axes/stretch-x-plus-0.060-y-minus-0.020-z-plus-0.040/1-cheap-pbe-atoms-relaxed,12.25786049905726,0.0618000496738752,-0.019799957541127067,0.04080004781707314,5.427910233797799e-17,1.4214103977849273e-17,-6.849320631582727e-17,0.07665460429875906,0.0618000496738752,,,,550,PBE,172,8,-18.003128,1
6-stretch-all-three-axes,stretch-x-plus-0.060-y-minus-0.020-z-plus-0.040,2-accurate-hse06-atoms-fixed,6-stretch-all-three-axes/stretch-x-plus-0.060-y-minus-0.020-z-plus-0.040/2-accurate-hse06-atoms-fixed,12.25786049905726,0.0618000496738752,-0.019799957541127067,0.04080004781707314,5.427910233797799e-17,1.4214103977849273e-17,-6.849320631582727e-17,0.07665460429875906,0.0618000496738752,.TRUE.,0.27,,550,HSE,172,8,-21.07468,1
6-stretch-all-three-axes,stretch-x-plus-0.060-y-minus-0.020-z-plus-0.060,1-cheap-pbe-atoms-relaxed,6-stretch-all-three-axes/stretch-x-plus-0.060-y-minus-0.020-z-plus-0.060/1-cheap-pbe-atoms-relaxed,12.49358858557759,0.0618000496738752,-0.019799957541127067,0.0618000496738752,6.849320631582727e-17,-4.319365315666321e-34,-6.849320631582727e-17,0.08961322780715646,0.0618000496738752,,,,550,PBE,172,8,-17.937508,1
6-stretch-all-three-axes,stretch-x-plus-0.060-y-minus-0.020-z-plus-0.060,2-accurate-hse06-atoms-fixed,6-stretch-all-three-axes/stretch-x-plus-0.060-y-minus-0.020-z-plus-0.060/2-accurate-hse06-atoms-fixed,12.49358858557759,0.0618000496738752,-0.019799957541127067,0.0618000496738752,6.849320631582727e-17,-4.319365315666321e-34,-6.849320631582727e-17,0.08961322780715646,0.0618000496738752,.TRUE.,0.27,,550,HSE,172,8,-20.992119,1
6-stretch-all-three-axes,stretch-x-plus-0.060-y-minus-0.020-z-plus-0.080,1-cheap-pbe-atoms-relaxed,6-stretch-all-three-axes/stretch-x-plus-0.060-y-minus-0.020-z-plus-0.080/1-cheap-pbe-atoms-relaxed,12.729316672097923,0.0618000496738752,-0.019799957541127067,0.08320005156604482,1.5982362806393082e-17,5.251084350943418e-17,-6.849320631582727e-17,0.10551555827894006,0.08320005156604482,,,,550,PBE,172,8,-17.847548,1
6-stretch-all-three-axes,stretch-x-plus-0.060-y-minus-0.020-z-plus-0.080,2-accurate-hse06-atoms-fixed,6-stretch-all-three-axes/stretch-x-plus-0.060-y-minus-0.020-z-plus-0.080/2-accurate-hse06-atoms-fixed,12.729316672097923,0.0618000496738752,-0.019799957541127067,0.08320005156604482,1.5982362806393082e-17,5.251084350943418e-17,-6.849320631582727e-17,0.10551555827894006,0.08320005156604482,.TRUE.,0.27,,550,HSE,172,8,-20.884198,1
6-stretch-all-three-axes,stretch-x-plus-0.060-y-minus-0.040-z-minus-0.020,1-cheap-pbe-atoms-relaxed,6-stretch-all-three-axes/stretch-x-plus-0.060-y-minus-0.040-z-minus-0.020/1-cheap-pbe-atoms-relaxed,11.314948152975928,0.0618000496738752,-0.03919995925645853,-0.019799957541127067,1.540774812127712e-17,4.7224405718765654e-17,-6.263215384004278e-17,0.07581504642240804,0.0618000496738752,,,,550,PBE,172,8,-17.994151,1
6-stretch-all-three-axes,stretch-x-plus-0.060-y-minus-0.040-z-minus-0.020,2-accurate-hse06-atoms-fixed,6-stretch-all-three-axes/stretch-x-plus-0.060-y-minus-0.040-z-minus-0.020/2-accurate-hse06-atoms-fixed,11.314948152975928,0.0618000496738752,-0.03919995925645853,-0.019799957541127067,1.540774812127712e-17,4.7224405718765654e-17,-6.263215384004278e-17,0.07581504642240804,0.0618000496738752,.TRUE.,0.27,,550,HSE,172,8,-21.123077,1
6-stretch-all-three-axes,stretch-x-plus-0.060-y-minus-0.040-z-minus-0.040,1-cheap-pbe-atoms-relaxed,6-stretch-all-three-axes/stretch-x-plus-0.060-y-minus-0.040-z-minus-0.040/1-cheap-pbe-atoms-relaxed,11.084030843731524,0.0618000496738752,-0.03919995925645853,-0.03919995925645853,9.546695645492634e-18,5.308545819455014e-17,-6.263215384004278e-17,0.08302120061231022,0.0618000496738752,,,,550,PBE,172,8,-17.940735,1
6-stretch-all-three-axes,stretch-x-plus-0.060-y-minus-0.040-z-minus-0.040,2-accurate-hse06-atoms-fixed,6-stretch-all-three-axes/stretch-x-plus-0.060-y-minus-0.040-z-minus-0.040/2-accurate-hse06-atoms-fixed,11.084030843731524,0.0618000496738752,-0.03919995925645853,-0.03919995925645853,9.546695645492634e-18,5.308545819455014e-17,-6.263215384004278e-17,0.08302120061231022,0.0618000496738752,.TRUE.,0.27,,550,HSE,172,8,-21.082405,1
6-stretch-all-three-axes,stretch-x-plus-0.060-y-minus-0.040-z-minus-0.060,1-cheap-pbe-atoms-relaxed,6-stretch-all-three-axes/stretch-x-plus-0.060-y-minus-0.040-z-minus-0.060/1-cheap-pbe-atoms-relaxed,10.853113534487118,0.0618000496738752,-0.03919995925645853,-0.05819996093642227,-2.4134055326032613e-18,6.504555937264603e-17,-6.263215384004278e-17,0.09350464372640821,0.0618000496738752,,,,550,PBE,172,8,-17.854638,1
6-stretch-all-three-axes,stretch-x-plus-0.060-y-minus-0.040-z-minus-0.060,2-accurate-hse06-atoms-fixed,6-stretch-all-three-axes/stretch-x-plus-0.060-y-minus-0.040-z-minus-0.060/2-accurate-hse06-atoms-fixed,10.853113534487118,0.0618000496738752,-0.03919995925645853,-0.05819996093642227,-2.4134055326032613e-18,6.504555937264603e-17,-6.263215384004278e-17,0.09350464372640821,0.0618000496738752,.TRUE.,0.27,,550,HSE,172,8,-21.00795,1
6-stretch-all-three-axes,stretch-x-plus-0.060-y-minus-0.040-z-minus-0.080,1-cheap-pbe-atoms-relaxed,6-stretch-all-three-axes/stretch-x-plus-0.060-y-minus-0.040-z-minus-0.080/1-cheap-pbe-atoms-relaxed,10.62219622524271,0.0618000496738752,-0.03919995925645853,-0.07679996258101834,-1.3868797926367722e-17,7.65009517664105e-17,-6.263215384004278e-17,0.10608542405932715,0.07679996258101834,,,,550,PBE,172,8,-17.734373,1
6-stretch-all-three-axes,stretch-x-plus-0.060-y-minus-0.040-z-minus-0.080,2-accurate-hse06-atoms-fixed,6-stretch-all-three-axes/stretch-x-plus-0.060-y-minus-0.040-z-minus-0.080/2-accurate-hse06-atoms-fixed,10.62219622524271,0.0618000496738752,-0.03919995925645853,-0.07679996258101834,-1.3868797926367722e-17,7.65009517664105e-17,-6.263215384004278e-17,0.10608542405932715,0.07679996258101834,.TRUE.,0.27,,550,HSE,172,8,-20.898238,1
6-stretch-all-three-axes,stretch-x-plus-0.060-y-minus-0.040-z-plus-0.020,1-cheap-pbe-atoms-relaxed,6-stretch-all-three-axes/stretch-x-plus-0.060-y-minus-0.040-z-plus-0.020/1-cheap-pbe-atoms-relaxed,11.776782771464742,0.0618000496738752,-0.03919995925645853,0.020200045995638516,-1.5039423481867358e-17,7.767157732191013e-17,-6.263215384004278e-17,0.07592051635511551,0.0618000496738752,,,,550,PBE,172,8,-18.009366,1
6-stretch-all-three-axes,stretch-x-plus-0.060-y-minus-0.040-z-plus-0.020,2-accurate-hse06-atoms-fixed,6-stretch-all-three-axes/stretch-x-plus-0.060-y-minus-0.040-z-plus-0.020/2-accurate-hse06-atoms-fixed,11.776782771464742,0.0618000496738752,-0.03919995925645853,0.020200045995638516,-1.5039423481867358e-17,7.767157732191013e-17,-6.263215384004278e-17,0.07592051635511551,0.0618000496738752,.TRUE.,0.27,,550,HSE,172,8,-21.109542,1
6-stretch-all-three-axes,stretch-x-plus-0.060-y-minus-0.040-z-plus-0.040,1-cheap-pbe-atoms-relaxed,6-stretch-all-three-axes/stretch-x-plus-0.060-y-minus-0.040-z-plus-0.040/1-cheap-pbe-atoms-relaxed,12.007700080709151,0.0618000496738752,-0.03919995925645853,0.04080004781707314,4.84180498621935e-17,1.4214103977849273e-17,-6.263215384004278e-17,0.08378858423005431,0.0618000496738752,,,,550,PBE,172,8,-17.974211,1
6-stretch-all-three-axes,stretch-x-plus-0.060-y-minus-0.040-z-plus-0.040,2-accurate-hse06-atoms-fixed,6-stretch-all-three-axes/stretch-x-plus-0.060-y-minus-0.040-z-plus-0.040/2-accurate-hse06-atoms-fixed,12.007700080709151,0.0618000496738752,-0.03919995925645853,0.04080004781707314,4.84180498621935e-17,1.4214103977849273e-17,-6.263215384004278e-17,0.08378858423005431,0.0618000496738752,.TRUE.,0.27,,550,HSE,172,8,-21.058407,1
6-stretch-all-three-axes,stretch-x-plus-0.060-y-minus-0.040-z-plus-0.060,1-cheap-pbe-atoms-relaxed,6-stretch-all-three-axes/stretch-x-plus-0.060-y-minus-0.040-z-plus-0.060/1-cheap-pbe-atoms-relaxed,12.238617389953557,0.0618000496738752,-0.03919995925645853,0.0618000496738752,6.263215384004278e-17,-4.319365315666321e-34,-6.263215384004278e-17,0.09578689411968055,0.0618000496738752,,,,550,PBE,172,8,-17.912503,1
6-stretch-all-three-axes,stretch-x-plus-0.060-y-minus-0.040-z-plus-0.060,2-accurate-hse06-atoms-fixed,6-stretch-all-three-axes/stretch-x-plus-0.060-y-minus-0.040-z-plus-0.060/2-accurate-hse06-atoms-fixed,12.238617389953557,0.0618000496738752,-0.03919995925645853,0.0618000496738752,6.263215384004278e-17,-4.319365315666321e-34,-6.263215384004278e-17,0.09578689411968055,0.0618000496738752,.TRUE.,0.27,,550,HSE,172,8,-20.979664,1
6-stretch-all-three-axes,stretch-x-plus-0.060-y-minus-0.040-z-plus-0.080,1-cheap-pbe-atoms-relaxed,6-stretch-all-three-axes/stretch-x-plus-0.060-y-minus-0.040-z-plus-0.080/1-cheap-pbe-atoms-relaxed,12.469534699197965,0.0618000496738752,-0.03919995925645853,0.08320005156604482,1.0121310330608593e-17,5.251084350943418e-17,-6.263215384004278e-17,0.11080673050854793,0.08320005156604482,,,,550,PBE,172,8,-17.825818,1
6-stretch-all-three-axes,stretch-x-plus-0.060-y-minus-0.040-z-plus-0.080,2-accurate-hse06-atoms-fixed,6-stretch-all-three-axes/stretch-x-plus-0.060-y-minus-0.040-z-plus-0.080/2-accurate-hse06-atoms-fixed,12.469534699197965,0.0618000496738752,-0.03919995925645853,0.08320005156604482,1.0121310330608593e-17,5.251084350943418e-17,-6.263215384004278e-17,0.11080673050854793,0.08320005156604482,.TRUE.,0.27,,550,HSE,172,8,-20.874914,1
6-stretch-all-three-axes,stretch-x-plus-0.060-y-minus-0.060-z-minus-0.020,1-cheap-pbe-atoms-relaxed,6-stretch-all-three-axes/stretch-x-plus-0.060-y-minus-0.060-z-minus-0.020/1-cheap-pbe-atoms-relaxed,11.079220066455596,0.0618000496738752,-0.05819996093642227,-0.019799957541127067,3.447646943181227e-18,4.7224405718765654e-17,-5.067205266194688e-17,0.08716948956673404,0.0618000496738752,,,,550,PBE,172,8,-17.916672,1
6-stretch-all-three-axes,stretch-x-plus-0.060-y-minus-0.060-z-minus-0.020,2-accurate-hse06-atoms-fixed,6-stretch-all-three-axes/stretch-x-plus-0.060-y-minus-0.060-z-minus-0.020/2-accurate-hse06-atoms-fixed,11.079220066455596,0.0618000496738752,-0.05819996093642227,-0.019799957541127067,3.447646943181227e-18,4.7224405718765654e-17,-5.067205266194688e-17,0.08716948956673404,0.0618000496738752,.TRUE.,0.27,,550,HSE,172,8,-21.057292,1
6-stretch-all-three-axes,stretch-x-plus-0.060-y-minus-0.060-z-minus-0.040,1-cheap-pbe-atoms-relaxed,6-stretch-all-three-axes/stretch-x-plus-0.060-y-minus-0.060-z-minus-0.040/1-cheap-pbe-atoms-relaxed,10.853113534487118,0.0618000496738752,-0.05819996093642227,-0.03919995925645853,-2.413405532603262e-18,5.308545819455014e-17,-5.067205266194688e-17,0.09350464372640821,0.0618000496738752,,,,550,PBE,172,8,-17.854638,1
6-stretch-all-three-axes,stretch-x-plus-0.060-y-minus-0.060-z-minus-0.040,2-accurate-hse06-atoms-fixed,6-stretch-all-three-axes/stretch-x-plus-0.060-y-minus-0.060-z-minus-0.040/2-accurate-hse06-atoms-fixed,10.853113534487118,0.0618000496738752,-0.05819996093642227,-0.03919995925645853,-2.413405532603262e-18,5.308545819455014e-17,-5.067205266194688e-17,0.09350464372640821,0.0618000496738752,.TRUE.,0.27,,550,HSE,172,8,-21.00795,1
6-stretch-all-three-axes,stretch-x-plus-0.060-y-minus-0.060-z-minus-0.060,1-cheap-pbe-atoms-relaxed,6-stretch-all-three-axes/stretch-x-plus-0.060-y-minus-0.060-z-minus-0.060/1-cheap-pbe-atoms-relaxed,10.627007002518639,0.0618000496738752,-0.05819996093642227,-0.05819996093642227,-1.4373506710699157e-17,6.504555937264603e-17,-5.067205266194688e-17,0.10292578416361761,0.0618000496738752,,,,550,PBE,172,8,-17.758939,1
6-stretch-all-three-axes,stretch-x-plus-0.060-y-minus-0.060-z-minus-0.060,2-accurate-hse06-atoms-fixed,6-stretch-all-three-axes/stretch-x-plus-0.060-y-minus-0.060-z-minus-0.060/2-accurate-hse06-atoms-fixed,10.627007002518639,0.0618000496738752,-0.05819996093642227,-0.05819996093642227,-1.4373506710699157e-17,6.504555937264603e-17,-5.067205266194688e-17,0.10292578416361761,0.0618000496738752,.TRUE.,0.27,,550,HSE,172,8,-20.923825,1
6-stretch-all-three-axes,stretch-x-plus-0.060-y-minus-0.060-z-minus-0.080,1-cheap-pbe-atoms-relaxed,6-stretch-all-three-axes/stretch-x-plus-0.060-y-minus-0.060-z-minus-0.080/1-cheap-pbe-atoms-relaxed,10.400900470550154,0.0618000496738752,-0.05819996093642227,-0.07679996258101834,-2.582889910446362e-17,7.65009517664105e-17,-5.067205266194688e-17,0.11447583083402513,0.07679996258101834,,,,550,PBE,172,8,-17.62783,1
6-stretch-all-three-axes,stretch-x-plus-0.060-y-minus-0.060-z-minus-0.080,2-accurate-hse06-atoms-fixed,6-stretch-all-three-axes/stretch-x-plus-0.060-y-minus-0.060-z-minus-0.080/2-accurate-hse06-atoms-fixed,10.400900470550154,0.0618000496738752,-0.05819996093642227,-0.07679996258101834,-2.582889910446362e-17,7.65009517664105e-17,-5.067205266194688e-17,0.11447583083402513,0.07679996258101834,.TRUE.,0.27,,550,HSE,172,8,-20.803148,1
6-stretch-all-three-axes,stretch-x-plus-0.060-y-minus-0.060-z-plus-0.020,1-cheap-pbe-atoms-relaxed,6-stretch-all-three-axes/stretch-x-plus-0.060-y-minus-0.060-z-plus-0.020/1-cheap-pbe-atoms-relaxed,11.53143313039256,0.0618000496738752,-0.05819996093642227,0.020200045995638516,-2.699952465996325e-17,7.767157732191013e-17,-5.067205266194688e-17,0.08726123681750352,0.0618000496738752,,,,550,PBE,172,8,-17.946011,1
6-stretch-all-three-axes,stretch-x-plus-0.060-y-minus-0.060-z-plus-0.020,2-accurate-hse06-atoms-fixed,6-stretch-all-three-axes/stretch-x-plus-0.060-y-minus-0.060-z-plus-0.020/2-accurate-hse06-atoms-fixed,11.53143313039256,0.0618000496738752,-0.05819996093642227,0.020200045995638516,-2.699952465996325e-17,7.767157732191013e-17,-5.067205266194688e-17,0.08726123681750352,0.0618000496738752,.TRUE.,0.27,,550,HSE,172,8,-21.057875,1
6-stretch-all-three-axes,stretch-x-plus-0.060-y-minus-0.060-z-plus-0.040,1-cheap-pbe-atoms-relaxed,6-stretch-all-three-axes/stretch-x-plus-0.060-y-minus-0.060-z-plus-0.040/1-cheap-pbe-atoms-relaxed,11.757539662361046,0.0618000496738752,-0.05819996093642227,0.04080004781707314,3.645794868409761e-17,1.4214103977849273e-17,-5.067205266194688e-17,0.09418665242256981,0.0618000496738752,,,,550,PBE,172,8,-17.91652,1
6-stretch-all-three-axes,stretch-x-plus-0.060-y-minus-0.060-z-plus-0.040,2-accurate-hse06-atoms-fixed,6-stretch-all-three-axes/stretch-x-plus-0.060-y-minus-0.060-z-plus-0.040/2-accurate-hse06-atoms-fixed,11.757539662361046,0.0618000496738752,-0.05819996093642227,0.04080004781707314,3.645794868409761e-17,1.4214103977849273e-17,-5.067205266194688e-17,0.09418665242256981,0.0618000496738752,.TRUE.,0.27,,550,HSE,172,8,-21.012361,1
6-stretch-all-three-axes,stretch-x-plus-0.060-y-minus-0.060-z-plus-0.060,1-cheap-pbe-atoms-relaxed,6-stretch-all-three-axes/stretch-x-plus-0.060-y-minus-0.060-z-plus-0.060/1-cheap-pbe-atoms-relaxed,11.983646194329525,0.0618000496738752,-0.05819996093642227,0.0618000496738752,5.067205266194688e-17,-4.319365315666321e-34,-5.067205266194688e-17,0.10500346533514007,0.0618000496738752,,,,550,PBE,172,8,-17.859646,1
6-stretch-all-three-axes,stretch-x-plus-0.060-y-minus-0.060-z-plus-0.060,2-accurate-hse06-atoms-fixed,6-stretch-all-three-axes/stretch-x-plus-0.060-y-minus-0.060-z-plus-0.060/2-accurate-hse06-atoms-fixed,11.983646194329525,0.0618000496738752,-0.05819996093642227,0.0618000496738752,5.067205266194688e-17,-4.319365315666321e-34,-5.067205266194688e-17,0.10500346533514007,0.0618000496738752,.TRUE.,0.27,,550,HSE,172,8,-20.938377,1
6-stretch-all-three-axes,stretch-x-plus-0.060-y-minus-0.060-z-plus-0.080,1-cheap-pbe-atoms-relaxed,6-stretch-all-three-axes/stretch-x-plus-0.060-y-minus-0.060-z-plus-0.080/1-cheap-pbe-atoms-relaxed,12.209752726298008,0.0618000496738752,-0.05819996093642227,0.08320005156604482,-1.838790847487302e-18,5.251084350943418e-17,-5.067205266194688e-17,0.11886433516108622,0.08320005156604482,,,,550,PBE,172,8,-17.776914,1
6-stretch-all-three-axes,stretch-x-plus-0.060-y-minus-0.060-z-plus-0.080,2-accurate-hse06-atoms-fixed,6-stretch-all-three-axes/stretch-x-plus-0.060-y-minus-0.060-z-plus-0.080/2-accurate-hse06-atoms-fixed,12.209752726298008,0.0618000496738752,-0.05819996093642227,0.08320005156604482,-1.838790847487302e-18,5.251084350943418e-17,-5.067205266194688e-17,0.11886433516108622,0.08320005156604482,.TRUE.,0.27,,550,HSE,172,8,-20.837476,1
6-stretch-all-three-axes,stretch-x-plus-0.060-y-minus-0.080-z-minus-0.020,1-cheap-pbe-atoms-relaxed,6-stretch-all-three-axes/stretch-x-plus-0.060-y-minus-0.080-z-minus-0.020/1-cheap-pbe-atoms-relaxed,10.843491979935267,0.0618000496738752,-0.07679996258101834,-0.019799957541127067,-8.007745450583235e-18,4.7224405718765654e-17,-3.921666026818242e-17,0.10054610241461226,0.07679996258101834,,,,550,PBE,172,8,-17.806011,1
6-stretch-all-three-axes,stretch-x-plus-0.060-y-minus-0.080-z-minus-0.020,2-accurate-hse06-atoms-fixed,6-stretch-all-three-axes/stretch-x-plus-0.060-y-minus-0.080-z-minus-0.020/2-accurate-hse06-atoms-fixed,10.843491979935267,0.0618000496738752,-0.07679996258101834,-0.019799957541127067,-8.007745450583235e-18,4.7224405718765654e-17,-3.921666026818242e-17,0.10054610241461226,0.07679996258101834,.TRUE.,0.27,,550,HSE,172,8,-20.957248,1
6-stretch-all-three-axes,stretch-x-plus-0.060-y-minus-0.080-z-minus-0.040,1-cheap-pbe-atoms-relaxed,6-stretch-all-three-axes/stretch-x-plus-0.060-y-minus-0.080-z-minus-0.040/1-cheap-pbe-atoms-relaxed,10.62219622524271,0.0618000496738752,-0.07679996258101834,-0.03919995925645853,-1.3868797926367724e-17,5.308545819455014e-17,-3.921666026818242e-17,0.10608542405932715,0.07679996258101834,,,,550,PBE,172,8,-17.734373,1
6-stretch-all-three-axes,stretch-x-plus-0.060-y-minus-0.080-z-minus-0.040,2-accurate-hse06-atoms-fixed,6-stretch-all-three-axes/stretch-x-plus-0.060-y-minus-0.080-z-minus-0.040/2-accurate-hse06-atoms-fixed,10.62219622524271,0.0618000496738752,-0.07679996258101834,-0.03919995925645853,-1.3868797926367724e-17,5.308545819455014e-17,-3.921666026818242e-17,0.10608542405932715,0.07679996258101834,.TRUE.,0.27,,550,HSE,172,8,-20.898238,1
6-stretch-all-three-axes,stretch-x-plus-0.060-y-minus-0.080-z-minus-0.060,1-cheap-pbe-atoms-relaxed,6-stretch-all-three-axes/stretch-x-plus-0.060-y-minus-0.080-z-minus-0.060/1-cheap-pbe-atoms-relaxed,10.400900470550154,0.0618000496738752,-0.07679996258101834,-0.05819996093642227,-2.582889910446362e-17,6.504555937264603e-17,-3.921666026818242e-17,0.11447583083402513,0.07679996258101834,,,,550,PBE,172,8,-17.62783,1
6-stretch-all-three-axes,stretch-x-plus-0.060-y-minus-0.080-z-minus-0.060,2-accurate-hse06-atoms-fixed,6-stretch-all-three-axes/stretch-x-plus-0.060-y-minus-0.080-z-minus-0.060/2-accurate-hse06-atoms-fixed,10.400900470550154,0.0618000496738752,-0.07679996258101834,-0.05819996093642227,-2.582889910446362e-17,6.504555937264603e-17,-3.921666026818242e-17,0.11447583083402513,0.07679996258101834,.TRUE.,0.27,,550,HSE,172,8,-20.803148,1
6-stretch-all-three-axes,stretch-x-plus-0.060-y-minus-0.080-z-minus-0.080,1-cheap-pbe-atoms-relaxed,6-stretch-all-three-axes/stretch-x-plus-0.060-y-minus-0.080-z-minus-0.080/1-cheap-pbe-atoms-relaxed,10.179604715857595,0.0618000496738752,-0.07679996258101834,-0.07679996258101834,-3.728429149822808e-17,7.65009517664105e-17,-3.921666026818242e-17,0.12496285305875934,0.07679996258101834,,,,550,PBE,172,8,-17.484707,1
6-stretch-all-three-axes,stretch-x-plus-0.060-y-minus-0.080-z-minus-0.080,2-accurate-hse06-atoms-fixed,6-stretch-all-three-axes/stretch-x-plus-0.060-y-minus-0.080-z-minus-0.080/2-accurate-hse06-atoms-fixed,10.179604715857595,0.0618000496738752,-0.07679996258101834,-0.07679996258101834,-3.728429149822808e-17,7.65009517664105e-17,-3.921666026818242e-17,0.12496285305875934,0.07679996258101834,.TRUE.,0.27,,550,HSE,172,8,-20.670306,1
6-stretch-all-three-axes,stretch-x-plus-0.060-y-minus-0.080-z-plus-0.020,1-cheap-pbe-atoms-relaxed,6-stretch-all-three-axes/stretch-x-plus-0.060-y-minus-0.080-z-plus-0.020/1-cheap-pbe-atoms-relaxed,11.286083489320381,0.0618000496738752,-0.07679996258101834,0.020200045995638516,-3.8454917053727713e-17,7.767157732191013e-17,-3.921666026818242e-17,0.10062565403695607,0.07679996258101834,,,,550,PBE,172,8,-17.851464,1
6-stretch-all-three-axes,stretch-x-plus-0.060-y-minus-0.080-z-plus-0.020,2-accurate-hse06-atoms-fixed,6-stretch-all-three-axes/stretch-x-plus-0.060-y-minus-0.080-z-plus-0.020/2-accurate-hse06-atoms-fixed,11.286083489320381,0.0618000496738752,-0.07679996258101834,0.020200045995638516,-3.8454917053727713e-17,7.767157732191013e-17,-3.921666026818242e-17,0.10062565403695607,0.07679996258101834,.TRUE.,0.27,,550,HSE,172,8,-20.973982,1
6-stretch-all-three-axes,stretch-x-plus-0.060-y-minus-0.080-z-plus-0.040,1-cheap-pbe-atoms-relaxed,6-stretch-all-three-axes/stretch-x-plus-0.060-y-minus-0.080-z-plus-0.040/1-cheap-pbe-atoms-relaxed,11.50737924401294,0.0618000496738752,-0.07679996258101834,0.04080004781707314,2.5002556290333144e-17,1.4214103977849273e-17,-3.921666026818242e-17,0.10668703901606191,0.07679996258101834,,,,550,PBE,172,8,-17.8286,1
6-stretch-all-three-axes,stretch-x-plus-0.060-y-minus-0.080-z-plus-0.040,2-accurate-hse06-atoms-fixed,6-stretch-all-three-axes/stretch-x-plus-0.060-y-minus-0.080-z-plus-0.040/2-accurate-hse06-atoms-fixed,11.50737924401294,0.0618000496738752,-0.07679996258101834,0.04080004781707314,2.5002556290333144e-17,1.4214103977849273e-17,-3.921666026818242e-17,0.10668703901606191,0.07679996258101834,.TRUE.,0.27,,550,HSE,172,8,-20.935068,1
6-stretch-all-three-axes,stretch-x-plus-0.060-y-minus-0.080-z-plus-0.060,1-cheap-pbe-atoms-relaxed,6-stretch-all-three-axes/stretch-x-plus-0.060-y-minus-0.080-z-plus-0.060/1-cheap-pbe-atoms-relaxed,11.728674998705497,0.0618000496738752,-0.07679996258101834,0.0618000496738752,3.921666026818242e-17,-4.319365315666321e-34,-3.921666026818242e-17,0.11634743887096399,0.07679996258101834,,,,550,PBE,172,8,-17.777441,1
6-stretch-all-three-axes,stretch-x-plus-0.060-y-minus-0.080-z-plus-0.060,2-accurate-hse06-atoms-fixed,6-stretch-all-three-axes/stretch-x-plus-0.060-y-minus-0.080-z-plus-0.060/2-accurate-hse06-atoms-fixed,11.728674998705497,0.0618000496738752,-0.07679996258101834,0.0618000496738752,3.921666026818242e-17,-4.319365315666321e-34,-3.921666026818242e-17,0.11634743887096399,0.07679996258101834,.TRUE.,0.27,,550,HSE,172,8,-20.866742,1
6-stretch-all-three-axes,stretch-x-plus-0.060-y-minus-0.080-z-plus-0.080,1-cheap-pbe-atoms-relaxed,6-stretch-all-three-axes/stretch-x-plus-0.060-y-minus-0.080-z-plus-0.080/1-cheap-pbe-atoms-relaxed,11.949970753398047,0.0618000496738752,-0.07679996258101834,0.08320005156604482,-1.3294183241251764e-17,5.251084350943418e-17,-3.921666026818242e-17,0.12899507344364658,0.08320005156604482,,,,550,PBE,172,8,-17.699582,1
6-stretch-all-three-axes,stretch-x-plus-0.060-y-minus-0.080-z-plus-0.080,2-accurate-hse06-atoms-fixed,6-stretch-all-three-axes/stretch-x-plus-0.060-y-minus-0.080-z-plus-0.080/2-accurate-hse06-atoms-fixed,11.949970753398047,0.0618000496738752,-0.07679996258101834,0.08320005156604482,-1.3294183241251764e-17,5.251084350943418e-17,-3.921666026818242e-17,0.12899507344364658,0.08320005156604482,.TRUE.,0.27,,550,HSE,172,8,-20.770623,1
6-stretch-all-three-axes,stretch-x-plus-0.060-y-plus-0.020-z-minus-0.020,1-cheap-pbe-atoms-relaxed,6-stretch-all-three-axes/stretch-x-plus-0.060-y-plus-0.020-z-minus-0.020/1-cheap-pbe-atoms-relaxed,12.02213241253693,0.0618000496738752,0.020200045995638516,-0.019799957541127067,-9.178371006082867e-18,4.7224405718765654e-17,-3.8046034712682784e-17,0.06796562599248085,0.0618000496738752,,,,550,PBE,172,8,-18.043064,1
6-stretch-all-three-axes,stretch-x-plus-0.060-y-plus-0.020-z-minus-0.020,2-accurate-hse06-atoms-fixed,6-stretch-all-three-axes/stretch-x-plus-0.060-y-plus-0.020-z-minus-0.020/2-accurate-hse06-atoms-fixed,12.02213241253693,0.0618000496738752,0.020200045995638516,-0.019799957541127067,-9.178371006082867e-18,4.7224405718765654e-17,-3.8046034712682784e-17,0.06796562599248085,0.0618000496738752,.TRUE.,0.27,,550,HSE,172,8,-21.130532,1
6-stretch-all-three-axes,stretch-x-plus-0.060-y-plus-0.020-z-minus-0.040,1-cheap-pbe-atoms-relaxed,6-stretch-all-three-axes/stretch-x-plus-0.060-y-plus-0.020-z-minus-0.040/1-cheap-pbe-atoms-relaxed,11.776782771464742,0.0618000496738752,0.020200045995638516,-0.03919995925645853,-1.5039423481867358e-17,5.308545819455014e-17,-3.8046034712682784e-17,0.07592051635511551,0.0618000496738752,,,,550,PBE,172,8,-18.009366,1
6-stretch-all-three-axes,stretch-x-plus-0.060-y-plus-0.020-z-minus-0.040,2-accurate-hse06-atoms-fixed,6-stretch-all-three-axes/stretch-x-plus-0.060-y-plus-0.020-z-minus-0.040/2-accurate-hse06-atoms-fixed,11.776782771464742,0.0618000496738752,0.020200045995638516,-0.03919995925645853,-1.5039423481867358e-17,5.308545819455014e-17,-3.8046034712682784e-17,0.07592051635511551,0.0618000496738752,.TRUE.,0.27,,550,HSE,172,8,-21.109542,1
6-stretch-all-three-axes,stretch-x-plus-0.060-y-plus-0.020-z-minus-0.060,1-cheap-pbe-atoms-relaxed,6-stretch-all-three-axes/stretch-x-plus-0.060-y-plus-0.020-z-minus-0.060/1-cheap-pbe-atoms-relaxed,11.53143313039256,0.0618000496738752,0.020200045995638516,-0.05819996093642227,-2.699952465996325e-17,6.504555937264603e-17,-3.8046034712682784e-17,0.08726123681750352,0.0618000496738752,,,,550,PBE,172,8,-17.946011,1
6-stretch-all-three-axes,stretch-x-plus-0.060-y-plus-0.020-z-minus-0.060,2-accurate-hse06-atoms-fixed,6-stretch-all-three-axes/stretch-x-plus-0.060-y-plus-0.020-z-minus-0.060/2-accurate-hse06-atoms-fixed,11.53143313039256,0.0618000496738752,0.020200045995638516,-0.05819996093642227,-2.699952465996325e-17,6.504555937264603e-17,-3.8046034712682784e-17,0.08726123681750352,0.0618000496738752,.TRUE.,0.27,,550,HSE,172,8,-21.057875,1
6-stretch-all-three-axes,stretch-x-plus-0.060-y-plus-0.020-z-minus-0.080,1-cheap-pbe-atoms-relaxed,6-stretch-all-three-axes/stretch-x-plus-0.060-y-plus-0.020-z-minus-0.080/1-cheap-pbe-atoms-relaxed,11.286083489320381,0.0618000496738752,0.020200045995638516,-0.07679996258101834,-3.8454917053727713e-17,7.65009517664105e-17,-3.8046034712682784e-17,0.10062565403695606,0.07679996258101834,,,,550,PBE,172,8,-17.851464,1
6-stretch-all-three-axes,stretch-x-plus-0.060-y-plus-0.020-z-minus-0.080,2-accurate-hse06-atoms-fixed,6-stretch-all-three-axes/stretch-x-plus-0.060-y-plus-0.020-z-minus-0.080/2-accurate-hse06-atoms-fixed,11.286083489320381,0.0618000496738752,0.020200045995638516,-0.07679996258101834,-3.8454917053727713e-17,7.65009517664105e-17,-3.8046034712682784e-17,0.10062565403695606,0.07679996258101834,.TRUE.,0.27,,550,HSE,172,8,-20.973982,1
6-stretch-all-three-axes,stretch-x-plus-0.060-y-plus-0.020-z-plus-0.020,1-cheap-pbe-atoms-relaxed,6-stretch-all-three-axes/stretch-x-plus-0.060-y-plus-0.020-z-plus-0.020/1-cheap-pbe-atoms-relaxed,12.512831694681296,0.0618000496738752,0.020200045995638516,0.020200045995638516,-3.962554260922735e-17,7.767157732191013e-17,-3.8046034712682784e-17,0.06808325679743343,0.0618000496738752,,,,550,PBE,172,8,-18.027009,1
6-stretch-all-three-axes,stretch-x-plus-0.060-y-plus-0.020-z-plus-0.020,2-accurate-hse06-atoms-fixed,6-stretch-all-three-axes/stretch-x-plus-0.060-y-plus-0.020-z-plus-0.020/2-accurate-hse06-atoms-fixed,12.512831694681296,0.0618000496738752,0.020200045995638516,0.020200045995638516,-3.962554260922735e-17,7.767157732191013e-17,-3.8046034712682784e-17,0.06808325679743343,0.0618000496738752,.TRUE.,0.27,,550,HSE,172,8,-21.086016,1
6-stretch-all-three-axes,stretch-x-plus-0.060-y-plus-0.020-z-plus-0.040,1-cheap-pbe-atoms-relaxed,6-stretch-all-three-axes/stretch-x-plus-0.060-y-plus-0.020-z-plus-0.040/1-cheap-pbe-atoms-relaxed,12.758181335753475,0.0618000496738752,0.020200045995638516,0.04080004781707314,2.383193073483351e-17,1.4214103977849273e-17,-3.8046034712682784e-17,0.07675892065287791,0.0618000496738752,,,,550,PBE,172,8,-17.980006,1
6-stretch-all-three-axes,stretch-x-plus-0.060-y-plus-0.020-z-plus-0.040,2-accurate-hse06-atoms-fixed,6-stretch-all-three-axes/stretch-x-plus-0.060-y-plus-0.020-z-plus-0.040/2-accurate-hse06-atoms-fixed,12.758181335753475,0.0618000496738752,0.020200045995638516,0.04080004781707314,2.383193073483351e-17,1.4214103977849273e-17,-3.8046034712682784e-17,0.07675892065287791,0.0618000496738752,.TRUE.,0.27,,550,HSE,172,8,-21.023283,1
6-stretch-all-three-axes,stretch-x-plus-0.060-y-plus-0.020-z-plus-0.060,1-cheap-pbe-atoms-relaxed,6-stretch-all-three-axes/stretch-x-plus-0.060-y-plus-0.020-z-plus-0.060/1-cheap-pbe-atoms-relaxed,13.003530976825656,0.0618000496738752,0.020200045995638516,0.0618000496738752,3.8046034712682784e-17,-4.319365315666321e-34,-3.8046034712682784e-17,0.08970247564929741,0.0618000496738752,,,,550,PBE,172,8,-17.908869,1
6-stretch-all-three-axes,stretch-x-plus-0.060-y-plus-0.020-z-plus-0.060,2-accurate-hse06-atoms-fixed,6-stretch-all-three-axes/stretch-x-plus-0.060-y-plus-0.020-z-plus-0.060/2-accurate-hse06-atoms-fixed,13.003530976825656,0.0618000496738752,0.020200045995638516,0.0618000496738752,3.8046034712682784e-17,-4.319365315666321e-34,-3.8046034712682784e-17,0.08970247564929741,0.0618000496738752,.TRUE.,0.27,,550,HSE,172,8,-20.935428,1
6-stretch-all-three-axes,stretch-x-plus-0.060-y-plus-0.020-z-plus-0.080,1-cheap-pbe-atoms-relaxed,6-stretch-all-three-axes/stretch-x-plus-0.060-y-plus-0.020-z-plus-0.080/1-cheap-pbe-atoms-relaxed,13.24888061789784,0.0618000496738752,0.020200045995638516,0.08320005156604482,-1.4464808796751396e-17,5.251084350943418e-17,-3.8046034712682784e-17,0.10559136602256773,0.08320005156604482,,,,550,PBE,172,8,-17.814784,1
6-stretch-all-three-axes,stretch-x-plus-0.060-y-plus-0.020-z-plus-0.080,2-accurate-hse06-atoms-fixed,6-stretch-all-three-axes/stretch-x-plus-0.060-y-plus-0.020-z-plus-0.080/2-accurate-hse06-atoms-fixed,13.24888061789784,0.0618000496738752,0.020200045995638516,0.08320005156604482,-1.4464808796751396e-17,5.251084350943418e-17,-3.8046034712682784e-17,0.10559136602256773,0.08320005156604482,.TRUE.,0.27,,550,HSE,172,8,-20.823644,1
6-stretch-all-three-axes,stretch-x-plus-0.060-y-plus-0.040-z-minus-0.020,1-cheap-pbe-atoms-relaxed,6-stretch-all-three-axes/stretch-x-plus-0.060-y-plus-0.040-z-minus-0.020/1-cheap-pbe-atoms-relaxed,12.25786049905726,0.0618000496738752,0.04080004781707314,-0.019799957541127067,5.427910233797799e-17,4.7224405718765654e-17,-1.0150350805674364e-16,0.07665460429875906,0.0618000496738752,,,,550,PBE,172,8,-18.003128,1
6-stretch-all-three-axes,stretch-x-plus-0.060-y-plus-0.040-z-minus-0.020,2-accurate-hse06-atoms-fixed,6-stretch-all-three-axes/stretch-x-plus-0.060-y-plus-0.040-z-minus-0.020/2-accurate-hse06-atoms-fixed,12.25786049905726,0.0618000496738752,0.04080004781707314,-0.019799957541127067,5.427910233797799e-17,4.7224405718765654e-17,-1.0150350805674364e-16,0.07665460429875906,0.0618000496738752,.TRUE.,0.27,,550,HSE,172,8,-21.07468,1
6-stretch-all-three-axes,stretch-x-plus-0.060-y-plus-0.040-z-minus-0.040,1-cheap-pbe-atoms-relaxed,6-stretch-all-three-axes/stretch-x-plus-0.060-y-plus-0.040-z-minus-0.040/1-cheap-pbe-atoms-relaxed,12.007700080709151,0.0618000496738752,0.04080004781707314,-0.03919995925645853,4.8418049862193506e-17,5.308545819455014e-17,-1.0150350805674364e-16,0.08378858423005431,0.0618000496738752,,,,550,PBE,172,8,-17.974211,1
6-stretch-all-three-axes,stretch-x-plus-0.060-y-plus-0.040-z-minus-0.040,2-accurate-hse06-atoms-fixed,6-stretch-all-three-axes/stretch-x-plus-0.060-y-plus-0.040-z-minus-0.040/2-accurate-hse06-atoms-fixed,12.007700080709151,0.0618000496738752,0.04080004781707314,-0.03919995925645853,4.8418049862193506e-17,5.308545819455014e-17,-1.0150350805674364e-16,0.08378858423005431,0.0618000496738752,.TRUE.,0.27,,550,HSE,172,8,-21.058407,1
6-stretch-all-three-axes,stretch-x-plus-0.060-y-plus-0.040-z-minus-0.060,1-cheap-pbe-atoms-relaxed,6-stretch-all-three-axes/stretch-x-plus-0.060-y-plus-0.040-z-minus-0.060/1-cheap-pbe-atoms-relaxed,11.757539662361046,0.0618000496738752,0.04080004781707314,-0.05819996093642227,3.645794868409761e-17,6.504555937264603e-17,-1.0150350805674364e-16,0.09418665242256981,0.0618000496738752,,,,550,PBE,172,8,-17.91652,1
6-stretch-all-three-axes,stretch-x-plus-0.060-y-plus-0.040-z-minus-0.060,2-accurate-hse06-atoms-fixed,6-stretch-all-three-axes/stretch-x-plus-0.060-y-plus-0.040-z-minus-0.060/2-accurate-hse06-atoms-fixed,11.757539662361046,0.0618000496738752,0.04080004781707314,-0.05819996093642227,3.645794868409761e-17,6.504555937264603e-17,-1.0150350805674364e-16,0.09418665242256981,0.0618000496738752,.TRUE.,0.27,,550,HSE,172,8,-21.012361,1
6-stretch-all-three-axes,stretch-x-plus-0.060-y-plus-0.040-z-minus-0.080,1-cheap-pbe-atoms-relaxed,6-stretch-all-three-axes/stretch-x-plus-0.060-y-plus-0.040-z-minus-0.080/1-cheap-pbe-atoms-relaxed,11.50737924401294,0.0618000496738752,0.04080004781707314,-0.07679996258101834,2.5002556290333147e-17,7.65009517664105e-17,-1.0150350805674364e-16,0.10668703901606191,0.07679996258101834,,,,550,PBE,172,8,-17.8286,1
6-stretch-all-three-axes,stretch-x-plus-0.060-y-plus-0.040-z-minus-0.080,2-accurate-hse06-atoms-fixed,6-stretch-all-three-axes/stretch-x-plus-0.060-y-plus-0.040-z-minus-0.080/2-accurate-hse06-atoms-fixed,11.50737924401294,0.0618000496738752,0.04080004781707314,-0.07679996258101834,2.5002556290333147e-17,7.65009517664105e-17,-1.0150350805674364e-16,0.10668703901606191,0.07679996258101834,.TRUE.,0.27,,550,HSE,172,8,-20.935068,1
6-stretch-all-three-axes,stretch-x-plus-0.060-y-plus-0.040-z-plus-0.020,1-cheap-pbe-atoms-relaxed,6-stretch-all-three-axes/stretch-x-plus-0.060-y-plus-0.040-z-plus-0.020/1-cheap-pbe-atoms-relaxed,12.758181335753475,0.0618000496738752,0.04080004781707314,0.020200045995638516,2.3831930734833515e-17,7.767157732191013e-17,-1.0150350805674364e-16,0.07675892065287793,0.0618000496738752,,,,550,PBE,172,8,-17.980006,1
6-stretch-all-three-axes,stretch-x-plus-0.060-y-plus-0.040-z-plus-0.020,2-accurate-hse06-atoms-fixed,6-stretch-all-three-axes/stretch-x-plus-0.060-y-plus-0.040-z-plus-0.020/2-accurate-hse06-atoms-fixed,12.758181335753475,0.0618000496738752,0.04080004781707314,0.020200045995638516,2.3831930734833515e-17,7.767157732191013e-17,-1.0150350805674364e-16,0.07675892065287793,0.0618000496738752,.TRUE.,0.27,,550,HSE,172,8,-21.023283,1
6-stretch-all-three-axes,stretch-x-plus-0.060-y-plus-0.040-z-plus-0.040,1-cheap-pbe-atoms-relaxed,6-stretch-all-three-axes/stretch-x-plus-0.060-y-plus-0.040-z-plus-0.040/1-cheap-pbe-atoms-relaxed,13.008341754101581,0.0618000496738752,0.04080004781707314,0.04080004781707314,8.728940407889437e-17,1.4214103977849273e-17,-1.0150350805674364e-16,0.08454900320786964,0.0618000496738752,,,,550,PBE,172,8,-17.93064,1
6-stretch-all-three-axes,stretch-x-plus-0.060-y-plus-0.040-z-plus-0.040,2-accurate-hse06-atoms-fixed,6-stretch-all-three-axes/stretch-x-plus-0.060-y-plus-0.040-z-plus-0.040/2-accurate-hse06-atoms-fixed,13.008341754101581,0.0618000496738752,0.04080004781707314,0.04080004781707314,8.728940407889437e-17,1.4214103977849273e-17,-1.0150350805674364e-16,0.08454900320786964,0.0618000496738752,.TRUE.,0.27,,550,HSE,172,8,-20.958306,1
6-stretch-all-three-axes,stretch-x-plus-0.060-y-plus-0.040-z-plus-0.060,1-cheap-pbe-atoms-relaxed,6-stretch-all-three-axes/stretch-x-plus-0.060-y-plus-0.040-z-plus-0.060/1-cheap-pbe-atoms-relaxed,13.258502172449687,0.0618000496738752,0.04080004781707314,0.0618000496738752,1.0150350805674364e-16,-4.319365315666321e-34,-1.0150350805674364e-16,0.09645276658169188,0.0618000496738752,,,,550,PBE,172,8,-17.857798,1
6-stretch-all-three-axes,stretch-x-plus-0.060-y-plus-0.040-z-plus-0.060,2-accurate-hse06-atoms-fixed,6-stretch-all-three-axes/stretch-x-plus-0.060-y-plus-0.040-z-plus-0.060/2-accurate-hse06-atoms-fixed,13.258502172449687,0.0618000496738752,0.04080004781707314,0.0618000496738752,1.0150350805674364e-16,-4.319365315666321e-34,-1.0150350805674364e-16,0.09645276658169188,0.0618000496738752,.TRUE.,0.27,,550,HSE,172,8,-20.86888,1
6-stretch-all-three-axes,stretch-x-plus-0.060-y-plus-0.040-z-plus-0.080,1-cheap-pbe-atoms-relaxed,6-stretch-all-three-axes/stretch-x-plus-0.060-y-plus-0.040-z-plus-0.080/1-cheap-pbe-atoms-relaxed,13.5086625907978,0.0618000496738752,0.04080004781707314,0.08320005156604482,4.8992664547309467e-17,5.251084350943418e-17,-1.0150350805674364e-16,0.11138284707333268,0.08320005156604482,,,,550,PBE,172,8,-17.762729,1
6-stretch-all-three-axes,stretch-x-plus-0.060-y-plus-0.040-z-plus-0.080,2-accurate-hse06-atoms-fixed,6-stretch-all-three-axes/stretch-x-plus-0.060-y-plus-0.040-z-plus-0.080/2-accurate-hse06-atoms-fixed,13.5086625907978,0.0618000496738752,0.04080004781707314,0.08320005156604482,4.8992664547309467e-17,5.251084350943418e-17,-1.0150350805674364e-16,0.11138284707333268,0.08320005156604482,.TRUE.,0.27,,550,HSE,172,8,-20.756262,1
6-stretch-all-three-axes,stretch-x-plus-0.060-y-plus-0.060-z-minus-0.020,1-cheap-pbe-atoms-relaxed,6-stretch-all-three-axes/stretch-x-plus-0.060-y-plus-0.060-z-minus-0.020/1-cheap-pbe-atoms-relaxed,12.49358858557759,0.0618000496738752,0.0618000496738752,-0.019799957541127067,6.849320631582727e-17,4.7224405718765654e-17,-1.1571761203459292e-16,0.08961322780715646,0.0618000496738752,,,,550,PBE,172,8,-17.937508,1
6-stretch-all-three-axes,stretch-x-plus-0.060-y-plus-0.060-z-minus-0.020,2-accurate-hse06-atoms-fixed,6-stretch-all-three-axes/stretch-x-plus-0.060-y-plus-0.060-z-minus-0.020/2-accurate-hse06-atoms-fixed,12.49358858557759,0.0618000496738752,0.0618000496738752,-0.019799957541127067,6.849320631582727e-17,4.7224405718765654e-17,-1.1571761203459292e-16,0.08961322780715646,0.0618000496738752,.TRUE.,0.27,,550,HSE,172,8,-20.992119,1
6-stretch-all-three-axes,stretch-x-plus-0.060-y-plus-0.060-z-minus-0.040,1-cheap-pbe-atoms-relaxed,6-stretch-all-three-axes/stretch-x-plus-0.060-y-plus-0.060-z-minus-0.040/1-cheap-pbe-atoms-relaxed,12.238617389953557,0.0618000496738752,0.0618000496738752,-0.03919995925645853,6.263215384004278e-17,5.308545819455014e-17,-1.1571761203459292e-16,0.09578689411968055,0.0618000496738752,,,,550,PBE,172,8,-17.912503,1
6-stretch-all-three-axes,stretch-x-plus-0.060-y-plus-0.060-z-minus-0.040,2-accurate-hse06-atoms-fixed,6-stretch-all-three-axes/stretch-x-plus-0.060-y-plus-0.060-z-minus-0.040/2-accurate-hse06-atoms-fixed,12.238617389953557,0.0618000496738752,0.0618000496738752,-0.03919995925645853,6.263215384004278e-17,5.308545819455014e-17,-1.1571761203459292e-16,0.09578689411968055,0.0618000496738752,.TRUE.,0.27,,550,HSE,172,8,-20.979664,1
6-stretch-all-three-axes,stretch-x-plus-0.060-y-plus-0.060-z-minus-0.060,1-cheap-pbe-atoms-relaxed,6-stretch-all-three-axes/stretch-x-plus-0.060-y-plus-0.060-z-minus-0.060/1-cheap-pbe-atoms-relaxed,11.983646194329525,0.0618000496738752,0.0618000496738752,-0.05819996093642227,5.067205266194688e-17,6.504555937264603e-17,-1.1571761203459292e-16,0.10500346533514007,0.0618000496738752,,,,550,PBE,172,8,-17.859646,1
6-stretch-all-three-axes,stretch-x-plus-0.060-y-plus-0.060-z-minus-0.060,2-accurate-hse06-atoms-fixed,6-stretch-all-three-axes/stretch-x-plus-0.060-y-plus-0.060-z-minus-0.060/2-accurate-hse06-atoms-fixed,11.983646194329525,0.0618000496738752,0.0618000496738752,-0.05819996093642227,5.067205266194688e-17,6.504555937264603e-17,-1.1571761203459292e-16,0.10500346533514007,0.0618000496738752,.TRUE.,0.27,,550,HSE,172,8,-20.938377,1
6-stretch-all-three-axes,stretch-x-plus-0.060-y-plus-0.060-z-minus-0.080,1-cheap-pbe-atoms-relaxed,6-stretch-all-three-axes/stretch-x-plus-0.060-y-plus-0.060-z-minus-0.080/1-cheap-pbe-atoms-relaxed,11.728674998705497,0.0618000496738752,0.0618000496738752,-0.07679996258101834,3.921666026818242e-17,7.65009517664105e-17,-1.1571761203459292e-16,0.11634743887096399,0.07679996258101834,,,,550,PBE,172,8,-17.777441,1
6-stretch-all-three-axes,stretch-x-plus-0.060-y-plus-0.060-z-minus-0.080,2-accurate-hse06-atoms-fixed,6-stretch-all-three-axes/stretch-x-plus-0.060-y-plus-0.060-z-minus-0.080/2-accurate-hse06-atoms-fixed,11.728674998705497,0.0618000496738752,0.0618000496738752,-0.07679996258101834,3.921666026818242e-17,7.65009517664105e-17,-1.1571761203459292e-16,0.11634743887096399,0.07679996258101834,.TRUE.,0.27,,550,HSE,172,8,-20.866742,1
6-stretch-all-three-axes,stretch-x-plus-0.060-y-plus-0.060-z-plus-0.020,1-cheap-pbe-atoms-relaxed,6-stretch-all-three-axes/stretch-x-plus-0.060-y-plus-0.060-z-plus-0.020/1-cheap-pbe-atoms-relaxed,13.003530976825656,0.0618000496738752,0.0618000496738752,0.020200045995638516,3.8046034712682784e-17,7.767157732191013e-17,-1.1571761203459292e-16,0.08970247564929741,0.0618000496738752,,,,550,PBE,172,8,-17.908869,1
6-stretch-all-three-axes,stretch-x-plus-0.060-y-plus-0.060-z-plus-0.020,2-accurate-hse06-atoms-fixed,6-stretch-all-three-axes/stretch-x-plus-0.060-y-plus-0.060-z-plus-0.020/2-accurate-hse06-atoms-fixed,13.003530976825656,0.0618000496738752,0.0618000496738752,0.020200045995638516,3.8046034712682784e-17,7.767157732191013e-17,-1.1571761203459292e-16,0.08970247564929741,0.0618000496738752,.TRUE.,0.27,,550,HSE,172,8,-20.935428,1
6-stretch-all-three-axes,stretch-x-plus-0.060-y-plus-0.060-z-plus-0.040,1-cheap-pbe-atoms-relaxed,6-stretch-all-three-axes/stretch-x-plus-0.060-y-plus-0.060-z-plus-0.040/1-cheap-pbe-atoms-relaxed,13.258502172449687,0.0618000496738752,0.0618000496738752,0.04080004781707314,1.0150350805674364e-16,1.4214103977849273e-17,-1.1571761203459292e-16,0.09645276658169188,0.0618000496738752,,,,550,PBE,172,8,-17.857798,1
6-stretch-all-three-axes,stretch-x-plus-0.060-y-plus-0.060-z-plus-0.040,2-accurate-hse06-atoms-fixed,6-stretch-all-three-axes/stretch-x-plus-0.060-y-plus-0.060-z-plus-0.040/2-accurate-hse06-atoms-fixed,13.258502172449687,0.0618000496738752,0.0618000496738752,0.04080004781707314,1.0150350805674364e-16,1.4214103977849273e-17,-1.1571761203459292e-16,0.09645276658169188,0.0618000496738752,.TRUE.,0.27,,550,HSE,172,8,-20.86888,1
6-stretch-all-three-axes,stretch-x-plus-0.060-y-plus-0.060-z-plus-0.060,1-cheap-pbe-atoms-relaxed,6-stretch-all-three-axes/stretch-x-plus-0.060-y-plus-0.060-z-plus-0.060/1-cheap-pbe-atoms-relaxed,13.513473368073718,0.0618000496738752,0.0618000496738752,0.0618000496738752,1.1571761203459292e-16,-4.319365315666321e-34,-1.1571761203459292e-16,0.10704082594543227,0.0618000496738752,,,,550,PBE,172,8,-17.783898,1
6-stretch-all-three-axes,stretch-x-plus-0.060-y-plus-0.060-z-plus-0.060,2-accurate-hse06-atoms-fixed,6-stretch-all-three-axes/stretch-x-plus-0.060-y-plus-0.060-z-plus-0.060/2-accurate-hse06-atoms-fixed,13.513473368073718,0.0618000496738752,0.0618000496738752,0.0618000496738752,1.1571761203459292e-16,-4.319365315666321e-34,-1.1571761203459292e-16,0.10704082594543227,0.0618000496738752,.TRUE.,0.27,,550,HSE,172,8,-20.778535,1
6-stretch-all-three-axes,stretch-x-plus-0.060-y-plus-0.060-z-plus-0.080,1-cheap-pbe-atoms-relaxed,6-stretch-all-three-axes/stretch-x-plus-0.060-y-plus-0.060-z-plus-0.080/1-cheap-pbe-atoms-relaxed,13.768444563697757,0.0618000496738752,0.0618000496738752,0.08320005156604482,6.320676852515874e-17,5.251084350943418e-17,-1.1571761203459292e-16,0.12066789490158268,0.08320005156604482,,,,550,PBE,172,8,-17.688511,1
6-stretch-all-three-axes,stretch-x-plus-0.060-y-plus-0.060-z-plus-0.080,2-accurate-hse06-atoms-fixed,6-stretch-all-three-axes/stretch-x-plus-0.060-y-plus-0.060-z-plus-0.080/2-accurate-hse06-atoms-fixed,13.768444563697757,0.0618000496738752,0.0618000496738752,0.08320005156604482,6.320676852515874e-17,5.251084350943418e-17,-1.1571761203459292e-16,0.12066789490158268,0.08320005156604482,.TRUE.,0.27,,550,HSE,172,8,-20.66577,1
6-stretch-all-three-axes,stretch-x-plus-0.060-y-plus-0.080-z-minus-0.020,1-cheap-pbe-atoms-relaxed,6-stretch-all-three-axes/stretch-x-plus-0.060-y-plus-0.080-z-minus-0.020/1-cheap-pbe-atoms-relaxed,12.729316672097923,0.0618000496738752,0.08320005156604482,-0.019799957541127067,1.5982362806393082e-17,4.7224405718765654e-17,-6.320676852515874e-17,0.10551555827894006,0.08320005156604482,,,,550,PBE,172,8,-17.847548,1
6-stretch-all-three-axes,stretch-x-plus-0.060-y-plus-0.080-z-minus-0.020,2-accurate-hse06-atoms-fixed,6-stretch-all-three-axes/stretch-x-plus-0.060-y-plus-0.080-z-minus-0.020/2-accurate-hse06-atoms-fixed,12.729316672097923,0.0618000496738752,0.08320005156604482,-0.019799957541127067,1.5982362806393082e-17,4.7224405718765654e-17,-6.320676852515874e-17,0.10551555827894006,0.08320005156604482,.TRUE.,0.27,,550,HSE,172,8,-20.884198,1
6-stretch-all-three-axes,stretch-x-plus-0.060-y-plus-0.080-z-minus-0.040,1-cheap-pbe-atoms-relaxed,6-stretch-all-three-axes/stretch-x-plus-0.060-y-plus-0.080-z-minus-0.040/1-cheap-pbe-atoms-relaxed,12.46953469919797,0.0618000496738752,0.08320005156604482,-0.03919995925645853,1.0121310330608593e-17,5.308545819455014e-17,-6.320676852515874e-17,0.11080673050854793,0.08320005156604482,,,,550,PBE,172,8,-17.825818,1
6-stretch-all-three-axes,stretch-x-plus-0.060-y-plus-0.080-z-minus-0.040,2-accurate-hse06-atoms-fixed,6-stretch-all-three-axes/stretch-x-plus-0.060-y-plus-0.080-z-minus-0.040/2-accurate-hse06-atoms-fixed,12.46953469919797,0.0618000496738752,0.08320005156604482,-0.03919995925645853,1.0121310330608593e-17,5.308545819455014e-17,-6.320676852515874e-17,0.11080673050854793,0.08320005156604482,.TRUE.,0.27,,550,HSE,172,8,-20.874914,1
6-stretch-all-three-axes,stretch-x-plus-0.060-y-plus-0.080-z-minus-0.060,1-cheap-pbe-atoms-relaxed,6-stretch-all-three-axes/stretch-x-plus-0.060-y-plus-0.080-z-minus-0.060/1-cheap-pbe-atoms-relaxed,12.209752726298014,0.0618000496738752,0.08320005156604482,-0.05819996093642227,-1.8387908474873017e-18,6.504555937264603e-17,-6.320676852515874e-17,0.11886433516108622,0.08320005156604482,,,,550,PBE,172,8,-17.776914,1
6-stretch-all-three-axes,stretch-x-plus-0.060-y-plus-0.080-z-minus-0.060,2-accurate-hse06-atoms-fixed,6-stretch-all-three-axes/stretch-x-plus-0.060-y-plus-0.080-z-minus-0.060/2-accurate-hse06-atoms-fixed,12.209752726298014,0.0618000496738752,0.08320005156604482,-0.05819996093642227,-1.8387908474873017e-18,6.504555937264603e-17,-6.320676852515874e-17,0.11886433516108622,0.08320005156604482,.TRUE.,0.27,,550,HSE,172,8,-20.837476,1
6-stretch-all-three-axes,stretch-x-plus-0.060-y-plus-0.080-z-minus-0.080,1-cheap-pbe-atoms-relaxed,6-stretch-all-three-axes/stretch-x-plus-0.060-y-plus-0.080-z-minus-0.080/1-cheap-pbe-atoms-relaxed,11.949970753398052,0.0618000496738752,0.08320005156604482,-0.07679996258101834,-1.3294183241251763e-17,7.65009517664105e-17,-6.320676852515874e-17,0.12899507344364658,0.08320005156604482,,,,550,PBE,172,8,-17.699582,1
6-stretch-all-three-axes,stretch-x-plus-0.060-y-plus-0.080-z-minus-0.080,2-accurate-hse06-atoms-fixed,6-stretch-all-three-axes/stretch-x-plus-0.060-y-plus-0.080-z-minus-0.080/2-accurate-hse06-atoms-fixed,11.949970753398052,0.0618000496738752,0.08320005156604482,-0.07679996258101834,-1.3294183241251763e-17,7.65009517664105e-17,-6.320676852515874e-17,0.12899507344364658,0.08320005156604482,.TRUE.,0.27,,550,HSE,172,8,-20.770623,1
6-stretch-all-three-axes,stretch-x-plus-0.060-y-plus-0.080-z-plus-0.020,1-cheap-pbe-atoms-relaxed,6-stretch-all-three-axes/stretch-x-plus-0.060-y-plus-0.080-z-plus-0.020/1-cheap-pbe-atoms-relaxed,13.24888061789784,0.0618000496738752,0.08320005156604482,0.020200045995638516,-1.4464808796751396e-17,7.767157732191013e-17,-6.320676852515874e-17,0.10559136602256773,0.08320005156604482,,,,550,PBE,172,8,-17.814784,1
6-stretch-all-three-axes,stretch-x-plus-0.060-y-plus-0.080-z-plus-0.020,2-accurate-hse06-atoms-fixed,6-stretch-all-three-axes/stretch-x-plus-0.060-y-plus-0.080-z-plus-0.020/2-accurate-hse06-atoms-fixed,13.24888061789784,0.0618000496738752,0.08320005156604482,0.020200045995638516,-1.4464808796751396e-17,7.767157732191013e-17,-6.320676852515874e-17,0.10559136602256773,0.08320005156604482,.TRUE.,0.27,,550,HSE,172,8,-20.823644,1
6-stretch-all-three-axes,stretch-x-plus-0.060-y-plus-0.080-z-plus-0.040,1-cheap-pbe-atoms-relaxed,6-stretch-all-three-axes/stretch-x-plus-0.060-y-plus-0.080-z-plus-0.040/1-cheap-pbe-atoms-relaxed,13.5086625907978,0.0618000496738752,0.08320005156604482,0.04080004781707314,4.899266454730946e-17,1.4214103977849273e-17,-6.320676852515874e-17,0.11138284707333268,0.08320005156604482,,,,550,PBE,172,8,-17.762729,1
6-stretch-all-three-axes,stretch-x-plus-0.060-y-plus-0.080-z-plus-0.040,2-accurate-hse06-atoms-fixed,6-stretch-all-three-axes/stretch-x-plus-0.060-y-plus-0.080-z-plus-0.040/2-accurate-hse06-atoms-fixed,13.5086625907978,0.0618000496738752,0.08320005156604482,0.04080004781707314,4.899266454730946e-17,1.4214103977849273e-17,-6.320676852515874e-17,0.11138284707333268,0.08320005156604482,.TRUE.,0.27,,550,HSE,172,8,-20.756262,1
6-stretch-all-three-axes,stretch-x-plus-0.060-y-plus-0.080-z-plus-0.060,1-cheap-pbe-atoms-relaxed,6-stretch-all-three-axes/stretch-x-plus-0.060-y-plus-0.080-z-plus-0.060/1-cheap-pbe-atoms-relaxed,13.768444563697757,0.0618000496738752,0.08320005156604482,0.0618000496738752,6.320676852515874e-17,-4.319365315666321e-34,-6.320676852515874e-17,0.12066789490158268,0.08320005156604482,,,,550,PBE,172,8,-17.688511,1
6-stretch-all-three-axes,stretch-x-plus-0.060-y-plus-0.080-z-plus-0.060,2-accurate-hse06-atoms-fixed,6-stretch-all-three-axes/stretch-x-plus-0.060-y-plus-0.080-z-plus-0.060/2-accurate-hse06-atoms-fixed,13.768444563697757,0.0618000496738752,0.08320005156604482,0.0618000496738752,6.320676852515874e-17,-4.319365315666321e-34,-6.320676852515874e-17,0.12066789490158268,0.08320005156604482,.TRUE.,0.27,,550,HSE,172,8,-20.66577,1
6-stretch-all-three-axes,stretch-x-plus-0.060-y-plus-0.080-z-plus-0.080,1-cheap-pbe-atoms-relaxed,6-stretch-all-three-axes/stretch-x-plus-0.060-y-plus-0.080-z-plus-0.080/1-cheap-pbe-atoms-relaxed,14.028226536597716,0.0618000496738752,0.08320005156604482,0.08320005156604482,1.0695925015724553e-17,5.251084350943418e-17,-6.320676852515874e-17,0.1329050160862203,0.08320005156604482,,,,550,PBE,172,8,-17.593311,1
6-stretch-all-three-axes,stretch-x-plus-0.060-y-plus-0.080-z-plus-0.080,2-accurate-hse06-atoms-fixed,6-stretch-all-three-axes/stretch-x-plus-0.060-y-plus-0.080-z-plus-0.080/2-accurate-hse06-atoms-fixed,14.028226536597716,0.0618000496738752,0.08320005156604482,0.08320005156604482,1.0695925015724553e-17,5.251084350943418e-17,-6.320676852515874e-17,0.1329050160862203,0.08320005156604482,.TRUE.,0.27,,550,HSE,172,8,-20.553364,1
6-stretch-all-three-axes,stretch-x-plus-0.080-y-minus-0.020-z-minus-0.020,1-cheap-pbe-atoms-relaxed,6-stretch-all-three-axes/stretch-x-plus-0.080-y-minus-0.020-z-minus-0.020/1-cheap-pbe-atoms-relaxed,11.768613527033931,0.08320005156604482,-0.019799957541127067,-0.019799957541127067,2.1268800597061615e-17,-5.2864377906685294e-18,-1.5982362806393085e-17,0.08778567774901204,0.08320005156604482,,,,550,PBE,172,8,-17.950206,1
6-stretch-all-three-axes,stretch-x-plus-0.080-y-minus-0.020-z-minus-0.020,2-accurate-hse06-atoms-fixed,6-stretch-all-three-axes/stretch-x-plus-0.080-y-minus-0.020-z-minus-0.020/2-accurate-hse06-atoms-fixed,11.768613527033931,0.08320005156604482,-0.019799957541127067,-0.019799957541127067,2.1268800597061615e-17,-5.2864377906685294e-18,-1.5982362806393085e-17,0.08778567774901204,0.08320005156604482,.TRUE.,0.27,,550,HSE,172,8,-21.047306,1
6-stretch-all-three-axes,stretch-x-plus-0.080-y-minus-0.020-z-minus-0.040,1-cheap-pbe-atoms-relaxed,6-stretch-all-three-axes/stretch-x-plus-0.080-y-minus-0.020-z-minus-0.040/1-cheap-pbe-atoms-relaxed,11.52843774076793,0.08320005156604482,-0.019799957541127067,-0.03919995925645853,1.5407748121277124e-17,5.746146851159599e-19,-1.5982362806393085e-17,0.09407934791935454,0.08320005156604482,,,,550,PBE,172,8,-17.906156,1
6-stretch-all-three-axes,stretch-x-plus-0.080-y-minus-0.020-z-minus-0.040,2-accurate-hse06-atoms-fixed,6-stretch-all-three-axes/stretch-x-plus-0.080-y-minus-0.020-z-minus-0.040/2-accurate-hse06-atoms-fixed,11.52843774076793,0.08320005156604482,-0.019799957541127067,-0.03919995925645853,1.5407748121277124e-17,5.746146851159599e-19,-1.5982362806393085e-17,0.09407934791935454,0.08320005156604482,.TRUE.,0.27,,550,HSE,172,8,-21.015761,1
6-stretch-all-three-axes,stretch-x-plus-0.080-y-minus-0.020-z-minus-0.060,1-cheap-pbe-atoms-relaxed,6-stretch-all-three-axes/stretch-x-plus-0.080-y-minus-0.020-z-minus-0.060/1-cheap-pbe-atoms-relaxed,11.288261954501934,0.08320005156604482,-0.019799957541127067,-0.05819996093642227,3.4476469431812308e-18,1.2534715863211855e-17,-1.5982362806393085e-17,0.10344816263338866,0.08320005156604482,,,,550,PBE,172,8,-17.831388,1
6-stretch-all-three-axes,stretch-x-plus-0.080-y-minus-0.020-z-minus-0.060,2-accurate-hse06-atoms-fixed,6-stretch-all-three-axes/stretch-x-plus-0.080-y-minus-0.020-z-minus-0.060/2-accurate-hse06-atoms-fixed,11.288261954501934,0.08320005156604482,-0.019799957541127067,-0.05819996093642227,3.4476469431812308e-18,1.2534715863211855e-17,-1.5982362806393085e-17,0.10344816263338866,0.08320005156604482,.TRUE.,0.27,,550,HSE,172,8,-20.952441,1
6-stretch-all-three-axes,stretch-x-plus-0.080-y-minus-0.020-z-minus-0.080,1-cheap-pbe-atoms-relaxed,6-stretch-all-three-axes/stretch-x-plus-0.080-y-minus-0.020-z-minus-0.080/1-cheap-pbe-atoms-relaxed,11.048086168235937,0.08320005156604482,-0.019799957541127067,-0.07679996258101834,-8.00774545058323e-18,2.3990108256976317e-17,-1.5982362806393085e-17,0.1149457313329589,0.08320005156604482,,,,550,PBE,172,8,-17.724313,1
6-stretch-all-three-axes,stretch-x-plus-0.080-y-minus-0.020-z-minus-0.080,2-accurate-hse06-atoms-fixed,6-stretch-all-three-axes/stretch-x-plus-0.080-y-minus-0.020-z-minus-0.080/2-accurate-hse06-atoms-fixed,11.048086168235937,0.08320005156604482,-0.019799957541127067,-0.07679996258101834,-8.00774545058323e-18,2.3990108256976317e-17,-1.5982362806393085e-17,0.1149457313329589,0.08320005156604482,.TRUE.,0.27,,550,HSE,172,8,-20.855744,1
6-stretch-all-three-axes,stretch-x-plus-0.080-y-minus-0.020-z-plus-0.020,1-cheap-pbe-atoms-relaxed,6-stretch-all-three-axes/stretch-x-plus-0.080-y-minus-0.020-z-plus-0.020/1-cheap-pbe-atoms-relaxed,12.248965099565929,0.08320005156604482,-0.019799957541127067,0.020200045995638516,-9.178371006082866e-18,2.516073381247595e-17,-1.5982362806393085e-17,0.0878767816743926,0.08320005156604482,,,,550,PBE,172,8,-17.951818,1
6-stretch-all-three-axes,stretch-x-plus-0.080-y-minus-0.020-z-plus-0.020,2-accurate-hse06-atoms-fixed,6-stretch-all-three-axes/stretch-x-plus-0.080-y-minus-0.020-z-plus-0.020/2-accurate-hse06-atoms-fixed,12.248965099565929,0.08320005156604482,-0.019799957541127067,0.020200045995638516,-9.178371006082866e-18,2.516073381247595e-17,-1.5982362806393085e-17,0.0878767816743926,0.08320005156604482,.TRUE.,0.27,,550,HSE,172,8,-21.020761,1
6-stretch-all-three-axes,stretch-x-plus-0.080-y-minus-0.020-z-plus-0.040,1-cheap-pbe-atoms-relaxed,6-stretch-all-three-axes/stretch-x-plus-0.080-y-minus-0.020-z-plus-0.040/1-cheap-pbe-atoms-relaxed,12.489140885831924,0.08320005156604482,-0.019799957541127067,0.04080004781707314,5.4279102337977996e-17,-3.829673953158491e-17,-1.5982362806393088e-17,0.09475722031116365,0.08320005156604482,,,,550,PBE,172,8,-17.912211,1
6-stretch-all-three-axes,stretch-x-plus-0.080-y-minus-0.020-z-plus-0.040,2-accurate-hse06-atoms-fixed,6-stretch-all-three-axes/stretch-x-plus-0.080-y-minus-0.020-z-plus-0.040/2-accurate-hse06-atoms-fixed,12.489140885831924,0.08320005156604482,-0.019799957541127067,0.04080004781707314,5.4279102337977996e-17,-3.829673953158491e-17,-1.5982362806393088e-17,0.09475722031116365,0.08320005156604482,.TRUE.,0.27,,550,HSE,172,8,-20.965516,1
6-stretch-all-three-axes,stretch-x-plus-0.080-y-minus-0.020-z-plus-0.060,1-cheap-pbe-atoms-relaxed,6-stretch-all-three-axes/stretch-x-plus-0.080-y-minus-0.020-z-plus-0.060/1-cheap-pbe-atoms-relaxed,12.729316672097923,0.08320005156604482,-0.019799957541127067,0.0618000496738752,6.849320631582727e-17,-5.2510843509434184e-17,-1.5982362806393088e-17,0.10551555827894005,0.08320005156604482,,,,550,PBE,172,8,-17.847548,1
6-stretch-all-three-axes,stretch-x-plus-0.080-y-minus-0.020-z-plus-0.060,2-accurate-hse06-atoms-fixed,6-stretch-all-three-axes/stretch-x-plus-0.080-y-minus-0.020-z-plus-0.060/2-accurate-hse06-atoms-fixed,12.729316672097923,0.08320005156604482,-0.019799957541127067,0.0618000496738752,6.849320631582727e-17,-5.2510843509434184e-17,-1.5982362806393088e-17,0.10551555827894005,0.08320005156604482,.TRUE.,0.27,,550,HSE,172,8,-20.884198,1
6-stretch-all-three-axes,stretch-x-plus-0.080-y-minus-0.020-z-plus-0.080,1-cheap-pbe-atoms-relaxed,6-stretch-all-three-axes/stretch-x-plus-0.080-y-minus-0.020-z-plus-0.080/1-cheap-pbe-atoms-relaxed,12.969492458363927,0.08320005156604482,-0.019799957541127067,0.08320005156604482,1.5982362806393085e-17,-4.834394859797126e-35,-1.5982362806393085e-17,0.11931695386580848,0.08320005156604482,,,,550,PBE,172,8,-17.759193,1
6-stretch-all-three-axes,stretch-x-plus-0.080-y-minus-0.020-z-plus-0.080,2-accurate-hse06-atoms-fixed,6-stretch-all-three-axes/stretch-x-plus-0.080-y-minus-0.020-z-plus-0.080/2-accurate-hse06-atoms-fixed,12.969492458363927,0.08320005156604482,-0.019799957541127067,0.08320005156604482,1.5982362806393085e-17,-4.834394859797126e-35,-1.5982362806393085e-17,0.11931695386580848,0.08320005156604482,.TRUE.,0.27,,550,HSE,172,8,-20.778178,1
6-stretch-all-three-axes,stretch-x-plus-0.080-y-minus-0.040-z-minus-0.020,1-cheap-pbe-atoms-relaxed,6-stretch-all-three-axes/stretch-x-plus-0.080-y-minus-0.040-z-minus-0.020/1-cheap-pbe-atoms-relaxed,11.52843774076793,0.08320005156604482,-0.03919995925645853,-0.019799957541127067,1.5407748121277124e-17,-5.2864377906685294e-18,-1.0121310330608596e-17,0.09407934791935454,0.08320005156604482,,,,550,PBE,172,8,-17.906156,1
6-stretch-all-three-axes,stretch-x-plus-0.080-y-minus-0.040-z-minus-0.020,2-accurate-hse06-atoms-fixed,6-stretch-all-three-axes/stretch-x-plus-0.080-y-minus-0.040-z-minus-0.020/2-accurate-hse06-atoms-fixed,11.52843774076793,0.08320005156604482,-0.03919995925645853,-0.019799957541127067,1.5407748121277124e-17,-5.2864377906685294e-18,-1.0121310330608596e-17,0.09407934791935454,0.08320005156604482,.TRUE.,0.27,,550,HSE,172,8,-21.015761,1
6-stretch-all-three-axes,stretch-x-plus-0.080-y-minus-0.040-z-minus-0.040,1-cheap-pbe-atoms-relaxed,6-stretch-all-three-axes/stretch-x-plus-0.080-y-minus-0.040-z-minus-0.040/1-cheap-pbe-atoms-relaxed,11.293163501160421,0.08320005156604482,-0.03919995925645853,-0.03919995925645853,9.546695645492635e-18,5.746146851159599e-19,-1.0121310330608596e-17,0.09997760845313582,0.08320005156604482,,,,550,PBE,172,8,-17.854337,1
6-stretch-all-three-axes,stretch-x-plus-0.080-y-minus-0.040-z-minus-0.040,2-accurate-hse06-atoms-fixed,6-stretch-all-three-axes/stretch-x-plus-0.080-y-minus-0.040-z-minus-0.040/2-accurate-hse06-atoms-fixed,11.293163501160421,0.08320005156604482,-0.03919995925645853,-0.03919995925645853,9.546695645492635e-18,5.746146851159599e-19,-1.0121310330608596e-17,0.09997760845313582,0.08320005156604482,.TRUE.,0.27,,550,HSE,172,8,-20.976401,1
6-stretch-all-three-axes,stretch-x-plus-0.080-y-minus-0.040-z-minus-0.060,1-cheap-pbe-atoms-relaxed,6-stretch-all-three-axes/stretch-x-plus-0.080-y-minus-0.040-z-minus-0.060/1-cheap-pbe-atoms-relaxed,11.057889261552914,0.08320005156604482,-0.03919995925645853,-0.05819996093642227,-2.413405532603259e-18,1.2534715863211855e-17,-1.0121310330608596e-17,0.10883988625178549,0.08320005156604482,,,,550,PBE,172,8,-17.770618,1
6-stretch-all-three-axes,stretch-x-plus-0.080-y-minus-0.040-z-minus-0.060,2-accurate-hse06-atoms-fixed,6-stretch-all-three-axes/stretch-x-plus-0.080-y-minus-0.040-z-minus-0.060/2-accurate-hse06-atoms-fixed,11.057889261552914,0.08320005156604482,-0.03919995925645853,-0.05819996093642227,-2.413405532603259e-18,1.2534715863211855e-17,-1.0121310330608596e-17,0.10883988625178549,0.08320005156604482,.TRUE.,0.27,,550,HSE,172,8,-20.904037,1
6-stretch-all-three-axes,stretch-x-plus-0.080-y-minus-0.040-z-minus-0.080,1-cheap-pbe-atoms-relaxed,6-stretch-all-three-axes/stretch-x-plus-0.080-y-minus-0.040-z-minus-0.080/1-cheap-pbe-atoms-relaxed,10.822615021945403,0.08320005156604482,-0.03919995925645853,-0.07679996258101834,-1.386879792636772e-17,2.3990108256976317e-17,-1.0121310330608596e-17,0.11982119862005364,0.08320005156604482,,,,550,PBE,172,8,-17.653583,1
6-stretch-all-three-axes,stretch-x-plus-0.080-y-minus-0.040-z-minus-0.080,2-accurate-hse06-atoms-fixed,6-stretch-all-three-axes/stretch-x-plus-0.080-y-minus-0.040-z-minus-0.080/2-accurate-hse06-atoms-fixed,10.822615021945403,0.08320005156604482,-0.03919995925645853,-0.07679996258101834,-1.386879792636772e-17,2.3990108256976317e-17,-1.0121310330608596e-17,0.11982119862005364,0.08320005156604482,.TRUE.,0.27,,550,HSE,172,8,-20.797266,1
6-stretch-all-three-axes,stretch-x-plus-0.080-y-minus-0.040-z-plus-0.020,1-cheap-pbe-atoms-relaxed,6-stretch-all-three-axes/stretch-x-plus-0.080-y-minus-0.040-z-plus-0.020/1-cheap-pbe-atoms-relaxed,11.99898621998295,0.08320005156604482,-0.03919995925645853,0.020200045995638516,-1.5039423481867355e-17,2.516073381247595e-17,-1.0121310330608596e-17,0.09416436292210784,0.08320005156604482,,,,550,PBE,172,8,-17.920648,1
6-stretch-all-three-axes,stretch-x-plus-0.080-y-minus-0.040-z-plus-0.020,2-accurate-hse06-atoms-fixed,6-stretch-all-three-axes/stretch-x-plus-0.080-y-minus-0.040-z-plus-0.020/2-accurate-hse06-atoms-fixed,11.99898621998295,0.08320005156604482,-0.03919995925645853,0.020200045995638516,-1.5039423481867355e-17,2.516073381247595e-17,-1.0121310330608596e-17,0.09416436292210784,0.08320005156604482,.TRUE.,0.27,,550,HSE,172,8,-21.002122,1
6-stretch-all-three-axes,stretch-x-plus-0.080-y-minus-0.040-z-plus-0.040,1-cheap-pbe-atoms-relaxed,6-stretch-all-three-axes/stretch-x-plus-0.080-y-minus-0.040-z-plus-0.040/1-cheap-pbe-atoms-relaxed,12.23426045959046,0.08320005156604482,-0.03919995925645853,0.04080004781707314,4.8418049862193506e-17,-3.829673953158491e-17,-1.0121310330608598e-17,0.10061575069628005,0.08320005156604482,,,,550,PBE,172,8,-17.886173,1
6-stretch-all-three-axes,stretch-x-plus-0.080-y-minus-0.040-z-plus-0.040,2-accurate-hse06-atoms-fixed,6-stretch-all-three-axes/stretch-x-plus-0.080-y-minus-0.040-z-plus-0.040/2-accurate-hse06-atoms-fixed,12.23426045959046,0.08320005156604482,-0.03919995925645853,0.04080004781707314,4.8418049862193506e-17,-3.829673953158491e-17,-1.0121310330608598e-17,0.10061575069628005,0.08320005156604482,.TRUE.,0.27,,550,HSE,172,8,-20.951981,1
6-stretch-all-three-axes,stretch-x-plus-0.080-y-minus-0.040-z-plus-0.060,1-cheap-pbe-atoms-relaxed,6-stretch-all-three-axes/stretch-x-plus-0.080-y-minus-0.040-z-plus-0.060/1-cheap-pbe-atoms-relaxed,12.46953469919797,0.08320005156604482,-0.03919995925645853,0.0618000496738752,6.263215384004278e-17,-5.2510843509434184e-17,-1.01213103306086e-17,0.11080673050854793,0.08320005156604482,,,,550,PBE,172,8,-17.825818,1
6-stretch-all-three-axes,stretch-x-plus-0.080-y-minus-0.040-z-plus-0.060,2-accurate-hse06-atoms-fixed,6-stretch-all-three-axes/stretch-x-plus-0.080-y-minus-0.040-z-plus-0.060/2-accurate-hse06-atoms-fixed,12.46953469919797,0.08320005156604482,-0.03919995925645853,0.0618000496738752,6.263215384004278e-17,-5.2510843509434184e-17,-1.01213103306086e-17,0.11080673050854793,0.08320005156604482,.TRUE.,0.27,,550,HSE,172,8,-20.874914,1
6-stretch-all-three-axes,stretch-x-plus-0.080-y-minus-0.040-z-plus-0.080,1-cheap-pbe-atoms-relaxed,6-stretch-all-three-axes/stretch-x-plus-0.080-y-minus-0.040-z-plus-0.080/1-cheap-pbe-atoms-relaxed,12.704808938805472,0.08320005156604482,-0.03919995925645853,0.08320005156604482,1.0121310330608596e-17,-4.834394859797126e-35,-1.0121310330608596e-17,0.12402069975166663,0.08320005156604482,,,,550,PBE,172,8,-17.740978,1
6-stretch-all-three-axes,stretch-x-plus-0.080-y-minus-0.040-z-plus-0.080,2-accurate-hse06-atoms-fixed,6-stretch-all-three-axes/stretch-x-plus-0.080-y-minus-0.040-z-plus-0.080/2-accurate-hse06-atoms-fixed,12.704808938805472,0.08320005156604482,-0.03919995925645853,0.08320005156604482,1.0121310330608596e-17,-4.834394859797126e-35,-1.0121310330608596e-17,0.12402069975166663,0.08320005156604482,.TRUE.,0.27,,550,HSE,172,8,-20.772334,1
6-stretch-all-three-axes,stretch-x-plus-0.080-y-minus-0.060-z-minus-0.020,1-cheap-pbe-atoms-relaxed,6-stretch-all-three-axes/stretch-x-plus-0.080-y-minus-0.060-z-minus-0.020/1-cheap-pbe-atoms-relaxed,11.288261954501934,0.08320005156604482,-0.05819996093642227,-0.019799957541127067,3.44764694318123e-18,-5.2864377906685294e-18,1.8387908474872986e-18,0.10344816263338867,0.08320005156604482,,,,550,PBE,172,8,-17.831388,1
6-stretch-all-three-axes,stretch-x-plus-0.080-y-minus-0.060-z-minus-0.020,2-accurate-hse06-atoms-fixed,6-stretch-all-three-axes/stretch-x-plus-0.080-y-minus-0.060-z-minus-0.020/2-accurate-hse06-atoms-fixed,11.288261954501934,0.08320005156604482,-0.05819996093642227,-0.019799957541127067,3.44764694318123e-18,-5.2864377906685294e-18,1.8387908474872986e-18,0.10344816263338867,0.08320005156604482,.TRUE.,0.27,,550,HSE,172,8,-20.952441,1
6-stretch-all-three-axes,stretch-x-plus-0.080-y-minus-0.060-z-minus-0.040,1-cheap-pbe-atoms-relaxed,6-stretch-all-three-axes/stretch-x-plus-0.080-y-minus-0.060-z-minus-0.040/1-cheap-pbe-atoms-relaxed,11.057889261552909,0.08320005156604482,-0.05819996093642227,-0.03919995925645853,-2.413405532603259e-18,5.746146851159599e-19,1.8387908474872986e-18,0.10883988625178549,0.08320005156604482,,,,550,PBE,172,8,-17.770618,1
6-stretch-all-three-axes,stretch-x-plus-0.080-y-minus-0.060-z-minus-0.040,2-accurate-hse06-atoms-fixed,6-stretch-all-three-axes/stretch-x-plus-0.080-y-minus-0.060-z-minus-0.040/2-accurate-hse06-atoms-fixed,11.057889261552909,0.08320005156604482,-0.05819996093642227,-0.03919995925645853,-2.413405532603259e-18,5.746146851159599e-19,1.8387908474872986e-18,0.10883988625178549,0.08320005156604482,.TRUE.,0.27,,550,HSE,172,8,-20.904037,1
6-stretch-all-three-axes,stretch-x-plus-0.080-y-minus-0.060-z-minus-0.060,1-cheap-pbe-atoms-relaxed,6-stretch-all-three-axes/stretch-x-plus-0.080-y-minus-0.060-z-minus-0.060/1-cheap-pbe-atoms-relaxed,10.82751656860389,0.08320005156604482,-0.05819996093642227,-0.05819996093642227,-1.4373506710699154e-17,1.2534715863211855e-17,1.8387908474872986e-18,0.11703298460944536,0.08320005156604482,,,,550,PBE,172,8,-17.676961,1
6-stretch-all-three-axes,stretch-x-plus-0.080-y-minus-0.060-z-minus-0.060,2-accurate-hse06-atoms-fixed,6-stretch-all-three-axes/stretch-x-plus-0.080-y-minus-0.060-z-minus-0.060/2-accurate-hse06-atoms-fixed,10.82751656860389,0.08320005156604482,-0.05819996093642227,-0.05819996093642227,-1.4373506710699154e-17,1.2534715863211855e-17,1.8387908474872986e-18,0.11703298460944536,0.08320005156604482,.TRUE.,0.27,,550,HSE,172,8,-20.821618,1
6-stretch-all-three-axes,stretch-x-plus-0.080-y-minus-0.060-z-minus-0.080,1-cheap-pbe-atoms-relaxed,6-stretch-all-three-axes/stretch-x-plus-0.080-y-minus-0.060-z-minus-0.080/1-cheap-pbe-atoms-relaxed,10.597143875654874,0.08320005156604482,-0.05819996093642227,-0.07679996258101834,-2.5828899104463616e-17,2.3990108256976317e-17,1.8387908474872982e-18,0.12730953729410618,0.08320005156604482,,,,550,PBE,172,8,-17.548818,1
6-stretch-all-three-axes,stretch-x-plus-0.080-y-minus-0.060-z-minus-0.080,2-accurate-hse06-atoms-fixed,6-stretch-all-three-axes/stretch-x-plus-0.080-y-minus-0.060-z-minus-0.080/2-accurate-hse06-atoms-fixed,10.597143875654874,0.08320005156604482,-0.05819996093642227,-0.07679996258101834,-2.5828899104463616e-17,2.3990108256976317e-17,1.8387908474872982e-18,0.12730953729410618,0.08320005156604482,.TRUE.,0.27,,550,HSE,172,8,-20.70358,1
6-stretch-all-three-axes,stretch-x-plus-0.080-y-minus-0.060-z-plus-0.020,1-cheap-pbe-atoms-relaxed,6-stretch-all-three-axes/stretch-x-plus-0.080-y-minus-0.060-z-plus-0.020/1-cheap-pbe-atoms-relaxed,11.749007340399972,0.08320005156604482,-0.05819996093642227,0.020200045995638516,-2.6999524659963248e-17,2.516073381247595e-17,1.8387908474872982e-18,0.10352548426266601,0.08320005156604482,,,,550,PBE,172,8,-17.860641,1
6-stretch-all-three-axes,stretch-x-plus-0.080-y-minus-0.060-z-plus-0.020,2-accurate-hse06-atoms-fixed,6-stretch-all-three-axes/stretch-x-plus-0.080-y-minus-0.060-z-plus-0.020/2-accurate-hse06-atoms-fixed,11.749007340399972,0.08320005156604482,-0.05819996093642227,0.020200045995638516,-2.6999524659963248e-17,2.516073381247595e-17,1.8387908474872982e-18,0.10352548426266601,0.08320005156604482,.TRUE.,0.27,,550,HSE,172,8,-20.953635,1
6-stretch-all-three-axes,stretch-x-plus-0.080-y-minus-0.060-z-plus-0.040,1-cheap-pbe-atoms-relaxed,6-stretch-all-three-axes/stretch-x-plus-0.080-y-minus-0.060-z-plus-0.040/1-cheap-pbe-atoms-relaxed,11.979380033348988,0.08320005156604482,-0.05819996093642227,0.04080004781707314,3.645794868409761e-17,-3.829673953158491e-17,1.8387908474872967e-18,0.10942635850410563,0.08320005156604482,,,,550,PBE,172,8,-17.832161,1
6-stretch-all-three-axes,stretch-x-plus-0.080-y-minus-0.060-z-plus-0.040,2-accurate-hse06-atoms-fixed,6-stretch-all-three-axes/stretch-x-plus-0.080-y-minus-0.060-z-plus-0.040/2-accurate-hse06-atoms-fixed,11.979380033348988,0.08320005156604482,-0.05819996093642227,0.04080004781707314,3.645794868409761e-17,-3.829673953158491e-17,1.8387908474872967e-18,0.10942635850410563,0.08320005156604482,.TRUE.,0.27,,550,HSE,172,8,-20.909479,1
6-stretch-all-three-axes,stretch-x-plus-0.080-y-minus-0.060-z-plus-0.060,1-cheap-pbe-atoms-relaxed,6-stretch-all-three-axes/stretch-x-plus-0.080-y-minus-0.060-z-plus-0.060/1-cheap-pbe-atoms-relaxed,12.209752726298008,0.08320005156604482,-0.05819996093642227,0.0618000496738752,5.067205266194688e-17,-5.2510843509434184e-17,1.8387908474872955e-18,0.11886433516108622,0.08320005156604482,,,,550,PBE,172,8,-17.776914,1
6-stretch-all-three-axes,stretch-x-plus-0.080-y-minus-0.060-z-plus-0.060,2-accurate-hse06-atoms-fixed,6-stretch-all-three-axes/stretch-x-plus-0.080-y-minus-0.060-z-plus-0.060/2-accurate-hse06-atoms-fixed,12.209752726298008,0.08320005156604482,-0.05819996093642227,0.0618000496738752,5.067205266194688e-17,-5.2510843509434184e-17,1.8387908474872955e-18,0.11886433516108622,0.08320005156604482,.TRUE.,0.27,,550,HSE,172,8,-20.837476,1
6-stretch-all-three-axes,stretch-x-plus-0.080-y-minus-0.060-z-plus-0.080,1-cheap-pbe-atoms-relaxed,6-stretch-all-three-axes/stretch-x-plus-0.080-y-minus-0.060-z-plus-0.080/1-cheap-pbe-atoms-relaxed,12.440125419247027,0.08320005156604482,-0.05819996093642227,0.08320005156604482,-1.838790847487299e-18,-4.834394859797126e-35,1.8387908474872986e-18,0.13126969419552295,0.08320005156604482,,,,550,PBE,172,8,-17.696433,1
6-stretch-all-three-axes,stretch-x-plus-0.080-y-minus-0.060-z-plus-0.080,2-accurate-hse06-atoms-fixed,6-stretch-all-three-axes/stretch-x-plus-0.080-y-minus-0.060-z-plus-0.080/2-accurate-hse06-atoms-fixed,12.440125419247027,0.08320005156604482,-0.05819996093642227,0.08320005156604482,-1.838790847487299e-18,-4.834394859797126e-35,1.8387908474872986e-18,0.13126969419552295,0.08320005156604482,.TRUE.,0.27,,550,HSE,172,8,-20.739189,1
6-stretch-all-three-axes,stretch-x-plus-0.080-y-minus-0.080-z-minus-0.020,1-cheap-pbe-atoms-relaxed,6-stretch-all-three-axes/stretch-x-plus-0.080-y-minus-0.080-z-minus-0.020/1-cheap-pbe-atoms-relaxed,11.048086168235937,0.08320005156604482,-0.07679996258101834,-0.019799957541127067,-8.007745450583232e-18,-5.28643779066853e-18,1.329418324125176e-17,0.1149457313329589,0.08320005156604482,,,,550,PBE,172,8,-17.724313,1
6-stretch-all-three-axes,stretch-x-plus-0.080-y-minus-0.080-z-minus-0.020,2-accurate-hse06-atoms-fixed,6-stretch-all-three-axes/stretch-x-plus-0.080-y-minus-0.080-z-minus-0.020/2-accurate-hse06-atoms-fixed,11.048086168235937,0.08320005156604482,-0.07679996258101834,-0.019799957541127067,-8.007745450583232e-18,-5.28643779066853e-18,1.329418324125176e-17,0.1149457313329589,0.08320005156604482,.TRUE.,0.27,,550,HSE,172,8,-20.855744,1
6-stretch-all-three-axes,stretch-x-plus-0.080-y-minus-0.080-z-minus-0.040,1-cheap-pbe-atoms-relaxed,6-stretch-all-three-axes/stretch-x-plus-0.080-y-minus-0.080-z-minus-0.040/1-cheap-pbe-atoms-relaxed,10.822615021945403,0.08320005156604482,-0.07679996258101834,-0.03919995925645853,-1.386879792636772e-17,5.746146851159592e-19,1.329418324125176e-17,0.11982119862005364,0.08320005156604482,,,,550,PBE,172,8,-17.653583,1
6-stretch-all-three-axes,stretch-x-plus-0.080-y-minus-0.080-z-minus-0.040,2-accurate-hse06-atoms-fixed,6-stretch-all-three-axes/stretch-x-plus-0.080-y-minus-0.080-z-minus-0.040/2-accurate-hse06-atoms-fixed,10.822615021945403,0.08320005156604482,-0.07679996258101834,-0.03919995925645853,-1.386879792636772e-17,5.746146851159592e-19,1.329418324125176e-17,0.11982119862005364,0.08320005156604482,.TRUE.,0.27,,550,HSE,172,8,-20.797266,1
6-stretch-all-three-axes,stretch-x-plus-0.080-y-minus-0.080-z-minus-0.060,1-cheap-pbe-atoms-relaxed,6-stretch-all-three-axes/stretch-x-plus-0.080-y-minus-0.080-z-minus-0.060/1-cheap-pbe-atoms-relaxed,10.597143875654874,0.08320005156604482,-0.07679996258101834,-0.05819996093642227,-2.5828899104463616e-17,1.2534715863211853e-17,1.329418324125176e-17,0.12730953729410618,0.08320005156604482,,,,550,PBE,172,8,-17.548818,1
6-stretch-all-three-axes,stretch-x-plus-0.080-y-minus-0.080-z-minus-0.060,2-accurate-hse06-atoms-fixed,6-stretch-all-three-axes/stretch-x-plus-0.080-y-minus-0.080-z-minus-0.060/2-accurate-hse06-atoms-fixed,10.597143875654874,0.08320005156604482,-0.07679996258101834,-0.05819996093642227,-2.5828899104463616e-17,1.2534715863211853e-17,1.329418324125176e-17,0.12730953729410618,0.08320005156604482,.TRUE.,0.27,,550,HSE,172,8,-20.70358,1
6-stretch-all-three-axes,stretch-x-plus-0.080-y-minus-0.080-z-minus-0.080,1-cheap-pbe-atoms-relaxed,6-stretch-all-three-axes/stretch-x-plus-0.080-y-minus-0.080-z-minus-0.080/1-cheap-pbe-atoms-relaxed,10.371672729364347,0.08320005156604482,-0.07679996258101834,-0.07679996258101834,-3.728429149822808e-17,2.3990108256976314e-17,1.329418324125176e-17,0.13681636263796867,0.08320005156604482,,,,550,PBE,172,8,-17.408315,1
6-stretch-all-three-axes,stretch-x-plus-0.080-y-minus-0.080-z-minus-0.080,2-accurate-hse06-atoms-fixed,6-stretch-all-three-axes/stretch-x-plus-0.080-y-minus-0.080-z-minus-0.080/2-accurate-hse06-atoms-fixed,10.371672729364347,0.08320005156604482,-0.07679996258101834,-0.07679996258101834,-3.728429149822808e-17,2.3990108256976314e-17,1.329418324125176e-17,0.13681636263796867,0.08320005156604482,.TRUE.,0.27,,550,HSE,172,8,-20.572975,1
6-stretch-all-three-axes,stretch-x-plus-0.080-y-minus-0.080-z-plus-0.020,1-cheap-pbe-atoms-relaxed,6-stretch-all-three-axes/stretch-x-plus-0.080-y-minus-0.080-z-plus-0.020/1-cheap-pbe-atoms-relaxed,11.499028460816998,0.08320005156604482,-0.07679996258101834,0.020200045995638516,-3.8454917053727713e-17,2.516073381247595e-17,1.329418324125176e-17,0.11501532372368582,0.08320005156604482,,,,550,PBE,172,8,-17.770316,1
6-stretch-all-three-axes,stretch-x-plus-0.080-y-minus-0.080-z-plus-0.020,2-accurate-hse06-atoms-fixed,6-stretch-all-three-axes/stretch-x-plus-0.080-y-minus-0.080-z-plus-0.020/2-accurate-hse06-atoms-fixed,11.499028460816998,0.08320005156604482,-0.07679996258101834,0.020200045995638516,-3.8454917053727713e-17,2.516073381247595e-17,1.329418324125176e-17,0.11501532372368582,0.08320005156604482,.TRUE.,0.27,,550,HSE,172,8,-20.873803,1
6-stretch-all-three-axes,stretch-x-plus-0.080-y-minus-0.080-z-plus-0.040,1-cheap-pbe-atoms-relaxed,6-stretch-all-three-axes/stretch-x-plus-0.080-y-minus-0.080-z-plus-0.040/1-cheap-pbe-atoms-relaxed,11.724499607107523,0.08320005156604482,-0.07679996258101834,0.04080004781707314,2.5002556290333147e-17,-3.829673953158491e-17,1.3294183241251758e-17,0.12035417207107442,0.08320005156604482,,,,550,PBE,172,8,-17.74877,1
6-stretch-all-three-axes,stretch-x-plus-0.080-y-minus-0.080-z-plus-0.040,2-accurate-hse06-atoms-fixed,6-stretch-all-three-axes/stretch-x-plus-0.080-y-minus-0.080-z-plus-0.040/2-accurate-hse06-atoms-fixed,11.724499607107523,0.08320005156604482,-0.07679996258101834,0.04080004781707314,2.5002556290333147e-17,-3.829673953158491e-17,1.3294183241251758e-17,0.12035417207107442,0.08320005156604482,.TRUE.,0.27,,550,HSE,172,8,-20.83659,1
6-stretch-all-three-axes,stretch-x-plus-0.080-y-minus-0.080-z-plus-0.060,1-cheap-pbe-atoms-relaxed,6-stretch-all-three-axes/stretch-x-plus-0.080-y-minus-0.080-z-plus-0.060/1-cheap-pbe-atoms-relaxed,11.949970753398052,0.08320005156604482,-0.07679996258101834,0.0618000496738752,3.921666026818242e-17,-5.2510843509434184e-17,1.3294183241251757e-17,0.12899507344364658,0.08320005156604482,,,,550,PBE,172,8,-17.699582,1
6-stretch-all-three-axes,stretch-x-plus-0.080-y-minus-0.080-z-plus-0.060,2-accurate-hse06-atoms-fixed,6-stretch-all-three-axes/stretch-x-plus-0.080-y-minus-0.080-z-plus-0.060/2-accurate-hse06-atoms-fixed,11.949970753398052,0.08320005156604482,-0.07679996258101834,0.0618000496738752,3.921666026818242e-17,-5.2510843509434184e-17,1.3294183241251757e-17,0.12899507344364658,0.08320005156604482,.TRUE.,0.27,,550,HSE,172,8,-20.770623,1
6-stretch-all-three-axes,stretch-x-plus-0.080-y-minus-0.080-z-plus-0.080,1-cheap-pbe-atoms-relaxed,6-stretch-all-three-axes/stretch-x-plus-0.080-y-minus-0.080-z-plus-0.080/1-cheap-pbe-atoms-relaxed,12.175441899688582,0.08320005156604482,-0.07679996258101834,0.08320005156604482,-1.3294183241251761e-17,-8.187159263528656e-34,1.329418324125176e-17,0.14050883037599754,0.08320005156604482,,,,550,PBE,172,8,-17.624281,1
6-stretch-all-three-axes,stretch-x-plus-0.080-y-minus-0.080-z-plus-0.080,2-accurate-hse06-atoms-fixed,6-stretch-all-three-axes/stretch-x-plus-0.080-y-minus-0.080-z-plus-0.080/2-accurate-hse06-atoms-fixed,12.175441899688582,0.08320005156604482,-0.07679996258101834,0.08320005156604482,-1.3294183241251761e-17,-8.187159263528656e-34,1.329418324125176e-17,0.14050883037599754,0.08320005156604482,.TRUE.,0.27,,550,HSE,172,8,-20.677456,1
6-stretch-all-three-axes,stretch-x-plus-0.080-y-plus-0.020-z-minus-0.020,1-cheap-pbe-atoms-relaxed,6-stretch-all-three-axes/stretch-x-plus-0.080-y-plus-0.020-z-minus-0.020/1-cheap-pbe-atoms-relaxed,12.248965099565924,0.08320005156604482,0.020200045995638516,-0.019799957541127067,-9.178371006082864e-18,-5.2864377906685294e-18,1.4464808796751393e-17,0.0878767816743926,0.08320005156604482,,,,550,PBE,172,8,-17.951818,1
6-stretch-all-three-axes,stretch-x-plus-0.080-y-plus-0.020-z-minus-0.020,2-accurate-hse06-atoms-fixed,6-stretch-all-three-axes/stretch-x-plus-0.080-y-plus-0.020-z-minus-0.020/2-accurate-hse06-atoms-fixed,12.248965099565924,0.08320005156604482,0.020200045995638516,-0.019799957541127067,-9.178371006082864e-18,-5.2864377906685294e-18,1.4464808796751393e-17,0.0878767816743926,0.08320005156604482,.TRUE.,0.27,,550,HSE,172,8,-21.020761,1
6-stretch-all-three-axes,stretch-x-plus-0.080-y-plus-0.020-z-minus-0.040,1-cheap-pbe-atoms-relaxed,6-stretch-all-three-axes/stretch-x-plus-0.080-y-plus-0.020-z-minus-0.040/1-cheap-pbe-atoms-relaxed,11.99898621998295,0.08320005156604482,0.020200045995638516,-0.03919995925645853,-1.5039423481867355e-17,5.746146851159599e-19,1.4464808796751393e-17,0.09416436292210784,0.08320005156604482,,,,550,PBE,172,8,-17.920648,1
6-stretch-all-three-axes,stretch-x-plus-0.080-y-plus-0.020-z-minus-0.040,2-accurate-hse06-atoms-fixed,6-stretch-all-three-axes/stretch-x-plus-0.080-y-plus-0.020-z-minus-0.040/2-accurate-hse06-atoms-fixed,11.99898621998295,0.08320005156604482,0.020200045995638516,-0.03919995925645853,-1.5039423481867355e-17,5.746146851159599e-19,1.4464808796751393e-17,0.09416436292210784,0.08320005156604482,.TRUE.,0.27,,550,HSE,172,8,-21.002122,1
6-stretch-all-three-axes,stretch-x-plus-0.080-y-plus-0.020-z-minus-0.060,1-cheap-pbe-atoms-relaxed,6-stretch-all-three-axes/stretch-x-plus-0.080-y-plus-0.020-z-minus-0.060/1-cheap-pbe-atoms-relaxed,11.749007340399972,0.08320005156604482,0.020200045995638516,-0.05819996093642227,-2.6999524659963248e-17,1.2534715863211855e-17,1.4464808796751393e-17,0.10352548426266601,0.08320005156604482,,,,550,PBE,172,8,-17.860641,1
6-stretch-all-three-axes,stretch-x-plus-0.080-y-plus-0.020-z-minus-0.060,2-accurate-hse06-atoms-fixed,6-stretch-all-three-axes/stretch-x-plus-0.080-y-plus-0.020-z-minus-0.060/2-accurate-hse06-atoms-fixed,11.749007340399972,0.08320005156604482,0.020200045995638516,-0.05819996093642227,-2.6999524659963248e-17,1.2534715863211855e-17,1.4464808796751393e-17,0.10352548426266601,0.08320005156604482,.TRUE.,0.27,,550,HSE,172,8,-20.953635,1
6-stretch-all-three-axes,stretch-x-plus-0.080-y-plus-0.020-z-minus-0.080,1-cheap-pbe-atoms-relaxed,6-stretch-all-three-axes/stretch-x-plus-0.080-y-plus-0.020-z-minus-0.080/1-cheap-pbe-atoms-relaxed,11.499028460816993,0.08320005156604482,0.020200045995638516,-0.07679996258101834,-3.845491705372771e-17,2.3990108256976317e-17,1.4464808796751393e-17,0.11501532372368582,0.08320005156604482,,,,550,PBE,172,8,-17.770316,1
6-stretch-all-three-axes,stretch-x-plus-0.080-y-plus-0.020-z-minus-0.080,2-accurate-hse06-atoms-fixed,6-stretch-all-three-axes/stretch-x-plus-0.080-y-plus-0.020-z-minus-0.080/2-accurate-hse06-atoms-fixed,11.499028460816993,0.08320005156604482,0.020200045995638516,-0.07679996258101834,-3.845491705372771e-17,2.3990108256976317e-17,1.4464808796751393e-17,0.11501532372368582,0.08320005156604482,.TRUE.,0.27,,550,HSE,172,8,-20.873803,1
6-stretch-all-three-axes,stretch-x-plus-0.080-y-plus-0.020-z-plus-0.020,1-cheap-pbe-atoms-relaxed,6-stretch-all-three-axes/stretch-x-plus-0.080-y-plus-0.020-z-plus-0.020/1-cheap-pbe-atoms-relaxed,12.74892285873188,0.08320005156604482,0.020200045995638516,0.020200045995638516,-3.962554260922734e-17,2.516073381247595e-17,1.4464808796751393e-17,0.08796779124795814,0.08320005156604482,,,,550,PBE,172,8,-17.932979,1
6-stretch-all-three-axes,stretch-x-plus-0.080-y-plus-0.020-z-plus-0.020,2-accurate-hse06-atoms-fixed,6-stretch-all-three-axes/stretch-x-plus-0.080-y-plus-0.020-z-plus-0.020/2-accurate-hse06-atoms-fixed,12.74892285873188,0.08320005156604482,0.020200045995638516,0.020200045995638516,-3.962554260922734e-17,2.516073381247595e-17,1.4464808796751393e-17,0.08796779124795814,0.08320005156604482,.TRUE.,0.27,,550,HSE,172,8,-20.973858,1
6-stretch-all-three-axes,stretch-x-plus-0.080-y-plus-0.020-z-plus-0.040,1-cheap-pbe-atoms-relaxed,6-stretch-all-three-axes/stretch-x-plus-0.080-y-plus-0.020-z-plus-0.040/1-cheap-pbe-atoms-relaxed,12.998901738314862,0.08320005156604482,0.020200045995638516,0.04080004781707314,2.3831930734833515e-17,-3.829673953158491e-17,1.446480879675139e-17,0.09484162767842971,0.08320005156604482,,,,550,PBE,172,8,-17.885637,1
6-stretch-all-three-axes,stretch-x-plus-0.080-y-plus-0.020-z-plus-0.040,2-accurate-hse06-atoms-fixed,6-stretch-all-three-axes/stretch-x-plus-0.080-y-plus-0.020-z-plus-0.040/2-accurate-hse06-atoms-fixed,12.998901738314862,0.08320005156604482,0.020200045995638516,0.04080004781707314,2.3831930734833515e-17,-3.829673953158491e-17,1.446480879675139e-17,0.09484162767842971,0.08320005156604482,.TRUE.,0.27,,550,HSE,172,8,-20.910992,1
6-stretch-all-three-axes,stretch-x-plus-0.080-y-plus-0.020-z-plus-0.060,1-cheap-pbe-atoms-relaxed,6-stretch-all-three-axes/stretch-x-plus-0.080-y-plus-0.020-z-plus-0.060/1-cheap-pbe-atoms-relaxed,13.24888061789784,0.08320005156604482,0.020200045995638516,0.0618000496738752,3.804603471268279e-17,-5.2510843509434184e-17,1.446480879675139e-17,0.10559136602256773,0.08320005156604482,,,,550,PBE,172,8,-17.814784,1
6-stretch-all-three-axes,stretch-x-plus-0.080-y-plus-0.020-z-plus-0.060,2-accurate-hse06-atoms-fixed,6-stretch-all-three-axes/stretch-x-plus-0.080-y-plus-0.020-z-plus-0.060/2-accurate-hse06-atoms-fixed,13.24888061789784,0.08320005156604482,0.020200045995638516,0.0618000496738752,3.804603471268279e-17,-5.2510843509434184e-17,1.446480879675139e-17,0.10559136602256773,0.08320005156604482,.TRUE.,0.27,,550,HSE,172,8,-20.823644,1
6-stretch-all-three-axes,stretch-x-plus-0.080-y-plus-0.020-z-plus-0.080,1-cheap-pbe-atoms-relaxed,6-stretch-all-three-axes/stretch-x-plus-0.080-y-plus-0.020-z-plus-0.080/1-cheap-pbe-atoms-relaxed,13.498859497480817,0.08320005156604482,0.020200045995638516,0.08320005156604482,-1.4464808796751393e-17,-4.834394859797126e-35,1.4464808796751393e-17,0.11938399817149259,0.08320005156604482,,,,550,PBE,172,8,-17.721609,1
6-stretch-all-three-axes,stretch-x-plus-0.080-y-plus-0.020-z-plus-0.080,2-accurate-hse06-atoms-fixed,6-stretch-all-three-axes/stretch-x-plus-0.080-y-plus-0.020-z-plus-0.080/2-accurate-hse06-atoms-fixed,13.498859497480817,0.08320005156604482,0.020200045995638516,0.08320005156604482,-1.4464808796751393e-17,-4.834394859797126e-35,1.4464808796751393e-17,0.11938399817149259,0.08320005156604482,.TRUE.,0.27,,550,HSE,172,8,-20.713007,1
6-stretch-all-three-axes,stretch-x-plus-0.080-y-plus-0.040-z-minus-0.020,1-cheap-pbe-atoms-relaxed,6-stretch-all-three-axes/stretch-x-plus-0.080-y-plus-0.040-z-minus-0.020/1-cheap-pbe-atoms-relaxed,12.489140885831924,0.08320005156604482,0.04080004781707314,-0.019799957541127067,5.427910233797799e-17,-5.286437790668531e-18,-4.8992664547309467e-17,0.09475722031116367,0.08320005156604482,,,,550,PBE,172,8,-17.912211,1
6-stretch-all-three-axes,stretch-x-plus-0.080-y-plus-0.040-z-minus-0.020,2-accurate-hse06-atoms-fixed,6-stretch-all-three-axes/stretch-x-plus-0.080-y-plus-0.040-z-minus-0.020/2-accurate-hse06-atoms-fixed,12.489140885831924,0.08320005156604482,0.04080004781707314,-0.019799957541127067,5.427910233797799e-17,-5.286437790668531e-18,-4.8992664547309467e-17,0.09475722031116367,0.08320005156604482,.TRUE.,0.27,,550,HSE,172,8,-20.965516,1
6-stretch-all-three-axes,stretch-x-plus-0.080-y-plus-0.040-z-minus-0.040,1-cheap-pbe-atoms-relaxed,6-stretch-all-three-axes/stretch-x-plus-0.080-y-plus-0.040-z-minus-0.040/1-cheap-pbe-atoms-relaxed,12.23426045959046,0.08320005156604482,0.04080004781707314,-0.03919995925645853,4.8418049862193506e-17,5.746146851159584e-19,-4.8992664547309467e-17,0.10061575069628005,0.08320005156604482,,,,550,PBE,172,8,-17.886173,1
6-stretch-all-three-axes,stretch-x-plus-0.080-y-plus-0.040-z-minus-0.040,2-accurate-hse06-atoms-fixed,6-stretch-all-three-axes/stretch-x-plus-0.080-y-plus-0.040-z-minus-0.040/2-accurate-hse06-atoms-fixed,12.23426045959046,0.08320005156604482,0.04080004781707314,-0.03919995925645853,4.8418049862193506e-17,5.746146851159584e-19,-4.8992664547309467e-17,0.10061575069628005,0.08320005156604482,.TRUE.,0.27,,550,HSE,172,8,-20.951981,1
6-stretch-all-three-axes,stretch-x-plus-0.080-y-plus-0.040-z-minus-0.060,1-cheap-pbe-atoms-relaxed,6-stretch-all-three-axes/stretch-x-plus-0.080-y-plus-0.040-z-minus-0.060/1-cheap-pbe-atoms-relaxed,11.979380033348994,0.08320005156604482,0.04080004781707314,-0.05819996093642227,3.645794868409761e-17,1.2534715863211853e-17,-4.8992664547309467e-17,0.10942635850410563,0.08320005156604482,,,,550,PBE,172,8,-17.832161,1
6-stretch-all-three-axes,stretch-x-plus-0.080-y-plus-0.040-z-minus-0.060,2-accurate-hse06-atoms-fixed,6-stretch-all-three-axes/stretch-x-plus-0.080-y-plus-0.040-z-minus-0.060/2-accurate-hse06-atoms-fixed,11.979380033348994,0.08320005156604482,0.04080004781707314,-0.05819996093642227,3.645794868409761e-17,1.2534715863211853e-17,-4.8992664547309467e-17,0.10942635850410563,0.08320005156604482,.TRUE.,0.27,,550,HSE,172,8,-20.909479,1
6-stretch-all-three-axes,stretch-x-plus-0.080-y-plus-0.040-z-minus-0.080,1-cheap-pbe-atoms-relaxed,6-stretch-all-three-axes/stretch-x-plus-0.080-y-plus-0.040-z-minus-0.080/1-cheap-pbe-atoms-relaxed,11.724499607107523,0.08320005156604482,0.04080004781707314,-0.07679996258101834,2.5002556290333147e-17,2.3990108256976314e-17,-4.8992664547309467e-17,0.12035417207107442,0.08320005156604482,,,,550,PBE,172,8,-17.74877,1
6-stretch-all-three-axes,stretch-x-plus-0.080-y-plus-0.040-z-minus-0.080,2-accurate-hse06-atoms-fixed,6-stretch-all-three-axes/stretch-x-plus-0.080-y-plus-0.040-z-minus-0.080/2-accurate-hse06-atoms-fixed,11.724499607107523,0.08320005156604482,0.04080004781707314,-0.07679996258101834,2.5002556290333147e-17,2.3990108256976314e-17,-4.8992664547309467e-17,0.12035417207107442,0.08320005156604482,.TRUE.,0.27,,550,HSE,172,8,-20.83659,1
6-stretch-all-three-axes,stretch-x-plus-0.080-y-plus-0.040-z-plus-0.020,1-cheap-pbe-atoms-relaxed,6-stretch-all-three-axes/stretch-x-plus-0.080-y-plus-0.040-z-plus-0.020/1-cheap-pbe-atoms-relaxed,12.998901738314862,0.08320005156604482,0.04080004781707314,0.020200045995638516,2.3831930734833515e-17,2.516073381247595e-17,-4.8992664547309467e-17,0.09484162767842971,0.08320005156604482,,,,550,PBE,172,8,-17.885637,1
6-stretch-all-three-axes,stretch-x-plus-0.080-y-plus-0.040-z-plus-0.020,2-accurate-hse06-atoms-fixed,6-stretch-all-three-axes/stretch-x-plus-0.080-y-plus-0.040-z-plus-0.020/2-accurate-hse06-atoms-fixed,12.998901738314862,0.08320005156604482,0.04080004781707314,0.020200045995638516,2.3831930734833515e-17,2.516073381247595e-17,-4.8992664547309467e-17,0.09484162767842971,0.08320005156604482,.TRUE.,0.27,,550,HSE,172,8,-20.910992,1
6-stretch-all-three-axes,stretch-x-plus-0.080-y-plus-0.040-z-plus-0.040,1-cheap-pbe-atoms-relaxed,6-stretch-all-three-axes/stretch-x-plus-0.080-y-plus-0.040-z-plus-0.040/1-cheap-pbe-atoms-relaxed,13.253782164556332,0.08320005156604482,0.04080004781707314,0.04080004781707314,8.728940407889437e-17,-3.829673953158491e-17,-4.8992664547309467e-17,0.10124987103371257,0.08320005156604482,,,,550,PBE,172,8,-17.835607,1
6-stretch-all-three-axes,stretch-x-plus-0.080-y-plus-0.040-z-plus-0.040,2-accurate-hse06-atoms-fixed,6-stretch-all-three-axes/stretch-x-plus-0.080-y-plus-0.040-z-plus-0.040/2-accurate-hse06-atoms-fixed,13.253782164556332,0.08320005156604482,0.04080004781707314,0.04080004781707314,8.728940407889437e-17,-3.829673953158491e-17,-4.8992664547309467e-17,0.10124987103371257,0.08320005156604482,.TRUE.,0.27,,550,HSE,172,8,-20.845532,1
6-stretch-all-three-axes,stretch-x-plus-0.080-y-plus-0.040-z-plus-0.060,1-cheap-pbe-atoms-relaxed,6-stretch-all-three-axes/stretch-x-plus-0.080-y-plus-0.040-z-plus-0.060/1-cheap-pbe-atoms-relaxed,13.5086625907978,0.08320005156604482,0.04080004781707314,0.0618000496738752,1.0150350805674364e-16,-5.2510843509434184e-17,-4.8992664547309467e-17,0.11138284707333268,0.08320005156604482,,,,550,PBE,172,8,-17.762729,1
6-stretch-all-three-axes,stretch-x-plus-0.080-y-plus-0.040-z-plus-0.060,2-accurate-hse06-atoms-fixed,6-stretch-all-three-axes/stretch-x-plus-0.080-y-plus-0.040-z-plus-0.060/2-accurate-hse06-atoms-fixed,13.5086625907978,0.08320005156604482,0.04080004781707314,0.0618000496738752,1.0150350805674364e-16,-5.2510843509434184e-17,-4.8992664547309467e-17,0.11138284707333268,0.08320005156604482,.TRUE.,0.27,,550,HSE,172,8,-20.756262,1
6-stretch-all-three-axes,stretch-x-plus-0.080-y-plus-0.040-z-plus-0.080,1-cheap-pbe-atoms-relaxed,6-stretch-all-three-axes/stretch-x-plus-0.080-y-plus-0.040-z-plus-0.080/1-cheap-pbe-atoms-relaxed,13.763543017039268,0.08320005156604482,0.04080004781707314,0.08320005156604482,4.8992664547309467e-17,-1.58908790410776e-33,-4.8992664547309467e-17,0.12453570196156799,0.08320005156604482,,,,550,PBE,172,8,-17.668218,1
6-stretch-all-three-axes,stretch-x-plus-0.080-y-plus-0.040-z-plus-0.080,2-accurate-hse06-atoms-fixed,6-stretch-all-three-axes/stretch-x-plus-0.080-y-plus-0.040-z-plus-0.080/2-accurate-hse06-atoms-fixed,13.763543017039268,0.08320005156604482,0.04080004781707314,0.08320005156604482,4.8992664547309467e-17,-1.58908790410776e-33,-4.8992664547309467e-17,0.12453570196156799,0.08320005156604482,.TRUE.,0.27,,550,HSE,172,8,-20.644406,1
6-stretch-all-three-axes,stretch-x-plus-0.080-y-plus-0.060-z-minus-0.020,1-cheap-pbe-atoms-relaxed,6-stretch-all-three-axes/stretch-x-plus-0.080-y-plus-0.060-z-minus-0.020/1-cheap-pbe-atoms-relaxed,12.729316672097923,0.08320005156604482,0.0618000496738752,-0.019799957541127067,6.849320631582727e-17,-5.2864377906685325e-18,-6.320676852515874e-17,0.10551555827894006,0.08320005156604482,,,,550,PBE,172,8,-17.847548,1
6-stretch-all-three-axes,stretch-x-plus-0.080-y-plus-0.060-z-minus-0.020,2-accurate-hse06-atoms-fixed,6-stretch-all-three-axes/stretch-x-plus-0.080-y-plus-0.060-z-minus-0.020/2-accurate-hse06-atoms-fixed,12.729316672097923,0.08320005156604482,0.0618000496738752,-0.019799957541127067,6.849320631582727e-17,-5.2864377906685325e-18,-6.320676852515874e-17,0.10551555827894006,0.08320005156604482,.TRUE.,0.27,,550,HSE,172,8,-20.884198,1
6-stretch-all-three-axes,stretch-x-plus-0.080-y-plus-0.060-z-minus-0.040,1-cheap-pbe-atoms-relaxed,6-stretch-all-three-axes/stretch-x-plus-0.080-y-plus-0.060-z-minus-0.040/1-cheap-pbe-atoms-relaxed,12.46953469919797,0.08320005156604482,0.0618000496738752,-0.03919995925645853,6.263215384004278e-17,5.746146851159569e-19,-6.320676852515874e-17,0.11080673050854793,0.08320005156604482,,,,550,PBE,172,8,-17.825818,1
6-stretch-all-three-axes,stretch-x-plus-0.080-y-plus-0.060-z-minus-0.040,2-accurate-hse06-atoms-fixed,6-stretch-all-three-axes/stretch-x-plus-0.080-y-plus-0.060-z-minus-0.040/2-accurate-hse06-atoms-fixed,12.46953469919797,0.08320005156604482,0.0618000496738752,-0.03919995925645853,6.263215384004278e-17,5.746146851159569e-19,-6.320676852515874e-17,0.11080673050854793,0.08320005156604482,.TRUE.,0.27,,550,HSE,172,8,-20.874914,1
6-stretch-all-three-axes,stretch-x-plus-0.080-y-plus-0.060-z-minus-0.060,1-cheap-pbe-atoms-relaxed,6-stretch-all-three-axes/stretch-x-plus-0.080-y-plus-0.060-z-minus-0.060/1-cheap-pbe-atoms-relaxed,12.209752726298014,0.08320005156604482,0.0618000496738752,-0.05819996093642227,5.067205266194688e-17,1.2534715863211852e-17,-6.320676852515874e-17,0.11886433516108622,0.08320005156604482,,,,550,PBE,172,8,-17.776914,1
6-stretch-all-three-axes,stretch-x-plus-0.080-y-plus-0.060-z-minus-0.060,2-accurate-hse06-atoms-fixed,6-stretch-all-three-axes/stretch-x-plus-0.080-y-plus-0.060-z-minus-0.060/2-accurate-hse06-atoms-fixed,12.209752726298014,0.08320005156604482,0.0618000496738752,-0.05819996093642227,5.067205266194688e-17,1.2534715863211852e-17,-6.320676852515874e-17,0.11886433516108622,0.08320005156604482,.TRUE.,0.27,,550,HSE,172,8,-20.837476,1
6-stretch-all-three-axes,stretch-x-plus-0.080-y-plus-0.060-z-minus-0.080,1-cheap-pbe-atoms-relaxed,6-stretch-all-three-axes/stretch-x-plus-0.080-y-plus-0.060-z-minus-0.080/1-cheap-pbe-atoms-relaxed,11.949970753398052,0.08320005156604482,0.0618000496738752,-0.07679996258101834,3.921666026818242e-17,2.3990108256976314e-17,-6.320676852515874e-17,0.12899507344364658,0.08320005156604482,,,,550,PBE,172,8,-17.699582,1
6-stretch-all-three-axes,stretch-x-plus-0.080-y-plus-0.060-z-minus-0.080,2-accurate-hse06-atoms-fixed,6-stretch-all-three-axes/stretch-x-plus-0.080-y-plus-0.060-z-minus-0.080/2-accurate-hse06-atoms-fixed,11.949970753398052,0.08320005156604482,0.0618000496738752,-0.07679996258101834,3.921666026818242e-17,2.3990108256976314e-17,-6.320676852515874e-17,0.12899507344364658,0.08320005156604482,.TRUE.,0.27,,550,HSE,172,8,-20.770623,1
6-stretch-all-three-axes,stretch-x-plus-0.080-y-plus-0.060-z-plus-0.020,1-cheap-pbe-atoms-relaxed,6-stretch-all-three-axes/stretch-x-plus-0.080-y-plus-0.060-z-plus-0.020/1-cheap-pbe-atoms-relaxed,13.24888061789784,0.08320005156604482,0.0618000496738752,0.020200045995638516,3.8046034712682784e-17,2.5160733812475946e-17,-6.320676852515874e-17,0.10559136602256773,0.08320005156604482,,,,550,PBE,172,8,-17.814784,1
6-stretch-all-three-axes,stretch-x-plus-0.080-y-plus-0.060-z-plus-0.020,2-accurate-hse06-atoms-fixed,6-stretch-all-three-axes/stretch-x-plus-0.080-y-plus-0.060-z-plus-0.020/2-accurate-hse06-atoms-fixed,13.24888061789784,0.08320005156604482,0.0618000496738752,0.020200045995638516,3.8046034712682784e-17,2.5160733812475946e-17,-6.320676852515874e-17,0.10559136602256773,0.08320005156604482,.TRUE.,0.27,,550,HSE,172,8,-20.823644,1
6-stretch-all-three-axes,stretch-x-plus-0.080-y-plus-0.060-z-plus-0.040,1-cheap-pbe-atoms-relaxed,6-stretch-all-three-axes/stretch-x-plus-0.080-y-plus-0.060-z-plus-0.040/1-cheap-pbe-atoms-relaxed,13.5086625907978,0.08320005156604482,0.0618000496738752,0.04080004781707314,1.0150350805674364e-16,-3.829673953158491e-17,-6.320676852515874e-17,0.11138284707333268,0.08320005156604482,,,,550,PBE,172,8,-17.762729,1
6-stretch-all-three-axes,stretch-x-plus-0.080-y-plus-0.060-z-plus-0.040,2-accurate-hse06-atoms-fixed,6-stretch-all-three-axes/stretch-x-plus-0.080-y-plus-0.060-z-plus-0.040/2-accurate-hse06-atoms-fixed,13.5086625907978,0.08320005156604482,0.0618000496738752,0.04080004781707314,1.0150350805674364e-16,-3.829673953158491e-17,-6.320676852515874e-17,0.11138284707333268,0.08320005156604482,.TRUE.,0.27,,550,HSE,172,8,-20.756262,1
6-stretch-all-three-axes,stretch-x-plus-0.080-y-plus-0.060-z-plus-0.060,1-cheap-pbe-atoms-relaxed,6-stretch-all-three-axes/stretch-x-plus-0.080-y-plus-0.060-z-plus-0.060/1-cheap-pbe-atoms-relaxed,13.768444563697757,0.08320005156604482,0.0618000496738752,0.0618000496738752,1.1571761203459292e-16,-5.2510843509434184e-17,-6.320676852515874e-17,0.12066789490158268,0.08320005156604482,,,,550,PBE,172,8,-17.688511,1
6-stretch-all-three-axes,stretch-x-plus-0.080-y-plus-0.060-z-plus-0.060,2-accurate-hse06-atoms-fixed,6-stretch-all-three-axes/stretch-x-plus-0.080-y-plus-0.060-z-plus-0.060/2-accurate-hse06-atoms-fixed,13.768444563697757,0.08320005156604482,0.0618000496738752,0.0618000496738752,1.1571761203459292e-16,-5.2510843509434184e-17,-6.320676852515874e-17,0.12066789490158268,0.08320005156604482,.TRUE.,0.27,,550,HSE,172,8,-20.66577,1
6-stretch-all-three-axes,stretch-x-plus-0.080-y-plus-0.060-z-plus-0.080,1-cheap-pbe-atoms-relaxed,6-stretch-all-three-axes/stretch-x-plus-0.080-y-plus-0.060-z-plus-0.080/1-cheap-pbe-atoms-relaxed,14.028226536597716,0.08320005156604482,0.0618000496738752,0.08320005156604482,6.320676852515874e-17,-3.1298318596175486e-33,-6.320676852515874e-17,0.1329050160862203,0.08320005156604482,,,,550,PBE,172,8,-17.593311,1
6-stretch-all-three-axes,stretch-x-plus-0.080-y-plus-0.060-z-plus-0.080,2-accurate-hse06-atoms-fixed,6-stretch-all-three-axes/stretch-x-plus-0.080-y-plus-0.060-z-plus-0.080/2-accurate-hse06-atoms-fixed,14.028226536597716,0.08320005156604482,0.0618000496738752,0.08320005156604482,6.320676852515874e-17,-3.1298318596175486e-33,-6.320676852515874e-17,0.1329050160862203,0.08320005156604482,.TRUE.,0.27,,550,HSE,172,8,-20.553364,1
6-stretch-all-three-axes,stretch-x-plus-0.080-y-plus-0.080-z-minus-0.020,1-cheap-pbe-atoms-relaxed,6-stretch-all-three-axes/stretch-x-plus-0.080-y-plus-0.080-z-minus-0.020/1-cheap-pbe-atoms-relaxed,12.969492458363927,0.08320005156604482,0.08320005156604482,-0.019799957541127067,1.5982362806393085e-17,-5.2864377906685294e-18,-1.0695925015724556e-17,0.11931695386580848,0.08320005156604482,,,,550,PBE,172,8,-17.759193,1
6-stretch-all-three-axes,stretch-x-plus-0.080-y-plus-0.080-z-minus-0.020,2-accurate-hse06-atoms-fixed,6-stretch-all-three-axes/stretch-x-plus-0.080-y-plus-0.080-z-minus-0.020/2-accurate-hse06-atoms-fixed,12.969492458363927,0.08320005156604482,0.08320005156604482,-0.019799957541127067,1.5982362806393085e-17,-5.2864377906685294e-18,-1.0695925015724556e-17,0.11931695386580848,0.08320005156604482,.TRUE.,0.27,,550,HSE,172,8,-20.778178,1
6-stretch-all-three-axes,stretch-x-plus-0.080-y-plus-0.080-z-minus-0.040,1-cheap-pbe-atoms-relaxed,6-stretch-all-three-axes/stretch-x-plus-0.080-y-plus-0.080-z-minus-0.040/1-cheap-pbe-atoms-relaxed,12.704808938805472,0.08320005156604482,0.08320005156604482,-0.03919995925645853,1.0121310330608596e-17,5.746146851159599e-19,-1.0695925015724556e-17,0.12402069975166663,0.08320005156604482,,,,550,PBE,172,8,-17.740978,1
6-stretch-all-three-axes,stretch-x-plus-0.080-y-plus-0.080-z-minus-0.040,2-accurate-hse06-atoms-fixed,6-stretch-all-three-axes/stretch-x-plus-0.080-y-plus-0.080-z-minus-0.040/2-accurate-hse06-atoms-fixed,12.704808938805472,0.08320005156604482,0.08320005156604482,-0.03919995925645853,1.0121310330608596e-17,5.746146851159599e-19,-1.0695925015724556e-17,0.12402069975166663,0.08320005156604482,.TRUE.,0.27,,550,HSE,172,8,-20.772334,1
6-stretch-all-three-axes,stretch-x-plus-0.080-y-plus-0.080-z-minus-0.060,1-cheap-pbe-atoms-relaxed,6-stretch-all-three-axes/stretch-x-plus-0.080-y-plus-0.080-z-minus-0.060/1-cheap-pbe-atoms-relaxed,12.440125419247027,0.08320005156604482,0.08320005156604482,-0.05819996093642227,-1.8387908474872986e-18,1.2534715863211855e-17,-1.0695925015724556e-17,0.13126969419552295,0.08320005156604482,,,,550,PBE,172,8,-17.696433,1
6-stretch-all-three-axes,stretch-x-plus-0.080-y-plus-0.080-z-minus-0.060,2-accurate-hse06-atoms-fixed,6-stretch-all-three-axes/stretch-x-plus-0.080-y-plus-0.080-z-minus-0.060/2-accurate-hse06-atoms-fixed,12.440125419247027,0.08320005156604482,0.08320005156604482,-0.05819996093642227,-1.8387908474872986e-18,1.2534715863211855e-17,-1.0695925015724556e-17,0.13126969419552295,0.08320005156604482,.TRUE.,0.27,,550,HSE,172,8,-20.739189,1
6-stretch-all-three-axes,stretch-x-plus-0.080-y-plus-0.080-z-minus-0.080,1-cheap-pbe-atoms-relaxed,6-stretch-all-three-axes/stretch-x-plus-0.080-y-plus-0.080-z-minus-0.080/1-cheap-pbe-atoms-relaxed,12.175441899688582,0.08320005156604482,0.08320005156604482,-0.07679996258101834,-1.329418324125176e-17,2.3990108256976317e-17,-1.0695925015724556e-17,0.14050883037599754,0.08320005156604482,,,,550,PBE,172,8,-17.624281,1
6-stretch-all-three-axes,stretch-x-plus-0.080-y-plus-0.080-z-minus-0.080,2-accurate-hse06-atoms-fixed,6-stretch-all-three-axes/stretch-x-plus-0.080-y-plus-0.080-z-minus-0.080/2-accurate-hse06-atoms-fixed,12.175441899688582,0.08320005156604482,0.08320005156604482,-0.07679996258101834,-1.329418324125176e-17,2.3990108256976317e-17,-1.0695925015724556e-17,0.14050883037599754,0.08320005156604482,.TRUE.,0.27,,550,HSE,172,8,-20.677456,1
6-stretch-all-three-axes,stretch-x-plus-0.080-y-plus-0.080-z-plus-0.020,1-cheap-pbe-atoms-relaxed,6-stretch-all-three-axes/stretch-x-plus-0.080-y-plus-0.080-z-plus-0.020/1-cheap-pbe-atoms-relaxed,13.498859497480824,0.08320005156604482,0.08320005156604482,0.020200045995638516,-1.4464808796751393e-17,2.516073381247595e-17,-1.0695925015724556e-17,0.11938399817149259,0.08320005156604482,,,,550,PBE,172,8,-17.721609,1
6-stretch-all-three-axes,stretch-x-plus-0.080-y-plus-0.080-z-plus-0.020,2-accurate-hse06-atoms-fixed,6-stretch-all-three-axes/stretch-x-plus-0.080-y-plus-0.080-z-plus-0.020/2-accurate-hse06-atoms-fixed,13.498859497480824,0.08320005156604482,0.08320005156604482,0.020200045995638516,-1.4464808796751393e-17,2.516073381247595e-17,-1.0695925015724556e-17,0.11938399817149259,0.08320005156604482,.TRUE.,0.27,,550,HSE,172,8,-20.713007,1
6-stretch-all-three-axes,stretch-x-plus-0.080-y-plus-0.080-z-plus-0.040,1-cheap-pbe-atoms-relaxed,6-stretch-all-three-axes/stretch-x-plus-0.080-y-plus-0.080-z-plus-0.040/1-cheap-pbe-atoms-relaxed,13.763543017039268,0.08320005156604482,0.08320005156604482,0.04080004781707314,4.8992664547309467e-17,-3.829673953158491e-17,-1.0695925015724557e-17,0.12453570196156799,0.08320005156604482,,,,550,PBE,172,8,-17.668218,1
6-stretch-all-three-axes,stretch-x-plus-0.080-y-plus-0.080-z-plus-0.040,2-accurate-hse06-atoms-fixed,6-stretch-all-three-axes/stretch-x-plus-0.080-y-plus-0.080-z-plus-0.040/2-accurate-hse06-atoms-fixed,13.763543017039268,0.08320005156604482,0.08320005156604482,0.04080004781707314,4.8992664547309467e-17,-3.829673953158491e-17,-1.0695925015724557e-17,0.12453570196156799,0.08320005156604482,.TRUE.,0.27,,550,HSE,172,8,-20.644406,1
6-stretch-all-three-axes,stretch-x-plus-0.080-y-plus-0.080-z-plus-0.060,1-cheap-pbe-atoms-relaxed,6-stretch-all-three-axes/stretch-x-plus-0.080-y-plus-0.080-z-plus-0.060/1-cheap-pbe-atoms-relaxed,14.028226536597716,0.08320005156604482,0.08320005156604482,0.0618000496738752,6.320676852515874e-17,-5.2510843509434184e-17,-1.0695925015724559e-17,0.1329050160862203,0.08320005156604482,,,,550,PBE,172,8,-17.593311,1
6-stretch-all-three-axes,stretch-x-plus-0.080-y-plus-0.080-z-plus-0.060,2-accurate-hse06-atoms-fixed,6-stretch-all-three-axes/stretch-x-plus-0.080-y-plus-0.080-z-plus-0.060/2-accurate-hse06-atoms-fixed,14.028226536597716,0.08320005156604482,0.08320005156604482,0.0618000496738752,6.320676852515874e-17,-5.2510843509434184e-17,-1.0695925015724559e-17,0.1329050160862203,0.08320005156604482,.TRUE.,0.27,,550,HSE,172,8,-20.553364,1
6-stretch-all-three-axes,stretch-x-plus-0.080-y-plus-0.080-z-plus-0.080,1-cheap-pbe-atoms-relaxed,6-stretch-all-three-axes/stretch-x-plus-0.080-y-plus-0.080-z-plus-0.080/1-cheap-pbe-atoms-relaxed,14.292910056156163,0.08320005156604482,0.08320005156604482,0.08320005156604482,1.0695925015724556e-17,-4.834394859797126e-35,-1.0695925015724556e-17,0.14410671650474016,0.08320005156604482,,,,550,PBE,172,8,-17.498032,1
6-stretch-all-three-axes,stretch-x-plus-0.080-y-plus-0.080-z-plus-0.080,2-accurate-hse06-atoms-fixed,6-stretch-all-three-axes/stretch-x-plus-0.080-y-plus-0.080-z-plus-0.080/2-accurate-hse06-atoms-fixed,14.292910056156163,0.08320005156604482,0.08320005156604482,0.08320005156604482,1.0695925015724556e-17,-4.834394859797126e-35,-1.0695925015724556e-17,0.14410671650474016,0.08320005156604482,.TRUE.,0.27,,550,HSE,172,8,-20.441034,1
